3.003500000001000161e-03 1.501750000000000047e-03 1.501750000000000047e-03
2.502907999999999869e-03 5.653626000000000137e-04 1.539163000000000076e-03
1.240627000000000006e-03 2.398419000000000158e-03 1.047055000000000078e-03
3.559931000000000120e-04 2.842983999999999789e-03 2.552675000000000018e-04
1.796501000000000044e-03 9.562047000000000168e-04 1.440541000000000044e-03
2.506458999999999944e-03 4.062041999999999758e-04 1.595400999999999981e-03
4.459288000000000054e-04 4.423675999999999759e-04 2.416596000000000022e-03
1.938861000000000057e-03 2.415113999999999889e-03 2.458267999999999998e-03
1.052982999999999957e-03 1.815640000000000092e-03 2.878766999999999958e-03
5.048480000000000155e-04 4.486542999999999846e-04 6.535655000000000023e-04
1.422642000000000058e-04 1.951552000000000061e-03 9.828845000000000116e-04
1.198581999999999903e-03 2.319386000000000104e-03 1.235224999999999951e-03
2.145820000000000106e-03 2.801553999999999937e-03 4.221725000000000174e-04
2.685072000000000153e-03 2.008362999999999988e-03 1.797224999999999951e-03
2.625762999999999817e-04 2.200763000000000112e-03 1.028316999999999946e-03
3.001998000000000080e-03 1.763373999999999899e-04 4.523292000000000263e-04
1.124744999999999912e-03 2.659036999999999946e-03 1.936334000000000059e-03
9.359247000000000009e-04 4.140106000000000168e-04 2.752988000000000050e-03
1.548895000000000003e-03 4.899584000000000014e-04 2.870754999999999791e-04
2.902509000000000165e-03 2.185014999999999787e-03 9.051654000000000123e-04
2.176875999999999898e-03 1.000308000000000046e-04 6.689379999999999979e-04
5.118056000000000385e-04 3.010050000000000225e-04 2.425730000000000074e-03
1.452519999999999896e-03 1.107034000000000013e-03 2.200594000000000161e-03
1.398635999999999976e-03 1.378207999999999907e-03 2.080527999999999891e-03
2.800511999999999793e-03 1.298941999999999979e-03 2.305668000000000030e-04
1.131281999999999947e-03 2.931775000000000179e-03 2.926910000000000015e-03
2.070913000000000181e-03 9.864272999999998924e-04 7.700302999999999651e-05
2.458768999999999972e-03 2.920769000000000143e-03 1.107544000000000047e-04
2.654493999999999864e-03 2.536015999999999878e-03 8.306760000000000272e-04
2.349994000000000215e-03 2.106855999999999833e-03 6.656610000000000088e-04
1.904192999999999880e-04 1.653212999999999948e-03 2.432805000000000124e-03
2.932296000000000034e-03 2.563512999999999903e-03 6.177523000000000519e-04
2.593742999999999917e-03 1.743718000000000004e-03 4.635973999999999737e-04
1.106891999999999972e-05 2.167008000000000215e-03 2.889337000000000068e-03
2.204598999999999795e-03 2.210545999999999865e-03 2.352292000000000185e-03
1.726204999999999970e-03 6.873016999999999928e-04 1.333479000000000044e-03
2.782540999999999921e-03 1.197605000000000024e-03 2.040909000000000039e-03
2.034896999999999921e-03 1.553565999999999931e-03 9.992225999999999018e-04
2.624253999999999910e-03 7.704358999999999600e-04 1.476096000000000092e-03
6.001666999999999809e-04 2.297249999999999867e-04 1.205443000000000053e-03
1.847183000000000071e-03 2.804456999999999783e-03 6.240845999999999438e-05
2.498002999999999942e-03 2.383222999999999852e-03 2.739489999999999807e-03
1.160907999999999992e-03 2.392763000000000008e-03 6.359309999999999529e-04
3.950962000000000137e-04 2.346842999999999933e-03 5.544983999999999764e-04
1.919668999999999933e-03 2.742702999999999981e-03 4.936934999999999718e-04
2.801654000000000210e-03 2.400517000000000015e-03 2.584050000000000062e-03
1.032923000000000044e-03 2.196520999999999890e-03 1.023257000000000073e-03
2.558149999999999921e-03 1.087068000000000062e-03 1.815909999999999898e-04
1.416272000000000104e-03 2.402684999999999890e-03 2.842696000000000025e-03
5.097300000000000138e-04 1.716918999999999910e-03 2.458341000000000172e-03
2.139865999999999817e-03 1.455289000000000018e-03 7.838834000000000036e-04
3.192644000000000124e-04 1.291204999999999914e-04 1.402122999999999911e-03
2.425977000000000168e-03 2.281685999999999784e-03 7.275244000000000372e-04
2.384929999999999949e-04 1.668690999999999924e-03 3.292618000000000194e-04
1.550127000000000102e-03 5.872819999999999787e-05 2.477293000000000203e-04
9.384912000000000245e-04 1.641412999999999987e-03 2.560574999999999830e-03
7.028489999999999651e-04 1.496116999999999933e-03 1.364369999999999949e-03
1.501750000000000064e-06 1.168582000000000041e-03 1.822629999999999997e-03
2.957263999999999813e-03 1.030972999999999997e-04 2.171091000000000047e-04
2.815003999999999857e-03 2.491619000000000039e-03 1.662828000000000092e-03
7.387848000000000624e-05 1.001195999999999987e-03 1.234831000000000036e-03
2.560874999999999783e-03 2.412687000000000165e-03 2.674571000000000045e-04
1.842256999999999922e-03 1.364799999999999943e-04 2.834045999999999788e-03
1.950619999999999915e-03 2.230066000000000004e-04 2.626524000000000198e-04
2.829869999999999955e-03 8.792137000000000216e-04 5.719699999999999871e-04
6.570826000000000097e-04 1.941133999999999958e-03 7.747821999999999695e-04
1.665781000000000076e-03 1.222069000000000107e-03 2.566736999999999925e-03
2.548602000000000072e-03 1.013641000000000021e-03 2.431047999999999890e-03
1.220053000000000023e-03 8.210741000000000133e-04 2.219501999999999933e-03
1.944427999999999998e-03 2.911846000000000052e-03 9.272262999999999556e-04
8.430421000000000442e-04 6.194415999999999681e-04 1.900294000000000072e-03
9.829159999999999113e-04 1.871506999999999902e-03 2.294644000000000197e-03
1.123723000000000083e-03 4.885732000000000269e-04 2.855354999999999959e-03
2.266568000000000055e-03 1.833547999999999949e-03 1.432089999999999904e-04
2.422562999999999973e-03 1.099149000000000003e-03 1.964318999999999961e-03
1.766432000000000072e-03 1.662332999999999996e-03 2.491573999999999872e-03
1.605101000000000054e-03 6.588371000000000418e-04 1.478120999999999992e-03
2.603350999999999842e-03 9.763622000000000013e-04 1.508936000000000001e-03
1.433824999999999900e-03 2.172204999999999969e-03 8.635035000000000106e-04
1.002338000000000025e-04 7.972247999999999704e-04 2.298503999999999825e-03
1.845447000000000060e-03 4.159936000000000146e-04 1.196273999999999992e-03
3.001998000000000080e-03 7.973416000000000097e-04 7.943310000000000084e-04
6.710838000000000003e-04 2.821783000000000017e-03 1.905030000000000048e-03
2.901762000000000005e-03 2.800275999999999980e-03 2.560573999999999923e-03
2.236508999999999806e-03 2.419672999999999789e-03 1.051099999999999908e-03
2.125400999999999853e-03 6.057124000000000319e-04 1.153785000000000054e-03
2.202071999999999797e-03 2.684016000000000006e-03 1.937100999999999938e-04
2.890891999999999941e-03 1.650238000000000052e-03 2.257911999999999940e-03
2.950392999999999939e-03 2.926760999999999946e-03 2.437555000000000104e-03
1.248219999999999972e-03 2.793284999999999952e-03 2.626750000000000178e-03
2.944964000000000002e-03 1.037869000000000074e-03 1.100943999999999968e-03
2.216613999999999998e-03 8.379464000000000313e-04 2.441276000000000036e-03
1.973954999999999894e-03 1.619605000000000090e-03 2.949357000000000107e-03
8.079114000000000521e-04 2.581879000000000032e-03 5.336803999999999734e-05
6.059833000000000363e-04 1.943885999999999921e-03 2.342502000000000213e-03
1.862470000000000076e-04 5.762827000000000314e-04 2.305174000000000112e-03
2.806850000000000057e-03 9.933762000000000928e-04 1.367853999999999999e-04
2.557306999999999983e-03 7.464578000000000142e-04 2.284481000000000098e-03
1.881367000000000109e-04 1.295720999999999895e-03 2.266345000000000067e-04
1.917788000000000077e-04 1.577180999999999982e-03 2.855012999999999995e-03
1.691830999999999977e-03 2.215770000000000153e-03 5.687071999999999614e-04
7.812890000000000069e-04 1.666336000000000032e-03 2.305217000000000030e-03
1.170540999999999986e-03 1.179153999999999966e-03 8.754954000000000338e-04
5.944945000000000524e-04 1.918116999999999999e-03 1.779119999999999920e-03
4.311067000000000241e-04 2.906301999999999931e-03 1.448637000000000015e-03
1.731621999999999936e-03 7.338793000000000464e-05 2.187642000000000059e-03
2.263272000000000200e-03 2.647554999999999787e-03 2.040892999999999787e-03
1.983691000000000100e-03 7.163531000000000109e-04 2.818142999999999950e-03
3.102083999999999961e-04 1.637549000000000079e-03 1.743996000000000044e-03
7.582145999999999894e-04 4.521120999999999907e-04 1.186067000000000067e-03
8.699169999999999993e-04 1.034179999999999995e-03 5.331008999999999835e-04
1.978148999999999793e-03 1.977646999999999912e-03 2.195273000000000189e-03
2.634731999999999873e-03 1.060550999999999936e-04 4.129598999999999965e-04
4.815344999999999955e-04 1.735007999999999906e-03 1.205628000000000038e-03
1.340803999999999911e-03 2.238616000000000130e-03 6.458281000000000178e-05
1.578596000000000036e-03 1.325552999999999931e-03 1.332131000000000070e-03
2.905715000000000121e-03 1.437237000000000063e-03 1.389561000000000095e-03
1.367886000000000015e-03 2.147912999999999992e-03 1.330519999999999967e-03
1.077169999999999907e-03 2.746204999999999827e-03 1.512509999999999896e-03
1.501750000000000064e-06 1.464362999999999993e-03 1.944765999999999899e-03
1.314185999999999957e-03 1.512214000000000006e-03 1.179144000000000025e-03
1.163944000000000090e-03 2.140826000000000187e-03 1.875822999999999987e-03
2.656010999999999789e-03 1.899929999999999978e-03 2.953771999999999908e-03
2.698986999999999914e-03 2.931942999999999789e-04 2.244304999999999824e-03
1.731518999999999940e-03 2.334341000000000194e-03 6.046578999999999626e-04
1.968637000000000078e-03 1.514284000000000018e-04 2.353183000000000011e-03
2.751235999999999786e-03 2.106971000000000017e-03 5.191853000000000315e-05
1.520841999999999897e-03 2.815381999999999954e-03 1.012148999999999948e-03
2.654114999999999860e-03 2.314492000000000025e-03 2.960934000000000135e-04
1.707542999999999951e-03 1.276301000000000085e-03 2.365250000000000165e-03
9.835402000000000467e-04 1.081559999999999992e-04 1.205998999999999917e-03
1.766921000000000073e-03 2.745674999999999939e-03 1.418928999999999980e-03
2.524630999999999837e-03 2.676458999999999956e-03 6.721436000000000337e-04
2.214958999999999852e-03 1.812938999999999957e-03 2.747302999999999985e-03
6.064724999999999977e-04 7.626525000000000101e-04 8.593531000000000173e-04
1.926596000000000038e-03 1.033733000000000004e-03 3.583942999999999916e-04
2.824348999999999870e-03 2.876403999999999940e-03 6.080127000000000274e-04
1.016977999999999979e-03 2.748856000000000042e-03 2.485110000000000010e-03
2.797914999999999994e-04 5.176250999999999986e-04 1.980988999999999840e-03
1.501750000000000064e-06 2.506558999999999784e-03 3.796828000000000030e-04
3.001998000000000080e-03 8.326476000000000407e-04 2.285797999999999910e-03
1.202827000000000063e-03 3.450314999999999914e-04 9.808001000000000219e-04
1.528122999999999938e-03 1.593383999999999990e-03 1.433861999999999940e-03
3.998964999999999752e-05 4.995852000000000089e-05 2.786091999999999996e-03
2.413473999999999925e-04 2.453036999999999926e-03 5.143561999999999527e-04
1.500278999999999979e-03 2.202860999999999968e-03 1.519041999999999962e-03
1.458653000000000076e-03 1.563326000000000082e-03 1.319218999999999947e-03
4.425465999999999753e-04 1.428100000000000072e-03 1.490936999999999905e-03
1.533957999999999993e-05 4.675101000000000083e-04 1.920351000000000046e-03
9.142637999999999590e-04 8.317640000000000547e-05 6.439024999999999697e-04
2.308229000000000021e-04 1.363201000000000083e-03 6.135236999999999549e-04
2.999855000000000056e-03 2.381096999999999988e-03 4.971477999999999905e-05
1.698751000000000080e-03 2.882488999999999798e-03 7.347766000000000150e-04
2.590947000000000128e-03 2.222377000000000206e-03 2.419366999999999959e-03
5.335115000000000300e-04 2.456030000000000105e-03 2.300057999999999790e-03
2.479424000000000038e-03 8.484556000000000086e-04 1.594827999999999957e-03
2.815780999999999840e-03 8.269274999999999868e-05 1.532450000000000088e-03
1.589570000000000002e-03 8.897850000000000334e-04 2.166311000000000191e-03
2.275935000000000197e-03 1.371288999999999928e-03 1.591554999999999977e-04
2.208821000000000135e-03 1.867303999999999969e-03 1.806090999999999903e-03
2.109001000000000105e-03 1.614725999999999922e-03 2.397676999999999968e-03
1.880266999999999865e-04 4.604876000000000260e-04 2.855170000000000190e-03
1.650425999999999976e-03 2.447346000000000200e-04 1.071546999999999951e-03
7.647602000000000306e-04 1.773276000000000062e-03 1.491532000000000003e-04
2.107158999999999942e-03 2.109920999999999845e-03 1.884784000000000025e-03
1.525415000000000017e-03 2.034603000000000008e-04 2.956429999999999909e-03
2.692434999999999967e-03 1.374149999999999981e-03 2.732140000000000089e-03
2.378220999999999807e-03 2.584776999999999908e-03 1.295188000000000068e-03
3.008258999999999890e-04 2.067329000000000128e-03 1.896640999999999909e-03
1.044802000000000057e-03 2.106349999999999889e-03 2.462171999999999885e-03
1.463263999999999928e-03 8.623364000000000333e-04 1.693555999999999924e-03
1.281650999999999971e-03 4.666781000000000136e-05 7.912708000000000068e-04
3.078848000000000240e-04 1.039180999999999916e-03 6.749380999999999610e-04
1.067884999999999971e-03 2.624277999999999854e-03 2.519271000000000010e-03
1.677492999999999953e-03 1.604904000000000042e-04 8.241824000000000459e-04
2.663383000000000070e-03 9.713814999999999559e-04 2.893405999999999843e-03
9.120858999999999607e-04 5.654294000000000247e-04 4.116313000000000242e-04
2.658557000000000194e-03 1.693026000000000036e-03 2.855236000000000145e-03
8.397702999999999852e-04 1.196943999999999916e-03 1.812075000000000014e-03
1.052837000000000044e-03 2.349355000000000020e-03 2.168044000000000048e-03
1.320140000000000029e-03 1.713026000000000089e-03 3.859056999999999939e-04
1.459530999999999969e-04 1.707572999999999990e-03 9.892072000000000451e-04
9.807818000000000428e-05 7.889149999999999505e-04 1.199053999999999962e-03
8.755622000000000448e-04 1.479648999999999982e-03 1.274597000000000089e-04
1.457567000000000107e-03 1.855614000000000005e-03 1.259509999999999926e-03
1.308399000000000020e-03 7.402841999999999756e-04 2.464827000000000164e-03
2.290228999999999963e-03 1.026451999999999963e-03 1.969442999999999975e-03
2.074215999999999820e-03 2.323743999999999983e-03 1.329321000000000062e-03
1.423568999999999963e-03 2.062042999999999949e-03 2.258221999999999834e-03
2.133734999999999885e-03 1.608002999999999993e-03 1.176659999999999946e-03
1.216343000000000019e-04 2.224176999999999925e-03 2.577874999999999871e-03
2.127045000000000151e-03 1.522440000000000013e-04 2.058837999999999901e-03
1.273283000000000054e-04 1.616648999999999951e-03 5.279777000000000255e-04
8.597082000000000031e-04 1.057875999999999912e-03 2.274930000000000094e-03
1.069108999999999945e-03 5.844494000000000425e-04 1.848300999999999894e-03
1.044388000000000044e-03 1.386290999999999999e-03 2.686969999999999897e-03
5.541889000000000363e-04 6.170242000000000478e-04 1.762041999999999905e-03
4.999582999999999935e-04 2.398294999999999941e-03 2.583779999999999931e-03
1.196924999999999942e-03 2.407086000000000121e-03 1.146077999999999973e-04
1.675965000000000072e-04 2.472838000000000206e-03 1.782675999999999965e-03
1.225397999999999939e-03 7.628589999999999547e-04 1.509010000000000082e-03
2.156776999999999967e-04 2.720315999999999858e-04 8.788322999999999578e-04
8.598826999999999859e-04 2.374059999999999886e-03 2.849356999999999845e-03
1.704337999999999903e-03 1.737765999999999963e-03 1.341993000000000092e-03
2.808852000000000137e-03 1.362647000000000034e-03 6.659956000000000513e-04
2.256407000000000204e-03 1.304026999999999975e-04 2.081395000000000207e-03
2.250893999999999812e-03 8.031082000000000368e-04 8.179223000000000006e-04
1.305292999999999905e-04 3.197745999999999792e-04 5.268087000000000507e-04
2.607517999999999858e-04 1.202210999999999905e-03 1.443587000000000082e-03
2.738467999999999979e-03 1.038058999999999949e-04 1.848402999999999982e-03
1.187616999999999970e-03 2.533397000000000166e-03 2.773110000000000071e-03
2.803058000000000090e-04 1.671640000000000062e-03 1.297678999999999933e-03
2.314250999999999808e-03 2.482792000000000159e-03 1.379404000000000090e-03
2.716723999999999788e-03 1.099974000000000091e-03 1.605482999999999997e-03
2.010205000000000043e-04 4.583135000000000225e-04 9.453621000000000539e-05
1.142678000000000053e-03 8.143698999999999903e-04 4.951900999999999872e-05
2.111017000000000188e-03 1.681400999999999903e-03 4.009865999999999734e-04
1.358983999999999930e-03 8.303833999999999955e-04 2.663056999999999924e-03
2.433843000000000204e-03 5.686355000000000142e-04 2.383946999999999976e-03
2.773817000000000036e-03 2.445983999999999789e-04 1.821359000000000042e-03
2.819040999999999995e-03 2.394326000000000006e-03 2.758388000000000072e-03
1.593755000000000085e-03 1.506359999999999991e-03 2.587948999999999979e-03
4.244213999999999951e-04 2.656445999999999807e-03 2.439998999999999987e-03
3.001998000000000080e-03 1.411344999999999885e-04 7.780922000000000446e-04
2.912145000000000098e-03 7.282372999999999538e-04 2.776722000000000131e-03
2.702252999999999947e-03 3.048007000000000038e-04 2.383801999999999915e-04
2.707750000000000087e-03 6.927027000000000314e-04 8.312159999999999373e-05
2.840351000000000074e-03 2.617101000000000149e-03 4.543991999999999980e-05
2.617620000000000190e-03 2.038355999999999849e-03 1.632065999999999942e-03
2.442394999999999983e-03 1.332894000000000049e-03 2.927390000000000200e-03
4.608042999999999818e-04 8.937101999999999937e-04 5.270086999999999472e-04
1.850583000000000046e-03 1.100307000000000021e-03 2.152498999999999992e-03
1.530282999999999904e-03 1.443763999999999941e-03 9.411314000000000268e-04
1.440504000000000003e-03 1.173718999999999934e-03 1.755194000000000068e-03
5.398739000000000489e-04 2.947720999999999935e-03 1.143827999999999945e-03
1.136497999999999973e-04 5.299270000000000239e-04 7.058225000000000002e-05
5.466069999999999523e-04 2.698241000000000094e-03 2.248228000000000119e-03
4.875678000000000043e-04 2.317589000000000107e-03 1.104485000000000102e-03
2.389651000000000015e-03 1.683412000000000016e-03 3.142784000000000029e-04
7.978386000000000288e-04 1.241284000000000051e-03 1.016190999999999975e-04
9.119252000000000217e-04 7.126743999999999744e-04 1.585311000000000055e-03
2.676149000000000062e-03 1.036238000000000090e-03 1.114268000000000073e-03
3.001998000000000080e-03 2.338498999999999960e-03 2.749590000000000107e-03
1.459164999999999898e-03 1.374095000000000091e-03 5.628227999999999877e-04
1.329359999999999917e-03 1.479456000000000087e-03 2.539473999999999898e-03
9.727914000000000049e-04 3.647763000000000264e-04 1.452184000000000027e-03
2.680046000000000164e-03 2.959317999999999844e-03 4.838059000000000023e-04
2.232354000000000196e-03 5.080503000000000102e-04 2.860468000000000125e-03
1.440766000000000008e-03 5.995392000000000212e-04 8.543671999999999606e-05
1.915983000000000009e-03 1.786452000000000005e-03 1.497363000000000036e-03
1.810921999999999966e-03 2.088740999999999862e-03 1.236204999999999986e-03
1.256001999999999987e-03 6.953382999999999830e-04 2.701912999999999798e-03
2.120972000000000048e-03 1.687172999999999928e-03 7.704807999999999839e-04
2.719846000000000156e-03 1.476291000000000018e-03 7.701735999999999608e-04
9.208804000000000338e-04 6.154834999999999831e-05 2.224091999999999996e-03
2.314524000000000095e-03 2.901728000000000120e-03 2.341166999999999901e-03
1.429190000000000050e-04 6.195806999999999682e-05 2.848162999999999910e-03
2.866327999999999910e-04 2.959542999999999809e-03 7.191981999999999542e-04
8.608657999999999935e-04 2.205556999999999917e-03 3.909882999999999848e-04
1.952986000000000088e-03 2.301727999999999847e-03 7.102292000000000067e-04
2.284453000000000091e-03 1.411981999999999994e-04 1.949039999999999974e-03
2.872950999999999890e-03 2.337739999999999881e-04 1.593187999999999939e-03
8.450896999999999533e-04 2.425038000000000020e-03 1.156095999999999903e-03
2.636246999999999983e-03 1.159572999999999897e-03 1.487617000000000106e-03
2.287192999999999865e-03 2.265324999999999891e-03 2.127979999999999802e-03
1.109825999999999955e-03 1.614130999999999986e-03 4.308722999999999980e-04
2.257318999999999819e-03 2.083630999999999851e-03 1.473169999999999992e-03
2.244218000000000081e-03 2.562983999999999922e-03 1.744532999999999934e-03
8.234973999999999940e-04 8.031769999999999708e-04 2.312665000000000207e-03
2.011165999999999995e-03 1.973269000000000151e-03 1.183917999999999950e-03
1.581285000000000091e-04 2.482065999999999786e-03 7.646524999999999503e-04
8.069702999999999469e-04 1.727374999999999961e-03 1.771243999999999943e-03
2.042079999999999937e-04 2.589782000000000108e-03 1.297821000000000055e-04
2.816831000000000109e-03 6.120933999999999967e-04 1.407147999999999993e-03
3.906682000000000080e-04 9.596146000000000060e-04 2.404016000000000139e-03
3.001998000000000080e-03 2.712972000000000126e-03 2.486505000000000074e-04
7.527782999999999480e-04 6.303482000000000442e-04 2.206196000000000112e-03
2.313634000000000177e-03 1.385914999999999933e-03 2.960145999999999871e-03
1.003605000000000024e-04 2.284238000000000067e-03 1.205595999999999968e-03
2.893539000000000094e-03 1.638677000000000059e-03 2.873233000000000210e-03
2.149002000000000117e-03 1.755199999999999946e-03 2.671850999999999827e-03
7.915789000000000115e-04 7.860276000000000025e-04 6.086040000000000026e-04
1.944034000000000083e-03 2.388374999999999873e-03 1.002005000000000040e-03
1.028520999999999906e-03 2.437229999999999865e-03 2.123443999999999939e-03
3.437521999999999713e-05 2.942829000000000104e-03 1.636127000000000024e-03
2.190786000000000122e-03 4.974292999999999640e-04 2.738045000000000149e-03
1.213150999999999986e-03 7.775732000000000043e-04 6.490406000000000213e-04
3.325960999999999783e-04 1.698847000000000074e-03 1.852843000000000068e-03
1.839272000000000086e-03 2.010843000000000005e-03 2.490946999999999866e-03
1.296765999999999978e-03 8.458702999999999708e-04 2.112763000000000141e-03
9.791711000000000685e-04 2.959872000000000111e-03 4.400151999999999948e-04
2.486391000000000122e-03 9.380461999999999568e-04 2.908528000000000068e-03
1.428348000000000074e-03 8.879315999999999945e-04 2.716741999999999855e-03
2.256446000000000059e-03 1.676222999999999906e-03 2.426797999999999976e-03
2.824173000000000135e-03 5.101866999999999513e-04 8.033816000000000264e-04
9.026808000000000531e-04 1.299047000000000006e-03 2.545433000000000157e-03
2.961253000000000062e-03 1.541934000000000013e-03 1.745692000000000077e-03
2.230521000000000066e-03 2.454937999999999825e-03 1.878581000000000044e-03
2.325563000000000109e-03 2.875678000000000002e-03 1.035263999999999933e-03
7.083270999999999491e-04 9.628551000000000167e-04 1.076677000000000059e-03
2.019819999999999862e-03 5.182210000000000245e-04 3.083073000000000085e-04
5.813177000000000535e-04 2.691206000000000132e-04 1.339506999999999981e-04
1.212385999999999976e-03 1.085812999999999926e-03 2.803953999999999887e-04
2.789324000000000144e-03 5.358914999999999903e-04 2.574402999999999956e-04
1.713809999999999910e-04 1.159801000000000018e-03 2.367318000000000200e-03
2.558608999999999883e-03 2.207959000000000115e-04 1.981095999999999899e-03
5.007485000000000321e-04 1.564178999999999960e-03 2.212247999999999992e-03
2.590705000000000004e-03 2.642251999999999882e-03 1.673723000000000008e-03
8.640485999999999523e-04 1.454179000000000105e-03 1.751895000000000058e-03
1.255632000000000015e-03 6.035841000000000340e-04 8.274005000000000075e-04
4.674761000000000151e-04 2.604762999999999957e-03 5.509027000000000542e-04
1.629346999999999957e-03 4.588222999999999998e-04 7.585228000000000283e-04
1.334398000000000094e-03 2.326473999999999816e-03 1.582320000000000124e-04
2.939235000000000111e-03 5.122526000000000293e-04 2.939560999999999823e-03
2.659854000000000124e-03 1.574524000000000106e-03 7.790046000000000123e-04
2.689874000000000084e-03 2.197320999999999910e-03 9.115622000000000525e-04
1.036295999999999919e-03 2.448693999999999957e-03 2.008481999999999802e-03
2.537161999999999924e-03 2.253850999999999858e-03 4.978306999999999904e-05
3.089551999999999977e-06 4.191659000000000248e-04 1.722596999999999974e-03
2.626747000000000023e-03 1.658883000000000102e-03 1.987187999999999975e-03
2.798723000000000072e-05 2.232348999999999792e-03 1.848826999999999936e-03
6.145166999999999774e-05 2.170047000000000035e-03 3.712427000000000023e-04
7.639764000000000060e-04 2.740802000000000082e-03 2.600137000000000195e-03
1.866592999999999941e-03 2.388844000000000210e-03 2.716500000000000165e-03
3.001998000000000080e-03 2.449826000000000000e-03 2.148287999999999934e-03
8.955929000000000494e-04 2.697960000000000115e-03 2.271327999999999975e-03
7.519701999999999853e-04 2.867717000000000096e-03 2.380306999999999909e-03
9.544129999999999845e-04 2.626213000000000072e-03 7.793273000000000084e-04
6.143487000000000427e-04 8.951678000000000456e-04 4.920031000000000057e-04
1.109013000000000056e-03 1.547872000000000050e-03 1.935700999999999958e-03
1.084396000000000058e-03 2.630257999999999902e-03 4.366944000000000180e-05
5.321949000000000297e-04 2.575716999999999937e-03 1.851657999999999950e-03
2.954400000000000038e-04 6.228353999999999965e-04 1.127252000000000028e-03
2.821423999999999894e-03 2.259039999999999920e-03 6.680551000000000067e-04
2.360607999999999880e-04 2.622909999999999998e-03 1.714384999999999911e-03
1.096509000000000042e-04 5.063039999999999555e-04 1.629484000000000054e-03
6.256957999999999531e-04 2.647763999999999934e-03 1.617706999999999912e-03
1.340735999999999924e-03 1.581514000000000010e-03 9.538316999999999499e-04
2.185906999999999954e-03 1.114198999999999962e-03 1.248184000000000056e-03
1.742852000000000030e-03 1.488591999999999953e-03 1.035836000000000048e-03
1.878078999999999946e-03 1.535286000000000073e-03 2.004934999999999790e-03
2.574054000000000099e-03 6.427190000000000377e-04 2.900638000000000088e-03
2.200857999999999981e-03 1.380209000000000080e-03 1.407992999999999962e-03
2.189667000000000176e-03 8.270568000000000060e-04 2.812331999999999853e-03
6.558980000000000279e-04 1.626562000000000017e-03 2.325612999999999812e-03
1.767256000000000035e-03 2.593804999999999809e-03 1.062412999999999899e-03
8.769919000000000152e-04 2.701503000000000064e-03 2.627229999999999930e-03
1.979275999999999865e-03 6.173462000000000220e-04 3.135718000000000121e-04
9.184943999999999791e-04 2.468380000000000053e-03 1.415322000000000108e-03
1.881073999999999941e-03 1.428250999999999956e-04 8.393635999999999675e-04
2.073744000000000195e-03 2.755759999999999894e-03 2.422018000000000174e-03
6.502689999999999772e-04 2.855349999999999989e-03 2.099003999999999800e-03
1.812996000000000095e-03 6.378039000000000278e-04 2.248079999999999957e-03
1.090300999999999900e-03 2.962591000000000096e-03 6.172249999999999731e-05
1.058340999999999969e-03 4.207903999999999752e-05 4.075981000000000303e-05
3.001998000000000080e-03 8.461573999999999702e-04 1.633609999999999967e-03
3.001998000000000080e-03 1.953542999999999859e-03 2.047585000000000204e-03
2.999410000000000097e-03 2.099257999999999951e-04 1.092863000000000043e-04
3.988627000000000123e-04 1.998882000000000003e-03 7.788187999999999708e-04
2.509176000000000115e-03 1.944720999999999950e-03 2.734424999999999963e-03
6.172171000000000168e-04 8.697649999999999913e-04 1.283351000000000066e-03
1.029158000000000069e-03 2.128793999999999825e-03 2.686383999999999994e-04
1.118866999999999952e-03 1.693185000000000046e-03 2.231945999999999843e-03
1.501750000000000064e-06 5.201473999999999795e-05 1.979007999999999982e-03
1.443508000000000031e-03 3.618776000000000197e-04 1.873232999999999973e-03
2.070436000000000151e-03 2.578614999999999814e-03 8.941335999999999598e-04
2.058152000000000158e-03 1.178938999999999942e-03 2.202070999999999890e-03
3.855479999999999888e-04 1.896172000000000005e-03 2.196186000000000145e-03
6.353220000000000135e-04 1.416120000000000096e-03 1.452785999999999965e-03
1.551354000000000014e-03 2.096039000000000062e-03 1.386819000000000073e-03
9.912898000000000716e-04 8.280486000000000530e-04 2.807892999999999782e-04
1.506254999999999964e-03 1.339098000000000100e-04 2.494183999999999984e-03
3.367652999999999858e-04 4.070598999999999886e-05 1.116411000000000096e-03
1.974804000000000143e-03 3.453724999999999937e-04 2.834405999999999818e-03
2.996387000000000096e-03 6.591356999999999512e-04 2.109183000000000151e-03
7.025210000000000048e-04 1.735383000000000064e-03 1.803478999999999976e-03
2.261014999999999900e-03 2.435525000000000016e-03 2.113564999999999975e-03
1.332122999999999944e-03 2.918435000000000040e-03 3.119870000000000065e-04
1.058024000000000074e-03 4.882298000000000193e-05 2.842363000000000094e-03
7.622838999999999744e-04 8.793257999999999760e-04 2.108487000000000035e-03
1.394854999999999966e-03 2.260256999999999891e-03 2.391631000000000074e-04
1.857085999999999980e-03 5.249932999999999596e-04 2.292181999999999813e-03
2.517431000000000096e-03 1.962315000000000066e-03 2.112344999999999848e-03
1.575987999999999955e-03 4.630046999999999955e-05 2.161576000000000122e-03
2.218638000000000207e-03 1.834637000000000073e-03 2.553380000000000059e-03
1.261250000000000001e-03 2.505553000000000207e-03 2.657768999999999930e-04
1.976273000000000179e-03 1.253970000000000085e-03 1.037986000000000074e-03
2.588510000000000030e-03 5.724798999999999600e-04 2.655555999999999889e-03
1.938382000000000104e-04 2.310981000000000146e-03 1.000482000000000021e-04
2.264042999999999872e-03 2.118997999999999867e-04 1.035129000000000030e-04
1.090598999999999958e-04 1.626384000000000033e-03 1.425197000000000009e-03
4.752364000000000024e-04 6.747828999999999459e-04 1.024975999999999925e-03
1.827877000000000104e-03 1.361028999999999928e-03 5.782864999999999664e-04
2.424457000000000088e-03 1.225787000000000100e-03 2.287505999999999914e-03
1.073738999999999987e-03 8.967876000000000059e-04 2.479552999999999792e-03
1.069590999999999945e-03 8.835746999999999482e-04 2.674708000000000033e-03
1.016018000000000043e-03 6.512908999999999886e-04 1.252903999999999997e-03
2.628093000000000182e-03 2.341756999999999866e-03 1.350002000000000103e-03
4.490232999999999941e-04 2.450460999999999915e-04 1.833135999999999967e-03
2.152167999999999876e-03 2.181900999999999979e-03 1.178594999999999947e-03
1.219667000000000017e-03 2.148587999999999887e-03 1.440735999999999970e-03
2.590306000000000119e-03 1.028508000000000026e-03 9.530758000000000068e-04
1.125115000000000099e-03 2.358947000000000127e-03 2.766124999999999921e-03
1.328687999999999961e-03 3.653398000000000084e-04 9.984527999999999893e-04
1.854664999999999916e-03 1.874748000000000083e-03 2.851270999999999840e-03
4.107900999999999957e-04 2.849724000000000094e-03 8.501827999999999469e-04
1.924448999999999951e-03 1.294477999999999948e-03 1.619865000000000064e-03
2.454444999999999977e-03 1.047923999999999991e-03 1.333366000000000108e-03
9.971921000000000777e-04 1.668633000000000095e-03 2.969323999999999965e-04
1.761308000000000058e-03 1.653315999999999944e-03 6.520681000000000394e-04
2.092535999999999875e-03 9.718380999999999678e-04 2.680548000000000045e-03
2.578065999999999951e-03 2.514908000000000161e-03 1.483266999999999919e-03
1.296124999999999968e-03 2.113663000000000000e-03 1.665714999999999904e-03
1.536025000000000107e-03 1.750260999999999918e-03 1.965993999999999988e-03
2.832787000000000022e-04 3.165846000000000046e-04 2.428182999999999991e-03
5.724626000000000237e-04 1.211569000000000014e-03 2.562309000000000136e-04
2.942529000000000151e-03 2.812503999999999959e-03 1.803036999999999956e-03
1.980673000000000069e-03 2.193852999999999949e-03 1.638715000000000007e-03
3.001998000000000080e-03 6.582946000000000110e-04 2.240830000000000025e-04
5.500347000000000482e-04 2.123504999999999924e-03 2.679838999999999832e-03
2.167776000000000165e-03 1.453482000000000081e-03 2.256190999999999839e-03
2.209538999999999948e-03 2.596442999999999928e-03 2.822251999999999920e-03
2.086596999999999931e-03 1.667592000000000076e-03 2.914761999999999995e-03
8.306273000000000085e-04 2.536332000000000083e-03 5.207286999999999463e-04
8.971259000000000091e-04 1.331860000000000032e-03 1.469861000000000041e-03
1.121936000000000027e-03 1.401567999999999954e-03 2.128418999999999884e-03
1.359909000000000074e-03 2.646616999999999980e-03 1.423119999999999941e-03
4.483762999999999985e-04 1.601790000000000071e-03 1.427808999999999936e-03
8.361304999999999866e-04 1.832105000000000105e-03 2.598267000000000024e-03
1.229795000000000107e-04 1.713717999999999925e-03 1.743668999999999992e-03
2.530479999999999882e-03 2.304977000000000154e-03 3.374906999999999907e-04
3.976620000000000155e-04 1.083945999999999911e-03 2.919663999999999766e-04
2.653874999999999984e-03 2.547507000000000070e-03 1.028285000000000093e-03
1.216791000000000053e-03 1.302448000000000104e-04 2.311787999999999951e-03
5.182048999999999553e-04 2.132999999999999913e-03 9.304317999999999573e-04
2.554466000000000028e-03 2.010949000000000157e-03 2.025851999999999861e-03
1.501750000000000064e-06 1.340973999999999985e-03 2.909175999999999863e-03
1.501750000000000064e-06 4.333970000000000248e-04 1.375322000000000003e-03
3.994162999999999793e-04 2.030399000000000006e-03 1.819318000000000107e-03
1.515374000000000105e-03 1.627366000000000099e-03 1.711480999999999940e-03
1.650709999999999894e-03 1.103561000000000082e-03 1.248502000000000129e-04
9.269738999999999713e-04 1.005573999999999964e-03 1.250608999999999965e-03
4.041572999999999802e-04 1.371168000000000083e-03 2.499159999999999836e-03
2.438138999999999866e-04 4.067457999999999707e-05 2.544893999999999802e-03
6.565819000000000299e-04 1.217965000000000107e-03 2.340454999999999966e-03
2.405418999999999786e-03 1.536098000000000064e-03 2.565350000000000096e-04
2.274057999999999809e-03 7.943082000000000397e-04 2.801519000000000145e-03
1.766441000000000105e-03 1.329773999999999930e-03 1.816211000000000084e-03
9.307143000000000143e-04 2.473246000000000125e-03 1.508236999999999946e-03
1.485676000000000010e-03 2.797664999999999961e-03 2.301959000000000123e-03
8.119654000000000238e-04 2.507233999999999787e-04 5.750692999999999864e-04
8.392439999999999492e-04 2.422947999999999855e-03 3.465868000000000204e-04
2.214694000000000124e-03 1.254715999999999904e-03 8.962112000000000160e-04
7.253402999999999847e-04 1.962922000000000191e-03 1.460780000000000065e-03
1.706484000000000082e-03 2.332379999999999783e-03 3.726735000000000225e-04
3.001998000000000080e-03 2.070913000000000181e-03 3.737743999999999767e-04
1.279275999999999981e-03 2.936194000000000043e-03 2.723132999999999977e-03
2.346954999999999961e-03 2.361652000000000109e-03 1.731326000000000045e-03
7.718694000000000336e-04 1.908856999999999915e-03 1.417227999999999977e-03
1.914165999999999914e-03 3.026077999999999863e-04 4.035949999999999737e-04
1.405668000000000108e-03 1.192359000000000040e-03 9.948942999999999589e-04
2.038229999999999816e-03 3.224831000000000160e-04 8.902728999999999851e-04
1.046721000000000023e-03 1.640507000000000033e-03 1.221267000000000056e-03
2.322521000000000134e-03 1.557507999999999983e-03 1.445794999999999936e-03
1.767948999999999996e-03 2.377972999999999806e-03 2.061303000000000007e-03
4.178761000000000021e-04 2.512694000000000212e-03 9.863962999999999464e-04
2.632629999999999953e-03 2.329471999999999966e-03 8.045611000000000039e-04
1.959247999999999806e-03 9.062904000000000532e-04 3.749501000000000136e-04
1.464432000000000103e-03 2.905892000000000197e-03 2.708406999999999915e-03
4.255419999999999993e-04 2.771707999999999898e-03 2.217984000000000101e-03
1.548677000000000040e-03 6.255107999999999675e-04 1.691875000000000019e-03
1.617327999999999908e-03 1.329976000000000075e-03 2.865711999999999860e-03
1.803595000000000068e-03 2.691635999999999855e-03 1.019790999999999927e-03
2.319639999999999983e-03 7.630898000000000542e-04 2.658092000000000029e-04
1.905762000000000081e-03 9.231080999999999922e-04 2.902024999999999917e-03
8.049078999999999783e-04 4.853352000000000013e-04 7.792777000000000081e-04
2.025008000000000016e-03 2.426555999999999852e-03 1.653221999999999981e-03
1.741209000000000073e-03 2.768262000000000066e-03 2.237920999999999921e-03
6.088104999999999472e-04 2.052608000000000037e-03 2.632390999999999984e-03
2.371743999999999849e-03 6.626334999999999907e-04 2.011142000000000051e-03
1.863559000000000092e-03 1.388593000000000032e-03 2.466550000000000079e-03
2.602758000000000155e-03 8.210903000000000082e-04 6.214955999999999996e-04
6.357215000000000424e-05 9.899373999999998980e-04 1.437469999999999937e-03
6.946269000000000358e-04 4.174564999999999765e-04 6.229806999999999695e-05
2.866389000000000003e-03 1.785413000000000017e-03 1.517784000000000104e-03
1.403425000000000028e-03 2.866384000000000033e-03 2.896844999999999889e-03
1.246753000000000021e-04 1.213968000000000029e-04 1.050397000000000006e-03
1.850660999999999973e-03 6.017045999999999853e-04 1.165386999999999960e-04
2.875768999999999808e-03 1.754857999999999928e-04 1.125156999999999893e-03
2.768052999999999920e-03 8.272712999999999681e-04 1.022920999999999987e-03
1.236251999999999967e-03 2.626708999999999858e-04 2.876252000000000149e-03
1.666918999999999888e-04 4.851481000000000044e-04 2.180898999999999869e-04
2.462900000000000072e-03 5.271145000000000301e-04 2.874319000000000179e-03
1.501750000000000064e-06 5.714045999999999535e-04 1.431280000000000052e-03
1.112574999999999979e-03 2.221494999999999980e-03 1.431173999999999901e-03
1.865457000000000053e-03 2.374180999999999948e-03 2.046998999999999867e-03
1.344282999999999936e-03 1.966420999999999881e-03 2.356132999999999839e-03
2.406539999999999981e-03 4.611559000000000209e-04 1.209554000000000054e-03
1.421207999999999977e-03 1.995696999999999836e-03 7.682054999999999483e-04
3.255479000000000142e-04 1.845386000000000075e-03 2.036342999999999921e-03
1.242154000000000034e-04 1.410138999999999924e-03 1.560149999999999948e-03
1.216318999999999967e-04 2.175374999999999791e-03 2.386005999999999978e-03
2.888140999999999885e-03 1.834413000000000016e-03 6.773470999999999442e-05
3.001998000000000080e-03 1.728221000000000054e-03 1.163902999999999986e-03
1.214408999999999980e-04 2.336603999999999938e-03 1.452411000000000023e-03
1.085351999999999931e-03 1.869916000000000004e-04 1.269694999999999938e-03
2.395828999999999927e-03 1.779683999999999910e-03 1.914646000000000100e-03
5.623778999999999540e-04 9.697443999999999509e-04 2.590265000000000015e-03
5.057148999999999716e-04 8.243359999999999490e-04 1.166383999999999910e-03
1.501750000000000064e-06 1.162384999999999937e-03 2.913890000000000143e-03
2.317384999999999931e-03 2.462195999999999829e-03 2.928482000000000264e-04
2.461535999999999846e-03 2.694525000000000132e-03 1.031821999999999948e-03
8.904414999999999347e-05 2.668208000000000038e-03 1.307273000000000072e-03
5.630255000000000459e-04 1.951976999999999922e-03 1.395333000000000012e-04
2.532958999999999992e-03 1.401286000000000068e-03 5.479804999999999485e-04
2.083403000000000165e-03 8.691404000000000447e-04 1.827639999999999950e-03
2.701645999999999822e-03 3.373380999999999949e-04 4.946084000000000331e-04
2.463967999999999974e-03 7.703669999999999919e-04 1.863860000000000007e-04
2.292651000000000151e-03 1.665854999999999940e-03 2.897269000000000060e-03
6.175564999999999614e-04 1.789151999999999908e-04 1.488369999999999927e-03
2.305342000000000155e-03 6.158853999999999631e-04 2.052617999999999977e-03
2.194889000000000215e-03 1.959827999999999831e-03 1.343744999999999922e-03
9.183619999999999327e-06 2.510542000000000155e-03 6.620630999999999869e-04
1.745063999999999947e-03 3.856899000000000221e-05 2.202981999999999976e-04
1.559452000000000017e-03 1.693826999999999963e-03 2.965207999999999993e-03
1.007803000000000041e-03 3.788651999999999856e-05 8.375954000000000342e-04
3.001998000000000080e-03 3.086694999999999760e-04 2.734139000000000014e-03
7.011476999999999684e-04 3.894265999999999960e-05 2.755656000000000099e-04
2.269552000000000201e-03 1.911532000000000075e-03 3.977876000000000198e-04
2.519299999999999925e-03 8.097962000000000107e-05 2.540564999999999837e-03
8.552638999999999684e-04 9.059200999999999799e-04 1.917003999999999930e-03
1.556202999999999927e-03 1.975536999999999866e-03 1.907840000000000057e-03
2.661947999999999918e-03 2.208187999999999818e-03 1.800865999999999925e-03
7.821873000000000454e-04 1.933620000000000044e-03 2.350178000000000076e-03
1.675232999999999930e-03 2.640046000000000059e-03 8.611755000000000018e-04
1.182391999999999992e-03 1.104942999999999941e-03 5.034774999999999581e-04
2.795114999999999926e-03 1.020445999999999940e-03 8.756621999999999930e-04
1.527181000000000068e-03 2.926910999999999922e-03 5.655213999999999554e-04
4.865369999999999938e-04 1.347452000000000068e-03 6.982995000000000521e-04
5.433808999999999731e-04 1.704204999999999923e-04 1.516100999999999950e-03
1.629487000000000006e-05 2.014656000000000086e-03 1.103189000000000079e-03
2.313589000000000010e-03 1.142276000000000012e-03 7.377204000000000053e-04
2.068629000000000214e-03 2.711201999999999796e-03 1.420685999999999997e-03
2.119216000000000155e-03 9.365700999999999931e-04 9.385883999999999937e-04
2.833324999999999819e-03 2.354713999999999939e-03 1.160009000000000040e-03
1.904829999999999935e-03 1.930684999999999910e-03 5.356465000000000358e-04
1.139760999999999986e-03 9.661522999999999552e-04 1.391716999999999997e-03
2.434878000000000129e-03 3.801270999999999676e-05 1.064234999999999964e-03
2.559894000000000058e-03 2.012967999999999962e-03 1.347412999999999996e-03
3.257520000000000077e-04 5.787951999999999637e-04 1.640804000000000047e-03
7.195009999999999947e-04 4.154070000000000158e-04 1.706548000000000006e-03
1.911687000000000022e-03 1.530501999999999991e-03 3.814145000000000122e-04
2.113162999999999934e-03 1.783617000000000037e-04 1.950937999999999934e-03
1.253596000000000051e-03 7.997269999999999683e-04 1.101016999999999925e-03
6.861687000000000428e-04 1.427756000000000023e-04 1.359691000000000057e-04
9.722726000000000328e-04 7.396062999999999596e-04 2.761627000000000005e-03
2.328817999999999860e-03 4.943884999999999643e-04 7.043350999999999779e-04
1.836596000000000018e-03 3.434827000000000106e-04 2.016645999999999977e-03
1.250882999999999997e-04 1.923734999999999985e-03 1.929521000000000014e-03
2.209014000000000030e-03 2.956381000000000113e-03 7.581129000000000036e-04
2.966675000000000215e-03 3.782015000000000008e-04 2.669192999999999826e-03
2.410955000000000216e-03 1.167667000000000054e-03 1.082835999999999998e-03
1.484731999999999892e-03 2.641899999999999978e-03 1.379337999999999973e-04
2.998952999999999949e-03 1.428341999999999980e-03 1.908987999999999918e-03
1.181418999999999959e-03 1.500711000000000059e-03 1.457836000000000114e-04
1.582328999999999940e-03 2.656375999999999789e-03 1.899253999999999960e-03
1.502817000000000042e-03 5.153325000000000267e-04 2.845470000000000117e-03
2.958645000000000198e-03 8.261291999999999507e-04 2.701513999999999912e-03
2.153478999999999810e-03 2.785731999999999965e-03 2.724434999999999878e-03
2.130134000000000107e-03 3.979909000000000116e-04 1.645013999999999981e-03
1.181666999999999960e-03 7.860350999999999580e-04 1.715960000000000098e-03
3.913860000000000234e-04 9.685243000000000064e-04 7.287812999999999540e-04
7.482386000000000429e-05 2.674653999999999834e-03 2.079572000000000018e-04
1.192420000000000025e-03 5.360523999999999975e-04 1.012209999999999933e-03
2.751976000000000162e-03 3.371003000000000020e-04 2.928014999999999958e-03
2.662298999999999916e-03 2.734271999999999831e-03 1.110195999999999926e-03
4.671699999999999876e-04 2.627148000000000157e-03 1.370345999999999934e-03
2.683305999999999886e-03 7.587760999999999941e-04 5.183460999999999668e-04
1.362829000000000080e-03 2.023825999999999837e-03 1.133150000000000086e-03
1.635614999999999986e-03 7.135520000000000014e-04 2.383114999999999886e-03
1.051915000000000055e-03 2.935207000000000007e-03 2.494765999999999824e-04
1.267850000000000053e-03 2.680025999999999849e-03 1.451915999999999927e-03
2.998510999999999928e-04 1.132690999999999906e-03 5.958457999999999593e-04
2.966688999999999785e-03 1.193887000000000030e-03 1.359956999999999963e-03
2.234081000000000174e-03 5.263734000000000381e-04 2.601000999999999921e-03
4.849615999999999953e-04 2.383779999999999840e-03 1.682494999999999997e-03
1.075907000000000079e-03 1.244992000000000104e-03 1.917314000000000041e-03
2.273076000000000122e-04 2.966050000000000023e-03 2.401005999999999800e-03
2.653664000000000023e-03 1.920437000000000099e-03 2.482670000000000189e-03
2.707877999999999934e-03 8.148974000000000018e-04 1.317021999999999941e-03
2.814249000000000004e-03 4.018229999999999914e-04 6.084074999999999987e-04
3.001998000000000080e-03 2.892604999999999916e-03 1.935347999999999929e-03
3.670025000000000153e-04 1.638607999999999948e-03 6.540884999999999972e-04
3.816917999999999765e-04 1.449147999999999929e-03 2.185129000000000064e-03
1.743884999999999923e-03 7.177178000000000420e-04 1.760653000000000044e-03
1.954224000000000065e-03 8.546259000000000060e-04 8.473970999999999847e-04
8.974475999999999894e-04 3.442335000000000035e-04 1.794683999999999949e-03
2.100947000000000144e-03 1.928365999999999934e-03 2.370422999999999975e-03
5.211045000000000520e-04 1.672571999999999991e-03 9.390066000000000298e-04
2.140238999999999944e-03 5.966358000000000111e-05 1.137310000000000100e-03
1.746268999999999946e-03 1.167447000000000059e-03 1.026302999999999894e-03
4.402594999999999816e-04 1.875467999999999927e-03 6.829054999999999891e-04
4.850624999999999794e-04 2.118594000000000119e-03 5.212702999999999955e-04
3.713696000000000163e-04 2.224392999999999856e-03 2.500809000000000105e-03
1.794444000000000074e-03 1.235971999999999895e-03 2.083289999999999795e-03
2.738859000000000172e-03 1.187806000000000018e-03 2.840902000000000184e-03
1.483413999999999957e-03 1.527635999999999968e-03 3.707744999999999921e-04
6.580378000000000442e-04 2.311126000000000152e-03 1.562278000000000061e-03
2.567391000000000031e-03 8.309074000000000332e-05 1.419335999999999992e-03
2.354377000000000108e-04 8.277825999999999847e-04 2.449995999999999858e-03
2.272375999999999997e-03 3.801189000000000174e-04 8.903761000000000488e-04
2.922375000000000059e-03 1.039378999999999997e-04 2.092571000000000101e-03
9.114602999999999984e-04 2.115924999999999837e-03 1.786784999999999936e-03
2.773157999999999960e-03 2.363439000000000165e-03 4.345415999999999867e-05
3.048215999999999751e-04 2.659167000000000041e-03 9.652372000000000426e-04
1.057531000000000009e-03 2.198433000000000071e-03 1.677941000000000068e-03
2.404860999999999891e-03 5.475948000000000447e-04 5.325599000000000305e-04
1.800436000000000094e-03 3.815100000000000115e-05 1.147458000000000072e-03
1.675732999999999997e-03 2.297652000000000071e-04 2.049888000000000144e-03
7.796807999999999907e-04 9.085579999999999568e-04 2.223882999999999849e-03
3.953930000000000140e-04 1.142830999999999968e-03 2.468203999999999884e-03
1.336526999999999897e-03 2.564269999999999896e-04 2.167212999999999865e-03
1.424982999999999892e-03 2.500946999999999892e-03 2.420790999999999828e-03
1.784872000000000064e-03 6.040009999999999520e-04 2.698992999999999792e-03
4.990141999999999766e-05 2.449905000000000051e-03 2.893934999999999824e-03
2.771346000000000052e-03 6.979948000000000142e-04 7.838834000000000036e-04
1.677328999999999973e-03 2.287382000000000130e-03 1.010557000000000035e-03
8.769919000000000152e-04 2.778779999999999792e-03 3.344013999999999862e-04
2.014025999999999924e-03 2.842460000000000212e-03 2.415348999999999795e-03
1.592752999999999921e-03 2.632620999999999920e-03 2.854839999999999982e-03
1.038630999999999929e-03 2.454904999999999848e-03 2.704474000000000114e-03
2.812863000000000082e-03 2.051532000000000008e-03 2.915576000000000018e-03
2.945243000000000166e-03 1.100952000000000094e-03 4.041668000000000214e-04
5.021106000000000440e-04 2.585515000000000035e-03 1.004951999999999929e-03
2.477318999999999854e-04 4.006443999999999956e-04 1.096247000000000063e-03
2.169962000000000106e-03 2.769197000000000151e-03 9.617615999999999839e-04
2.281198999999999814e-03 2.878749999999999799e-03 1.373543999999999980e-03
1.501750000000000064e-06 8.268184000000000254e-04 3.896792999999999741e-04
2.827507999999999844e-03 2.542430999999999944e-03 1.194338000000000084e-03
2.683122999999999932e-03 1.239251000000000024e-03 1.101268000000000082e-03
1.782340000000000096e-03 9.773807999999999715e-04 6.109858999999999603e-04
2.353535999999999823e-03 2.673632999999999912e-03 1.376714999999999927e-03
1.812393000000000034e-03 2.523615999999999793e-03 1.395280000000000045e-03
2.491020000000000040e-03 2.479372000000000086e-03 2.892340000000000189e-03
1.240819999999999900e-03 1.001588999999999995e-03 5.509373000000000352e-04
1.501750000000000064e-06 1.274708999999999955e-03 2.704166999999999942e-03
1.501750000000000064e-06 1.710230000000000083e-03 2.384335000000000013e-03
5.863024000000000534e-04 3.647251000000000225e-04 1.374938000000000028e-03
1.989779000000000114e-03 1.134292000000000069e-03 2.594314999999999816e-03
2.156101000000000111e-03 9.005515999999999651e-04 1.407302999999999939e-03
1.491672000000000093e-03 2.051455000000000205e-03 5.313000999999999922e-04
2.598389999999999901e-04 1.373691000000000126e-04 1.882975000000000057e-03
1.933330000000000031e-03 5.928545000000000342e-04 7.914280000000000533e-04
4.046068999999999903e-04 2.635381000000000008e-03 2.965671000000000019e-03
9.681884999999999884e-04 1.338060000000000074e-03 2.096904000000000129e-03
2.295745000000000077e-03 2.340581999999999906e-03 2.491361000000000096e-03
2.301811999999999869e-03 1.371905000000000086e-03 1.419804999999999895e-03
1.671261000000000057e-03 1.531072999999999983e-03 1.202530000000000049e-03
2.037148999999999818e-03 2.886854999999999803e-03 1.875273999999999908e-03
1.379128999999999989e-03 1.902973000000000078e-03 1.561038000000000052e-03
5.252009999999999882e-05 2.047885000000000157e-03 1.164857000000000045e-03
1.893977999999999938e-03 6.905046000000000296e-05 2.008395000000000059e-03
8.989602999999999657e-04 1.214330000000000010e-03 1.247761000000000009e-03
2.414189000000000179e-03 1.176058999999999915e-03 4.369315000000000026e-04
1.833065000000000042e-03 2.139995000000000005e-03 2.526958000000000155e-03
1.081979000000000057e-03 2.851123999999999911e-04 6.269932000000000196e-04
2.571827999999999961e-03 1.905287000000000083e-03 7.998019000000000309e-04
2.596971999999999909e-03 2.765571999999999996e-03 1.194053000000000041e-03
2.070798999999999904e-03 2.278753000000000115e-03 2.706877999999999802e-04
1.912019999999999952e-03 2.580656000000000182e-03 3.175941000000000159e-04
4.358801999999999946e-04 1.409471999999999938e-03 1.265974999999999913e-03
6.930588999999999587e-04 2.851181999999999848e-03 1.787393999999999984e-04
1.787051999999999911e-03 2.040348999999999895e-03 1.572491999999999987e-03
9.388520000000000025e-04 2.676860000000000090e-03 6.729605999999999956e-04
2.563384000000000149e-03 2.316332999999999847e-03 1.527731000000000054e-03
6.094802000000000130e-05 2.582796000000000050e-03 1.220558999999999967e-03
1.614023000000000020e-03 5.419592000000000203e-04 1.557807999999999936e-03
2.825498000000000072e-03 2.090466000000000026e-03 2.692234999999999854e-03
2.080985999999999947e-03 8.323802000000000371e-04 2.066437999999999869e-03
1.880221000000000062e-03 2.007071999999999936e-03 2.712130000000000096e-03
6.047106999999999699e-04 2.180946000000000013e-03 1.413238999999999945e-03
1.578432000000000055e-03 2.701864000000000002e-03 3.703947000000000131e-05
1.975086999999999936e-03 1.037982999999999918e-03 2.031152999999999952e-03
1.382687999999999973e-03 7.508449999999999847e-04 2.806547999999999855e-03
1.362045000000000096e-03 1.116868000000000027e-03 2.954076999999999831e-03
1.476288999999999987e-03 1.656502999999999925e-03 1.584033000000000099e-03
1.706419000000000035e-03 2.605553000000000036e-03 1.274841999999999989e-03
1.130434999999999947e-03 1.269230000000000098e-03 1.219047000000000013e-03
2.767410000000000096e-03 9.226389000000000205e-04 1.490926000000000057e-03
2.491971999999999850e-03 9.085172999999999556e-04 7.703375000000000153e-04
1.814679999999999939e-03 2.548068000000000121e-03 2.941920000000000212e-03
3.001998000000000080e-03 3.117190999999999951e-04 2.187015999999999960e-03
1.501750000000000064e-06 1.239326999999999920e-03 1.299898999999999976e-03
1.459191000000000090e-03 2.674393000000000169e-03 5.333026000000000259e-04
4.348050000000000222e-04 2.079054000000000102e-04 7.612234999999999531e-04
2.952095000000000066e-03 2.352269999999999893e-04 6.296783000000000458e-04
2.392513000000000192e-03 1.820151000000000104e-03 1.032778999999999945e-03
9.895398000000000562e-04 1.950951000000000031e-03 6.953769000000000269e-05
2.367454000000000119e-04 3.587138000000000213e-05 5.258561000000000355e-04
2.300650999999999911e-03 1.954238999999999976e-03 2.968661999999999950e-03
2.852231000000000211e-03 1.291054000000000030e-03 2.357375000000000095e-03
1.577934999999999928e-03 8.584621000000000558e-05 1.744607000000000015e-03
2.855117999999999805e-03 1.731488999999999901e-03 2.623777999999999788e-03
1.894326999999999903e-03 7.374916999999999714e-04 2.955208999999999874e-03
1.634803999999999901e-03 5.534996000000000360e-04 1.143958999999999948e-03
1.103030999999999977e-03 1.668706000000000052e-03 1.097936000000000094e-03
9.148336000000000293e-05 4.606042999999999769e-04 7.232684000000000292e-04
2.383845999999999795e-03 1.422766000000000005e-03 2.687226999999999932e-03
7.465434000000000393e-04 2.611955999999999913e-03 1.548471999999999956e-03
1.139353000000000067e-03 3.981206999999999845e-04 1.106853999999999998e-03
6.087846999999999787e-06 1.895718000000000012e-03 2.433975000000000114e-03
4.607885999999999948e-04 1.373936999999999988e-03 1.000339999999999953e-03
2.652059999999999921e-03 2.204598999999999795e-03 3.473685999999999999e-05
2.731533999999999872e-03 4.820210999999999918e-04 1.866805999999999934e-03
1.923622000000000049e-03 1.498715999999999980e-03 1.287023999999999894e-03
2.165925999999999876e-03 3.141918999999999962e-04 4.409158000000000044e-04
2.821385000000000039e-03 8.991592999999999548e-04 3.786821999999999909e-05
1.390973999999999900e-03 3.808069000000000081e-04 1.512380000000000018e-03
4.280760999999999789e-04 1.653712000000000107e-03 4.729126999999999962e-04
1.574449000000000009e-04 7.110744000000000439e-04 1.623117000000000093e-03
2.145245999999999958e-04 2.891869000000000037e-03 1.708546999999999930e-03
2.091654999999999990e-03 1.763302000000000012e-03 2.863944000000000212e-03
2.868378000000000204e-04 2.083632000000000192e-03 2.198284000000000002e-03
7.004293000000000194e-04 2.376890999999999900e-03 1.073633999999999960e-03
4.005079000000000148e-04 1.305086000000000006e-03 1.079738999999999916e-03
1.741729999999999873e-04 1.992904000000000203e-03 2.560560999999999827e-03
2.225125000000000106e-03 1.833753000000000032e-03 1.265973000000000098e-03
1.061703999999999903e-03 2.046406000000000180e-03 2.623556999999999886e-03
1.752707999999999957e-03 8.605420999999999817e-04 2.534578999999999912e-04
2.100569000000000047e-03 9.717432000000000240e-04 2.866956999999999839e-03
2.717794999999999846e-03 8.517019000000000456e-04 3.620647000000000166e-04
1.053502999999999905e-03 1.261500000000000035e-03 2.350277999999999916e-03
2.973495000000000044e-03 7.319136000000000392e-04 2.625713999999999913e-03
1.395339999999999905e-03 2.118772000000000049e-04 8.902534999999999832e-04
3.141239999999999896e-04 1.196257999999999957e-03 2.939759000000000122e-03
1.270679999999999943e-03 1.027752000000000049e-03 2.831554999999999923e-03
2.557473000000000211e-03 1.389414999999999964e-03 2.616835999999999988e-03
2.722248000000000029e-03 2.931170000000000195e-04 1.281728999999999898e-03
1.969615000000000081e-03 2.119824000000000187e-03 2.770836999999999953e-03
2.617097000000000086e-03 3.972994999999999999e-04 6.107187999999999506e-04
2.857965999999999979e-03 1.923032999999999991e-03 7.112634000000000653e-05
1.779385999999999989e-03 2.471128000000000170e-04 1.065013000000000071e-03
2.038224999999999846e-03 1.156331000000000025e-04 2.686052999999999878e-03
6.708448000000000319e-04 1.635603999999999921e-03 1.529633999999999985e-03
8.257496999999999927e-04 2.445893999999999998e-04 7.274671000000000132e-04
2.307845000000000209e-03 1.624039999999999989e-04 2.335521000000000125e-03
2.474623999999999921e-03 1.353335999999999905e-03 2.686490000000000145e-03
2.758713999999999784e-03 2.260636999999999803e-03 1.929918999999999992e-03
1.100482000000000066e-03 1.958311999999999813e-03 7.948100999999999951e-04
3.001998000000000080e-03 2.293115999999999991e-03 2.221443999999999936e-03
1.369626000000000090e-03 8.350030999999999946e-04 2.885407999999999897e-03
1.773559000000000073e-03 5.022641999999999472e-04 2.431332000000000024e-03
2.788882999999999814e-03 2.839481000000000036e-03 9.671570999999999901e-04
2.092687000000000193e-03 6.745752999999999515e-04 1.948260999999999960e-03
4.423914999999999944e-04 6.742491999999999886e-04 2.659381000000000158e-03
1.741223999999999984e-03 4.161085999999999821e-04 2.350732999999999816e-03
1.340353000000000074e-03 8.600307999999999651e-04 1.929492000000000099e-03
7.346941999999999969e-04 2.323793000000000213e-03 7.846787000000000466e-04
3.883714000000000133e-04 2.250588999999999888e-03 1.922539999999999926e-04
2.152177999999999980e-04 1.620647999999999924e-03 1.984039999999999849e-03
3.700066000000000227e-04 1.349967000000000094e-03 2.596030000000000039e-03
1.501750000000000064e-06 1.157154000000000082e-03 1.677817000000000067e-03
1.501750000000000064e-06 5.598454000000000321e-04 4.067342000000000266e-04
2.161174000000000081e-03 4.548309999999999961e-04 5.325122000000000275e-04
1.287848999999999982e-03 1.561019999999999986e-03 1.629804000000000105e-03
2.500940000000000107e-03 1.446468999999999923e-03 1.506430999999999916e-03
2.284379999999999918e-03 2.109680999999999969e-03 1.806833000000000094e-03
2.842487999999999786e-03 4.007042000000000047e-04 3.491322000000000045e-04
9.505343999999999773e-04 8.905907999999999707e-04 1.598732000000000061e-04
2.070465000000000066e-03 2.049131999999999950e-03 3.307140999999999987e-04
2.533043000000000013e-03 1.199704000000000005e-03 1.115389999999999958e-03
6.610896000000000003e-04 4.588442999999999938e-05 6.962962999999999965e-04
6.999569999999999664e-04 1.750721999999999912e-03 2.411026000000000141e-03
1.981263999999999942e-03 2.490117000000000025e-03 2.794621000000000171e-03
1.176734000000000026e-03 3.013536000000000144e-04 5.724607999999999520e-04
1.989764000000000203e-03 5.189678000000000086e-04 2.392426000000000014e-03
1.382559000000000001e-03 2.707740000000000147e-03 2.337422999999999931e-03
1.501750000000000064e-06 1.822531999999999971e-03 1.518664999999999935e-04
1.501750000000000064e-06 1.867254999999999956e-03 6.237051000000000400e-04
3.001998000000000080e-03 1.993810999999999847e-03 7.999237999999999661e-04
2.700645000000000216e-03 1.491777999999999865e-04 4.877255000000000045e-04
2.274313000000000029e-03 1.516891000000000029e-03 1.662073999999999930e-03
2.633741000000000207e-03 1.647026000000000002e-03 1.055305000000000088e-03
1.869722000000000094e-03 1.488699999999999919e-03 2.239043000000000023e-03
2.020033000000000072e-03 4.103951000000000105e-04 2.032608999999999892e-03
2.506711999999999916e-03 2.629446000000000127e-03 3.140423999999999733e-04
1.569974999999999930e-03 1.521131999999999910e-03 2.806482999999999808e-04
2.073689000000000088e-03 1.603077000000000061e-03 1.470408000000000088e-03
2.227062000000000139e-03 1.509946000000000075e-03 1.864056999999999910e-03
1.117946000000000087e-03 1.341476999999999991e-03 1.814843000000000012e-03
2.626502000000000177e-03 2.843249999999999857e-03 1.706017999999999901e-03
1.381162999999999922e-03 2.563053999999999940e-03 2.089023000000000182e-03
2.716005999999999759e-04 1.031708000000000104e-03 1.148853999999999934e-03
2.913799999999999810e-03 1.034306999999999935e-03 2.896686999999999786e-03
1.501750000000000064e-06 1.064160000000000057e-04 1.625841999999999956e-03
2.436039000000000086e-03 2.242034999999999861e-03 1.952137000000000056e-03
2.568650000000000013e-03 4.069928999999999908e-04 1.209664999999999959e-03
9.088720999999999476e-04 5.111617000000000157e-04 2.508947999999999994e-03
9.240556000000000030e-04 2.849199000000000176e-03 3.197663000000000220e-04
4.826138999999999906e-04 6.137693000000000055e-05 1.067945000000000049e-03
1.924130000000000024e-03 1.489130000000000022e-04 1.651144000000000006e-03
5.310933999999999794e-04 1.783932000000000117e-04 9.867238999999999871e-04
6.022720000000000504e-04 4.843687999999999965e-04 2.885425999999999963e-03
1.113962000000000025e-03 3.210016999999999797e-04 4.917838000000000195e-05
2.487394999999999884e-03 3.300811999999999865e-04 2.328721000000000176e-03
1.611762000000000090e-03 1.337634000000000089e-03 5.807135000000000161e-04
2.673401000000000163e-03 5.877321000000000238e-04 1.204434000000000103e-03
2.845929000000000080e-03 1.499048999999999911e-03 2.426797999999999976e-03
9.602938000000000316e-04 4.742505000000000158e-04 9.468152000000000078e-04
2.862365999999999869e-03 2.563033000000000151e-03 2.418566999999999939e-03
1.221101000000000044e-03 1.231576999999999976e-03 2.303509999999999933e-03
2.567550999999999948e-03 1.294477999999999948e-03 2.446949999999999820e-03
1.167258999999999918e-03 1.617149000000000017e-03 1.478319000000000074e-03
1.677562000000000064e-03 2.037510000000000189e-03 1.685740999999999932e-03
1.470876000000000084e-03 4.826394999999999926e-04 1.414317999999999912e-03
1.934959999999999892e-03 4.867734999999999770e-04 2.829326999999999970e-03
9.659051000000000095e-04 2.326426999999999835e-03 1.359657000000000010e-03
1.888298000000000060e-03 1.822940000000000107e-03 2.272128999999999902e-03
1.437265999999999978e-03 6.164653999999999880e-04 2.491675000000000053e-03
1.528248000000000063e-03 1.088826999999999894e-03 1.259399999999999929e-03
2.503380999999999944e-04 1.791480000000000026e-03 2.153674999999999860e-03
2.458929999999999796e-03 2.908899999999999854e-03 2.946568000000000104e-03
2.718957000000000145e-03 1.822323999999999949e-03 2.335506000000000214e-03
1.604830000000000015e-03 4.559335000000000080e-04 2.036548999999999911e-03
1.199619999999999983e-03 2.320028000000000021e-03 2.132599000000000213e-03
2.202953000000000116e-03 1.039941000000000010e-04 8.926093000000000395e-04
3.828999999999999830e-04 2.511910999999999918e-03 4.267157000000000046e-04
2.590924000000000200e-04 1.948225000000000044e-03 1.276004000000000125e-04
6.277014999999999938e-04 1.489766000000000007e-03 9.790057000000000446e-04
4.762220999999999750e-04 1.130883000000000062e-04 8.639818999999999754e-04
8.606102000000000023e-04 4.742543000000000106e-04 5.630173999999999943e-04
3.105202000000000157e-04 8.117279999999999504e-04 2.047615999999999933e-03
8.876800999999999919e-04 2.266783000000000079e-03 2.760837999999999834e-03
7.996538999999999774e-04 7.701575000000000543e-05 1.500463999999999964e-03
1.740082000000000000e-03 1.687996999999999892e-03 1.782327000000000000e-03
1.532881000000000044e-03 1.713221999999999922e-03 5.839696999999999596e-04
2.791646999999999965e-03 2.310837999999999955e-03 1.240414999999999920e-03
1.437518000000000042e-03 2.751893999999999955e-03 4.346158999999999938e-04
2.269615000000000000e-03 2.114434000000000105e-03 9.177162000000000210e-04
2.477557000000000023e-03 1.831135000000000011e-03 1.680347000000000004e-03
1.757819999999999999e-03 2.954843999999999873e-03 1.845651000000000019e-03
2.230596000000000054e-03 2.935554999999999849e-03 1.564793000000000087e-03
8.780924000000000498e-04 2.375083999999999963e-03 8.825344000000000049e-05
9.292591999999999476e-04 1.131517000000000070e-03 1.113534999999999916e-03
7.314529999999999643e-04 1.386213999999999979e-03 2.307920000000000197e-03
2.379452000000000216e-03 2.561175000000000170e-03 2.446157999999999926e-03
2.611537000000000146e-03 2.410850999999999879e-03 1.517869000000000032e-03
1.122539000000000089e-03 2.061276999999999814e-03 1.167419999999999959e-03
1.018559000000000044e-03 5.219222999999999614e-04 2.186670999999999841e-03
2.514679000000000133e-03 2.034420999999999799e-03 2.618707000000000066e-03
2.999042999999999848e-03 2.001552000000000192e-03 6.902844000000000211e-04
3.968172999999999861e-04 2.127692000000000038e-03 1.062517000000000019e-03
1.050327999999999895e-03 1.196814000000000038e-03 5.297773000000000141e-05
1.527783000000000006e-03 1.110592999999999997e-03 2.933871000000000222e-04
1.124399000000000102e-03 2.953081000000000195e-03 1.890462999999999996e-03
2.903864999999999832e-03 2.137683000000000031e-03 2.805821999999999917e-04
2.900919999999999974e-03 2.699571000000000002e-03 1.073937999999999976e-03
2.535850000000000083e-03 1.092815999999999926e-03 2.940996999999999882e-03
5.459206999999999992e-04 1.884657000000000086e-03 9.663296000000000255e-04
3.011533999999999956e-04 2.747494000000000065e-03 6.624425000000000192e-04
2.673572999999999835e-03 6.691854000000000118e-04 1.897732000000000065e-03
1.976998000000000210e-03 2.781814999999999982e-03 2.701938000000000083e-03
8.875340000000000442e-04 2.103784000000000036e-03 2.921380999999999804e-03
7.028353000000000096e-05 6.425807999999999650e-04 1.340819000000000039e-03
2.488281000000000173e-03 2.969486999999999821e-03 2.288927000000000062e-03
2.375396000000000105e-03 2.448815000000000019e-03 1.695431999999999972e-03
8.423566000000000387e-04 1.855398999999999981e-03 1.632123000000000081e-03
2.209298000000000164e-03 6.835145999999999626e-04 3.031417000000000118e-04
1.136160999999999898e-03 2.010272999999999921e-03 2.939096999999999890e-03
1.884936999999999941e-03 3.263357999999999732e-04 2.160698999999999866e-03
5.513140000000000141e-04 2.402769999999999819e-03 2.695748999999999888e-03
6.111932999999999949e-04 3.831786000000000111e-04 1.776580000000000043e-03
1.137079999999999948e-03 6.165444000000000393e-04 5.508250000000000125e-04
1.400554000000000035e-03 6.034649999999999693e-04 2.008967999999999865e-03
1.501750000000000064e-06 3.858177000000000178e-04 3.171374000000000241e-04
3.001998000000000080e-03 1.956633000000000157e-03 2.746254000000000056e-03
5.713804000000000495e-04 1.984097000000000204e-03 2.886394000000000026e-03
2.108776999999999885e-04 2.683973000000000088e-03 1.278889999999999975e-03
2.127672000000000157e-03 1.361674999999999908e-03 2.454899999999999877e-03
3.439542999999999876e-04 2.737402999999999798e-03 2.037745000000000094e-03
2.871212000000000156e-03 2.778505000000000124e-03 2.969385000000000167e-03
3.289489999999999840e-04 1.380100999999999897e-03 1.458498000000000075e-04
4.206387999999999816e-04 7.828791000000000309e-04 2.383460999999999913e-03
1.055895000000000054e-03 2.929928999999999954e-03 1.002361999999999915e-03
1.018044999999999974e-03 2.538007000000000110e-04 1.847904999999999947e-03
1.080236999999999951e-03 6.451535999999999686e-04 1.995869999999999849e-03
2.725176000000000161e-03 1.440497999999999909e-03 1.187836000000000057e-03
9.815665000000000490e-05 1.889693999999999922e-03 1.123009999999999943e-04
2.193381999999999797e-03 8.765182000000000268e-04 6.205469000000000132e-04
2.019695000000000171e-03 1.968487000000000101e-03 1.587786000000000102e-03
2.932114999999999895e-03 1.126281999999999934e-03 6.828312999999999484e-04
1.253358999999999897e-03 3.387618999999999863e-05 1.037808000000000090e-03
1.915546999999999975e-04 1.788104999999999903e-03 8.556886000000000526e-04
1.034343000000000068e-03 4.037895999999999803e-04 3.560468000000000010e-04
2.348868000000000050e-03 2.156542999999999915e-03 2.946759000000000184e-03
2.908931000000000017e-03 4.039361000000000102e-04 2.283406999999999885e-03
1.446131000000000022e-03 1.297238999999999944e-03 4.773958999999999874e-05
2.869682000000000135e-03 4.193730999999999913e-04 7.434177999999999620e-04
2.947747000000000128e-03 5.871843000000000288e-04 1.514078999999999989e-03
2.015378999999999868e-03 1.943234000000000064e-03 6.333031000000000250e-04
1.448814999999999999e-03 5.288330000000000374e-04 1.307702999999999904e-03
1.155000999999999901e-03 2.969331999999999874e-03 1.332492000000000008e-03
2.395249999999999810e-03 3.904849999999999858e-04 6.835231999999999680e-04
4.996462999999999599e-04 3.392295999999999750e-05 1.222998000000000097e-03
3.574464999999999869e-04 1.033234000000000062e-03 1.307224999999999967e-03
4.218881000000000172e-04 1.070255999999999898e-03 1.999429999999999957e-03
2.443186999999999876e-03 8.626633000000000521e-04 1.153912999999999901e-03
1.300546000000000080e-03 9.275363999999999918e-04 4.760050999999999735e-04
2.361503999999999947e-03 1.052519000000000024e-03 2.169957000000000136e-03
2.860728999999999789e-03 8.559674000000000406e-04 1.869528000000000075e-03
2.294644000000000197e-03 1.027167000000000054e-03 6.010003999999999997e-05
7.152085000000000083e-04 6.616165999999999497e-04 4.137489000000000054e-04
1.861101999999999895e-03 1.492831999999999872e-04 5.867688999999999717e-04
6.682589000000000064e-04 2.453111000000000007e-03 2.177753000000000154e-03
1.897128000000000096e-03 2.575941999999999902e-03 2.899723999999999791e-03
2.742164999999999967e-03 5.624307999999999955e-04 2.210948999999999814e-03
1.051920999999999932e-03 1.374704999999999937e-03 1.350419999999999962e-03
1.942322000000000070e-04 6.020507000000000462e-04 2.545621000000000082e-03
2.957327000000000046e-03 3.910534999999999923e-04 1.997296999999999875e-03
2.584251999999999990e-03 2.012791999999999793e-03 2.969831000000000033e-03
1.689453999999999956e-03 5.531044000000000097e-05 1.546461999999999967e-03
2.053000000000000137e-03 1.469891999999999987e-03 4.317355999999999733e-04
4.915981999999999785e-05 9.951554000000000910e-04 2.537927000000000152e-03
1.329223999999999944e-03 3.348750999999999746e-04 2.422449000000000130e-03
1.444713999999999937e-03 2.001820999999999982e-03 3.290433999999999742e-04
1.002402999999999964e-04 2.729393000000000097e-03 2.858083999999999885e-03
2.449116999999999787e-03 1.403720000000000011e-03 2.004993999999999960e-03
9.179191000000000390e-04 2.969035000000000077e-03 1.115426999999999998e-03
2.584500999999999899e-03 1.549835999999999965e-03 9.183057000000000329e-04
2.392106000000000180e-03 2.848956000000000145e-03 4.304938000000000015e-04
2.407378999999999856e-03 8.816728999999999929e-04 6.908349999999999951e-04
1.578753999999999921e-03 2.719894999999999952e-04 1.876380999999999882e-04
2.935874000000000209e-03 1.454280999999999976e-03 2.683245999999999808e-03
5.695903999999999464e-04 4.634368999999999945e-04 1.152124000000000030e-03
2.100776999999999853e-03 2.498882000000000013e-03 1.881503000000000082e-03
2.432446999999999908e-03 2.166817000000000135e-03 1.109282999999999970e-03
1.746465999999999904e-03 2.838696000000000036e-04 1.697771000000000046e-03
5.096267000000000245e-04 1.925473000000000028e-03 1.097104999999999912e-03
1.740575999999999972e-03 2.662121999999999839e-03 2.392287999999999793e-03
1.770225999999999961e-03 2.431758999999999917e-03 2.894435999999999797e-03
2.212272999999999844e-03 2.725743000000000089e-03 2.293176000000000068e-03
7.404017999999999624e-04 7.621920999999999764e-05 1.701388999999999983e-04
2.230408000000000130e-03 3.184010000000000030e-04 1.934501999999999999e-04
2.124703999999999829e-03 2.864456000000000033e-03 1.808254999999999932e-03
5.438335999999999561e-04 5.034625000000000471e-04 2.653500000000000043e-03
1.065210000000000028e-03 9.969310999999999798e-04 1.893719999999999995e-03
1.032511000000000062e-03 1.163327000000000051e-04 2.302677999999999843e-03
2.984175999999999843e-03 2.277622999999999996e-04 1.821623999999999986e-03
9.223763999999999531e-06 2.007854999999999796e-03 3.535061999999999731e-04
2.420850999999999906e-03 2.493960999999999834e-03 7.162342000000000415e-05
2.240445000000000197e-03 2.215136999999999835e-03 2.938622000000000109e-03
6.538146000000000539e-04 4.272424000000000143e-04 4.514712000000000152e-04
2.742393999999999995e-03 2.674206000000000152e-03 2.085223000000000198e-03
1.119930000000000101e-03 2.123023999999999886e-04 2.499949000000000008e-03
2.258247000000000065e-04 2.851209999999999856e-03 1.131669999999999985e-03
2.343621000000000159e-03 2.898528000000000042e-04 8.907042999999999688e-04
5.782556999999999801e-04 9.595006000000000541e-04 1.122261000000000048e-03
3.400052999999999886e-04 2.831215000000000207e-03 6.872354000000000440e-04
7.037633000000000387e-04 1.041129999999999920e-03 1.296553999999999892e-03
2.830486000000000113e-03 5.887159999999999789e-04 1.942177000000000009e-03
2.636400000000000115e-03 1.394199000000000046e-03 6.469699000000000413e-04
1.902678000000000095e-03 1.710783999999999916e-03 2.668682999999999819e-03
7.884985999999999861e-04 1.695422999999999939e-03 2.461435000000000099e-03
1.422075999999999982e-03 1.289540999999999951e-03 7.581139000000000194e-04
4.112819000000000136e-06 2.092918999999999943e-04 6.537033999999999727e-04
1.684144000000000049e-03 6.780475000000000434e-04 2.906385999999999952e-03
7.004141000000000403e-04 1.047360999999999908e-03 2.437453999999999923e-03
1.487933000000000094e-03 2.299302000000000030e-03 1.639164999999999936e-03
2.350926000000000144e-03 2.152904999999999880e-04 3.773477999999999923e-04
1.129660000000000023e-04 4.120050000000000101e-04 2.433176999999999909e-03
9.908546999999999646e-05 1.544442999999999944e-04 2.897557000000000149e-04
2.109349999999999854e-03 2.610791999999999800e-03 2.584443999999999977e-03
1.750112000000000065e-03 1.827035000000000074e-03 2.688896999999999989e-03
1.067028000000000030e-03 1.159321000000000049e-03 1.911722000000000031e-03
2.350591999999999872e-03 2.179046999999999874e-04 2.109521000000000052e-03
3.458361000000000074e-04 2.214274999999999924e-03 1.881531000000000089e-03
2.326274000000000137e-03 2.956199000000000066e-03 6.018020000000000227e-04
1.181175999999999927e-03 2.179401000000000081e-03 5.874178999999999989e-04
7.677470000000000475e-04 2.096045999999999955e-04 2.383276000000000144e-03
1.734325000000000103e-03 2.143293000000000108e-03 1.748968000000000050e-03
2.171433999999999864e-03 3.233707999999999770e-05 2.844283999999999875e-03
4.769143999999999819e-05 2.970931999999999913e-03 2.347129999999999789e-03
1.563003999999999999e-03 2.971643999999999848e-03 1.126515000000000025e-03
9.937208000000000759e-04 2.971432999999999887e-03 2.424503000000000161e-03
2.297707999999999869e-03 2.970599999999999890e-03 6.989941000000000166e-04
2.836065000000000095e-05 6.962793999999999798e-04 1.103784999999999922e-03
4.172447000000000135e-04 2.139870999999999787e-03 1.158853000000000053e-03
5.139030000000000160e-04 2.718727000000000209e-03 2.885991000000000077e-03
1.086769000000000016e-03 2.971673000000000196e-03 2.472848000000000147e-03
7.167086999999999503e-04 1.537139999999999991e-03 3.859367999999999740e-04
2.364432999999999986e-03 2.867780999999999803e-03 2.779091000000000027e-03
8.451158999999999972e-04 2.639532999999999897e-03 5.217912999999999588e-04
1.170538000000000047e-03 1.959358999999999927e-03 2.642715999999999815e-03
8.067900999999999719e-04 1.359809000000000018e-03 1.814681999999999970e-03
2.789109000000000119e-03 1.408849999999999903e-03 1.903533999999999912e-03
1.600494000000000049e-03 2.758294000000000110e-03 1.611454000000000011e-03
1.230301000000000051e-03 1.967852999999999877e-03 1.360845000000000067e-03
1.301967999999999919e-03 1.819705000000000020e-04 2.584415999999999970e-03
4.230484999999999866e-04 1.519356000000000027e-04 3.194875999999999868e-05
2.410938000000000057e-03 1.884241000000000041e-03 1.519888000000000055e-03
1.583762999999999968e-03 9.031011000000000464e-04 2.646830000000000190e-03
2.926083999999999803e-03 1.126171000000000030e-03 4.900682999999999645e-04
1.436360000000000024e-03 4.070033999999999664e-05 1.904096000000000087e-03
1.401790999999999942e-04 2.526505000000000070e-03 2.051059999999999949e-03
4.628693000000000239e-04 2.345970000000000173e-03 2.771378000000000123e-03
2.229989999999999837e-03 1.343061999999999902e-03 9.598261999999999549e-04
7.675225999999999620e-04 8.479193999999999577e-04 1.085596999999999994e-03
2.213774999999999857e-03 2.383745000000000048e-03 6.199997000000000060e-04
3.288826999999999810e-04 2.461991000000000179e-03 1.107778000000000018e-03
1.494948000000000067e-03 2.678044000000000084e-03 1.992809999999999807e-03
5.727945000000000128e-04 2.815732000000000044e-03 5.232716999999999794e-04
1.880160999999999985e-03 5.406599999999999904e-04 1.476160999999999923e-03
1.960167999999999980e-03 1.003867000000000084e-03 6.342516999999999773e-04
2.628032000000000198e-03 9.231762000000000670e-05 3.142283000000000218e-05
2.468352999999999953e-03 1.449343000000000072e-03 1.172866999999999963e-03
7.279476000000000436e-04 3.166898999999999713e-05 1.656371999999999923e-03
1.152139999999999984e-04 2.046234000000000074e-03 1.746350999999999936e-03
9.230271000000000179e-04 5.936199999999999984e-04 1.410475999999999917e-03
1.350625000000000046e-03 2.818599000000000191e-03 1.722044000000000049e-03
2.371834000000000182e-03 1.470153000000000085e-03 8.461216000000000136e-04
2.969661000000000176e-03 2.321333000000000077e-03 2.337482000000000101e-03
1.217814000000000006e-03 2.274795000000000029e-03 2.307874000000000123e-03
1.455597000000000097e-03 2.732284000000000188e-03 1.302631000000000058e-03
8.598842999999999894e-04 1.573144000000000061e-03 2.177506999999999967e-03
2.236160000000000057e-03 1.341635000000000093e-03 1.962801000000000129e-03
1.042916999999999976e-03 8.487198000000000051e-04 1.118674000000000057e-03
2.313969999999999829e-03 8.483345999999999465e-04 1.290237999999999975e-03
2.464497999999999862e-03 3.864701000000000117e-04 2.589226999999999935e-04
1.379531000000000030e-03 1.031990999999999898e-03 1.407463999999999981e-03
4.648001000000000021e-04 3.166759000000000219e-04 1.497616999999999915e-03
6.621244999999999995e-04 2.482390000000000117e-03 2.257373000000000018e-03
1.203087000000000037e-03 2.964982000000000121e-03 1.947930000000000061e-03
1.077089000000000041e-03 2.163725999999999931e-03 2.644726000000000021e-03
2.392735999999999908e-03 2.242594000000000098e-03 2.714762999999999812e-03
1.353578999999999937e-03 1.045934000000000100e-03 2.407057000000000207e-03
8.430777000000000410e-04 8.845208999999999494e-04 9.948496999999999289e-04
3.001998000000000080e-03 1.487356000000000008e-03 2.737612999999999852e-03
2.994459000000000096e-03 1.652882000000000049e-03 8.615041999999999839e-04
3.871608999999999950e-06 1.007447999999999981e-03 6.895268999999999661e-04
4.878298999999999895e-04 3.601027000000000242e-04 2.038449999999999811e-03
1.982190999999999901e-03 2.726441999999999928e-03 2.214787000000000179e-03
7.058053000000000167e-05 2.270126999999999822e-03 2.267612000000000013e-03
3.487483000000000098e-04 1.550940999999999908e-03 2.666879999999999945e-03
1.416326000000000087e-03 2.873600000000000026e-03 7.610248999999999920e-04
2.924888000000000054e-03 9.454018999999999921e-04 2.254991000000000027e-03
7.346488000000000193e-04 1.441206999999999905e-03 2.866219999999999944e-04
2.710352999999999764e-04 2.730362000000000067e-03 4.891627000000000388e-04
1.323654000000000063e-03 2.335280999999999815e-03 1.403139999999999986e-03
7.240576999999999777e-04 5.967516999999999874e-04 2.257589999999999911e-04
1.082805999999999959e-03 2.972091999999999963e-03 3.510788000000000038e-04
4.745230000000000238e-04 1.824752000000000015e-03 2.731590999999999794e-03
2.088632999999999896e-03 5.364413000000000167e-04 5.291770000000000328e-04
8.269580999999999590e-04 1.883670999999999957e-03 1.172323000000000072e-03
2.060267000000000175e-03 1.154840000000000077e-03 2.668394000000000148e-03
4.336413000000000116e-04 5.241815000000000363e-04 2.011173000000000214e-03
2.112857000000000103e-03 1.084827000000000014e-03 2.527371000000000045e-03
2.446055999999999838e-03 1.670515999999999982e-04 2.171694000000000055e-03
2.504028000000000156e-03 9.054055999999999563e-04 1.821808000000000064e-03
3.198766999999999930e-04 8.546238000000000218e-05 2.790807000000000183e-03
2.782742999999999849e-03 1.944811999999999973e-03 9.063704999999999646e-05
7.663481000000000091e-05 2.750684000000000202e-03 8.647067000000000468e-04
2.287924000000000208e-03 1.145762000000000039e-03 5.599201000000000265e-04
3.001998000000000080e-03 2.549678000000000101e-03 2.548515999999999802e-03
1.501750000000000064e-06 1.677852000000000076e-03 4.579869999999999775e-04
1.326165000000000026e-03 2.569041000000000206e-03 2.586189999999999930e-03
1.271044000000000037e-03 7.974291999999999579e-04 8.396346000000000061e-04
1.694446999999999967e-03 2.411780000000000087e-03 2.647758000000000056e-03
8.036195000000000534e-04 2.119431000000000179e-03 1.786459999999999914e-03
8.280127999999999881e-04 2.068658000000000129e-03 2.410629999999999978e-03
2.899119999999999822e-03 2.972129999999999911e-03 2.883389999999999998e-03
1.278066999999999973e-04 1.244667000000000082e-03 9.476709000000000478e-04
1.860288000000000035e-04 1.417621999999999893e-03 1.313850999999999995e-03
2.271202999999999850e-03 2.385327000000000020e-03 2.016627999999999910e-03
2.853773999999999894e-03 9.946762999999999959e-04 2.683521999999999817e-03
2.856359000000000155e-03 1.454709999999999901e-03 4.038854999999999941e-04
6.780242000000000126e-05 2.815742999999999892e-03 1.140280000000000026e-03
1.951714000000000010e-03 5.927102999999999755e-05 6.648551999999999631e-04
2.578126999999999936e-03 2.746295000000000160e-03 1.995408000000000164e-03
1.467647000000000092e-03 2.580825000000000133e-03 2.510311999999999787e-03
6.774651999999999931e-04 1.996192999999999839e-03 1.044777999999999896e-03
9.888459000000000051e-04 2.714110999999999954e-03 1.049723999999999926e-03
9.538883999999999861e-04 9.804059000000000385e-04 8.783856999999999950e-04
3.135017000000000142e-04 2.959282999999999835e-04 2.146593000000000134e-04
1.189818000000000039e-03 2.685762999999999866e-03 1.122196000000000001e-03
4.700466999999999731e-04 7.184283000000000075e-04 1.375759000000000053e-03
2.784813000000000132e-03 2.671404999999999960e-03 1.244085999999999933e-04
1.795347000000000089e-03 2.085761000000000212e-03 8.937873999999999732e-04
7.504643999999999768e-04 2.537006999999999977e-03 1.392456000000000032e-03
2.884152000000000070e-03 8.722612000000000030e-04 8.633424000000000436e-04
3.001998000000000080e-03 1.122184000000000029e-04 1.917499000000000026e-03
3.001998000000000080e-03 2.732131000000000056e-03 1.497290999999999987e-03
1.491607999999999953e-03 2.337927000000000061e-03 1.208904000000000012e-03
1.708754999999999953e-03 2.547279999999999857e-03 2.621177000000000142e-03
6.082760999999999680e-04 1.092810000000000049e-03 2.035931999999999846e-03
6.986152999999999721e-04 2.179368000000000104e-03 1.782083999999999968e-03
2.359071999999999818e-03 2.505156000000000136e-03 2.501441000000000081e-03
1.924238999999999897e-03 1.039240999999999993e-03 2.231630999999999979e-03
2.472094000000000201e-03 1.518269000000000042e-03 7.942513999999999694e-04
1.874339999999999947e-03 4.787556000000000212e-04 2.766193000000000124e-03
2.437002000000000178e-03 6.541287000000000447e-04 7.701154999999999893e-04
2.777044000000000214e-03 9.588119000000000416e-04 1.148904000000000071e-03
2.692204000000000125e-03 6.708136000000000177e-04 2.855033999999999784e-03
1.722472999999999973e-03 1.607958000000000044e-03 1.848653999999999922e-03
3.879544000000000070e-04 1.518915999999999929e-03 3.125184000000000062e-05
2.811674000000000118e-03 1.991573999999999862e-03 6.623974999999999612e-04
7.291693000000000187e-05 7.222199999999999800e-04 2.677089000000000118e-03
1.586987999999999897e-03 1.881908000000000062e-03 2.354530999999999985e-03
1.129526000000000054e-03 1.523875999999999963e-03 2.734321999999999968e-03
7.886301999999999765e-04 2.899923999999999905e-03 3.486191000000000246e-04
1.923482000000000013e-03 1.434181000000000084e-03 2.224513999999999918e-03
1.851351999999999902e-03 1.879641999999999945e-03 2.195909000000000120e-04
1.971969999999999973e-03 1.088715999999999989e-03 1.791597999999999932e-03
2.457720999999999951e-03 1.381840000000000065e-03 1.112401000000000058e-03
1.081909999999999946e-03 6.467075000000000080e-04 2.953856999999999837e-03
4.520222999999999971e-04 2.544177999999999804e-03 2.215361999999999800e-03
2.705019999999999820e-03 9.938979999999999495e-05 2.886591999999999891e-03
1.223670999999999960e-03 1.747358000000000071e-03 1.839658999999999999e-03
6.086772999999999533e-04 3.867535999999999760e-04 1.218606000000000035e-04
1.601475000000000045e-04 1.574225000000000060e-04 6.984715000000000498e-04
3.455883000000000197e-04 9.509988999999999726e-04 1.346795999999999931e-03
2.151079000000000185e-03 2.021232999999999884e-03 2.548892000000000085e-03
7.977974999999999997e-04 9.265713999999999765e-04 1.520449000000000106e-03
1.601887000000000135e-04 2.554073999999999928e-03 1.013678999999999969e-03
2.305469000000000095e-03 1.527413000000000035e-03 1.805072999999999921e-03
9.608196000000000325e-05 1.629783000000000100e-03 6.984688000000000235e-05
2.527445000000000126e-03 3.618828000000000040e-04 3.181863000000000269e-05
1.485909000000000101e-03 2.337605999999999885e-03 1.869809000000000054e-03
1.483567000000000089e-03 1.236649999999999945e-03 2.782433999999999862e-04
2.613015000000000216e-03 2.871376000000000137e-03 9.832154000000000935e-04
6.649194999999999888e-04 2.418781000000000056e-03 2.714500999999999806e-03
1.331794999999999984e-03 2.064645999999999842e-03 2.926704000000000024e-03
2.395729999999999995e-03 2.024329000000000059e-03 7.711933000000000080e-05
5.365126999999999700e-04 2.314403000000000033e-03 2.991150000000000254e-04
3.652592000000000078e-04 2.221087999999999969e-03 7.467586000000000232e-04
1.397011999999999993e-03 1.266395999999999928e-03 2.772199999999999838e-03
2.540010000000000098e-03 6.511839999999999642e-04 8.742313999999999728e-04
1.844013999999999940e-03 1.805152000000000026e-04 1.176296000000000069e-03
1.598889999999999947e-03 1.060205000000000045e-03 1.292402999999999911e-03
1.082229000000000090e-03 8.219564000000000167e-04 1.951531999999999963e-03
1.837808000000000020e-03 2.402500000000000122e-04 2.502050000000000021e-03
2.680984999999999879e-03 1.589969000000000104e-03 1.528183999999999923e-03
1.645888000000000082e-03 2.365047999999999803e-03 1.826886999999999912e-03
1.893876999999999974e-03 1.416792999999999959e-03 1.484657999999999974e-04
5.058039999999999975e-04 2.891805999999999804e-03 5.899479999999999698e-04
6.377979000000000417e-04 1.421739999999999896e-03 5.298821000000000000e-04
1.524607000000000089e-03 1.278077999999999983e-03 1.817086999999999999e-03
1.150310000000000091e-03 1.140113000000000107e-03 1.555842999999999896e-03
1.259221000000000038e-03 3.779449999999999737e-04 1.715423999999999899e-03
6.775238999999999524e-04 2.268952000000000024e-04 2.617667000000000171e-03
1.088643000000000033e-03 1.227269999999999923e-03 5.784161999999999594e-04
1.539252999999999975e-03 6.177186999999999782e-04 1.123339000000000108e-03
2.179036000000000080e-03 2.971895999999999913e-03 2.885481000000000070e-03
5.032510000000000238e-04 1.151689000000000011e-03 2.713698000000000065e-03
3.534071999999999865e-04 2.530558000000000026e-03 8.229288999999999875e-04
1.557432999999999994e-03 1.119238999999999954e-03 5.292467999999999825e-04
1.220699999999999910e-03 2.819488000000000202e-03 1.382645999999999962e-03
1.102906999999999976e-03 1.212053000000000045e-03 1.140378000000000051e-03
3.975087999999999777e-04 1.834095999999999903e-03 2.972288000000000013e-03
1.769993000000000087e-03 1.382449999999999912e-03 1.290431000000000087e-03
2.286666000000000133e-03 4.818193000000000237e-04 1.860792000000000002e-03
1.525747999999999948e-03 2.982247999999999843e-04 8.148819000000000288e-04
1.335056000000000046e-03 9.363979999999999613e-04 1.396637999999999959e-04
7.718694000000000336e-04 1.760805999999999960e-03 1.170938000000000057e-03
2.055567999999999805e-03 2.222290000000000029e-04 5.141288000000000368e-04
2.222290000000000029e-04 2.201137000000000146e-03 1.362431000000000102e-03
2.471169999999999964e-03 6.759847000000000468e-04 9.871958000000000122e-04
1.984676999999999795e-03 9.478200999999999684e-04 8.453370000000000415e-04
1.166511999999999974e-03 4.575933999999999818e-04 6.769404999999999607e-04
1.367090000000000059e-03 1.475437999999999923e-03 1.437771000000000014e-03
1.713316000000000101e-03 8.429038000000000459e-04 1.129844000000000074e-03
9.809648000000000239e-04 2.446905999999999994e-03 2.970430999999999939e-03
2.223787000000000073e-03 1.287815000000000097e-03 2.070658999999999868e-03
2.240113000000000174e-03 2.062337999999999932e-03 2.326492999999999953e-04
2.869987999999999966e-03 1.344251000000000083e-03 1.635153000000000084e-03
2.775203999999999865e-03 2.796227999999999995e-03 1.563762000000000008e-03
1.484728000000000046e-03 3.511117999999999813e-04 9.953360000000000939e-04
2.965171999999999860e-03 3.862757000000000191e-04 2.356398999999999907e-03
1.197399999999999940e-03 7.941566999999999854e-04 3.414951000000000163e-04
1.517836999999999962e-03 1.308527999999999991e-03 1.689296000000000070e-03
2.601861999999999925e-03 1.101107000000000041e-03 1.314896000000000077e-03
1.501750000000000064e-06 1.882126000000000025e-03 2.560989999999999968e-03
1.501750000000000064e-06 1.224756000000000022e-03 2.356549999999999791e-03
2.201535000000000124e-03 1.033173999999999985e-03 1.171334999999999911e-03
2.419750000000000026e-03 1.451138000000000037e-03 7.734045999999999846e-04
1.328916999999999989e-03 2.670640999999999965e-04 1.985226000000000091e-04
1.608211999999999977e-04 2.230656000000000132e-03 1.300217999999999903e-03
1.314183999999999925e-03 1.819349999999999960e-03 2.343516999999999822e-03
2.887797000000000107e-03 2.897213999999999953e-03 1.673629999999999953e-03
6.980963000000000402e-04 1.953992999999999789e-03 5.099721999999999892e-04
1.518349999999999908e-03 1.788583000000000056e-03 2.149007000000000087e-03
3.033234999999999903e-04 4.426672999999999893e-04 1.809595999999999904e-03
9.688369999999999534e-04 2.377281000000000186e-03 2.058127999999999889e-04
1.859970000000000069e-03 1.007515999999999967e-03 1.100178999999999957e-03
6.739278000000000022e-04 9.058361999999999924e-04 1.407562000000000006e-03
2.421551999999999993e-03 1.396017000000000048e-03 1.578591000000000065e-03
4.322191999999999766e-04 2.145916999999999790e-03 2.344527999999999803e-03
2.446344000000000036e-03 3.799370999999999846e-04 2.636106999999999947e-03
6.884153000000000494e-04 3.482376000000000080e-05 2.271697999999999946e-03
2.419975999999999898e-03 2.971245999999999870e-03 1.274778000000000066e-03
9.177398000000000456e-04 1.210748000000000016e-04 1.838938999999999938e-03
2.344618000000000136e-03 2.422810999999999975e-03 9.713904999999999892e-04
2.464295999999999934e-03 1.690307999999999958e-03 1.500833000000000028e-03
1.569101000000000046e-03 2.970430999999999939e-03 4.809694000000000100e-04
1.919205999999999907e-03 1.055970000000000042e-03 2.328352000000000113e-03
1.019469000000000061e-03 2.632863999999999951e-03 1.377809000000000022e-03
2.732378000000000150e-03 4.760546999999999739e-04 9.083433999999999606e-04
2.413809000000000050e-04 1.184219000000000027e-03 4.779868999999999958e-05
6.468760000000000048e-04 2.391705999999999899e-04 8.447754000000000027e-04
2.647591999999999827e-03 2.958417000000000078e-03 1.013486000000000074e-03
5.102946000000000050e-05 1.285467999999999897e-03 6.854727000000000346e-04
1.452624999999999869e-04 1.316233999999999894e-03 4.434385999999999797e-04
2.498214999999999811e-03 2.773930999999999879e-03 1.544925000000000053e-04
2.139672000000000015e-03 2.134743000000000144e-03 1.015152999999999976e-03
1.001579000000000054e-03 2.042527000000000145e-03 5.641587999999999898e-04
2.718593000000000051e-03 2.774112000000000019e-03 1.842160999999999929e-03
1.130818999999999921e-03 1.259214999999999944e-03 1.964971999999999997e-04
2.650731999999999828e-03 1.632847999999999895e-03 1.598716999999999933e-03
8.959721000000000135e-04 1.043761999999999945e-03 1.505318999999999971e-03
2.028479000000000133e-03 8.927225999999999695e-04 2.539675999999999826e-03
1.779144000000000081e-03 1.355609999999999931e-03 1.582688999999999971e-03
1.870212000000000003e-03 1.377650999999999919e-03 1.680442999999999997e-03
1.857836000000000079e-03 2.442418999999999927e-03 1.839827000000000042e-03
1.038058000000000015e-04 1.466911999999999903e-03 2.711184000000000163e-03
2.415594000000000074e-03 8.202730000000000524e-04 2.613254000000000184e-03
1.271975000000000059e-03 1.135972999999999974e-03 8.013661000000000048e-04
1.463716000000000106e-03 6.493008999999999619e-05 4.464474000000000177e-04
2.908486999999999965e-03 3.615097000000000059e-04 1.377027999999999976e-03
1.957093000000000027e-03 2.536799000000000172e-03 1.974125000000000185e-03
9.739635999999999866e-04 2.106278999999999964e-03 6.507926999999999939e-04
1.901778999999999926e-03 2.359090999999999792e-03 2.904218999999999985e-03
1.984478000000000023e-03 2.437342999999999801e-03 1.483225000000000016e-04
3.596849000000000162e-04 2.971741999999999873e-03 1.059140999999999989e-03
2.662877000000000126e-03 1.930677000000000001e-03 2.813542999999999947e-03
1.968280000000000203e-03 1.252857999999999923e-03 1.403982999999999924e-03
6.615182000000000050e-04 5.570532000000000218e-04 1.415713000000000084e-03
2.167133999999999814e-03 1.791797999999999883e-04 3.409560000000000065e-04
1.344062999999999942e-03 2.466728999999999970e-03 3.991689999999999995e-04
2.162893999999999841e-03 2.429095000000000039e-03 2.569317000000000215e-03
6.186909999999999892e-04 1.659436999999999935e-03 2.708438999999999985e-03
1.659253999999999981e-03 1.056180000000000096e-03 8.379464000000000313e-04
2.920901999999999960e-03 1.745337000000000017e-03 7.082236000000000000e-04
2.347529000000000109e-03 1.064648000000000070e-03 1.602104999999999935e-03
7.349391999999999514e-04 2.559361999999999922e-03 2.455970000000000028e-03
5.954266000000000159e-04 2.943058000000000132e-03 2.749900999999999908e-03
2.244014999999999812e-03 2.410306999999999988e-03 2.776946000000000189e-03
3.001998000000000080e-03 3.789192999999999755e-05 1.059023000000000082e-03
1.924348999999999895e-03 2.126879999999999830e-03 2.310330000000000088e-04
5.486299999999999971e-05 1.160170000000000081e-03 4.991798999999999672e-04
1.686006000000000093e-03 2.727004999999999794e-03 2.559011999999999832e-03
3.664569999999999915e-04 2.671325000000000002e-03 1.966589999999999831e-03
7.191647000000000230e-04 6.839844999999999562e-04 2.109886999999999960e-03
2.632120999999999853e-03 2.047658999999999851e-03 5.017192000000000396e-04
2.760708000000000172e-03 7.785278999999999767e-04 2.868508999999999881e-04
2.514738999999999777e-04 8.735455000000000476e-04 1.368511999999999897e-03
5.517318000000000222e-04 4.819008000000000059e-04 9.561879000000000342e-04
2.343963000000000123e-03 2.644582999999999830e-03 7.954346000000000159e-04
2.455656999999999979e-03 1.239484000000000007e-04 1.005169999999999892e-03
3.139398000000000058e-04 2.434574000000000113e-03 1.212224999999999935e-03
2.233404999999999939e-03 1.541622000000000088e-03 1.121746999999999979e-03
1.126446999999999957e-04 1.638906999999999994e-03 7.285250999999999750e-04
1.734520999999999936e-03 8.756461000000000322e-04 2.410707000000000214e-03
3.492220999999999780e-04 2.448838999999999964e-03 2.707504999999999808e-03
1.612230999999999994e-03 1.076754999999999986e-03 1.761685999999999938e-03
1.280646999999999992e-03 1.923285000000000055e-03 2.658057000000000020e-04
8.236744999999999690e-05 1.301983000000000047e-03 2.539964000000000024e-03
1.162306999999999983e-04 1.538791999999999981e-03 1.934284000000000090e-03
9.903480000000000529e-04 1.975803999999999842e-03 1.355574999999999922e-03
2.521627000000000243e-04 2.155423999999999968e-03 2.935922000000000098e-03
2.923428999999999958e-03 1.914415000000000040e-03 2.132633000000000098e-03
1.735772000000000009e-03 2.551124000000000100e-03 2.035349000000000099e-03
2.355761000000000053e-03 1.963587000000000145e-03 2.545269000000000177e-04
1.923145000000000019e-03 2.258974999999999872e-03 2.020186000000000204e-03
1.280237000000000042e-03 2.653354000000000129e-03 2.164353999999999844e-03
3.601195999999999732e-05 2.091538999999999898e-03 2.454749999999999901e-03
1.548651000000000064e-03 9.636224999999999782e-04 1.917592999999999989e-03
2.910361000000000198e-03 2.943460000000000173e-03 2.150263999999999821e-03
1.653189000000000004e-03 2.623602000000000052e-03 2.567639000000000032e-03
1.289655000000000011e-03 1.771301000000000082e-03 1.905947999999999974e-03
2.160820999999999836e-03 1.268720999999999998e-03 6.152396000000000514e-04
5.329405999999999640e-04 8.554704000000000214e-05 2.022682000000000039e-03
3.317193000000000073e-04 1.286954000000000093e-03 2.635610000000000036e-03
1.718928999999999900e-03 8.646584999999999818e-04 1.824281999999999987e-03
2.259386999999999854e-03 1.987170999999999816e-03 2.596657000000000045e-03
4.401863000000000108e-04 9.796665000000000841e-04 7.658466000000000275e-05
2.752819000000000099e-03 2.614555000000000178e-03 2.632255999999999919e-03
3.001998000000000080e-03 9.428886000000000038e-04 2.430786999999999792e-03
3.001998000000000080e-03 1.084572000000000010e-03 1.795846999999999938e-03
3.001998000000000080e-03 1.535160000000000040e-03 3.473255000000000071e-04
2.661567999999999790e-04 2.973154999999999895e-03 2.582979999999999911e-03
1.642112000000000042e-03 5.660186999999999684e-04 1.232142999999999997e-03
2.688479000000000129e-03 7.313687999999999830e-04 1.048251999999999951e-03
1.037090999999999968e-03 1.083919000000000028e-03 3.038233000000000088e-05
1.585510000000000044e-03 2.038290999999999801e-03 2.452732999999999910e-03
1.194242000000000090e-03 2.447185000000000159e-03 8.000624999999999924e-04
2.909647999999999922e-03 5.090338999999999715e-04 2.487785000000000170e-03
7.923183000000000472e-05 1.099310999999999951e-03 9.553492999999999707e-04
1.887559999999999932e-03 8.514802000000000134e-04 2.734540000000000148e-03
2.081395000000000207e-03 1.264504000000000062e-03 1.238324000000000065e-03
9.743488999999999709e-04 2.370998999999999936e-03 1.648500999999999916e-03
7.860624000000000517e-04 2.880582999999999928e-03 6.951483000000000271e-04
5.571572000000000330e-04 1.317250000000000061e-03 2.151061000000000119e-03
2.600387999999999918e-03 2.227461000000000024e-03 2.197538000000000182e-03
1.998670000000000134e-03 2.671255999999999891e-03 2.407176999999999928e-03
4.745230000000000238e-04 2.032658000000000121e-03 1.413275000000000078e-03
4.614067000000000016e-04 8.518369000000000028e-04 2.773494000000000046e-03
2.224811000000000150e-03 1.194205000000000049e-03 2.840375000000000018e-03
6.051046999999999936e-04 1.411614999999999962e-03 2.768411000000000136e-03
1.731874000000000000e-03 2.883329999999999921e-03 2.728687000000000040e-03
2.403731000000000097e-03 2.779055999999999801e-03 2.304996000000000128e-03
2.206757000000000163e-03 1.863674000000000060e-03 5.594521999999999559e-04
2.403629999999999916e-03 1.731742999999999998e-03 2.817313000000000109e-03
9.209507999999999714e-04 2.704859999999999903e-03 3.917640999999999919e-04
8.244046999999999573e-04 2.114572000000000055e-04 2.920631999999999829e-03
1.482208999999999957e-03 1.559189000000000104e-03 1.219832000000000013e-04
2.275264999999999840e-03 1.898773999999999991e-03 7.945804999999999795e-04
1.992001000000000188e-03 1.687666000000000047e-04 1.753212999999999994e-03
1.239066999999999946e-03 1.959831999999999894e-03 5.135685000000000076e-04
2.686486000000000082e-03 1.001399999999999946e-03 2.638658999999999796e-03
6.376411000000000232e-04 1.314325000000000085e-03 2.781745000000000181e-04
4.449526999999999861e-05 2.651007999999999837e-03 1.815921000000000072e-03
1.989818999999999876e-03 1.861487999999999901e-03 2.557545000000000044e-03
2.815516000000000112e-03 1.527083999999999950e-03 2.617279000000000133e-03
2.942269999999999868e-03 2.407971000000000070e-03 1.368471000000000010e-03
2.633785999999999940e-03 1.326403999999999994e-03 1.604158000000000060e-03
2.590154999999999801e-03 2.345027999999999870e-03 9.923007000000000181e-04
7.632393000000000499e-05 2.143195999999999990e-03 2.073601999999999911e-03
2.791698000000000009e-03 1.783684000000000007e-03 1.661687000000000016e-03
7.344318999999999978e-04 9.046927000000000397e-04 8.483692000000000360e-04
6.154967999999999648e-05 9.154051000000000288e-04 2.083050999999999826e-03
1.243023999999999908e-03 1.503807000000000017e-03 1.010758000000000056e-03
2.343295999999999921e-03 9.624587000000000420e-04 2.626162000000000028e-03
2.317323999999999946e-03 1.317622999999999971e-03 2.112375000000000103e-03
1.983796999999999817e-03 1.268898999999999982e-03 6.992428000000000402e-04
4.117257000000000143e-04 7.376966999999999466e-04 2.714029000000000181e-03
1.548618999999999994e-03 1.357941000000000096e-03 1.985883999999999826e-03
8.331982000000000147e-04 1.073282000000000055e-03 1.761551000000000089e-03
3.500350999999999853e-04 2.791529000000000059e-03 1.131262999999999973e-03
1.431032999999999958e-04 2.973533999999999899e-03 2.611925000000000184e-03
7.640618999999999970e-04 2.769366000000000102e-03 2.900604999999999988e-05
1.232936999999999922e-03 2.974422000000000003e-03 2.198592000000000081e-03
1.041526999999999991e-03 1.401132999999999936e-03 2.974699999999999827e-03
6.637435000000000123e-04 2.875223999999999833e-05 2.577728999999999958e-03
1.502969000000000050e-03 2.974660999999999972e-03 2.097378000000000003e-03
1.773622000000000089e-03 2.552675000000000018e-04 2.970491999999999924e-03
1.955352999999999952e-03 2.874595999999999946e-05 1.043354999999999934e-03
1.761498000000000013e-03 3.885630000000000269e-04 1.903582999999999924e-03
4.966715000000000236e-04 2.974482000000000081e-03 5.749795999999999727e-04
6.626667000000000364e-04 1.957253999999999852e-03 1.547495000000000077e-03
2.320118999999999827e-03 6.470240999999999840e-04 5.394911000000000498e-04
1.701973999999999978e-03 2.787218000000000161e-03 3.381532000000000136e-04
1.188292999999999988e-03 9.144964999999999474e-04 1.620717000000000034e-03
6.955617000000000527e-04 2.630565999999999981e-03 1.757689999999999904e-03
5.389694999999999903e-04 1.071335000000000082e-03 6.086893000000000338e-04
7.287272999999999711e-04 1.394414000000000070e-03 2.665957999999999956e-03
1.304739999999999980e-03 3.545604999999999742e-04 1.815023000000000027e-03
1.489705999999999930e-03 1.143291000000000055e-03 3.115192999999999771e-05
1.094017999999999987e-03 2.533685999999999838e-03 2.314380999999999904e-03
3.479142000000000172e-04 9.744598999999999839e-04 2.837108000000000078e-03
1.199292999999999930e-03 1.940979000000000012e-03 1.016200999999999997e-03
1.781926999999999990e-03 1.002923999999999954e-04 1.497386999999999980e-03
2.282035999999999982e-04 2.355313999999999845e-03 2.525700000000000080e-03
4.332472999999999880e-04 1.118466000000000035e-03 1.152681999999999925e-03
2.302867000000000108e-03 1.344066000000000097e-03 1.742059999999999919e-03
1.397940999999999984e-03 1.921939999999999966e-04 1.700485000000000061e-03
1.223853999999999914e-03 1.235435000000000005e-03 2.599970999999999966e-03
7.504792999999999620e-04 1.295633999999999935e-03 5.268497999999999714e-04
6.929224000000000321e-04 1.941356999999999892e-03 1.312194999999999941e-03
2.225280000000000053e-03 1.599165000000000048e-03 2.567202000000000199e-03
1.025218999999999957e-03 8.661829000000000446e-04 8.455478999999999686e-04
2.460978999999999858e-03 1.529636000000000016e-03 1.194163000000000039e-03
2.257026999999999992e-03 2.819039000000000180e-03 2.536766000000000194e-03
8.708519000000000503e-04 2.364422000000000138e-03 1.313748999999999906e-03
2.002946999999999985e-04 2.974829999999999922e-03 1.239445999999999951e-03
1.456282000000000095e-04 3.137686999999999898e-04 3.231221999999999740e-04
1.583814999999999919e-03 7.380945999999999991e-04 9.925159999999999278e-04
7.088560000000000043e-04 1.431455000000000097e-03 8.905364999999999939e-04
5.357488000000000094e-04 1.573044000000000005e-03 2.012045000000000012e-04
1.209446999999999996e-03 1.614362999999999953e-03 8.451742000000000369e-04
3.844179999999999776e-04 1.306218999999999957e-03 2.410741000000000099e-03
2.502462000000000002e-03 7.096147999999999605e-04 2.470261000000000071e-03
1.401122000000000088e-03 2.397458999999999788e-03 1.817618000000000011e-03
1.049606000000000020e-03 7.313521999999999601e-04 1.830669999999999954e-03
7.533845000000000168e-04 1.244752999999999973e-04 1.262969999999999978e-03
1.629790000000000101e-03 1.299002999999999963e-03 6.779327999999999613e-04
3.260876999999999916e-04 4.151440999999999747e-04 1.151991999999999903e-03
1.123728000000000053e-03 5.840951000000000042e-04 2.472177999999999789e-03
1.501715999999999945e-03 3.748735000000000218e-04 2.248098999999999931e-03
2.040880000000000125e-03 1.001244000000000092e-03 1.318666000000000022e-03
2.545312000000000095e-03 6.259529000000000221e-04 3.913168999999999871e-04
8.728002999999999586e-04 1.482160000000000053e-04 1.763023999999999971e-03
2.369084000000000034e-03 1.206325999999999969e-03 2.883269999999999925e-05
2.653590999999999849e-03 4.760494999999999896e-04 1.556026000000000067e-03
5.975212000000000145e-04 2.566434000000000033e-04 6.292462000000000402e-04
2.771664999999999979e-03 6.900619000000000414e-04 2.081796999999999814e-03
2.796092999999999929e-03 1.390219999999999954e-03 1.762888999999999906e-03
9.830409000000000022e-04 9.918354999999998926e-04 1.462673999999999962e-03
2.522910000000000170e-03 2.220604000000000154e-03 2.168025000000000074e-03
2.746437000000000010e-03 2.974292999999999815e-03 1.654440000000000077e-03
2.932478999999999988e-03 2.197861000000000172e-03 2.472479000000000083e-03
1.137049000000000002e-03 6.927675000000000109e-04 3.094482999999999761e-05
3.963460000000000165e-05 9.740818999999999953e-04 5.607150000000000008e-05
8.330641999999999648e-04 2.544924000000000058e-03 2.163477000000000022e-03
1.274327999999999973e-04 5.364849999999999567e-04 1.986699000000000190e-03
2.929465999999999928e-03 1.845178999999999960e-03 2.046567000000000004e-03
2.014718999999999885e-03 8.526083999999999800e-05 1.554341000000000099e-03
1.329682999999999907e-03 1.813062999999999958e-04 1.549433999999999924e-03
3.057275000000000032e-04 2.086746999999999908e-03 2.347459999999999998e-03
9.364083000000000042e-04 4.974810000000000300e-04 2.214048000000000144e-03
3.607915000000000167e-04 1.127925000000000108e-03 2.572674000000000055e-03
6.089291999999999839e-04 2.749236999999999861e-03 4.288698000000000185e-04
6.997855000000000308e-04 2.875692000000000005e-03 5.931887000000000488e-04
1.654742999999999969e-03 8.316280999999999804e-04 8.697594000000000332e-04
1.284362000000000047e-03 2.355587999999999985e-04 1.979275999999999865e-03
2.701765999999999977e-03 2.627031000000000158e-03 2.445328000000000085e-03
2.313447000000000160e-03 1.467226999999999984e-03 5.925617000000000427e-04
2.891326999999999960e-03 7.167414000000000424e-04 6.320911999999999495e-04
7.133988999999999706e-05 3.772777999999999744e-04 1.017349999999999982e-03
1.106545999999999919e-03 1.527895000000000034e-03 2.276085000000000174e-03
6.743527999999999719e-04 1.596905999999999933e-03 2.869042999999999832e-04
1.310931999999999896e-03 2.251135000000000028e-03 2.972376000000000098e-03
1.236644999999999975e-03 2.921581999999999825e-03 5.991984999999999586e-04
2.137805000000000000e-03 2.596451000000000054e-03 1.523658000000000000e-03
1.560367999999999966e-04 2.197165000000000055e-03 2.073872000000000042e-03
2.914016000000000176e-03 2.055897000000000106e-03 4.614263000000000175e-04
2.369051999999999963e-03 2.437524999999999848e-03 2.055856000000000003e-03
1.824399999999999893e-03 1.188119999999999975e-03 2.407910999999999992e-03
1.647344999999999929e-03 2.857881999999999957e-03 2.322602999999999961e-04
4.012870999999999886e-04 7.854987999999999814e-04 1.940289999999999951e-04
1.086266999999999946e-04 2.698704000000000120e-03 1.527039999999999908e-03
5.307396000000000032e-04 2.605000000000000111e-03 2.740486999999999784e-03
1.239831000000000049e-03 1.226391999999999977e-03 1.318149999999999921e-03
1.583353999999999925e-03 2.150476000000000124e-03 2.248073000000000172e-03
4.885207000000000134e-04 1.749930999999999926e-03 2.294514999999999901e-04
6.925209999999999786e-04 2.951543999999999956e-03 1.939932999999999914e-04
4.674505000000000131e-04 1.833741000000000060e-03 1.364704000000000004e-03
2.704919999999999981e-03 2.911906000000000130e-03 1.248704999999999911e-03
3.411851000000000141e-04 8.931918000000000496e-04 2.178990000000000007e-03
1.562730000000000022e-03 1.721768999999999947e-03 2.357717000000000059e-03
7.304748000000000014e-04 1.046285000000000097e-03 2.046151999999999921e-04
1.655964000000000004e-03 3.068507000000000266e-04 2.814249000000000004e-03
2.991188000000000202e-04 1.461613999999999969e-03 1.788410000000000043e-03
2.568568000000000240e-04 1.956359999999999870e-03 1.238846000000000044e-03
5.901345999999999588e-04 1.559885000000000004e-03 1.850854999999999992e-03
2.310719000000000141e-03 4.409856999999999883e-04 1.755131999999999960e-03
2.615277999999999960e-03 1.858168000000000103e-03 1.482430999999999983e-03
9.529510999999999841e-04 1.077208000000000072e-03 2.011019000000000174e-03
2.130982000000000015e-03 3.479189999999999735e-04 7.568520000000000239e-04
8.159487999999999897e-04 2.167566000000000111e-03 8.123886999999999558e-04
1.103236000000000060e-03 5.752218999999999822e-04 4.411648000000000219e-04
8.015087999999999857e-04 4.039638000000000235e-04 2.278008000000000203e-03
4.880298000000000145e-04 1.263615999999999958e-03 1.186729999999999990e-03
2.191286000000000189e-03 2.373628999999999930e-03 2.966633000000000204e-03
1.501750000000000064e-06 9.353115999999999644e-04 2.618096999999999785e-03
1.501750000000000064e-06 2.629142000000000111e-03 2.458455000000000015e-03
2.826435000000000189e-04 5.748955000000000254e-04 1.802605000000000093e-03
3.006504000000000039e-05 1.666555999999999973e-04 2.260743999999999861e-03
4.249834000000000077e-04 5.929358000000000024e-04 2.877467999999999942e-05
1.654752999999999910e-03 5.793044999999999488e-04 2.083783999999999983e-03
2.486914000000000225e-04 2.053704999999999854e-03 4.194649999999999963e-04
2.687219999999999930e-04 3.706989999999999960e-04 5.441307000000000045e-04
2.019242000000000085e-03 2.518293000000000007e-03 2.145061000000000190e-03
2.063559999999999874e-03 2.104416999999999920e-03 1.100485999999999912e-03
1.704152999999999918e-03 3.353571999999999949e-05 2.828915000000000002e-05
2.121327000000000108e-03 2.812911999999999878e-03 1.653469000000000076e-03
1.819363999999999964e-03 2.822409000000000116e-03 2.530188000000000055e-03
8.619743999999999714e-04 2.509924000000000183e-03 1.042729999999999959e-03
8.868838000000000144e-05 7.450157999999999694e-04 2.106649999999999842e-03
2.914540000000000186e-03 8.034588999999999859e-05 8.784523999999999718e-04
2.156285999999999880e-03 3.777535999999999741e-04 1.392290999999999928e-03
1.935190999999999951e-03 2.698284999999999920e-03 8.346150000000000313e-04
8.360582999999999773e-04 1.693943999999999962e-03 4.099387000000000126e-04
2.661815000000000101e-03 4.678582999999999722e-05 2.124758999999999936e-03
1.077330999999999948e-03 2.128147999999999845e-03 1.289585999999999901e-03
2.503766000000000151e-03 1.205537000000000015e-03 1.717252999999999965e-03
1.229360000000000088e-03 1.118786999999999993e-03 1.911254999999999942e-03
9.221045999999999670e-04 2.014197000000000123e-03 3.651474999999999730e-04
2.713044999999999866e-03 1.207540999999999910e-03 2.879486999999999897e-05
2.527807999999999878e-03 1.722002999999999945e-03 1.398740000000000096e-03
2.895799000000000116e-03 2.367298999999999792e-03 1.430466999999999936e-03
2.806762999999999880e-03 8.241645000000000134e-04 1.576967000000000082e-03
1.494576999999999972e-03 1.771114000000000065e-03 2.542155999999999843e-03
1.986407999999999837e-03 2.332397999999999850e-03 4.700546000000000108e-04
1.316506999999999964e-03 1.268274000000000007e-03 1.791033999999999942e-03
1.016612999999999978e-03 2.175484000000000098e-03 1.521124999999999908e-03
5.513993000000000453e-04 8.569580000000000036e-04 2.443516000000000177e-03
6.386785000000000075e-04 2.289721000000000204e-03 6.523838000000000336e-04
3.001998000000000080e-03 1.955543000000000125e-03 2.179038999999999802e-03
2.124945999999999899e-04 2.952919999999999937e-03 3.983966999999999934e-04
2.697811999999999953e-03 1.074008999999999901e-03 2.305967999999999820e-03
1.756257000000000000e-03 4.452532000000000148e-04 1.312498999999999957e-03
1.191615000000000035e-03 1.085009000000000060e-03 2.548008999999999951e-03
1.337059000000000034e-03 1.439753999999999904e-03 1.190467000000000066e-04
2.418862000000000085e-04 1.041594999999999977e-03 3.653772000000000226e-04
1.211145999999999967e-03 1.808607999999999960e-03 8.633863000000000518e-04
7.859056000000000331e-04 1.780855999999999878e-04 2.848441000000000167e-03
1.593933000000000069e-03 1.898242000000000072e-03 6.703221000000000309e-04
4.733518000000000035e-04 1.173903000000000012e-03 5.868432999999999723e-04
1.834371999999999912e-03 5.826480999999999891e-05 5.326931999999999501e-04
5.271959000000000324e-04 2.568361999999999815e-03 2.554704999999999997e-03
1.588297999999999923e-03 2.557264999999999972e-03 1.205029000000000039e-03
4.848626000000000086e-04 8.925581000000000357e-04 1.455539000000000052e-03
1.448307000000000023e-03 2.151310000000000028e-03 2.579151999999999920e-03
2.184155000000000124e-03 9.288359000000000155e-04 1.625481999999999925e-03
8.059407999999999460e-04 2.316674999999999811e-03 1.400608999999999925e-04
5.409304000000000141e-05 2.822298999999999902e-03 2.389463999999999998e-03
1.362462000000000048e-03 1.663055000000000089e-03 1.124617000000000010e-04
5.820464000000000453e-04 4.066893999999999826e-04 2.966030000000000142e-03
8.570897000000000281e-04 2.611173000000000053e-03 2.854512999999999929e-03
1.379446000000000101e-03 2.240581000000000170e-03 2.187496000000000145e-03
9.616361000000000136e-04 2.053480999999999796e-03 9.509113999999999501e-04
4.879061000000000075e-04 2.050089000000000165e-03 1.547676999999999907e-03
2.217049000000000125e-04 7.414957999999999489e-04 5.343407999999999578e-04
1.700757000000000007e-03 1.920964000000000048e-03 9.104119999999999834e-04
2.853940000000000123e-03 1.651625000000000098e-04 2.538921999999999880e-03
1.603838000000000008e-04 3.053954999999999799e-04 1.290132999999999948e-03
2.586957999999999879e-03 3.650947000000000198e-04 1.041412999999999931e-03
1.902641000000000054e-03 1.127469999999999991e-03 1.956240000000000149e-03
2.094934000000000119e-03 9.445929999999999735e-04 1.332215000000000092e-03
2.313851000000000015e-03 2.859361999999999841e-03 2.975170000000000071e-03
6.900005000000000287e-04 1.570007000000000000e-03 9.169533000000000490e-05
1.854905000000000009e-03 8.699997000000000112e-04 1.923519999999999961e-03
2.104571999999999866e-03 1.269591000000000035e-03 2.444879000000000063e-03
2.149758999999999785e-03 1.457867999999999968e-03 5.996769000000000318e-04
1.514514000000000008e-03 1.584130000000000000e-03 7.333291000000000462e-04
7.254393999999999513e-04 2.426858000000000053e-03 2.244449999999999831e-03
1.489766000000000007e-03 1.018156000000000096e-03 2.465454000000000170e-03
2.329574000000000054e-03 9.901980999999998936e-04 7.696448000000000482e-04
2.791941000000000041e-03 2.761261000000000097e-03 3.123940000000000180e-04
1.367598000000000034e-03 2.031180999999999959e-03 2.056278999999999833e-03
1.856515999999999895e-03 1.350660000000000055e-03 2.070751000000000015e-03
1.501750000000000064e-06 2.755930000000000185e-03 7.565857999999999958e-04
1.987785000000000159e-03 1.297551999999999994e-03 1.869243000000000033e-03
4.417851000000000200e-04 1.846851999999999955e-03 4.833126999999999779e-04
2.902043000000000092e-04 5.722684000000000451e-04 1.271556000000000075e-03
2.163447000000000200e-03 1.158034000000000060e-03 1.854781000000000008e-03
2.844344999999999860e-03 2.895344000000000216e-03 1.006614000000000076e-03
1.059622999999999934e-04 6.241690000000000476e-04 5.543495000000000497e-04
1.348037999999999971e-03 2.653378000000000073e-03 2.881703000000000216e-03
1.240241000000000108e-04 2.188428999999999982e-03 1.481223000000000045e-03
5.722369000000000370e-04 1.196835000000000043e-03 8.184592999999999990e-04
7.354564000000000283e-04 2.062254999999999817e-03 1.846674000000000134e-04
1.787635000000000092e-03 2.625867000000000045e-03 2.782749000000000160e-03
5.544492000000000040e-04 1.349738999999999974e-03 1.010569999999999915e-03
2.946218999999999921e-03 2.282957999999999862e-03 2.584224999999999890e-03
1.041814999999999972e-03 1.803899000000000084e-03 1.002028999999999984e-03
1.286755000000000104e-03 5.137628000000000203e-04 2.494085000000000052e-03
1.501750000000000064e-06 2.974801999999999915e-03 1.279984000000000070e-03
1.093585000000000000e-03 8.393236999999999410e-05 1.599726000000000099e-03
1.763277999999999959e-04 1.110071999999999925e-03 3.586491999999999746e-05
2.348962000000000012e-03 2.000155999999999896e-03 1.266949999999999977e-03
1.906493999999999897e-03 7.530234999999999707e-04 1.000797000000000101e-03
1.000196000000000071e-03 2.373064999999999886e-04 2.047353000000000020e-03
1.479323000000000053e-03 2.757182999999999856e-03 2.558771000000000049e-03
1.823338999999999993e-04 2.975192000000000201e-03 6.170760000000000394e-04
1.232809000000000075e-03 2.088917999999999938e-03 2.873391999999999787e-03
2.751470000000000001e-04 2.428635000000000169e-03 2.025814999999999821e-03
9.196130000000000059e-04 1.425164000000000031e-03 1.569918000000000008e-03
2.727609999999999995e-04 2.622025000000000050e-03 2.805298999999999814e-03
6.439581999999999902e-04 2.116329000000000127e-03 1.664725000000000091e-04
1.998367999999999933e-03 9.791711000000000685e-04 2.215071999999999788e-03
8.206450999999999807e-04 1.001131999999999955e-04 5.273918999999999743e-04
4.321743000000000069e-04 2.941584999999999925e-04 8.752683000000000576e-05
1.663507999999999957e-03 2.712837999999999968e-03 2.130555000000000122e-03
2.702412999999999864e-03 2.167187000000000106e-03 1.563825000000000024e-03
1.207591000000000046e-03 5.481381999999999487e-04 5.515048999999999516e-04
1.686730999999999907e-03 2.209182999999999980e-03 1.199802000000000030e-03
7.825288999999999813e-04 1.427370999999999978e-03 1.557308999999999994e-03
2.353041000000000160e-03 1.686832999999999996e-03 4.394628000000000033e-04
3.499091000000000072e-04 2.030113000000000056e-04 2.028863000000000107e-03
1.035340999999999952e-04 1.806497999999999915e-03 1.122638000000000021e-03
1.459243999999999949e-04 6.533932000000000108e-04 3.644952999999999930e-04
2.452960000000000123e-03 2.840749999999999959e-03 1.286671999999999989e-03
7.845468999999999880e-04 2.840412000000000058e-03 8.482725999999999461e-04
9.148293999999999523e-04 2.445188999999999739e-04 1.364523000000000081e-03
8.240984999999999500e-04 2.952840999999999886e-03 5.259587000000000030e-05
1.860789999999999970e-03 2.001825999999999953e-03 2.800762000000000043e-03
2.260235000000000195e-03 5.752266999999999927e-04 2.208138000000000115e-03
2.561035000000000134e-03 1.998433999999999888e-03 1.233399000000000040e-03
1.365476000000000016e-03 1.398130999999999940e-03 2.841017999999999978e-05
2.807064999999999864e-04 4.296740000000000064e-04 3.497905999999999845e-04
2.664660000000000119e-03 3.270031000000000066e-04 9.060640999999999704e-04
1.869961000000000062e-03 1.559437000000000106e-03 2.290458999999999898e-03
1.380670000000000074e-03 9.865334000000000776e-04 1.107471999999999970e-03
8.765881000000000107e-04 2.974669000000000098e-03 2.225562999999999847e-03
8.083927000000000300e-04 7.358875000000000182e-04 1.315650000000000023e-03
9.328065999999999875e-04 2.826930999999999975e-03 1.887931999999999935e-03
2.461210000000000134e-03 2.972591000000000122e-03 1.914735000000000091e-03
2.932408000000000063e-03 7.551139999999999805e-04 1.950866000000000102e-03
1.698564000000000063e-03 8.589709000000000060e-04 1.901803000000000087e-03
4.469637999999999845e-04 1.392456999999999940e-03 2.539015000000000152e-04
2.261581999999999991e-04 1.194125999999999998e-03 1.944851000000000045e-03
1.601687999999999983e-03 2.754996999999999915e-03 2.695092000000000061e-03
1.575744000000000016e-03 4.762061999999999740e-04 5.721640000000000059e-04
4.362559999999999919e-04 1.826879999999999910e-03 9.901376000000000795e-04
7.080279999999999777e-04 1.308441000000000031e-03 1.448705000000000001e-03
1.974181999999999998e-04 1.863901000000000056e-03 6.864684000000000020e-04
5.638220999999999901e-04 2.320893000000000088e-03 6.893617000000000104e-04
2.474674000000000058e-03 2.797692000000000061e-03 1.683807999999999963e-03
2.713661999999999932e-03 1.198365999999999971e-03 2.560223999999999833e-03
2.753596999999999989e-04 8.720073999999999751e-04 3.106895000000000143e-04
1.620476999999999942e-03 1.991290000000000161e-03 1.110396999999999947e-03
1.076614000000000043e-03 2.668598999999999798e-03 1.149105999999999999e-03
4.249941000000000244e-04 4.950814999999999795e-05 1.130685000000000034e-04
1.013896999999999932e-03 1.221169000000000031e-03 8.760655000000000438e-04
1.928276999999999942e-03 8.459137000000000253e-05 2.124659000000000096e-03
2.094678999999999899e-03 3.729043000000000136e-04 1.766027999999999999e-03
1.497204999999999933e-03 2.470152000000000198e-03 2.970991999999999991e-03
3.767522999999999944e-04 1.440288999999999979e-03 2.861305000000000185e-03
1.749855999999999938e-03 2.103601000000000082e-03 1.842770000000000085e-03
8.816584999999999613e-04 2.509058000000000208e-03 1.812730000000000027e-03
2.500593000000000173e-03 1.123967000000000022e-03 2.698709999999999998e-03
1.938028000000000060e-03 1.755885999999999905e-03 2.515391999999999975e-03
2.897297000000000067e-03 1.166860000000000033e-03 8.302468999999999604e-04
1.380602000000000088e-03 6.412500000000000014e-04 1.788965000000000000e-03
2.644529999999999971e-03 1.437319000000000053e-03 1.029264999999999911e-03
1.548293999999999972e-03 2.368742000000000070e-03 2.528916999999999884e-03
1.501750000000000064e-06 1.574029000000000010e-03 2.354091999999999903e-03
3.103838000000000029e-06 2.769381999999999920e-03 2.839327999999999904e-03
1.501750000000000064e-06 1.533721000000000043e-03 1.482844000000000089e-03
1.501750000000000064e-06 5.261747000000000429e-04 3.311648000000000044e-04
2.647206999999999946e-03 1.797586000000000106e-03 2.227790999999999799e-03
1.920442999999999976e-03 1.124556999999999987e-03 1.849057999999999995e-03
8.820127999999999996e-04 2.647710000000000168e-03 1.098283000000000028e-03
1.468680999999999893e-03 2.373427000000000002e-03 1.422394999999999909e-03
2.888159999999999859e-03 1.058848999999999945e-03 1.346963999999999974e-03
7.458608999999999725e-04 1.139119999999999976e-03 1.410847000000000013e-03
6.056815000000000115e-04 9.295736999999999663e-04 3.093822000000000276e-05
2.288069000000000214e-03 3.110038000000000190e-04 4.163902000000000033e-04
2.025156000000000178e-03 7.614971000000000110e-04 1.164034999999999896e-03
5.743522000000000471e-04 2.332519999999999819e-03 1.290261000000000012e-03
2.106649999999999842e-03 6.752894000000000604e-05 9.599628000000000241e-04
1.158341000000000015e-03 1.106079999999999954e-03 1.935971999999999997e-03
1.106645999999999975e-03 9.447322999999999875e-04 2.889959000000000104e-03
2.437167000000000066e-03 1.710039000000000003e-03 1.590480000000000019e-03
9.006457999999999955e-04 2.208886000000000183e-03 5.689350000000000136e-04
1.692822999999999984e-03 2.523537000000000176e-03 6.347237999999999622e-04
9.170466999999999421e-06 1.536363000000000117e-04 1.894323000000000057e-03
1.501750000000000064e-06 2.710895999999999965e-03 2.244559000000000137e-03
2.468721000000000110e-03 2.152578000000000043e-03 2.134936999999999946e-03
2.582183000000000048e-03 1.136543000000000058e-03 7.491098000000000288e-04
4.782580000000000143e-04 2.121422999999999885e-03 2.188057000000000196e-03
1.203464000000000009e-03 2.386275000000000202e-03 1.827208000000000087e-03
2.335789000000000008e-03 2.010651000000000018e-03 2.265281000000000065e-03
2.155952999999999949e-03 1.052736999999999987e-03 1.867109999999999950e-03
9.302031999999999575e-04 2.167038000000000037e-03 2.565263999999999826e-03
1.629019999999999904e-03 2.079683000000000139e-03 9.300660000000000090e-04
7.010654000000000657e-05 5.607658000000000309e-05 1.145685000000000019e-03
2.561323999999999806e-03 1.381094999999999936e-03 1.893128999999999906e-03
1.165919000000000070e-03 2.324884000000000152e-03 2.923195999999999867e-03
1.270450000000000008e-03 1.037369000000000008e-03 2.460177999999999931e-03
1.431145999999999894e-03 8.796963000000000091e-04 9.499985999999999544e-05
1.755536999999999940e-03 6.904008000000000323e-04 4.028266999999999764e-05
2.408289999999999997e-03 2.027362000000000055e-04 2.597655999999999837e-03
2.026210999999999984e-03 2.612744999999999868e-04 2.031158999999999829e-03
2.132455000000000114e-03 2.378739999999999848e-03 2.775617000000000161e-05
2.524441000000000098e-03 1.102668000000000008e-03 6.123326999999999590e-04
8.872323000000000535e-04 1.094144999999999927e-03 8.918119000000000393e-04
1.521151000000000100e-03 7.062655000000000365e-04 8.459156000000000227e-04
2.210939999999999943e-04 6.910745999999999513e-04 2.032495999999999955e-03
8.308694999999999839e-04 2.791813000000000194e-03 2.843024999999999892e-03
1.858880999999999999e-04 8.543906999999999782e-05 6.474914999999999924e-04
4.024389999999999868e-04 1.444282999999999982e-03 5.706949999999999697e-04
1.716428000000000094e-03 2.282062000000000066e-03 3.601195999999999732e-05
1.840444000000000108e-03 8.151289000000000147e-04 4.516241999999999848e-04
2.909300999999999988e-03 3.318363999999999862e-04 2.146078000000000048e-03
1.343079999999999968e-03 1.806349000000000062e-03 6.521908000000000577e-05
2.592881999999999913e-03 1.519741000000000017e-03 2.878737000000000136e-03
1.375633000000000021e-03 1.731003000000000056e-03 2.252936999999999995e-03
1.299267999999999907e-03 3.171081000000000073e-04 2.294034999999999824e-03
1.746593000000000060e-03 2.749969000000000111e-03 1.655091999999999935e-03
2.422506999999999959e-03 2.779049999999999923e-03 1.232479999999999990e-03
2.854418000000000059e-03 1.446531999999999939e-03 1.215876999999999973e-03
9.347115999999999498e-04 5.762095000000000064e-04 9.837108999999999263e-04
2.750258000000000216e-03 2.736157999999999819e-03 7.691466999999999792e-04
2.510060000000000156e-03 7.314529999999999643e-04 1.851442000000000018e-03
1.624379999999999921e-03 8.268706999999999707e-04 1.165388000000000058e-03
1.270510999999999993e-03 1.273454000000000036e-03 4.405041999999999964e-04
2.579301999999999897e-03 2.656556000000000022e-03 2.879181000000000188e-03
2.325869999999999847e-03 2.789153999999999852e-03 2.975738999999999815e-03
1.494244000000000041e-03 1.872076000000000079e-03 9.444559999999999848e-04
7.414087999999999885e-04 1.157515000000000020e-03 2.496762000000000026e-03
1.818188000000000096e-03 1.217451999999999944e-03 2.145752000000000119e-04
2.491385000000000041e-03 1.355220999999999986e-03 1.311179999999999898e-03
2.848583999999999925e-03 2.906211000000000124e-03 1.278148999999999908e-03
1.011224000000000020e-03 2.446723999999999948e-03 8.542082000000000321e-04
5.787260000000000017e-04 2.845128000000000153e-03 1.661216999999999989e-03
1.056129999999999959e-03 2.214604000000000117e-04 2.856298000000000170e-03
2.081030000000000206e-03 2.455486000000000214e-03 5.871951999999999510e-04
1.504722999999999911e-03 2.844344999999999860e-03 1.653090000000000072e-03
2.081953000000000102e-03 3.328830000000000179e-04 2.942348000000000012e-03
2.092114999999999860e-03 4.191369000000000019e-04 2.253981999999999861e-03
2.689636000000000023e-03 1.004462999999999927e-03 3.560619999999999801e-04
3.796351000000000001e-04 2.001494999999999837e-03 1.115136999999999986e-03
8.255598999999999967e-04 1.320495999999999996e-03 6.798699999999999535e-04
1.898809999999999908e-03 2.615090000000000036e-03 1.696107000000000083e-03
6.077047999999999825e-04 9.774473999999999142e-04 2.322509999999999852e-03
1.501750000000000064e-06 2.581746000000000214e-03 7.956362000000000243e-04
3.001998000000000080e-03 8.553767999999999788e-04 4.910722000000000177e-04
3.001998000000000080e-03 2.350239000000000061e-03 1.260318999999999979e-03
1.501750000000000064e-06 2.002016000000000125e-03 6.667469999999999777e-04
4.603615999999999869e-06 4.989947999999999476e-04 2.509049000000000175e-03
2.890863000000000026e-03 9.836315999999999896e-04 1.296566000000000081e-03
1.634199999999999932e-03 6.231299000000000256e-04 7.041824999999999821e-04
1.440824000000000054e-03 2.241066999999999799e-03 4.275328999999999805e-04
2.803688999999999834e-03 6.797408000000000226e-04 2.854979000000000110e-03
2.912345000000000211e-03 1.058750000000000012e-03 2.765502000000000005e-05
1.567629999999999978e-03 1.768519000000000081e-03 7.642925000000000283e-04
5.002928000000000019e-04 1.823622999999999911e-03 2.327899999999999989e-04
1.671994000000000106e-04 1.530085000000000039e-03 1.453325000000000049e-04
9.861416000000000452e-04 1.001729999999999938e-03 6.454419999999999775e-04
6.800680000000000353e-04 2.152413000000000156e-03 5.560475000000000053e-04
2.672804999999999886e-03 1.970972000000000088e-03 2.209151999999999817e-03
2.763057000000000187e-03 2.031541999999999897e-03 2.418599000000000118e-04
1.077960999999999893e-03 1.812624000000000093e-03 2.522910000000000170e-03
6.746099999999999666e-04 2.975049000000000009e-03 2.880671999999999920e-03
4.277285999999999827e-04 9.145696000000000467e-04 1.363917999999999988e-03
1.704531999999999922e-03 1.431708999999999976e-03 2.484057000000000019e-03
1.427477000000000021e-04 2.563638000000000028e-03 1.935000000000000088e-03
2.105614000000000010e-03 7.044726999999999543e-04 2.299236999999999982e-03
4.054425000000000064e-04 1.510730000000000059e-03 4.571568000000000138e-04
2.300957000000000067e-04 8.605553999999999905e-05 1.784290000000000008e-03
2.632668999999999808e-03 2.623259000000000181e-03 1.908357999999999973e-03
1.669567999999999964e-03 1.390474999999999958e-03 8.000769999999999497e-04
2.619021999999999930e-03 2.426858000000000053e-03 2.327682000000000188e-03
1.779687999999999973e-03 2.632752999999999829e-03 1.587801999999999920e-03
1.804891999999999998e-03 2.087804999999999869e-03 5.721581000000000540e-04
2.014197000000000123e-03 2.668459000000000195e-03 6.653343999999999838e-04
2.528312999999999915e-03 2.590976999999999950e-03 2.145123000000000082e-03
1.460918000000000069e-03 1.858950999999999963e-03 2.891077000000000143e-03
1.249640999999999903e-03 1.494293000000000054e-03 1.473158999999999927e-03
2.794290999999999962e-03 2.118979999999999909e-03 2.572294000000000143e-03
8.898581999999999499e-04 2.554062000000000172e-03 1.596149999999999956e-03
1.101924999999999991e-04 1.890642000000000104e-03 2.337551000000000212e-03
2.680211000000000052e-03 1.467634999999999903e-03 2.329320000000000175e-03
2.965956000000000061e-03 1.582683000000000093e-03 1.563687999999999927e-04
3.926036999999999897e-05 2.886061000000000095e-03 2.814324000000000128e-05
1.269401999999999987e-03 9.447576000000000498e-04 1.683175999999999986e-03
2.001323000000000164e-03 2.130079000000000000e-03 2.128032000000000187e-03
2.302133000000000044e-03 1.223569000000000089e-03 1.851594000000000026e-03
1.553320999999999963e-05 1.803190999999999995e-03 7.409906999999999865e-04
2.223323000000000139e-03 2.736334999999999950e-05 2.352556000000000005e-03
9.650252999999999913e-04 1.234892000000000021e-03 1.765234999999999981e-03
2.832125000000000007e-03 1.651895000000000013e-03 1.020082000000000063e-03
1.944874999999999989e-03 1.336065999999999903e-03 6.054749999999999585e-04
8.362915999999999536e-04 2.544525999999999971e-04 2.432535000000000047e-04
9.460556000000000499e-05 1.434071000000000087e-03 7.889677000000000322e-04
2.211699000000000130e-03 2.140340999999999977e-04 2.544887999999999924e-03
3.350113000000000158e-04 1.981715000000000212e-03 2.764819999999999865e-03
2.939143999999999871e-03 1.770555999999999953e-03 2.747326999999999929e-03
2.870016999999999881e-03 2.573969000000000170e-03 8.739884000000000498e-04
1.478977000000000026e-03 2.286691999999999891e-04 2.686015999999999838e-03
6.056794999999999801e-04 5.321378999999999996e-04 4.122042000000000132e-04
1.025691999999999923e-03 1.462144000000000074e-03 7.587469999999999371e-05
2.446294999999999806e-03 1.578587000000000002e-03 1.132289000000000082e-03
8.451236999999999465e-04 2.973495000000000044e-03 2.007118000000000010e-03
3.803376000000000022e-04 2.167624999999999847e-03 5.994836000000000348e-04
1.034385999999999959e-04 1.841703000000000090e-03 3.648050999999999811e-04
2.473284000000000073e-03 8.679814000000000106e-04 8.636925999999999848e-04
2.688179999999999866e-04 1.517263999999999939e-03 1.042706000000000015e-03
2.040865000000000214e-03 1.807610000000000076e-03 5.723237000000000376e-04
1.683751999999999948e-03 1.068347000000000090e-03 1.969214999999999854e-03
6.924906000000000204e-04 7.846609000000000483e-04 2.763519999999999996e-04
7.453832999999999553e-04 6.169297000000000235e-04 7.608933000000000016e-04
1.417024000000000018e-03 8.033326000000000138e-04 6.623214999999999571e-04
6.861165999999999489e-04 2.026487999999999901e-03 1.263521999999999996e-03
5.870727000000000280e-04 3.014097000000000087e-04 1.656331000000000036e-03
5.195477999999999793e-05 1.713593999999999925e-03 2.034811000000000085e-03
1.825128999999999987e-03 1.187621999999999940e-03 2.902521999999999828e-03
2.020403000000000043e-03 1.377570000000000053e-03 4.346354999999999826e-05
1.455441999999999934e-03 1.226534999999999952e-03 1.175168999999999997e-03
1.611475999999999924e-03 8.260458999999999781e-05 2.503567999999999853e-03
4.494774000000000208e-04 2.932801000000000071e-03 2.399765999999999792e-03
9.959628000000000318e-04 1.220005999999999988e-04 2.677913000000000081e-03
1.908731000000000099e-03 1.094230999999999980e-03 4.816617999999999833e-04
5.964976999999999996e-04 1.927064999999999941e-03 1.614617000000000049e-03
2.791875999999999993e-03 6.234091000000000415e-04 1.047483000000000095e-03
2.605830999999999859e-03 2.908889999999999913e-03 3.643820999999999887e-04
8.414734000000000536e-04 2.146393999999999819e-03 1.310767999999999916e-03
7.163347000000000247e-04 2.247750000000000182e-03 2.323135000000000044e-03
3.056174000000000260e-04 4.606586000000000079e-04 2.145591000000000078e-03
1.631410999999999929e-03 1.916263000000000081e-03 2.788525999999999939e-03
5.846478000000000167e-05 2.674858000000000010e-03 4.102148999999999813e-04
4.065521000000000000e-04 3.625173000000000197e-04 2.825059999999999898e-03
1.960495000000000033e-03 2.365228000000000035e-03 1.732447999999999985e-04
2.178737999999999942e-03 3.534518000000000165e-04 1.990572999999999822e-03
1.128171999999999986e-03 1.894468000000000063e-03 1.190997000000000063e-03
2.837227999999999799e-03 1.549295000000000012e-03 1.581429999999999989e-03
7.138900000000000107e-04 1.921257999999999907e-03 1.055275999999999957e-03
3.001998000000000080e-03 2.975283000000000008e-03 1.368398999999999961e-03
3.001998000000000080e-03 7.969790999999999941e-04 2.354431999999999890e-04
2.072379999999999969e-03 2.650584999999999966e-05 1.842646999999999992e-03
1.954688999999999906e-03 2.276366000000000153e-03 2.595118999999999912e-05
1.949301999999999979e-03 2.977558999999999848e-03 2.717155000000000178e-03
1.710492999999999996e-03 2.977429000000000187e-03 2.380694000000000039e-03
1.820636000000000043e-03 2.977622999999999989e-03 2.045284000000000078e-03
2.853731999999999883e-03 2.608280000000000039e-05 2.362191000000000030e-03
6.819495000000000071e-04 2.038022999999999918e-04 7.175366999999999770e-04
3.258817000000000007e-04 7.832444999999999512e-04 2.560829000000000143e-03
1.594888999999999942e-03 1.329406999999999898e-03 1.792308999999999959e-03
8.193938000000000220e-04 5.492843000000000291e-05 1.062999000000000019e-03
7.129693000000000315e-04 2.573802000000000034e-03 2.788740000000000056e-03
1.280661000000000104e-04 1.951211000000000004e-03 2.161520000000000108e-03
2.174234000000000149e-03 1.617458000000000003e-03 1.989958000000000005e-03
1.172814000000000105e-03 2.584231000000000202e-03 5.391776000000000468e-04
7.456084999999999883e-04 1.782507000000000015e-03 4.460247000000000192e-04
2.836134000000000138e-03 1.179427999999999943e-03 2.821029000000000071e-03
4.336532000000000039e-04 2.374545000000000041e-03 2.897420999999999851e-03
1.768831000000000006e-03 2.328549999999999977e-03 1.797889999999999905e-03
2.669241000000000148e-03 2.689546000000000124e-03 1.905306000000000057e-03
1.608779999999999976e-03 2.852524999999999852e-03 3.168703000000000145e-04
7.455438000000000429e-04 2.798456999999999854e-03 1.615852999999999994e-03
4.224030999999999945e-04 1.394849999999999996e-03 9.331824999999999376e-05
2.969166000000000080e-03 1.800528000000000024e-03 1.653484999999999894e-03
1.343549000000000089e-03 1.998540000000000039e-03 1.960725999999999875e-03
2.242122000000000039e-03 2.713436000000000060e-03 2.476234999999999808e-03
2.593369999999999790e-03 4.216840000000000237e-04 2.524668999999999785e-03
2.727636999999999987e-04 6.623910000000000214e-04 1.332103000000000063e-03
3.654937999999999937e-04 9.876869999999998966e-04 2.653009999999999917e-03
2.310403999999999843e-03 2.927658000000000083e-03 2.582007999999999786e-03
2.793917999999999836e-03 1.938758999999999968e-03 8.151227999999999946e-04
1.233361000000000093e-03 2.831161000000000007e-03 1.963119000000000149e-03
7.611338000000000478e-04 1.905418000000000086e-03 9.450656000000000204e-04
1.016914999999999963e-03 1.842646999999999992e-03 8.938159000000000425e-04
1.165140000000000056e-03 5.103144999999999470e-04 1.425014999999999908e-04
1.266257999999999924e-03 1.004382000000000061e-03 9.779107000000000424e-04
5.920867000000000075e-06 8.131618000000000179e-04 2.120957000000000029e-04
7.586723999999999768e-04 8.846244000000000069e-04 6.105916000000000511e-04
2.777087000000000132e-03 1.218024000000000060e-03 1.349834999999999967e-03
6.979891000000000220e-04 6.448756999999999352e-05 5.033284999999999973e-04
2.509279000000000110e-03 1.696266000000000093e-03 1.208927000000000048e-03
1.137175999999999942e-03 8.127384999999999774e-04 1.891288999999999991e-03
1.515270999999999892e-03 1.259506000000000080e-03 2.813140999999999906e-03
2.787995000000000143e-03 2.568492000000000005e-05 5.420629999999999633e-04
2.536318000000000079e-03 2.159485999999999958e-03 5.394615000000000391e-04
7.552922999999999581e-04 6.719598000000000237e-04 1.033775999999999977e-04
2.493620000000000211e-03 9.265674000000000219e-04 2.637103000000000017e-03
1.313457999999999987e-03 2.594248999999999861e-03 1.920372999999999959e-03
8.105246999999999886e-04 2.185101000000000057e-03 2.846778999999999803e-03
2.167573999999999803e-03 1.861290000000000036e-03 1.451641000000000042e-03
2.119330999999999906e-03 5.031445000000000275e-04 2.282380000000000086e-03
2.192064999999999986e-03 6.567647999999999498e-04 1.716850999999999924e-03
1.770630000000000088e-04 2.711589999999999834e-03 4.355375000000000088e-04
1.124226999999999995e-03 1.479150999999999893e-04 2.566071000000000064e-03
8.237217000000000182e-05 5.929763999999999695e-04 1.515583000000000034e-03
1.960195999999999987e-03 1.704837999999999970e-03 2.569970000000000061e-05
2.528916999999999884e-03 1.068090999999999962e-03 4.696956999999999760e-04
2.850039999999999865e-03 4.588214999999999980e-04 1.244965999999999911e-03
7.445184999999999564e-04 2.719445000000000022e-03 1.068995000000000101e-03
2.933497000000000079e-04 3.261127000000000058e-04 1.649794000000000000e-03
2.809728000000000052e-03 1.250149000000000095e-03 1.752702999999999987e-03
1.539297999999999925e-03 1.572314999999999911e-03 1.875703999999999956e-03
1.854140999999999906e-03 1.830166000000000041e-03 3.727223000000000211e-04
1.154358000000000077e-03 1.902781000000000090e-03 2.019219999999999956e-03
5.423226000000000175e-04 2.202712999999999807e-03 1.838657000000000052e-03
1.818699999999999917e-03 1.761133000000000013e-03 9.238909000000000010e-04
2.276357000000000066e-04 1.476784999999999990e-03 2.452665000000000140e-03
2.220395000000000008e-03 1.597831999999999985e-03 2.802079999999999979e-04
2.259485999999999786e-03 7.074661000000000534e-04 2.590197000000000164e-05
9.388368000000000234e-04 1.717175000000000038e-03 8.328333999999999737e-04
1.745837999999999991e-03 2.957125000000000118e-03 1.578423000000000022e-03
1.875142999999999905e-03 1.410215999999999944e-03 1.091907000000000034e-03
1.862869000000000070e-03 2.397651000000000209e-03 1.764340000000000092e-03
1.272269999999999933e-04 2.138521999999999906e-03 5.706949999999999697e-04
3.077803000000000049e-04 1.966022999999999903e-03 2.100245000000000150e-03
2.295021999999999861e-03 1.539973999999999944e-03 2.091234999999999882e-03
5.819910000000000187e-04 2.944116000000000094e-03 8.149821000000000452e-04
2.125895000000000042e-03 2.231569000000000087e-03 2.775263999999999943e-03
1.714255999999999940e-03 2.558579999999999969e-03 4.314777999999999908e-04
1.801180000000000099e-03 2.617580999999999901e-04 5.955761000000000388e-04
2.034527999999999857e-03 2.926730000000000217e-03 2.536037000000000100e-03
1.429635999999999971e-03 2.466733000000000033e-03 7.238134999999999708e-04
1.801298999999999912e-03 7.169414999999999729e-04 2.133317000000000026e-03
2.839800999999999871e-03 2.704821000000000048e-03 7.795642000000000196e-04
2.502410999999999958e-03 1.669692000000000073e-04 8.605028000000000243e-04
1.602216000000000057e-03 2.894222000000000114e-03 1.227266999999999985e-03
1.501750000000000064e-06 1.368211000000000037e-03 1.140179000000000062e-03
6.487860000000000458e-04 1.457467999999999958e-03 1.744766000000000025e-03
1.448428000000000085e-03 2.950616000000000089e-03 1.377257999999999911e-03
7.008709000000000119e-04 6.124377999999999658e-05 2.374465000000000083e-03
7.621158000000000056e-04 1.599654000000000050e-03 2.770939000000000041e-03
2.386468000000000096e-03 2.224373999999999883e-03 1.338269999999999911e-03
5.016145000000000066e-04 1.556803999999999957e-03 2.395832999999999990e-03
2.585455999999999865e-03 1.963728000000000088e-03 2.470654000000000079e-04
7.615878999999999661e-04 4.778834000000000060e-05 2.800924000000000209e-03
2.362247999999999952e-03 1.024163000000000026e-03 1.103084999999999960e-03
1.383675999999999916e-03 7.379444999999999614e-05 2.382333999999999841e-03
2.840394999999999899e-03 2.845817999999999959e-03 1.103493999999999976e-04
3.526896000000000122e-05 2.977588000000000196e-03 6.258712999999999516e-04
2.334957999999999825e-03 1.729421999999999991e-03 1.364678999999999936e-03
1.272389000000000072e-03 4.708051000000000098e-04 1.779058000000000028e-03
2.156542999999999915e-03 1.438136999999999922e-03 1.526971999999999921e-03
1.391660999999999983e-03 6.905127000000000270e-04 1.272956999999999908e-03
2.299448999999999851e-03 4.487811999999999986e-04 1.942764999999999943e-03
2.416484999999999900e-03 1.923749999999999896e-03 7.898904000000000428e-04
1.631990000000000047e-03 1.677253000000000077e-03 7.049205000000000553e-05
9.147285999999999482e-04 2.663458000000000058e-03 2.074364999999999890e-03
5.090869000000000470e-04 1.577929000000000050e-03 7.521630999999999543e-04
1.152088000000000005e-04 1.261764999999999979e-03 1.166867000000000034e-03
1.876051000000000107e-03 1.834682000000000023e-03 9.580792999999999666e-05
2.059401000000000200e-03 3.521913999999999904e-04 7.280865999999999554e-04
2.843140999999999984e-03 6.113902999999999525e-04 5.901088000000000514e-04
1.593632999999999899e-03 1.815830999999999956e-03 1.007115999999999957e-03
5.372280999999999801e-04 5.366426999999999569e-04 1.338746000000000033e-03
1.573060999999999879e-05 2.750452000000000018e-03 1.527750999999999935e-03
1.501750000000000064e-06 6.383244999999999631e-04 2.716191000000000178e-03
1.641927999999999964e-03 2.687833000000000149e-03 4.718589000000000030e-04
2.883750000000000029e-03 1.572059999999999907e-03 1.131003000000000000e-03
1.857401000000000061e-03 1.924254999999999933e-03 7.959576000000000108e-04
9.701605999999999555e-04 3.354157000000000080e-04 2.200999999999999832e-03
1.902945000000000070e-03 2.136789999999999957e-03 5.759130999999999799e-04
1.409936000000000089e-03 2.884359999999999875e-03 3.920544999999999781e-04
1.143308999999999905e-03 8.561389000000000304e-05 1.755344000000000045e-03
1.551319999999999913e-03 4.168101000000000228e-04 2.292268000000000083e-03
6.592202000000000348e-04 1.473003000000000073e-03 1.431725000000000120e-04
3.102328000000000225e-04 2.191502000000000120e-03 2.782908000000000170e-03
2.626455000000000196e-03 5.045580000000000030e-04 4.682258000000000123e-04
1.094684999999999972e-03 2.658901999999999772e-04 2.065538999999999917e-03
2.446400999999999958e-03 1.070275999999999996e-03 1.673826000000000003e-03
6.787609999999999477e-04 2.232884999999999883e-04 2.263231000000000097e-03
1.969615999999999988e-03 2.484843999999999942e-03 1.815612999999999993e-03
1.442225000000000104e-03 1.846374000000000019e-04 6.165743999999999695e-04
1.055511000000000079e-03 7.643716000000000052e-04 2.974712999999999923e-03
2.046825999999999854e-03 2.175760000000000107e-03 8.031825000000000032e-04
2.815478000000000165e-03 1.811274999999999994e-03 8.770521000000000523e-04
4.334496999999999981e-04 5.683986000000000030e-04 1.888906000000000092e-03
1.566022999999999938e-03 8.261260999999999778e-04 7.078713999999999460e-05
9.527385999999999993e-05 8.803376000000000126e-04 7.041018999999999815e-05
2.474913999999999933e-03 2.325017999999999876e-03 2.386478999999999944e-03
1.832105000000000105e-03 2.602058999999999882e-03 5.724645999999999468e-04
4.196267000000000053e-04 1.351802999999999946e-03 2.978034000000000063e-03
1.983330000000000162e-03 1.642585999999999916e-03 1.777571999999999995e-04
2.541586000000000192e-03 1.747653000000000054e-03 2.363792999999999884e-03
2.985034000000000125e-03 3.321991999999999957e-04 3.082154999999999834e-04
1.083140999999999922e-03 6.172738000000000530e-04 7.722701999999999909e-04
1.003632999999999950e-04 2.810110000000000212e-03 2.119842999999999890e-04
4.734736999999999930e-04 2.857080000000000123e-03 2.004475999999999827e-03
2.107539000000000016e-04 5.837372999999999651e-04 4.749252000000000248e-04
1.172546999999999912e-03 2.510173000000000200e-04 1.830578999999999930e-03
2.393936000000000154e-03 1.364474000000000069e-03 1.755356000000000017e-03
1.263978000000000020e-03 1.464628000000000100e-04 2.860617000000000194e-03
2.635431000000000145e-03 9.831862000000000565e-05 2.707881000000000090e-03
5.119582000000000343e-04 1.258435999999999930e-03 4.124808999999999897e-04
2.027483000000000117e-04 8.909489000000000037e-04 1.090548000000000049e-04
1.867081999999999943e-03 4.156580000000000105e-04 1.542626999999999974e-03
2.680866000000000065e-03 1.631852000000000042e-04 2.711371000000000180e-03
2.461674000000000067e-03 1.170564000000000023e-03 2.164020999999999913e-03
2.602675999999999948e-03 1.890605000000000063e-03 1.460401999999999913e-04
8.570174999999999647e-05 2.392234000000000027e-03 2.415926000000000098e-03
6.681356999999999531e-04 2.698589999999999843e-03 1.227348999999999975e-03
2.098595999999999882e-03 2.548616999999999983e-03 1.143422999999999965e-03
8.008474999999999925e-04 2.870246999999999816e-03 1.121465999999999999e-03
1.403228999999999978e-03 1.242127999999999895e-03 3.754074999999999730e-04
2.946464000000000201e-03 2.976515999999999797e-03 1.078287999999999946e-03
8.144152000000000422e-04 2.137421999999999879e-04 1.999068000000000112e-03
1.558025999999999899e-03 8.900501000000000658e-05 2.287400000000000197e-03
2.342022999999999935e-03 2.682094999999999792e-03 2.935123999999999893e-03
3.666747000000000149e-04 8.944495000000000223e-04 1.209280999999999984e-03
3.530208999999999864e-04 2.503192999999999911e-03 1.472971000000000003e-03
1.954337999999999909e-03 2.965797999999999959e-03 1.350613000000000074e-03
1.653563999999999945e-03 3.147703000000000176e-04 4.448465999999999770e-04
2.413295000000000075e-05 1.436119000000000024e-03 6.051535999999999721e-04
1.013419999999999902e-03 4.726850000000000322e-05 1.928426000000000012e-03
2.335055999999999850e-03 2.579213999999999812e-03 1.884372999999999951e-03
4.434670000000000148e-04 1.113133999999999998e-03 2.638801999999999988e-03
4.668494000000000029e-04 1.749349999999999994e-03 1.617132000000000075e-03
2.620054000000000133e-03 8.153910000000000541e-04 8.481008000000000166e-04
2.860404999999999892e-03 2.725576999999999861e-03 4.799633000000000198e-04
2.085594999999999984e-03 9.687568000000000351e-04 1.516432999999999974e-03
1.727641000000000029e-03 2.780740999999999877e-04 4.401605999999999748e-04
2.274344000000000192e-03 4.616337999999999778e-04 9.831129999999999502e-05
1.501750000000000064e-06 1.019968000000000003e-03 2.729065000000000137e-03
1.495119999999999956e-03 8.119539000000000053e-04 5.251299999999999545e-04
2.332970000000000182e-03 1.496525999999999976e-03 1.223785000000000020e-03
1.903724000000000085e-03 1.340644999999999901e-03 2.441141000000000079e-04
6.342354999999999824e-04 1.293124000000000096e-03 1.145834999999999996e-03
1.462009999999999916e-03 2.008709999999999923e-03 1.622530000000000066e-03
1.283366999999999939e-04 1.541665999999999913e-03 1.243839000000000056e-03
2.784214000000000133e-03 2.404653999999999993e-03 2.170273999999999814e-03
2.093258000000000076e-04 1.334733999999999964e-03 1.881705000000000010e-03
6.464946999999999751e-04 2.386095999999999877e-03 2.827795000000000135e-03
2.800300999999999832e-03 5.149838999999999806e-04 1.402738000000000053e-04
1.303488999999999906e-03 8.879905999999999477e-04 2.566569999999999789e-04
1.088684999999999962e-04 1.348114000000000083e-03 2.707418999999999971e-03
2.604973999999999918e-03 2.793284999999999952e-03 1.515360000000000101e-03
3.041003999999999929e-04 2.941215999999999969e-03 2.275782000000000065e-03
1.971797999999999867e-03 2.974721999999999957e-03 2.019439999999999950e-03
6.765277999999999570e-05 6.748324000000000206e-04 2.016842000000000027e-03
1.437825999999999904e-03 3.446557999999999740e-04 2.624317000000000143e-03
2.291651999999999925e-04 1.753641000000000011e-03 2.717743999999999802e-03
2.349893000000000034e-03 1.130890999999999971e-03 2.861484000000000076e-03
8.133237000000000409e-04 1.988287000000000040e-03 7.339732999999999544e-04
1.969339000000000072e-03 2.148889000000000181e-03 1.061782999999999954e-03
1.427689999999999905e-03 2.858289999999999876e-03 2.025699000000000163e-03
2.011207000000000099e-03 2.977009000000000079e-03 1.686704999999999932e-03
1.100541999999999927e-03 7.763577000000000021e-04 1.648890999999999985e-03
1.912099999999999911e-03 1.478338999999999955e-03 1.064489999999999967e-03
6.590793000000000172e-04 4.465889000000000230e-04 2.161151000000000044e-03
2.708453999999999896e-03 8.059398999999999643e-04 2.004534000000000090e-03
1.215783999999999919e-03 7.883613000000000036e-04 1.257616000000000029e-03
7.277514000000000335e-04 3.659458000000000090e-04 1.440117000000000090e-03
9.191011000000000016e-04 1.732481000000000125e-04 2.623153999999999937e-03
3.001998000000000080e-03 6.270254999999999752e-04 2.698177999999999834e-05
1.769030999999999902e-03 6.610967000000000362e-04 2.501530000000000073e-03
5.618719000000000100e-04 1.537018999999999929e-03 5.111515000000000069e-04
8.712492000000000066e-04 3.159751000000000031e-04 9.808647999999999673e-04
7.024881999999999871e-04 1.467566999999999917e-03 1.630687999999999929e-03
4.400210000000000211e-04 7.618928999999999979e-04 1.497297999999999988e-03
2.470077000000000210e-03 8.625182000000000118e-04 1.753233999999999999e-03
3.429961000000000143e-04 6.529876000000000430e-04 2.962676999999999932e-03
7.887655000000000360e-04 2.127675999999999786e-03 2.553924999999999858e-03
1.870483000000000041e-03 5.742279000000000523e-04 1.833933000000000047e-03
2.223655000000000163e-03 5.691599000000000528e-04 1.497522999999999953e-03
6.859454000000000072e-04 2.213792999999999924e-03 2.927049000000000035e-04
3.201565999999999765e-04 9.168569999999999531e-05 2.690305000000000040e-03
2.689634000000000209e-03 1.393064000000000064e-03 2.296043000000000216e-03
1.432639000000000091e-03 5.151067000000000059e-04 2.689987000000000020e-03
7.344184999999999819e-04 2.672554000000000162e-03 1.271074999999999983e-03
2.150476000000000124e-03 7.899863000000000024e-04 6.328927999999999724e-04
1.578345000000000095e-03 2.931714000000000195e-03 6.190938000000000593e-05
2.664292999999999870e-03 1.351275000000000035e-04 2.455927000000000110e-03
1.930955999999999948e-03 7.703833000000000208e-04 2.521868000000000026e-03
1.111573999999999939e-03 4.223993999999999796e-04 1.836249999999999992e-03
3.694633999999999836e-05 5.755523000000000290e-05 4.039630000000000217e-04
2.190647999999999901e-03 2.483864000000000124e-03 2.746312000000000210e-04
2.289540000000000065e-03 2.511327000000000020e-05 2.400698000000000155e-03
1.570428999999999922e-03 2.770555999999999974e-03 1.808743999999999933e-03
1.440501000000000064e-03 1.392517999999999924e-03 1.341708000000000050e-03
5.744329999999999939e-05 5.901263999999999815e-04 1.776437000000000068e-03
2.863833999999999998e-03 2.713720000000000195e-03 2.085646000000000028e-03
1.281165000000000125e-04 1.968798999999999810e-03 2.089188999999999977e-03
5.756197000000000006e-04 2.287079999999999929e-03 7.943635999999999579e-04
1.220584999999999943e-03 1.372001999999999987e-03 2.938047000000000054e-03
2.310092000000000135e-03 2.478051000000000212e-03 1.304091999999999914e-04
1.286136999999999914e-03 1.941419999999999908e-03 9.835605000000000302e-04
1.250459999999999950e-04 1.785467000000000000e-03 2.938924999999999784e-03
8.445823999999999996e-04 1.525469000000000000e-03 8.118869000000000346e-04
1.350976999999999950e-03 3.460183999999999938e-04 6.692417000000000201e-04
2.572847999999999975e-03 1.287395999999999896e-03 9.180713000000000068e-04
5.193767000000000175e-04 2.039346000000000041e-03 1.693920999999999871e-04
1.189211999999999957e-04 1.890940999999999933e-03 1.768468000000000036e-03
5.400096000000000280e-04 2.242872999999999829e-03 1.716422999999999907e-03
8.790277000000000203e-04 4.715195000000000042e-04 7.995134000000000420e-05
2.811245999999999884e-03 2.429801000000000096e-03 1.494597999999999977e-03
2.686729000000000114e-03 2.148922000000000158e-03 1.494181999999999932e-03
1.596467000000000068e-03 1.923851999999999984e-03 1.495323000000000008e-03
1.588173000000000015e-03 2.977669000000000062e-03 1.782752999999999985e-03
1.075283000000000011e-03 6.697505000000000515e-04 2.577032999999999841e-03
1.894031999999999921e-03 5.280200999999999558e-04 4.655857999999999698e-05
2.566442999999999849e-03 2.159485999999999958e-03 1.677707000000000070e-03
1.153326000000000009e-04 1.839371000000000018e-03 5.652588999999999964e-04
2.626273000000000149e-03 2.949406999999999810e-03 2.112853999999999947e-03
1.005423000000000081e-03 1.583718000000000018e-03 1.722505000000000043e-03
2.485612999999999798e-03 1.179556000000000007e-03 5.700535000000000064e-04
2.864058000000000055e-03 1.938313000000000102e-03 1.226602999999999938e-03
4.547937999999999959e-04 2.467268999999999799e-03 1.466819000000000065e-03
2.482310000000000159e-03 6.136155000000000342e-04 2.008563000000000102e-03
1.141117999999999993e-03 1.024894999999999951e-04 1.107095999999999905e-03
6.411805999999999712e-04 1.016853000000000071e-03 2.174133999999999876e-03
1.412141000000000004e-03 7.745939000000000513e-05 4.356570000000000201e-05
1.229709999999999961e-03 9.749675999999999655e-04 1.112092999999999979e-03
4.733855999999999828e-04 2.740910000000000048e-03 1.895816999999999945e-03
1.626393999999999973e-03 1.729768999999999925e-03 8.152020000000000056e-04
2.938225000000000038e-03 2.392529999999999917e-03 2.246547999999999959e-04
2.298505999999999911e-04 7.791671999999999487e-04 1.539564999999999901e-03
5.035000000000000413e-04 2.252277000000000012e-03 8.280590999999999473e-04
1.717376999999999966e-03 4.002147999999999752e-04 2.959144000000000141e-04
1.046094000000000017e-03 7.372995000000000243e-04 2.407139999999999887e-03
7.180644999999999823e-04 2.497000999999999995e-03 2.877395000000000256e-04
1.332220999999999969e-03 1.716082999999999975e-03 1.279989000000000040e-03
2.425235999999999885e-03 2.503416000000000061e-03 9.004988999999999919e-04
3.814145000000000122e-04 2.961481000000000183e-03 2.148933000000000006e-03
1.930387999999999896e-03 2.822672999999999936e-03 2.977753999999999991e-03
1.977631000000000094e-03 2.050937000000000072e-03 1.355925000000000012e-03
1.481878999999999965e-03 2.965096999999999872e-03 1.637519999999999948e-03
2.766969000000000199e-03 7.877316000000000526e-04 2.046558999999999878e-03
1.049419000000000003e-03 2.197563000000000034e-03 5.461761999999999563e-04
2.381202999999999976e-04 2.449724999999999819e-03 9.385862000000000024e-04
1.477751999999999928e-03 3.809457000000000143e-04 2.132455000000000114e-03
2.665896000000000064e-03 9.873147000000000086e-04 7.744461999999999917e-04
1.344120999999999988e-03 2.548995999999999879e-05 2.878934000000000094e-03
9.024048999999999699e-04 2.978082999999999859e-03 1.735992999999999911e-03
2.310332999999999918e-03 3.454352000000000025e-05 2.978326999999999797e-03
1.011720000000000024e-03 1.149887000000000045e-03 7.071407000000000040e-04
3.863711000000000250e-04 1.642273999999999991e-03 2.233101999999999830e-03
2.158824000000000159e-03 2.346522000000000191e-03 2.792628000000000124e-03
4.397822000000000124e-04 1.806600000000000003e-03 1.622635000000000093e-03
1.874357000000000106e-03 6.494631000000000058e-04 1.690691000000000025e-03
1.009977000000000010e-03 1.543829000000000035e-03 8.797462000000000034e-04
1.621859999999999925e-03 9.065596000000000201e-04 5.661651000000000183e-04
2.933236999999999997e-03 1.642283999999999931e-03 1.225098999999999893e-03
1.499805000000000105e-03 1.841568000000000024e-03 4.831626000000000215e-04
2.567962000000000022e-03 9.686256999999999983e-04 7.406002999999999978e-04
1.002726999999999997e-04 1.481780000000000033e-03 1.068298999999999985e-03
2.028122000000000095e-04 2.864844000000000071e-03 1.534009000000000024e-03
4.212775000000000200e-04 3.601195999999999732e-05 5.033754000000000527e-04
5.577565000000000257e-04 2.843669000000000058e-03 8.023369000000000464e-04
9.619760000000000203e-04 3.117339000000000004e-04 7.560363999999999973e-04
1.699678999999999947e-03 2.781095000000000247e-04 2.335223999999999894e-03
2.846352000000000018e-04 7.568520000000000239e-04 2.856298000000000170e-03
1.602457000000000057e-03 9.837546000000000831e-04 7.470496999999999771e-04
1.686475999999999904e-03 1.707479000000000028e-03 1.988513999999999820e-03
1.801347000000000018e-03 2.278675999999999879e-03 1.130332000000000006e-04
2.629569000000000004e-03 1.587405000000000066e-03 6.881126999999999415e-05
2.268777000000000033e-03 2.099416000000000216e-03 2.619609000000000174e-03
1.432370999999999991e-03 1.428091000000000039e-03 2.511041000000000206e-04
1.244698000000000028e-03 2.951889999999999983e-03 1.612532999999999979e-03
1.559016999999999998e-03 9.072417999999999845e-04 2.871228999999999882e-04
1.963353000000000147e-03 2.650472000000000071e-03 9.386832000000000118e-04
5.515491999999999877e-04 9.176654000000000451e-04 1.493235999999999999e-03
9.413256000000000054e-04 1.581394999999999980e-03 1.380191000000000013e-03
1.370888999999999918e-03 2.248798000000000203e-03 2.354000000000000190e-03
8.160147000000000190e-04 2.536538000000000074e-03 9.721022999999999643e-04
1.032104000000000051e-03 1.647114000000000087e-03 1.837145000000000097e-03
2.677732999999999849e-03 1.871580999999999982e-03 1.047476000000000093e-03
2.521046999999999785e-03 1.775366999999999917e-03 1.005961000000000095e-03
2.909104999999999937e-03 1.087763000000000055e-03 8.598543999999999849e-04
2.945142999999999893e-03 7.288614999999999807e-04 4.617913000000000183e-04
2.595530999999999880e-03 2.111014999999999940e-03 6.507016999999999706e-04
3.249417999999999794e-04 1.198384999999999945e-04 2.050464000000000106e-03
1.686369999999999970e-03 1.851598000000000089e-04 1.533691000000000004e-03
1.728907999999999921e-03 2.241003999999999999e-03 2.497608000000000120e-03
1.948305000000000002e-03 2.248553999999999831e-03 2.225804000000000064e-03
2.269063999999999890e-03 7.354624000000000144e-04 4.735690000000000190e-04
1.040817999999999995e-03 1.507459999999999963e-03 2.792418999999999978e-03
1.918002000000000032e-03 2.707234000000000203e-03 1.747000999999999979e-03
5.272176999999999853e-04 2.169280999999999900e-03 2.226717000000000019e-03
2.463938000000000152e-03 2.909165000000000015e-03 1.746776999999999922e-03
1.182298000000000029e-03 2.070927000000000184e-03 7.855617999999999976e-04
2.074353000000000134e-03 2.929931000000000202e-03 6.592730999999999678e-04
2.369669000000000029e-04 1.746181999999999986e-03 1.887854000000000008e-03
2.732178999999999944e-03 1.564854000000000071e-03 2.969202000000000213e-03
2.988512999999999933e-03 2.737073000000000023e-03 2.321736000000000025e-03
2.869146999999999843e-03 7.148029999999999662e-04 2.950883000000000065e-03
2.303654000000000032e-03 9.540892999999999726e-04 1.752073000000000042e-03
1.580468999999999928e-03 1.680122999999999946e-03 2.582026000000000137e-05
2.691843000000000187e-03 2.494417999999999982e-03 2.122447999999999869e-03
2.270098999999999815e-03 2.961947999999999838e-03 2.757182999999999856e-03
2.200571000000000124e-03 1.614449000000000006e-03 3.738325000000000160e-05
2.755257000000000105e-03 1.165194999999999946e-03 6.410889000000000344e-04
6.743550999999999972e-04 2.743710999999999806e-03 2.212146999999999811e-03
2.950519999999999879e-03 2.902080000000000024e-03 9.844045999999999092e-04
1.670131000000000046e-03 2.034292000000000045e-03 7.486524999999999951e-04
2.785366000000000057e-03 1.583385000000000088e-03 1.931950999999999894e-03
2.701648000000000070e-03 3.000495999999999876e-05 3.281206000000000107e-05
2.248168999999999949e-03 8.095090999999999572e-04 1.575503999999999924e-03
1.241939999999999971e-03 5.816811999999999764e-04 1.362088999999999921e-03
1.326804999999999912e-03 4.824334000000000218e-04 1.515637000000000017e-03
9.292355000000000244e-05 1.725081000000000054e-03 2.927019999999999796e-03
1.422232000000000053e-03 1.026154999999999949e-03 6.593458999999999648e-04
4.245642000000000101e-04 1.536926999999999998e-03 9.124330999999999631e-04
5.874558000000000210e-04 2.596100000000000057e-03 2.943980000000000121e-03
3.610169999999999894e-04 2.797275000000000109e-03 1.728904999999999982e-03
1.345538000000000073e-03 1.646932999999999947e-03 2.139856999999999784e-03
3.501105999999999815e-04 2.083618000000000189e-03 5.300463000000000483e-04
2.319835000000000126e-03 1.399601000000000100e-03 1.245166999999999932e-03
2.526633999999999824e-03 7.481661000000000127e-04 2.666715000000000058e-03
2.575281000000000011e-03 1.220647000000000051e-03 5.356475000000000515e-04
2.308192000000000143e-03 6.819572999999999564e-04 2.262914999999999892e-03
5.551168999999999841e-05 1.983874999999999961e-03 2.497407000000000099e-03
6.292357000000000375e-04 6.986924000000000259e-04 2.232677000000000186e-03
2.064732000000000112e-03 4.325339999999999892e-04 1.079613000000000100e-03
2.331759000000000089e-03 2.955217000000000000e-03 2.960585999999999860e-03
2.854848999999999880e-05 1.509053000000000000e-03 1.293363999999999972e-03
2.734850000000000041e-03 1.790878000000000034e-04 8.275532000000000374e-04
5.206268000000000007e-04 8.597465000000000532e-04 2.071505999999999868e-03
9.356924000000000404e-04 1.881224999999999933e-04 2.795390000000000028e-03
2.844109999999999954e-03 1.155348999999999959e-03 1.290368999999999978e-03
6.126839999999999500e-04 2.479558000000000196e-03 1.957347999999999814e-03
2.839528000000000017e-03 5.983100000000000094e-04 9.384878999999999834e-04
2.902410000000000016e-04 8.542966000000000362e-04 5.785229999999999496e-04
1.100891999999999962e-04 2.441496999999999938e-03 7.688350999999999736e-05
1.384582999999999994e-03 1.920244999999999895e-03 9.916995999999999537e-04
2.181927000000000172e-03 2.943460000000000173e-03 2.366969000000000017e-03
3.793565000000000262e-04 3.715306000000000034e-04 2.663538000000000017e-03
2.962559000000000243e-04 2.238852999999999850e-03 5.800304000000000294e-05
2.213225999999999941e-04 1.264443000000000077e-03 3.677654000000000144e-04
1.011139000000000092e-03 2.659811000000000206e-03 1.235942999999999981e-03
1.719585999999999944e-03 9.658400999999999618e-04 3.664569999999999915e-04
1.097335999999999971e-03 2.540574999999999981e-05 2.722313000000000077e-03
1.843213999999999920e-03 5.365794999999999810e-04 9.357245999999999619e-04
2.085816999999999793e-03 1.989615000000000133e-03 1.261169999999999989e-04
6.898098999999999767e-04 2.877409000000000151e-04 2.037722999999999965e-03
6.266674000000000506e-04 8.692119999999999578e-04 2.503660999999999907e-03
1.092410999999999946e-03 2.355692999999999850e-03 1.788822999999999932e-03
2.641904999999999948e-03 1.458740999999999944e-03 2.585983000000000032e-03
1.242301000000000017e-04 1.220883000000000081e-03 1.259951999999999947e-03
9.231585000000000485e-04 7.851846999999999906e-04 1.433927999999999895e-03
2.477856999999999976e-03 2.902870000000000103e-03 9.110013999999999612e-04
7.854712000000000022e-04 1.227206999999999907e-03 1.972048000000000117e-03
1.539641000000000013e-03 2.361990999999999917e-03 1.350840999999999978e-03
9.660633999999999975e-05 2.776915999999999933e-03 1.499768999999999972e-03
1.024163000000000026e-03 7.889785000000000287e-04 9.682027999999999858e-04
7.422346999999999495e-04 2.428928999999999810e-03 2.930641999999999796e-03
2.350467000000000181e-03 1.345538000000000073e-03 7.644492000000000127e-04
2.412752000000000212e-03 2.658760000000000030e-03 2.930031999999999949e-03
8.812915999999999632e-04 2.926910000000000015e-03 9.593534999999999823e-04
2.641726999999999964e-03 2.929914000000000043e-03 1.175627999999999959e-03
1.947769999999999927e-03 1.911837999999999906e-03 7.729342000000000374e-04
4.256859000000000099e-04 1.104733000000000104e-03 2.238600999999999785e-03
1.211361999999999899e-03 1.460558000000000039e-03 3.549067999999999949e-04
4.515934999999999784e-04 8.924134000000000504e-05 2.659025999999999773e-04
1.492715000000000090e-04 1.023445999999999904e-03 9.778461999999999484e-04
8.058406000000000379e-04 1.938856000000000086e-03 6.634033000000000117e-04
1.543298000000000076e-04 2.587808999999999943e-03 2.810111000000000119e-03
1.456232999999999920e-03 1.169773000000000037e-03 2.846445999999999872e-03
2.333749999999999887e-03 9.288046999999999742e-05 4.565619999999999835e-04
2.091691000000000123e-03 8.248024999999999758e-04 2.267000999999999825e-03
4.641560000000000195e-04 6.175481000000000243e-04 2.069248000000000094e-03
2.312395000000000075e-04 2.557883999999999852e-03 2.350538000000000106e-03
2.141200999999999966e-04 2.587865999999999864e-03 2.851394000000000151e-03
1.322940000000000097e-03 1.722650999999999957e-03 2.055569000000000146e-03
2.975216000000000145e-03 5.929658999999999668e-04 1.812276999999999942e-03
5.942674000000000085e-05 2.960383000000000025e-03 2.924035000000000176e-03
2.802616000000000070e-04 2.914747999999999992e-03 2.723839000000000034e-03
1.501750000000000064e-06 7.734012000000000178e-04 2.468847000000000142e-03
3.001998000000000080e-03 1.424266999999999894e-03 1.235172000000000093e-03
3.001998000000000080e-03 7.734012000000000178e-04 2.497225000000000052e-03
1.501750000000000064e-06 8.452312999999999927e-04 1.538494000000000059e-03
7.582332999999999695e-04 1.019560000000000084e-03 2.028920000000000029e-03
2.782441999999999988e-03 5.302266999999999831e-04 2.785418999999999916e-03
2.876308000000000163e-03 1.458188000000000019e-03 6.231770999999999665e-04
2.019910000000000195e-03 2.145721000000000173e-03 8.746790999999999854e-04
4.422474000000000240e-04 5.598419999999999569e-04 2.717213000000000007e-03
2.976963000000000005e-03 1.554665999999999904e-03 4.605782000000000214e-04
3.950865000000000128e-04 1.169813999999999923e-03 2.323477000000000008e-03
7.194855000000000217e-04 1.220911999999999996e-03 2.803456000000000177e-03
2.615101999999999791e-03 1.587022999999999906e-03 2.098172000000000145e-03
2.133144999999999920e-03 2.791750999999999868e-03 1.118803999999999936e-03
1.501750000000000064e-06 2.549923999999999745e-04 2.456654999999999863e-03
6.674636999999999975e-04 2.978245000000000024e-03 2.677990999999999792e-03
2.278295999999999967e-03 1.402699000000000090e-03 3.478468000000000185e-04
2.269829000000000117e-03 3.285400999999999751e-04 1.155521000000000065e-03
5.490968999999999841e-04 1.306492000000000027e-03 2.659882000000000132e-03
2.887157999999999912e-03 1.065757000000000076e-03 5.507669999999999667e-04
5.782521000000000536e-04 2.444101999999999863e-04 2.205078999999999980e-03
5.709654000000000069e-05 1.542877000000000007e-03 2.924284999999999992e-03
1.681989999999999961e-03 3.288621999999999834e-04 6.053347999999999628e-04
1.473293000000000085e-03 1.857666999999999912e-03 7.709674999999999601e-04
2.043702000000000105e-03 2.598451999999999793e-03 1.295790999999999913e-03
1.034346000000000007e-03 1.238380999999999987e-03 4.931199999999999950e-04
2.362328999999999818e-03 2.320873000000000207e-03 2.864245999999999980e-03
1.410868000000000018e-03 1.299638000000000095e-03 1.646993000000000025e-03
2.133611000000000101e-03 7.284354999999999953e-04 7.727396999999999565e-04
1.117972999999999970e-03 1.414405000000000089e-03 5.877363999999999722e-04
2.427906999999999982e-03 2.478563999999999941e-03 6.824593999999999799e-04
2.573400999999999900e-03 9.025536999999999709e-04 3.350410999999999862e-04
1.779442999999999910e-03 1.200029000000000026e-03 1.939123999999999969e-03
2.288637000000000050e-03 5.448227999999999838e-04 4.307234999999999970e-04
5.294337999999999995e-04 2.181564999999999893e-03 7.858706000000000242e-05
3.198224000000000162e-04 2.746839000000000051e-03 1.665774000000000074e-03
2.380263999999999991e-03 7.213376999999999767e-04 1.200834000000000016e-03
8.876603999999999961e-04 1.875705999999999988e-03 5.808996999999999772e-04
2.822126999999999795e-03 1.282937999999999960e-03 6.018644000000000511e-04
2.394449999999999790e-03 4.584171000000000057e-04 2.130147000000000203e-03
1.935949999999999921e-04 1.599507000000000012e-03 8.148212999999999637e-04
2.702849999999999914e-04 1.907779000000000072e-03 5.626237999999999986e-04
1.097344000000000097e-03 1.127082999999999997e-04 1.856000000000000011e-03
2.364924999999999927e-04 2.131547000000000129e-03 1.233499000000000097e-03
6.293622000000000235e-04 2.731083000000000035e-03 7.489448000000000329e-04
2.094659000000000017e-03 1.410014999999999923e-03 1.662154000000000105e-03
2.167141999999999940e-03 2.897151000000000153e-03 2.117436999999999792e-03
2.124296999999999817e-03 1.917113999999999928e-03 1.536025000000000107e-03
2.403724999999999785e-03 3.708715999999999814e-04 1.161949000000000011e-04
1.730951000000000104e-03 1.947556999999999934e-03 6.658938000000000313e-04
3.821178999999999960e-04 4.854389999999999985e-04 2.728012000000000145e-03
1.529647999999999989e-03 2.681634999999999922e-03 1.498776999999999965e-03
6.059474000000000457e-04 1.637893000000000075e-03 8.847141999999999463e-04
1.957341000000000029e-03 2.560690999999999922e-03 1.651251999999999972e-03
1.751975000000000017e-03 1.446393000000000028e-03 1.754360000000000056e-04
2.419199999999999823e-03 2.632620000000000012e-03 2.687708000000000024e-03
2.815774000000000055e-03 1.977688000000000015e-03 1.314042000000000075e-03
2.566939999999999855e-05 1.767282000000000011e-03 3.291581999999999820e-04
9.087753000000000064e-04 2.843169999999999899e-03 2.185195999999999927e-03
2.542225999999999861e-03 2.281099999999999881e-03 2.929562000000000138e-03
1.501750000000000064e-06 2.809143999999999964e-03 2.161085999999999997e-03
1.786395999999999991e-03 2.939208000000000012e-03 1.509654000000000031e-03
1.296669000000000077e-03 2.979059000000000047e-03 2.437510999999999844e-03
1.322234000000000039e-03 9.801295999999999273e-04 1.206479000000000102e-03
9.693349999999999883e-04 1.145666999999999953e-03 2.948328999999999967e-03
1.428213999999999916e-03 1.620398000000000107e-03 2.367498999999999906e-03
2.236212999999999916e-03 7.231492999999999645e-04 1.583386999999999902e-03
5.182871000000000136e-04 8.844548999999999944e-04 2.311071000000000045e-03
2.416096999999999863e-03 2.577877000000000120e-03 2.600092000000000028e-03
2.935693999999999977e-03 1.357612000000000011e-03 2.851826000000000014e-03
1.833247999999999996e-03 2.380273000000000024e-03 3.563384999999999968e-04
1.977627999999999938e-03 1.758928000000000097e-03 2.089843999999999990e-03
2.511549000000000073e-03 1.568900999999999933e-03 1.885341999999999921e-03
1.467203000000000040e-03 1.368602000000000013e-03 2.335018999999999810e-03
2.878700000000000096e-03 5.804782000000000084e-04 1.586465999999999918e-03
1.029451999999999928e-03 1.857855999999999961e-03 3.224848999999999793e-04
3.527313999999999818e-04 2.680422999999999920e-03 1.278861999999999968e-03
2.552945000000000041e-03 7.868868999999999690e-04 8.799953999999999806e-04
1.718626000000000008e-03 1.182632999999999992e-03 1.306552999999999957e-04
1.067156000000000094e-03 1.794486999999999992e-03 2.177587999999999995e-04
2.262900999999999888e-03 2.458085000000000044e-03 2.645254000000000095e-03
2.997348999999999847e-03 6.985264000000000143e-04 4.099153999999999819e-04
1.501750000000000064e-06 8.838503000000000375e-04 1.120275000000000003e-03
3.001998000000000080e-03 8.317023000000000211e-04 1.322983999999999922e-03
2.423509999999999814e-03 9.524442999999999842e-04 2.123980999999999883e-04
2.376065000000000121e-03 1.627126000000000006e-03 4.508253999999999680e-05
6.633798999999999469e-04 9.774886000000000859e-04 2.262956999999999903e-03
1.641913000000000053e-03 2.444023000000000029e-03 2.947294999999999950e-03
7.024848000000000203e-04 4.120735999999999843e-04 6.510962999999999820e-04
1.788606000000000093e-03 1.105318000000000099e-03 2.546997999999999970e-03
1.098025999999999993e-03 1.398460999999999932e-03 7.134729000000000244e-04
1.040712999999999968e-03 2.623053000000000190e-03 2.095771000000000179e-03
3.493362000000000181e-04 9.048772999999999973e-04 2.055065999999999924e-03
1.425365000000000052e-03 2.235552999999999933e-03 2.082819000000000077e-03
2.079023000000000156e-03 1.952305000000000099e-03 1.293735000000000067e-03
1.187476999999999934e-03 4.368882000000000229e-05 6.380379000000000259e-04
1.032893999999999913e-03 9.449645999999999480e-04 1.746032000000000009e-03
1.733692000000000002e-03 1.911982999999999912e-03 1.578250999999999916e-03
2.285352999999999950e-03 1.520561000000000026e-04 2.049049999999999906e-04
1.366889000000000038e-03 2.763492000000000205e-03 2.959617999999999798e-03
3.502339000000000147e-04 2.419193999999999945e-03 2.064751999999999994e-03
1.501750000000000064e-06 1.405608000000000031e-03 2.323033999999999863e-03
6.577325000000000185e-04 5.511421999999999762e-04 2.300528000000000008e-05
1.687937000000000031e-03 2.979533999999999828e-03 9.021408000000000075e-04
1.846804000000000067e-03 2.431336999999999995e-03 2.396619000000000033e-05
5.777323999999999914e-04 1.606409000000000049e-03 2.980131000000000013e-03
2.124976000000000208e-03 2.980240999999999793e-03 1.701760000000000078e-03
8.172636999999999523e-04 5.860696000000000308e-04 1.393808000000000069e-03
2.904172999999999911e-03 6.256527000000000008e-04 4.458153000000000072e-04
1.318754000000000107e-03 2.961091999999999804e-03 9.830488000000000941e-04
1.907538999999999979e-03 2.732576000000000015e-03 2.762739000000000167e-03
2.333177999999999988e-03 2.057301000000000095e-03 2.083532999999999826e-03
2.033338999999999893e-03 2.878861999999999827e-03 1.070547999999999942e-03
8.855198999999999579e-04 3.314767999999999838e-04 2.181456000000000020e-03
1.295911999999999975e-03 1.763269000000000034e-03 2.204577999999999952e-04
2.023820999999999867e-03 6.746022000000000173e-04 2.410074999999999804e-03
3.310947000000000065e-04 2.896670000000000061e-03 1.979275999999999865e-03
1.950160000000000044e-03 3.671381000000000145e-04 7.559939999999999586e-04
1.430230999999999907e-03 1.314031000000000010e-03 2.379624999999999796e-03
2.752881999999999899e-03 1.451287000000000106e-03 2.184492000000000118e-03
2.740685000000000083e-03 4.054596999999999900e-05 6.372377999999999723e-04
2.080829000000000185e-03 1.252250000000000108e-03 2.737479000000000127e-03
6.684767000000000096e-04 7.963023999999999537e-04 1.352799999999999923e-03
2.442667999999999836e-03 2.547129999999999880e-03 5.116314000000000495e-04
2.147592000000000088e-04 8.653026999999999984e-04 2.744247000000000006e-03
2.607934000000000120e-03 9.034572999999999736e-04 2.653110000000000190e-03
1.926481999999999977e-03 2.026026000000000107e-04 1.997144000000000176e-03
1.916525000000000086e-03 5.484347000000000093e-04 2.179935000000000032e-03
2.018374000000000134e-04 1.061305999999999925e-03 2.707605000000000081e-03
2.722579000000000145e-03 1.770288999999999977e-03 1.941124000000000018e-03
2.767727000000000208e-03 2.604004000000000041e-03 2.748172000000000115e-03
1.875680000000000012e-03 9.686233000000000473e-04 2.499612000000000014e-03
3.285426000000000145e-04 2.463032999999999889e-03 2.966639000000000082e-03
7.490625999999999795e-04 1.040635999999999948e-03 8.614078999999999963e-04
2.684184000000000049e-03 2.245399999999999827e-03 2.806976999999999996e-03
3.688016999999999760e-05 1.188433000000000024e-03 2.012639000000000095e-03
3.020613999999999808e-04 4.151518999999999782e-04 1.451608000000000065e-03
5.542687999999999608e-04 9.918522999999999836e-04 8.001588999999999327e-05
2.001262000000000180e-03 1.894354000000000003e-03 3.552407999999999955e-04
2.845616000000000031e-03 1.588518000000000026e-04 2.805083999999999789e-03
1.472912000000000049e-03 1.530282999999999904e-03 2.848765000000000065e-03
2.388284000000000121e-04 1.891298000000000024e-03 2.420790999999999828e-03
1.150748999999999956e-03 1.439219000000000045e-03 8.897389999999999596e-04
8.630448000000000416e-04 2.422006999999999893e-03 2.386843000000000038e-03
3.465205000000000173e-04 2.948365000000000100e-03 2.980857999999999858e-03
1.528943000000000055e-03 2.368569999999999964e-03 4.582990999999999909e-04
1.815140000000000026e-03 2.980135000000000076e-03 1.663968999999999952e-03
2.757396999999999973e-03 2.301608000000000004e-05 2.216289000000000193e-03
3.048026999999999811e-04 2.751369000000000037e-03 2.612129999999999834e-03
5.688693000000000525e-04 2.246795000000000216e-03 2.267144000000000017e-03
2.254599999999999833e-03 1.013910000000000028e-03 4.054425000000000064e-04
4.425519999999999736e-04 2.415439000000000128e-03 2.073489999999999882e-03
2.868513999999999960e-03 5.247131999999999621e-04 2.269433999999999861e-03
1.374292999999999956e-03 2.908837000000000055e-03 1.440447999999999989e-03
1.524198999999999953e-03 2.461676999999999789e-03 2.610416999999999859e-03
3.437097999999999868e-04 2.169124000000000139e-03 1.416982999999999914e-03
1.250143000000000001e-03 2.678823999999999789e-03 8.963804000000000346e-04
1.324169000000000040e-03 2.289962999999999894e-03 4.400068000000000035e-04
4.099673999999999875e-04 1.123136000000000056e-03 2.803578000000000146e-03
2.581316000000000166e-03 2.225623999999999832e-03 1.067432000000000103e-03
1.505679999999999909e-03 1.955006999999999925e-03 2.785773999999999976e-03
2.768323000000000051e-03 1.245304000000000029e-03 2.414607000000000038e-03
2.179405000000000144e-03 2.546488999999999871e-03 1.143020000000000017e-03
6.325881999999999686e-04 1.231405000000000086e-03 1.532830000000000000e-03
4.277484999999999924e-04 2.937456000000000182e-03 1.974331000000000176e-03
1.540829999999999977e-03 2.211606000000000075e-03 2.658067000000000069e-03
2.664341000000000192e-03 2.495938999999999970e-03 1.921436000000000107e-03
1.561520000000000052e-04 2.884867000000000160e-03 2.226080000000000073e-03
1.295740999999999993e-03 1.811080000000000068e-03 1.008619000000000095e-03
1.176877999999999909e-03 2.312959999999999959e-05 4.340133000000000142e-04
2.521058999999999974e-03 2.853815999999999905e-03 1.878447000000000103e-03
2.872642999999999811e-03 1.433672999999999892e-03 2.152475999999999955e-03
1.140179999999999970e-03 1.229887999999999945e-03 1.331483999999999966e-03
6.774940999999999819e-04 2.542458999999999952e-03 7.737808000000000099e-04
1.887208999999999935e-03 1.340363999999999922e-03 1.409400000000000106e-03
2.523997999999999953e-03 1.578452000000000045e-04 1.538347000000000022e-03
1.689486999999999933e-03 2.106480999999999892e-03 4.363845000000000094e-04
9.122536000000000100e-04 2.860946000000000062e-03 9.414220999999999527e-04
5.213270000000000317e-04 1.376223999999999894e-03 5.905691000000000239e-04
1.811080000000000068e-03 5.686690999999999795e-04 7.611478999999999771e-04
4.354774999999999857e-04 1.942001999999999964e-03 1.614079999999999942e-03
1.915145000000000042e-03 9.971921000000000777e-04 1.181175999999999927e-03
2.455741000000000000e-03 1.821862000000000047e-03 1.383523000000000001e-03
1.574461000000000090e-03 1.407435000000000066e-03 1.121557999999999930e-03
1.367132999999999977e-04 2.050346000000000200e-03 1.392673000000000088e-03
2.146055000000000011e-03 4.099724000000000120e-04 2.164112000000000154e-03
1.199666999999999964e-03 8.605026999999999902e-04 4.104037000000000158e-04
2.309069999999999873e-03 1.043815000000000021e-03 2.905894999999999919e-03
1.766426999999999884e-04 2.359455999999999793e-03 2.955653999999999833e-03
5.449119000000000098e-04 2.980163000000000083e-03 2.161374000000000194e-03
2.691600000000000156e-03 1.644258000000000004e-03 2.730151000000000105e-03
2.392741999999999786e-03 2.246587999999999884e-03 2.281340000000000191e-03
1.389847999999999952e-03 1.124507999999999975e-03 1.550614999999999979e-03
6.679880000000000019e-04 2.831393999999999881e-04 2.785320999999999891e-03
6.447557999999999501e-04 6.497755999999999931e-04 4.621566000000000264e-05
1.593992000000000022e-03 4.764492000000000054e-04 2.626550000000000065e-03
1.719421000000000057e-03 2.059360000000000097e-03 2.355681000000000094e-03
2.813868000000000077e-04 1.880160999999999985e-03 2.527051000000000210e-03
2.370245999999999898e-03 2.857750999999999954e-03 2.510398999999999964e-03
9.750661999999999784e-04 1.933234000000000037e-03 1.618049000000000093e-03
1.377004999999999939e-03 1.225397999999999939e-03 1.494609999999999949e-03
1.580661999999999877e-04 6.028652999999999486e-04 2.674128999999999916e-03
4.525067000000000022e-04 9.478134999999999945e-04 2.139311000000000077e-03
2.197440000000000157e-03 1.234920999999999935e-03 1.959147000000000059e-03
8.925642999999999815e-04 1.158373000000000085e-03 2.747448999999999898e-03
1.409544999999999895e-03 3.876460000000000084e-04 6.197524000000000262e-04
1.220444999999999907e-03 1.671516999999999968e-03 2.557362999999999997e-03
1.746287000000000013e-03 1.211012000000000026e-03 8.451170000000000470e-04
1.781969000000000001e-03 5.850604000000000134e-04 1.499681000000000104e-03
1.034949000000000069e-03 1.310680999999999955e-03 2.852831000000000117e-03
2.359079999999999944e-03 1.581394999999999980e-03 1.681755999999999963e-03
1.351605000000000081e-03 2.979652000000000169e-03 1.186351999999999893e-03
2.176939000000000131e-03 7.474294000000000033e-04 1.313340000000000080e-03
2.420003999999999905e-03 2.088561999999999971e-03 2.917833999999999792e-03
1.364147999999999923e-03 4.399222999999999740e-04 2.007671000000000043e-04
1.596416999999999932e-03 2.242567999999999905e-03 2.021325000000000031e-03
6.228577000000000115e-04 2.518188000000000197e-03 2.041579999999999871e-03
1.983379999999999865e-03 1.670983999999999924e-03 5.481401999999999802e-04
9.736935999999999638e-04 7.521585000000000120e-04 1.016467999999999972e-03
6.896647000000000107e-04 1.430868999999999978e-03 6.918459000000000501e-04
1.589665999999999996e-03 8.909114000000000096e-04 2.018910999999999970e-03
2.832270000000000013e-03 2.626382000000000022e-03 1.431594000000000009e-03
2.160009000000000061e-03 2.314451999999999978e-05 2.657356999999999948e-03
1.657901999999999943e-03 2.577511000000000212e-03 2.980682000000000123e-03
1.139833000000000035e-03 2.875620000000000172e-03 1.827173000000000078e-03
7.309057000000000314e-04 1.457783000000000039e-03 2.947046999999999948e-03
1.228462000000000044e-03 2.383625999999999800e-03 1.592688000000000090e-03
7.550448000000000185e-04 9.831011999999999650e-04 1.271041999999999951e-04
6.717515000000000075e-04 3.454452000000000244e-05 1.005543000000000018e-03
1.014415000000000065e-03 9.541226999999999781e-04 1.553995000000000072e-03
6.144441999999999742e-04 6.692194000000000051e-04 1.089336999999999901e-03
2.549530999999999846e-03 1.523552999999999973e-03 2.433975000000000114e-03
1.905370999999999888e-04 1.326593999999999950e-03 1.566874999999999908e-03
2.007033999999999988e-03 1.007192999999999977e-03 2.938924999999999784e-03
7.552656999999999947e-04 1.768140999999999984e-03 1.335058000000000078e-03
3.421090999999999802e-04 2.015728999999999958e-04 1.030169999999999957e-03
2.210545999999999865e-03 2.552312000000000157e-03 7.977541000000000536e-04
8.642075000000000364e-04 1.341067000000000040e-03 2.918022000000000150e-03
1.272743000000000008e-03 1.657016000000000088e-03 1.645538000000000100e-04
4.737408000000000027e-04 2.728422999999999786e-03 7.157306999999999472e-04
9.921966000000000813e-04 7.795260000000000036e-04 5.121000000000000335e-04
3.050645000000000266e-04 1.168331000000000100e-03 1.750564999999999934e-04
2.869843999999999867e-03 7.050602999999999688e-04 8.004327000000000317e-04
3.889435999999999805e-04 2.125521000000000008e-03 1.668145000000000001e-03
4.344956000000000214e-05 2.867165999999999985e-03 4.911256000000000128e-04
2.086904999999999902e-04 9.010198999999999552e-04 1.455097000000000031e-03
2.178802999999999990e-03 7.348300000000000101e-04 1.926914000000000057e-03
7.074973999999999933e-04 2.103120999999999897e-03 1.073509999999999959e-03
1.420482000000000038e-03 7.587294000000000069e-04 2.217484999999999942e-03
1.726062999999999903e-03 1.448127000000000008e-03 1.800980999999999893e-03
2.161193999999999962e-03 1.037329999999999936e-03 5.722944999999999465e-04
2.548471000000000070e-03 8.081549000000000371e-04 1.333736000000000079e-03
1.498255999999999893e-03 2.524142999999999960e-03 1.214944000000000001e-04
2.346729000000000089e-03 8.163254999999999687e-04 4.549145000000000098e-04
1.067639999999999909e-03 2.890932000000000137e-03 1.686297000000000013e-03
5.302867999999999861e-04 3.499142999999999915e-04 2.980903999999999932e-03
7.458661000000000110e-04 8.242453999999999536e-04 1.553371999999999913e-03
4.020017999999999769e-04 2.934958000000000098e-03 2.879795000000000098e-03
2.191269999999999937e-03 1.997821999999999792e-03 1.569599999999999988e-03
1.015772999999999980e-03 1.005414999999999955e-03 4.523282999999999904e-04
2.408837000000000044e-03 7.970998000000000623e-05 7.828941999999999759e-04
2.025168999999999841e-03 1.421282000000000057e-03 2.340781000000000112e-03
4.671701000000000217e-04 2.052422999999999834e-03 2.216182999999999988e-04
2.780125000000000044e-03 6.256681999999999738e-04 5.063484999999999514e-04
1.184460000000000027e-03 1.313883999999999972e-03 1.835108000000000008e-03
1.680779000000000084e-03 3.081046999999999844e-04 2.658944999999999798e-03
2.479800999999999794e-03 2.818277000000000108e-03 2.482509999999999838e-03
1.466885000000000020e-03 1.488303000000000065e-03 1.606414000000000019e-03
4.097842000000000194e-04 2.305629000000000012e-03 2.648244000000000119e-03
2.037857000000000123e-03 6.713478000000000371e-04 1.539513000000000112e-04
2.638217999999999900e-03 2.554764000000000167e-03 2.872850000000000143e-03
5.211747000000000298e-04 1.362531000000000050e-04 2.980725999999999948e-03
1.674783000000000001e-03 7.947143999999999953e-04 2.677435000000000145e-03
2.458540999999999851e-03 1.227952999999999944e-03 1.231405000000000086e-03
2.734495999999999889e-03 2.725369999999999963e-03 1.935412999999999977e-03
1.921188000000000106e-03 6.087774000000000440e-04 2.000950999999999945e-03
2.563961000000000235e-04 2.116151000000000143e-03 2.583448999999999815e-03
2.363724000000000207e-03 5.757784000000000166e-04 9.651141999999999490e-04
1.607930000000000036e-03 1.554258999999999892e-03 1.794931999999999951e-03
3.001998000000000080e-03 2.777103999999999857e-03 1.422965999999999901e-03
3.001998000000000080e-03 1.040928999999999899e-03 1.706447000000000096e-04
2.164022999999999999e-04 2.903686999999999848e-03 2.265557000000000074e-03
1.522804999999999905e-03 2.967539999999999848e-03 1.235662000000000002e-03
2.406722999999999935e-03 1.477198999999999949e-04 8.417989999999999544e-04
6.295441000000000361e-04 3.220974000000000038e-04 1.005742999999999915e-03
1.727107999999999931e-04 1.062346999999999944e-03 2.067466000000000009e-03
3.510267999999999982e-04 1.917050000000000004e-03 7.750956000000000469e-05
2.617710000000000089e-03 2.786493000000000130e-03 1.344511000000000057e-03
9.731038999999999922e-04 6.843466999999999508e-05 1.547619999999999985e-03
1.143607000000000044e-04 2.456611999999999945e-03 9.439748999999999666e-04
7.544351999999999829e-04 1.674666000000000002e-03 2.980591999999999790e-03
7.623426000000000421e-04 2.647658000000000216e-03 7.017627000000000023e-04
2.966458999999999849e-03 2.029809999999999948e-03 1.662309999999999960e-03
1.202848999999999976e-03 1.230605000000000067e-03 2.782814000000000208e-03
1.420409000000000081e-03 2.767250000000000178e-03 1.920180999999999971e-03
1.846399000000000087e-03 1.281287000000000094e-03 2.744607000000000036e-03
2.357535999999999920e-03 1.681144000000000084e-03 1.265974999999999913e-03
6.329861000000000211e-04 1.891905000000000041e-04 4.997172999999999936e-04
1.023339000000000063e-03 7.622183999999999730e-04 1.647290999999999946e-03
2.890600000000000114e-03 5.090345999999999933e-04 1.842472000000000001e-04
2.056872999999999861e-03 6.082357000000000285e-05 1.925906999999999923e-03
2.512373000000000037e-03 1.472837000000000061e-03 2.353365000000000058e-03
1.794398999999999907e-03 7.806628999999999825e-04 2.164352999999999937e-03
1.352205999999999894e-03 1.130878000000000091e-03 2.755643999999999802e-03
1.042968999999999927e-03 1.399651999999999927e-04 2.865173999999999954e-04
2.809971000000000083e-03 4.577475000000000012e-04 2.808763000000000145e-03
8.187622000000000194e-05 2.975267000000000189e-03 8.783054000000000425e-04
1.392519999999999956e-03 1.994294000000000188e-03 2.472821000000000047e-03
2.873060000000000197e-03 2.041483000000000186e-03 2.374266999999999784e-03
2.060371000000000077e-03 8.339152000000000283e-04 1.415734000000000090e-03
2.953462000000000014e-03 2.055392999999999977e-03 2.260008999999999890e-03
2.489870999999999838e-03 2.842599999999999814e-03 2.708921999999999893e-03
1.094721000000000105e-03 1.780389000000000006e-04 2.714465000000000107e-03
8.977486999999999924e-04 2.826963999999999953e-03 1.209337999999999906e-03
1.334841000000000022e-03 2.548794000000000060e-03 2.268797999999999890e-05
1.352728000000000090e-03 9.074479999999999894e-05 2.884919000000000112e-03
1.792093999999999935e-03 2.944931000000000024e-03 2.295271000000000203e-03
7.973693000000000230e-04 6.865737999999999485e-04 1.699283000000000000e-03
1.323420999999999972e-03 1.485563000000000074e-03 6.318085000000000411e-04
8.680416000000000477e-04 2.203312000000000022e-04 4.668448000000000199e-05
1.871457999999999997e-04 1.034883000000000032e-04 9.939712000000000287e-04
2.725407999999999911e-03 1.866110000000000034e-03 1.998833000000000207e-03
2.527433999999999844e-03 1.797917999999999912e-03 1.236506999999999971e-03
9.560544000000000464e-04 2.260127000000000121e-05 1.701784999999999930e-03
1.065016000000000010e-03 1.144627999999999965e-03 2.145236000000000018e-03
1.406074999999999903e-03 2.919296000000000044e-04 2.769978000000000197e-03
2.807340000000000182e-03 5.458029999999999783e-04 2.723840999999999849e-03
6.288806000000000517e-04 2.191226000000000111e-03 8.720164000000000084e-04
1.876199000000000052e-03 1.025700999999999957e-03 1.612495000000000085e-04
5.772283000000000448e-04 2.278308000000000156e-03 2.234200000000000056e-05
1.539364000000000097e-03 9.027799000000000197e-04 1.158177999999999942e-04
2.560157999999999878e-03 1.932317999999999926e-03 9.289138000000000169e-04
1.533290999999999994e-03 2.436874999999999805e-03 1.277252999999999950e-04
1.201954999999999994e-03 1.387500000000000061e-03 2.540928000000000023e-03
2.375799000000000053e-03 1.229866999999999939e-03 1.259339000000000107e-04
2.366787999999999878e-03 1.045247999999999924e-03 9.635126000000000151e-04
2.466717000000000215e-03 1.659656000000000022e-03 2.540212999999999933e-03
1.038464000000000010e-03 2.897647999999999739e-04 1.700179999999999921e-03
1.903074999999999949e-03 7.620945000000000063e-04 1.989816000000000154e-03
2.608121000000000137e-03 1.780163999999999987e-04 1.735341000000000054e-03
2.746834000000000081e-03 1.931002999999999930e-03 3.445756999999999813e-04
1.969460000000000080e-04 2.343899999999999890e-03 2.635490999999999789e-03
2.947181000000000106e-03 2.695977000000000009e-03 9.466585000000000234e-04
1.434420999999999960e-03 4.241679000000000152e-04 6.659593000000000327e-04
1.975503999999999889e-03 2.251459999999999833e-03 2.969087000000000028e-03
1.827316000000000053e-03 1.902311999999999970e-03 7.117995000000000008e-04
1.942879999999999911e-03 2.175948999999999939e-03 2.454129000000000206e-03
1.569634999999999997e-03 7.168364999999999460e-04 1.352874999999999911e-03
1.603540999999999994e-03 2.981208999999999856e-03 1.543957999999999897e-04
8.679814000000000106e-04 1.628745000000000019e-03 1.073287000000000026e-03
2.388401999999999973e-04 3.097562000000000210e-04 1.603657999999999993e-03
2.389346000000000091e-03 2.944477000000000032e-03 1.647569999999999894e-03
1.336588000000000099e-03 2.070788000000000056e-03 2.623939000000000046e-03
2.616603999999999805e-03 1.341109000000000051e-03 2.180084000000000102e-03
2.821795000000000206e-03 2.047461999999999893e-03 2.267800999999999845e-03
2.848553000000000196e-03 2.859641000000000006e-03 1.507162999999999949e-03
1.467121000000000050e-03 5.302519000000000112e-05 1.000135000000000086e-03
1.049854000000000022e-03 2.155721000000000200e-03 1.917847999999999992e-03
2.719366999999999878e-03 1.593695999999999915e-03 2.792954999999999960e-04
8.665196000000000443e-04 1.242889000000000060e-03 3.388393999999999868e-04
1.412931999999999990e-03 2.664074000000000216e-03 1.674235000000000046e-03
9.267350999999999627e-04 2.265089999999999985e-03 2.644702999999999984e-03
2.950133000000000182e-03 7.418344999999999800e-04 1.061398000000000072e-03
2.270318999999999809e-03 9.687978999999999558e-04 2.244776999999999884e-03
1.805072999999999921e-03 5.720767000000000517e-04 2.004777000000000121e-03
1.735041000000000101e-03 2.912598000000000183e-03 1.159747999999999942e-03
1.379936999999999917e-03 2.800347999999999813e-03 2.166809000000000009e-03
7.061771999999999953e-06 2.815896999999999931e-03 2.053174000000000058e-03
6.462377999999999742e-04 2.424897000000000077e-03 9.750139999999999588e-04
2.956070999999999786e-03 2.340437000000000035e-05 2.144014000000000076e-03
2.929160000000000097e-03 1.081839999999999928e-03 1.630404000000000011e-03
1.070879999999999966e-03 1.457313999999999918e-03 8.703838000000000200e-04
1.028800999999999978e-03 2.203019000000000071e-03 2.833425000000000093e-03
6.742783000000000457e-04 1.233586999999999965e-03 2.617328999999999836e-03
1.860668000000000001e-03 1.842633999999999895e-03 1.819632000000000064e-03
1.632034000000000089e-03 2.290159999999999852e-03 2.699664999999999964e-03
1.598821000000000053e-04 2.414466000000000095e-03 2.842410000000000075e-03
2.455054999999999824e-03 2.791423999999999815e-03 2.230021000000000000e-03
2.666614999999999784e-03 1.404061000000000068e-03 1.449187000000000001e-03
2.289307999999999881e-03 1.545904999999999979e-03 2.782352000000000089e-03
9.460723999999999783e-04 1.512345000000000009e-03 2.331756999999999840e-03
1.004089999999999936e-04 2.261416999999999900e-05 2.234257999999999817e-03
4.422459000000000004e-04 1.310217999999999930e-03 2.677791000000000112e-03
1.331661999999999950e-03 2.450128000000000202e-03 1.944208000000000004e-03
2.948351999999999787e-04 2.882139000000000142e-03 9.627045999999999781e-04
2.700330999999999825e-03 2.001265999999999809e-03 1.016685000000000028e-03
2.450245999999999783e-04 8.935505999999999961e-04 1.996836000000000097e-03
1.460329999999999918e-03 2.479401999999999908e-03 2.552675000000000018e-04
2.510234999999999984e-03 1.643864000000000089e-03 2.637700000000000201e-03
3.620957999999999967e-04 1.306153000000000002e-03 2.267612000000000013e-03
3.001998000000000080e-03 9.443461999999999473e-04 1.239892000000000034e-03
1.702424999999999883e-05 1.114135999999999946e-03 1.077461999999999951e-03
4.468752999999999734e-05 1.940412000000000083e-04 5.790765999999999709e-04
2.743536000000000087e-04 4.011110000000000023e-04 1.542306999999999923e-03
1.738502999999999967e-03 1.246398000000000124e-04 1.960307000000000108e-03
1.041091999999999972e-03 2.393432000000000025e-04 1.742840000000000058e-03
2.591151000000000088e-04 2.233259000000000025e-03 2.824885999999999977e-03
4.186959999999999770e-04 2.500416000000000097e-03 1.643312999999999979e-03
1.533220000000000069e-03 2.280832999999999906e-03 1.158100000000000015e-03
2.012880999999999785e-03 2.680956999999999871e-03 2.881990000000000073e-03
2.648235999999999993e-03 2.242287999999999833e-03 2.705042999999999857e-03
1.142112000000000032e-03 1.937184000000000052e-04 1.097370000000000073e-03
1.150937000000000097e-03 9.975316000000000564e-04 2.661071000000000096e-03
1.115920999999999970e-03 2.942312999999999786e-03 1.731237999999999961e-03
2.486368000000000085e-03 2.896530999999999932e-03 1.533283000000000085e-03
1.414148000000000054e-03 2.165544999999999948e-04 1.948265000000000023e-03
2.632801999999999734e-04 2.153055000000000073e-03 1.656869000000000050e-03
7.884835999999999668e-04 1.085608000000000059e-03 7.911066999999999926e-04
2.570601000000000049e-03 1.311104999999999909e-03 1.386370999999999958e-03
1.829686999999999980e-03 2.743406999999999790e-03 2.328805000000000198e-03
2.882591999999999793e-03 2.653290999999999896e-03 9.477525000000000099e-04
6.235118000000000431e-04 2.850614999999999920e-03 2.296016999999999874e-05
1.844895999999999949e-03 7.311282000000000111e-04 5.566934999999999852e-04
1.149592999999999969e-03 1.990861999999999927e-03 1.500400000000000041e-03
9.643146999999999917e-04 7.235358000000000327e-04 2.057127000000000174e-03
2.047153999999999814e-03 1.380064000000000074e-03 1.944781999999999934e-03
1.569763999999999968e-03 5.515588000000000088e-04 5.571585999999999683e-04
1.863939999999999911e-03 1.663544999999999998e-03 1.944540000000000027e-03
5.034293000000000014e-04 2.337894999999999990e-03 2.100490999999999903e-03
8.133457999999999877e-04 2.052805999999999902e-03 2.895065000000000052e-03
1.353077000000000056e-03 2.824637999999999975e-03 1.149134000000000006e-03
1.094675999999999939e-03 2.226341000000000171e-03 2.009181000000000075e-03
1.671379999999999979e-04 1.706283999999999969e-03 2.140445999999999842e-03
1.737367000000000078e-03 1.834354999999999970e-03 1.200305999999999942e-03
2.144017999999999976e-04 2.095565000000000188e-03 2.750849000000000089e-03
1.117757000000000039e-03 2.827638999999999847e-03 1.020022999999999893e-03
9.310549000000000429e-04 2.897012999999999932e-03 1.975911999999999807e-03
4.051036999999999954e-04 2.378968999999999875e-03 1.274977000000000055e-03
1.704680000000000084e-03 2.260236000000000103e-03 1.978474999999999939e-03
9.413292999999999661e-04 2.028511000000000203e-03 2.590241999999999978e-03
1.501750000000000064e-06 3.867106000000000037e-04 7.453534999999999848e-04
3.001998000000000080e-03 1.134407999999999944e-03 2.386753000000000138e-03
7.741649000000000187e-04 1.138296000000000013e-03 1.327052000000000006e-03
6.204513999999999732e-04 2.131750999999999872e-03 1.173940000000000053e-03
2.928270000000000070e-04 1.381281000000000045e-03 2.368056999999999801e-03
6.532791000000000249e-04 2.538978999999999802e-03 5.849365999999999724e-04
1.451187000000000050e-03 1.091558000000000068e-03 6.747151000000000277e-04
7.286820999999999533e-04 3.142220000000000148e-04 1.229548000000000012e-03
2.883062999999999945e-03 2.717310000000000125e-03 7.003108999999999766e-04
2.124141999999999871e-03 6.865066000000000180e-04 1.449189000000000033e-03
1.139709000000000035e-04 2.237577000000000142e-03 2.759886999999999822e-04
5.680031000000000099e-04 2.808271000000000205e-04 9.833142999999999918e-04
1.047488999999999972e-03 1.813630000000000103e-03 1.878974999999999959e-03
2.308543000000000140e-03 2.563680000000000039e-03 2.322801000000000206e-03
2.981099000000000075e-03 8.910923000000000064e-04 2.980907999999999995e-03
1.628747000000000051e-03 2.190047000000000087e-03 2.362597000000000134e-03
5.508909999999999675e-04 2.096998000000000091e-03 6.414311999999999922e-04
5.312894999999999554e-04 2.551472999999999849e-03 3.835026000000000168e-04
1.215413000000000040e-03 2.150001999999999816e-03 2.095945000000000100e-03
1.496114999999999902e-03 1.362087000000000107e-03 2.325002000000000004e-04
5.393067999999999777e-04 2.774107000000000049e-03 1.260086000000000105e-03
2.569592999999999790e-03 3.854490999999999820e-04 2.975222000000000023e-03
7.914222000000000271e-04 2.736152999999999958e-04 1.238940999999999914e-03
2.388111999999999960e-03 1.849493999999999921e-03 2.437612000000000025e-03
1.842852000000000075e-03 2.553615000000000114e-05 3.535324999999999969e-04
2.755028999999999985e-03 1.465738000000000067e-03 1.320963000000000085e-03
2.949156000000000086e-03 1.349853999999999941e-03 1.006172000000000029e-04
1.256963000000000047e-03 6.650030999999999824e-05 3.850441999999999819e-04
1.934399000000000058e-03 1.889566000000000075e-03 2.981204999999999793e-03
1.905585000000000005e-03 2.428486000000000099e-03 6.640836000000000330e-05
1.713469000000000016e-03 1.152692000000000083e-03 1.674635000000000056e-03
2.457864000000000142e-03 1.575545999999999934e-03 2.486630000000000090e-03
4.397342000000000156e-04 9.320726000000000315e-04 2.050793999999999881e-03
7.417021000000000421e-04 2.572641000000000077e-03 2.129808999999999869e-03
1.139608000000000016e-04 2.354774000000000016e-03 1.075283000000000011e-03
2.429862000000000081e-03 2.532431999999999826e-03 1.782682999999999967e-03
2.539702000000000019e-03 1.049727999999999989e-03 2.631249999999999908e-03
1.138302999999999933e-04 3.286616999999999843e-05 1.395126000000000005e-03
1.251439000000000024e-03 9.235733000000000094e-04 1.783419000000000063e-03
1.728722000000000028e-03 9.494752000000000400e-04 4.639571999999999902e-04
2.416310999999999980e-03 5.501358999999999720e-04 2.008493000000000084e-03
5.604383000000000108e-04 1.110988999999999944e-03 2.889735999999999954e-03
4.433530999999999887e-04 2.283154999999999820e-03 1.902828999999999979e-03
1.618073999999999945e-03 1.545780999999999978e-03 2.343581999999999870e-03
2.025362000000000169e-03 6.927720999999999532e-04 1.657262999999999965e-03
1.116107000000000080e-03 1.136836999999999917e-03 1.199584000000000067e-03
1.562047000000000001e-03 2.308178000000000139e-03 4.495936000000000181e-04
3.455738999999999881e-04 2.690430000000000165e-03 1.622834999999999989e-03
9.445963000000000146e-04 1.212883000000000022e-04 2.686009000000000053e-04
1.501750000000000064e-06 8.313097000000000411e-04 8.997722999999999572e-04
1.680042999999999934e-04 7.806095999999999402e-05 1.609846000000000063e-03
1.675983000000000030e-03 2.964248000000000056e-03 1.544886999999999996e-03
2.422899999999999967e-03 2.301775999999999898e-04 2.405833999999999924e-03
1.232414999999999943e-03 1.955309000000000127e-03 1.648305999999999990e-03
1.424580999999999905e-04 8.622368000000000046e-04 3.979655000000000237e-04
1.028475000000000049e-03 3.039739999999999868e-04 2.303654000000000032e-03
2.271388000000000053e-03 2.269324999999999988e-03 2.025831000000000018e-04
1.960907999999999922e-03 2.980834999999999822e-03 1.481658000000000064e-03
2.760185999999999976e-03 1.306687000000000115e-04 2.360923000000000015e-03
6.079877999999999932e-04 2.980921999999999999e-03 1.643677000000000072e-03
6.145007999999999764e-04 2.842761999999999980e-03 1.049734000000000084e-03
1.309496000000000054e-03 2.530936000000000123e-03 2.973495000000000044e-03
1.197336999999999924e-03 4.516734000000000113e-04 1.384582999999999994e-03
2.112970000000000039e-03 9.965365999999998940e-04 2.172513999999999956e-03
2.269139999999999786e-03 2.769197000000000151e-03 1.380666999999999919e-03
1.978508999999999823e-03 2.231171999999999989e-05 7.797616000000000052e-04
1.987113999999999894e-03 1.536713000000000098e-03 2.528167999999999908e-03
7.303458000000000573e-05 1.479337000000000056e-03 4.700422000000000107e-04
1.104694000000000032e-03 1.304283999999999956e-03 2.797658000000000176e-03
1.307568999999999962e-03 5.184620000000000244e-04 2.185388999999999821e-03
1.906177999999999909e-03 1.548309000000000100e-03 1.032239999999999997e-04
3.160001000000000173e-04 2.349724999999999991e-03 1.761559999999999905e-03
2.429211000000000131e-03 1.967325000000000074e-04 5.507462999999999552e-04
6.410380999999999501e-04 1.196893000000000089e-03 6.921880000000000480e-04
1.370707999999999996e-03 2.311380000000000032e-03 2.056205000000000185e-03
1.885298000000000095e-03 1.230732999999999914e-03 1.277438999999999951e-04
2.396203999999999869e-03 1.784865999999999970e-03 2.344801999999999997e-03
4.161227000000000198e-04 6.806308999999999753e-04 2.194054999999999877e-03
1.624002000000000041e-03 6.597932999999999836e-04 1.031861000000000020e-03
4.474915000000000099e-04 2.325564999999999924e-03 2.980425000000000088e-03
6.487860000000000458e-04 1.599371000000000039e-03 2.944085999999999839e-03
1.957335000000000151e-03 1.332510000000000075e-03 2.752689999999999911e-03
1.801799999999999994e-04 2.275807999999999824e-03 6.767227999999999915e-04
2.407157999999999954e-03 1.190183999999999947e-03 2.666047999999999855e-03
2.359074000000000067e-03 6.167081999999999512e-04 1.308799000000000030e-03
7.014162000000000218e-04 2.385728000000000154e-03 5.306825000000000474e-04
2.806588000000000051e-03 8.990508999999999610e-04 1.776657000000000063e-03
2.164290000000000137e-03 5.046179999999999720e-04 9.265131000000000451e-04
1.253957999999999896e-03 1.511458999999999936e-03 2.320762000000000085e-03
2.155110000000000012e-03 1.987622999999999994e-03 8.085555000000000346e-04
1.488647000000000060e-03 2.804182000000000115e-03 8.836518000000000020e-04
2.296981000000000023e-03 1.103225999999999903e-03 2.713264999999999861e-03
8.807676999999999867e-04 2.803461000000000147e-03 1.767233999999999906e-03
2.832270000000000013e-03 2.435178999999999989e-03 1.811966999999999994e-04
1.259977999999999923e-03 1.119748000000000054e-03 1.637842999999999938e-03
2.567160000000000188e-03 2.652059999999999921e-03 2.446962999999999916e-03
2.426677000000000077e-04 9.055515000000000526e-04 2.145705999999999829e-03
2.365763999999999801e-03 2.458416000000000160e-03 1.923814999999999944e-03
1.867256999999999988e-03 2.555234999999999885e-03 7.342266000000000287e-04
2.778206999999999986e-03 1.938122999999999929e-03 1.125436999999999965e-03
1.008084999999999927e-03 4.466793000000000044e-04 1.183409000000000067e-03
3.340875999999999893e-04 2.171499999999999819e-03 3.294395000000000092e-04
1.004672000000000074e-03 1.060205000000000045e-03 1.763023999999999971e-03
2.529689999999999803e-03 4.305859000000000205e-04 2.265806999999999891e-03
2.845826000000000085e-03 9.932675999999999224e-04 2.089697000000000169e-03
3.215269999999999999e-04 2.507952999999999832e-03 2.108426999999999957e-03
5.365702999999999879e-04 2.956821000000000102e-03 2.528916999999999884e-03
5.478994999999999742e-04 1.993298000000000118e-03 2.439716000000000139e-05
2.792139999999999813e-03 1.002106000000000004e-03 1.388212999999999904e-03
4.055792000000000148e-05 1.890830999999999935e-03 3.679229000000000006e-04
1.571761999999999986e-03 2.884470999999999997e-03 2.104663000000000107e-03
7.823612000000000405e-04 6.205253000000000201e-04 2.551906999999999960e-03
1.396581000000000038e-04 3.585889999999999781e-04 2.713547000000000181e-03
9.724760000000000045e-04 1.845983000000000042e-03 2.521437000000000071e-03
2.745473999999999932e-05 1.587901000000000069e-03 1.734366999999999897e-03
1.992809999999999807e-03 8.216192999999999890e-04 6.718823000000000503e-04
1.510730000000000059e-03 2.663977999999999789e-04 2.501885000000000133e-03
2.957505999999999937e-03 2.260377999999999953e-03 1.482493000000000038e-04
5.809342999999999582e-04 1.573863999999999905e-03 2.839907000000000022e-03
1.793721999999999981e-03 2.004834999999999950e-03 2.197174999999999996e-03
8.455423000000000106e-04 1.122460999999999945e-03 1.614989000000000051e-03
2.219556000000000133e-03 2.767615000000000179e-03 8.399695000000000425e-04
1.373691999999999925e-03 2.227418000000000106e-03 6.314210999999999912e-04
2.656359000000000064e-03 2.959601999999999979e-03 2.255808999999999937e-05
1.241853000000000011e-03 4.306892000000000099e-04 2.596836999999999843e-03
6.799876999999999744e-04 1.969265999999999898e-03 2.641885000000000067e-03
1.617263000000000077e-03 1.596364000000000073e-03 5.775228999999999996e-04
1.833690999999999923e-03 1.238257999999999893e-03 1.271847999999999902e-03
2.024309999999999868e-04 2.543029000000000144e-04 2.686079999999999978e-03
6.108713000000000207e-04 2.855719999999999960e-03 1.527006999999999930e-03
1.852537000000000020e-03 3.916462000000000112e-04 1.626084000000000080e-03
2.621207999999999871e-03 1.914969000000000090e-03 1.112265999999999993e-03
2.671307999999999842e-03 2.837203999999999855e-03 3.955823000000000022e-04
1.139447999999999937e-03 2.764987999999999908e-03 5.895349999999999722e-04
1.531755000000000096e-03 2.981012999999999805e-03 2.810294000000000073e-03
2.587516000000000208e-03 8.033320000000000261e-04 2.394279000000000025e-03
2.363724000000000207e-03 2.172794999999999935e-03 2.197344999999999881e-05
2.924379999999999862e-03 2.698395000000000134e-03 1.235385999999999993e-03
3.200624999999999803e-04 1.718897000000000046e-03 7.451915999999999618e-04
3.001998000000000080e-03 2.686123999999999803e-03 2.191324000000000136e-03
1.501750000000000064e-06 3.972809999999999796e-04 1.166989999999999911e-03
2.577032999999999841e-03 2.270448999999999851e-05 2.207541999999999838e-03
1.208309999999999956e-04 2.753467999999999801e-03 2.981361000000000080e-03
1.233104000000000058e-03 1.735336999999999991e-03 1.337744999999999993e-03
3.001998000000000080e-03 2.019995000000000124e-03 1.521615999999999941e-03
1.343391999999999894e-03 8.335665999999999822e-04 9.989529999999999070e-04
8.293563999999999797e-04 8.150882000000000136e-04 1.572155999999999901e-03
2.922900999999999885e-03 2.140561000000000026e-03 2.783012000000000073e-03
9.113456000000000248e-04 2.473982999999999857e-05 2.588085999999999859e-03
4.271357000000000040e-04 9.858525999999999401e-04 8.822761000000000145e-04
1.040700000000000089e-03 1.623681999999999990e-03 8.910427000000000061e-04
1.991128999999999902e-03 5.504633999999999786e-04 1.606123000000000099e-03
2.226512999999999843e-03 1.007286000000000032e-03 1.913118000000000002e-04
1.473431999999999997e-03 2.849108999999999843e-03 2.420265999999999910e-03
1.846222999999999918e-03 2.088719000000000166e-03 1.749611000000000091e-03
1.690155000000000043e-03 1.864778000000000095e-03 5.752570999999999509e-04
6.986709999999999926e-04 4.573639000000000003e-04 1.978297999999999862e-03
8.819070999999999508e-04 1.680917000000000088e-03 5.340320000000000396e-04
1.861103000000000019e-03 1.879262000000000033e-03 1.106182999999999949e-03
1.875968999999999900e-03 1.422747000000000031e-03 1.247009000000000095e-03
2.190071999999999939e-03 1.049992999999999933e-03 2.508564999999999927e-04
1.725973000000000004e-03 2.100948000000000052e-03 2.174741999999999908e-03
5.665398999999999999e-04 9.986623999999999068e-04 2.972269999999999947e-03
1.055472999999999915e-03 4.907695000000000113e-04 1.992409000000000107e-03
1.268072000000000079e-03 2.466931999999999806e-03 2.293181999999999946e-03
1.535378999999999911e-03 2.942733999999999801e-03 2.907177999999999846e-03
1.965190999999999867e-04 2.815844999999999980e-03 1.997623000000000020e-03
2.492105000000000101e-03 2.449412000000000204e-03 5.078911000000000406e-04
1.213876000000000017e-03 7.479014999999999882e-04 1.995921999999999800e-03
1.370614999999999941e-03 9.130940999999999624e-04 9.652610000000000270e-04
2.440709000000000108e-03 8.878965999999999855e-04 2.226079000000000165e-03
2.168044999999999955e-03 1.546469999999999984e-04 2.981066000000000098e-03
1.746448999999999961e-03 3.432067000000000017e-04 2.125952999999999871e-04
2.096473000000000173e-03 9.911850999999999301e-04 5.113871000000000085e-04
3.314471999999999731e-04 1.995727000000000091e-03 3.369741999999999898e-04
2.567486999999999808e-03 8.739884000000000498e-04 1.019029000000000072e-03
1.655821000000000029e-03 2.356482000000000021e-03 2.329424999999999985e-03
9.513676999999999681e-04 1.068078999999999990e-03 1.489192000000000022e-04
1.602569000000000085e-03 2.146340999999999961e-03 2.512574000000000057e-03
2.407363000000000038e-03 2.743100000000000052e-03 2.406608000000000185e-03
2.660650000000000081e-03 1.295743999999999932e-03 2.396763000000000105e-03
5.451266000000000401e-04 2.000135000000000053e-04 2.157805999999999960e-03
2.368256999999999914e-03 5.686009000000000332e-04 2.367947999999999982e-04
1.328285999999999920e-03 1.710839000000000023e-03 1.591430999999999922e-03
1.044598000000000098e-03 6.802843999999999948e-04 2.457912999999999938e-03
4.974413999999999702e-04 2.383620999999999830e-03 1.270450000000000008e-03
2.842192999999999803e-03 1.153780000000000056e-04 7.390444999999999610e-04
1.073132000000000079e-03 6.853929000000000358e-04 3.173348000000000097e-04
6.556933000000000466e-04 1.653996999999999933e-03 6.259877999999999970e-04
1.494246999999999980e-03 2.628545999999999834e-03 1.828411000000000055e-03
1.709870999999999960e-03 2.884970000000000156e-03 2.232899999999999902e-03
1.697469000000000061e-03 4.297898000000000164e-05 4.466709000000000131e-04
1.896492999999999964e-03 1.483065999999999898e-03 2.782677999999999801e-03
6.048965000000000114e-04 1.365770999999999999e-03 2.892862999999999858e-03
1.693248000000000062e-03 3.802475999999999946e-04 1.868562999999999951e-04
1.335147999999999977e-03 1.931896999999999911e-03 2.649958999999999908e-03
9.898231999999999864e-04 1.814604999999999951e-03 6.412488999999999516e-04
7.100980000000000443e-04 1.636045000000000088e-04 2.005727000000000117e-03
1.071221999999999929e-03 2.007189999999999842e-03 2.115151000000000010e-03
4.822436000000000257e-04 1.710733000000000089e-03 2.311348999999999869e-03
1.725329000000000055e-03 7.109508999999999967e-04 1.052217000000000039e-03
9.365931999999999556e-04 2.377450000000000136e-03 2.398506999999999809e-03
1.600896000000000090e-03 1.496995000000000096e-03 2.233269999999999873e-03
6.672692999999999507e-04 1.105258000000000022e-03 1.142840999999999909e-03
2.358831999999999943e-03 1.148677999999999982e-03 2.621301999999999834e-03
2.864039999999999989e-03 2.541456000000000097e-03 2.209633999999999817e-03
1.462722000000000121e-04 2.978746999999999905e-03 9.211315000000000084e-04
1.995120999999999874e-03 1.194189000000000014e-03 9.167024999999999870e-04
2.872468999999999890e-03 2.504123999999999933e-03 1.301557999999999968e-03
2.947500000000000033e-03 2.103708000000000140e-03 1.382879000000000053e-03
1.367670999999999991e-03 7.734060000000000283e-04 2.043984999999999899e-03
1.678987000000000058e-03 2.336692999999999930e-03 1.909486999999999968e-04
2.806711999999999835e-03 9.497646999999999904e-04 2.420189000000000108e-03
4.756572999999999834e-04 2.827809000000000138e-03 1.745673000000000103e-03
1.677265000000000049e-03 2.981699999999999889e-03 2.043880999999999996e-03
3.206425000000000052e-04 1.654104999999999898e-03 7.607577999999999823e-04
1.628799999999999909e-03 4.275363999999999814e-04 1.054002999999999971e-03
2.777597000000000139e-03 1.032382000000000091e-03 2.977894000000000027e-03
1.031077999999999942e-03 2.803289000000000041e-03 1.904840000000000092e-03
1.145760000000000008e-03 2.091842999999999914e-03 4.641202000000000088e-04
6.690411999999999531e-04 8.629469000000000506e-04 1.668690000000000017e-03
1.399457999999999909e-03 2.632985999999999920e-03 1.850752999999999903e-03
1.545883000000000120e-04 1.182288999999999996e-03 1.090800999999999967e-03
1.742974999999999906e-03 2.305123000000000068e-03 2.264608999999999893e-03
1.109512999999999906e-03 2.129941000000000213e-03 7.462709999999999570e-04
1.281851000000000084e-03 1.136884999999999941e-04 1.726029000000000018e-03
2.579372999999999822e-03 1.455195999999999963e-03 1.035410999999999970e-04
2.205945999999999862e-03 6.261523000000000392e-04 2.948684000000000027e-03
6.545178000000000237e-04 4.915202000000000243e-04 2.628032000000000198e-03
2.069651000000000043e-03 1.155444999999999953e-03 4.611166000000000093e-04
2.305250000000000007e-03 6.545154999999999983e-04 1.359895000000000071e-03
1.567367000000000066e-03 2.188321999999999923e-03 7.741166999999999536e-04
7.358455000000000345e-05 3.795003000000000026e-04 2.686446999999999793e-03
8.852521000000000348e-04 3.885259999999999864e-04 2.978220000000000173e-03
1.284254999999999989e-03 1.233195000000000081e-03 6.837384999999999860e-04
2.699398999999999896e-03 2.682584999999999918e-03 1.521205000000000083e-03
8.870825999999999625e-04 9.288789000000000420e-04 2.705631999999999916e-03
2.825138000000000042e-03 1.966438000000000040e-03 2.607669999999999867e-03
1.124732999999999939e-03 2.247366000000000207e-03 1.807645000000000085e-03
2.159762999999999874e-03 1.361870000000000051e-03 2.067561999999999785e-03
2.277456000000000185e-03 2.658755999999999967e-03 1.909773000000000026e-03
1.501750000000000064e-06 1.632612999999999990e-03 2.765533000000000140e-03
3.001998000000000080e-03 1.176598999999999961e-03 2.437443000000000075e-03
7.809400999999999669e-04 2.716089999999999997e-03 1.977323000000000015e-03
1.778344999999999969e-03 1.902632999999999928e-03 2.318731999999999998e-03
2.484189999999999836e-03 4.182257999999999896e-04 1.016521000000000048e-03
1.761123000000000072e-03 1.911825000000000080e-04 2.531127000000000203e-03
9.628119000000000304e-04 7.593501000000000330e-04 4.655537000000000282e-05
3.469755000000000257e-04 1.298878000000000055e-03 4.496952000000000241e-04
1.861624000000000091e-03 5.063929000000000217e-04 2.131632999999999965e-03
6.678298000000000480e-04 1.346870999999999919e-03 1.680716000000000068e-03
1.974801999999999894e-03 1.363295000000000045e-03 3.585770000000000060e-04
1.840421000000000071e-03 1.308015999999999953e-03 4.108964000000000323e-05
1.641845000000000067e-03 1.156387999999999947e-04 2.842042999999999826e-03
1.911439999999999927e-03 2.745741999999999801e-03 1.814143999999999956e-03
3.862501000000000172e-04 2.233381999999999902e-03 1.743743000000000072e-03
1.190695000000000078e-03 2.907823000000000027e-04 2.216958000000000210e-03
1.376088000000000029e-04 2.401100000000000196e-03 2.718437000000000197e-03
1.406944000000000033e-03 2.221463999999999817e-03 1.878888999999999906e-03
1.826823999999999896e-03 9.306098999999999751e-04 2.756671000000000035e-03
1.309821999999999983e-03 2.377470999999999925e-03 7.685977000000000087e-04
1.704577999999999996e-04 4.826542000000000180e-05 2.157810999999999930e-03
2.252325999999999807e-03 5.212049999999999539e-04 6.095017000000000533e-04
2.323013000000000074e-03 2.521362999999999990e-03 5.359225000000000447e-04
1.022763000000000101e-03 1.541293000000000003e-03 1.447479999999999904e-03
2.954946999999999869e-03 9.415778000000000298e-04 2.557478000000000182e-03
2.841578999999999893e-03 2.181956999999999994e-03 2.061617999999999871e-03
1.061653000000000076e-03 1.567352000000000101e-04 1.074326999999999921e-03
2.657347000000000008e-03 1.027570000000000002e-03 6.530522999999999884e-04
2.014297999999999870e-03 3.256035000000000006e-04 1.536019000000000013e-03
8.418136000000000542e-04 1.305011999999999926e-03 2.780018999999999893e-03
5.603389999999999760e-04 1.146256000000000011e-03 1.386403000000000028e-03
1.819559000000000107e-03 2.289273000000000062e-05 2.982167999999999885e-03
1.569204000000000042e-03 2.982138000000000063e-03 2.269600000000000090e-03
8.057395000000000399e-04 9.855773999999999601e-05 1.339663000000000052e-03
2.619542999999999785e-03 2.137184000000000035e-05 9.112788000000000138e-04
1.588037999999999950e-03 7.898904000000000428e-04 9.243934000000000525e-04
2.601495000000000001e-04 2.431229000000000029e-03 2.141698000000000039e-03
1.042245000000000020e-03 2.422563999999999935e-04 2.148464000000000035e-05
2.054363999999999930e-03 5.902779000000000359e-04 2.143373000000000066e-03
2.087598000000000134e-04 2.978109000000000051e-03 1.908834000000000095e-03
1.638153999999999956e-03 9.416019000000000081e-04 2.474285000000000113e-04
2.548583000000000098e-03 2.911083999999999859e-05 2.016453999999999989e-03
1.311487999999999977e-03 2.981760999999999873e-03 1.674733000000000081e-03
6.565281000000000068e-04 2.169916999999999940e-03 2.975470999999999932e-03
2.756389000000000148e-03 2.167190000000000167e-05 2.341559999999999909e-03
1.707472999999999934e-03 6.453671999999999491e-04 8.240575999999999891e-04
1.743530999999999987e-03 3.962510000000000251e-04 9.383933000000000335e-04
2.752388000000000143e-03 8.232915999999999629e-04 2.977969999999999923e-03
2.668396999999999870e-03 2.164155999999999979e-03 4.460169999999999955e-04
8.338272999999999779e-04 2.384748999999999810e-03 5.310131999999999526e-04
1.665056999999999952e-03 1.974201000000000081e-03 2.112778999999999959e-03
2.455151999999999942e-03 1.493324000000000084e-03 1.915007000000000037e-03
1.518257000000000070e-03 1.367742000000000025e-04 7.037605999999999853e-04
7.677635999999999619e-04 6.654818000000000495e-04 1.104130000000000042e-03
1.566962999999999993e-03 6.669873999999999898e-04 2.245114999999999784e-03
5.807473999999999753e-04 5.580586999999999701e-04 1.509369999999999896e-03
2.508221000000000148e-03 2.889183999999999936e-03 2.650505000000000048e-03
3.229465999999999956e-04 1.296105000000000087e-03 2.144717999999999885e-04
8.273001999999999570e-04 1.425171000000000033e-03 1.972071000000000154e-03
1.060205000000000045e-03 2.489859999999999773e-04 2.964210000000000000e-04
1.215380999999999970e-03 1.833929999999999892e-03 1.626824000000000022e-03
2.898346999999999903e-03 2.382594999999999939e-03 3.964320000000000018e-04
1.992006000000000158e-03 1.538885000000000036e-03 1.398704000000000017e-04
2.019795999999999918e-03 4.611312000000000006e-04 1.574962999999999971e-03
4.693817000000000193e-04 2.773293999999999933e-03 1.788146000000000006e-03
1.658660000000000006e-04 2.385952999999999956e-04 2.587499999999999956e-03
2.534343000000000208e-04 7.776786999999999849e-04 1.049273999999999997e-03
1.948054999999999969e-03 1.184486000000000002e-03 8.619743999999999714e-04
7.271918000000000262e-04 5.251163000000000532e-04 9.352078000000000214e-04
2.972408000000000168e-03 2.889397000000000146e-03 3.421017000000000047e-04
2.329203000000000176e-03 1.723360000000000115e-04 1.143635000000000051e-03
2.605478000000000047e-03 2.485283000000000023e-03 2.486868000000000151e-03
9.180720999999999543e-04 1.206114000000000101e-03 2.870236999999999875e-03
2.677712000000000061e-03 2.164185999999999801e-03 2.798455999999999947e-03
1.900004000000000059e-03 9.452942000000000202e-04 2.154434000000000210e-03
2.259854999999999850e-03 1.085512000000000065e-03 3.908450000000000162e-04
6.713780000000000355e-04 1.251383000000000009e-03 8.427597999999999470e-04
1.836273000000000028e-03 1.215481999999999961e-04 3.440731999999999840e-04
2.972419999999999923e-03 1.041531999999999961e-03 2.209186000000000136e-03
9.264028999999999797e-04 1.410248999999999921e-03 2.756068999999999880e-03
2.141525999999999933e-03 2.611023000000000076e-03 1.431579000000000098e-03
2.932086999999999888e-03 1.806321999999999962e-03 9.720412000000000540e-04
1.925213000000000054e-03 2.494422999999999953e-03 8.005436000000000106e-04
2.860631000000000198e-03 5.466069999999999523e-04 2.161385999999999950e-03
7.894272000000000030e-05 2.271753000000000054e-03 1.959563000000000103e-03
2.257041999999999903e-03 2.880558999999999984e-03 2.121651000000000006e-03
1.590365999999999959e-03 7.078895000000000196e-04 2.762889000000000143e-03
1.752529000000000066e-03 1.323095999999999951e-03 3.269586999999999906e-04
7.642839000000000230e-04 1.100010999999999914e-03 1.597653000000000094e-03
1.279837000000000032e-03 7.248429999999999717e-04 3.706162999999999840e-04
7.200229000000000481e-04 2.069380999999999911e-03 2.725389999999999844e-03
2.536942999999999837e-03 2.982119999999999996e-03 2.668989999999999991e-03
2.590586000000000191e-03 3.710431000000000254e-04 2.902883000000000199e-03
2.626490999999999895e-03 2.634462000000000175e-03 2.981442999999999854e-03
1.050170000000000010e-03 2.026167000000000159e-03 1.966263000000000212e-03
2.124547999999999975e-03 6.593814000000000359e-04 2.902815999999999903e-03
4.910766000000000003e-04 2.106853000000000111e-03 2.502611999999999979e-03
2.499121999999999889e-03 1.467842999999999926e-03 2.843440999999999937e-03
2.526849000000000174e-04 1.624863000000000045e-03 2.079838000000000086e-03
1.945527000000000064e-03 2.662745000000000216e-03 1.122100999999999914e-03
8.529638999999999667e-04 5.300311999999999949e-04 2.969327999999999811e-03
5.099059999999999660e-04 1.738195000000000105e-03 2.737243999999999788e-03
2.519068000000000175e-03 1.976233000000000091e-04 1.170208000000000055e-03
8.890058999999999852e-04 7.944341000000000380e-04 8.876493000000000057e-04
2.805565999999999789e-03 2.005045999999999912e-04 7.916972999999999459e-04
1.220921999999999936e-03 1.906895999999999938e-03 9.454593999999999488e-05
2.301805999999999991e-03 1.167992999999999983e-03 2.743409999999999946e-03
1.414618000000000082e-03 1.503753999999999941e-03 1.863669000000000089e-03
2.984029000000000022e-03 1.450359000000000023e-03 1.552072999999999951e-03
2.996565999999999987e-03 5.238491000000000122e-05 1.382851999999999953e-03
4.385456000000000250e-04 8.654885000000000399e-04 2.882427999999999813e-03
1.944505000000000018e-03 2.202200999999999985e-03 1.451898000000000077e-03
1.457317999999999927e-04 2.816651999999999784e-03 2.137406000000000115e-03
7.008364999999999907e-04 1.725879000000000042e-03 3.754074999999999730e-04
2.185925000000000021e-03 2.337670000000000026e-03 2.857463000000000190e-03
1.281169000000000134e-04 6.259144000000000123e-04 6.442597999999999468e-04
5.301798000000000361e-04 9.871566000000000889e-04 1.418844999999999959e-03
1.129285999999999962e-03 2.194036999999999810e-03 7.672135999999999756e-04
7.015625000000000376e-04 1.348540999999999976e-03 7.473933000000000529e-04
4.269885000000000065e-04 6.232158999999999702e-04 1.517703000000000021e-03
2.840780999999999797e-04 2.607963000000000035e-03 2.700115999999999801e-03
1.917333999999999922e-03 2.864007000000000011e-03 2.203570000000000181e-03
1.818378000000000052e-03 2.716427999999999898e-03 1.901184999999999898e-03
3.228816000000000021e-04 2.749230999999999984e-03 1.845016000000000104e-03
2.029352999999999799e-03 2.674824000000000125e-03 3.101771000000000020e-05
3.772855999999999779e-04 1.999156999999999941e-04 1.172632000000000058e-03
1.485416000000000037e-03 2.158015000000000107e-03 1.094530999999999933e-03
1.519801000000000095e-03 2.601123999999999797e-04 2.074573000000000129e-03
4.662928000000000293e-05 5.938427999999999719e-04 2.432590000000000099e-03
2.271847999999999923e-03 2.283747000000000034e-03 1.126287000000000013e-04
2.210802999999999900e-03 1.612696999999999959e-03 1.308930999999999886e-04
2.184258000000000120e-04 9.292375000000000287e-04 2.085939000000000196e-03
4.279178999999999844e-05 1.588521999999999981e-03 3.136328999999999766e-04
2.449339999999999937e-03 2.119306999999999962e-03 2.268126999999999990e-03
4.485796000000000038e-05 2.582074000000000175e-03 2.601060999999999998e-03
2.584033999999999810e-03 8.757571000000000452e-04 1.219997000000000036e-04
7.165776999999999477e-04 1.620136000000000102e-03 1.464648999999999942e-03
2.212848999999999806e-03 1.211665999999999915e-03 2.538056999999999813e-04
1.307800000000000021e-03 2.085623999999999898e-03 1.779800000000000002e-03
1.387965999999999918e-04 1.875446999999999921e-03 2.785984000000000030e-03
1.878565999999999916e-03 1.821635999999999958e-03 1.730947000000000041e-03
5.848627000000000068e-05 2.942179000000000062e-03 7.549152999999999853e-04
1.716981000000000019e-03 2.420790999999999828e-03 8.792484999999999624e-04
2.068579000000000077e-03 1.064357999999999949e-04 7.395361000000000361e-05
3.275532000000000270e-04 2.189653000000000159e-05 7.732092000000000305e-04
1.124507000000000067e-03 7.646336000000000105e-04 2.829190000000000199e-04
2.792418000000000070e-03 1.713859999999999993e-03 1.400940999999999948e-03
2.082274000000000115e-04 1.369369000000000055e-03 2.587444999999999849e-03
9.836298000000000263e-04 1.199662999999999901e-03 1.421953999999999905e-04
9.992893999999999128e-04 7.276961000000000410e-04 2.221554000000000150e-03
1.019691999999999994e-03 1.242255000000000052e-03 1.656326000000000066e-03
5.185596999999999472e-04 2.982556999999999830e-03 1.412956999999999896e-04
1.501750000000000064e-06 3.518988000000000129e-04 2.194427000000000096e-03
3.001998000000000080e-03 1.116306999999999976e-03 2.496049999999999929e-05
1.027329000000000003e-03 1.736521000000000039e-04 2.039298999999999870e-05
6.427174000000000342e-04 2.853722999999999850e-04 2.983307000000000146e-03
1.743531999999999894e-03 2.010004000000000009e-05 1.874213999999999915e-03
1.149316000000000053e-03 1.634449999999999965e-03 2.039855999999999871e-05
1.225397999999999939e-03 1.983631999999999984e-05 1.959790999999999790e-03
2.583885000000000175e-03 2.019957000000000013e-05 2.754239999999999813e-03
2.698288999999999983e-03 2.983725999999999913e-03 8.319393999999999921e-04
3.761476000000000034e-04 5.037941000000000424e-04 1.977139999999999844e-05
2.631009000000000125e-03 1.986288000000000116e-05 1.271643000000000035e-03
2.851275999999999811e-03 2.040397000000000109e-05 5.616915000000000075e-05
1.332618999999999948e-03 2.568650000000000013e-03 4.794754999999999937e-04
2.452284999999999795e-03 1.215247000000000029e-03 1.494813999999999908e-03
1.755791999999999943e-03 2.527227999999999853e-03 7.485057999999999512e-04
1.391616999999999941e-03 2.983953000000000126e-03 2.530947999999999878e-03
1.608374000000000088e-03 8.662668000000000321e-04 4.485186000000000056e-04
1.948749999999999961e-03 2.479695000000000076e-03 2.136747999999999946e-03
4.384810000000000053e-04 4.985509999999999638e-04 2.905959999999999967e-03
1.995520000000000193e-03 2.095182000000000121e-03 4.515688999999999923e-04
2.638765999999999855e-03 2.392520999999999884e-03 1.663095000000000068e-03
1.718698999999999965e-03 9.952227000000000556e-04 2.701788000000000106e-03
2.622416999999999934e-04 2.029477000000000017e-03 2.762282000000000019e-03
1.680106000000000004e-03 2.097382999999999973e-03 8.039033000000000116e-04
5.902687000000000428e-04 2.839476000000000066e-03 9.838303999999999105e-04
2.764729000000000058e-03 1.401076000000000068e-04 1.241375999999999981e-03
1.914413999999999916e-03 3.073603000000000056e-04 1.816067999999999892e-03
1.269539000000000084e-03 1.885362000000000127e-04 4.035266000000000135e-05
2.761261000000000097e-03 2.906218999999999816e-03 2.163883000000000126e-03
1.545808000000000078e-03 1.972956000000000102e-03 2.642086000000000087e-03
2.552143000000000207e-03 2.295060999999999878e-04 1.332056000000000082e-03
1.745973999999999964e-03 6.931106999999999503e-04 8.481482999999999514e-04
2.082829999999999979e-04 2.972091999999999963e-03 1.422637000000000033e-03
2.655751999999999939e-03 6.286816999999999883e-04 8.280585999999999936e-04
2.680862999999999909e-03 9.440486999999999794e-04 2.133484000000000162e-03
5.055857999999999663e-04 1.637854999999999910e-03 1.034696000000000097e-03
2.652902999999999858e-03 1.094761000000000085e-03 2.235959999999999944e-03
1.139491999999999979e-03 4.494192999999999951e-04 2.352232000000000108e-03
7.127786999999999795e-04 2.876779999999999789e-04 1.473326999999999970e-03
2.727147999999999985e-03 2.173272999999999872e-03 2.022504000000000055e-03
2.592903000000000135e-03 2.413704000000000023e-03 5.069688999999999836e-04
1.842566000000000071e-04 9.808438999999999960e-04 2.929652000000000037e-03
1.370532000000000044e-03 1.506378999999999965e-03 2.378742000000000096e-03
3.045464000000000222e-04 3.048535000000000112e-04 2.130905000000000212e-03
4.009729000000000179e-04 1.530342999999999981e-03 2.798137999999999927e-03
7.498767999999999623e-04 2.173341000000000075e-03 2.794973999999999983e-03
1.556433999999999986e-03 1.203204999999999943e-03 1.965162000000000142e-05
1.383354000000000051e-03 1.047219999999999965e-03 1.032651000000000098e-03
5.807876999999999484e-04 2.482129000000000019e-03 1.246935000000000014e-03
1.755800999999999976e-03 1.148837999999999899e-03 6.745899999999999770e-04
2.101009000000000036e-03 2.665004999999999805e-03 1.203719999999999920e-03
8.668296000000000464e-04 1.067086999999999983e-03 2.619896000000000030e-03
9.085462999999999786e-04 1.346881999999999984e-03 2.149335000000000048e-04
3.001998000000000080e-03 6.003608000000000338e-04 1.035471999999999955e-03
1.324068999999999984e-03 1.205431999999999988e-03 9.073112000000000147e-04
2.424891000000000199e-03 2.749115999999999799e-03 3.328614000000000247e-05
2.734042999999999803e-03 1.240198000000000082e-03 9.736693000000000257e-04
2.512551999999999928e-03 1.370998999999999916e-04 1.783159999999999997e-03
7.223445000000000430e-04 4.460054999999999771e-04 9.035169999999999486e-04
1.464213000000000016e-03 3.068589000000000039e-04 3.486898999999999901e-04
9.182541000000000011e-04 2.900756999999999902e-03 1.696070000000000043e-03
9.926563000000000660e-04 2.291220999999999969e-03 7.414984000000000223e-05
1.746469000000000060e-03 1.367659000000000019e-03 2.662616000000000028e-03
2.719451999999999807e-03 1.766552000000000009e-03 2.067915000000000031e-03
1.964535999999999800e-03 1.978480999999999816e-03 3.829414000000000060e-04
1.380099000000000083e-03 1.329415000000000024e-03 1.872622999999999909e-03
2.665027999999999841e-03 1.559311000000000074e-03 3.886628000000000153e-04
2.788408000000000032e-03 1.547980999999999923e-03 1.522230999999999975e-03
1.698464999999999914e-03 1.548735000000000086e-03 3.579496000000000262e-05
1.644882000000000071e-03 2.602617000000000212e-03 6.413795000000000347e-04
1.347398000000000085e-03 5.551529999999999616e-04 2.776509999999999829e-03
2.297220999999999898e-03 9.990180999999999888e-04 2.635253000000000161e-04
2.588987000000000059e-03 2.880652999999999946e-03 2.851549000000000098e-03
1.322861999999999953e-03 1.740297000000000024e-03 2.761143000000000191e-03
1.461908999999999952e-03 1.103639999999999916e-03 2.790495999999999949e-03
2.874052000000000204e-03 1.755606000000000050e-03 3.167064000000000142e-04
1.674225000000000105e-03 2.209982000000000092e-03 2.755366999999999886e-03
2.716071999999999931e-03 1.004535999999999965e-04 8.597874000000000141e-04
1.398701000000000024e-03 7.714046000000000444e-04 3.256612999999999782e-04
2.070550999999999902e-03 1.575409999999999961e-03 2.629317999999999846e-03
2.404454999999999787e-03 5.089657999999999509e-04 3.775056000000000266e-04
1.371262999999999952e-03 2.743047000000000193e-03 9.139821999999999920e-04
8.298889999999999956e-04 4.258005999999999835e-04 1.980903999999999911e-03
2.528664999999999819e-03 2.287172000000000077e-03 2.578074999999999985e-03
1.270183000000000033e-03 1.334469999999999927e-03 1.374262999999999917e-03
2.290846000000000028e-03 8.092009000000000268e-04 1.806525999999999922e-03
9.496541000000000054e-04 9.018328999999999625e-04 6.774844999999999609e-04
9.526619999999999533e-04 1.512279999999999961e-03 2.927340999999999971e-03
2.967828999999999953e-03 2.317872999999999808e-03 4.565619999999999835e-04
2.919988000000000097e-03 1.352345999999999930e-03 2.568594999999999906e-03
1.857462000000000045e-03 2.561954999999999875e-03 1.607429000000000063e-03
1.346481000000000067e-03 1.858484999999999998e-03 2.590511000000000202e-03
5.256424999999999466e-04 4.925440000000000330e-04 1.516736999999999990e-03
1.841806000000000085e-03 2.984011999999999862e-03 2.732056999999999975e-03
2.762280000000000204e-03 7.906101000000000014e-04 2.112368999999999900e-04
1.445867999999999893e-03 2.983639000000000169e-03 2.199416000000000045e-03
1.779505999999999926e-03 2.483233000000000055e-03 2.241748999999999912e-03
2.354270999999999794e-03 1.928788999999999981e-03 2.013679999999999897e-03
2.893455999999999979e-03 1.537315000000000036e-03 4.837737000000000265e-04
2.361432000000000114e-03 3.293497999999999955e-04 1.864273000000000059e-03
9.119809999999999679e-04 1.496299999999999887e-04 9.473971999999999559e-04
5.413230000000000212e-04 4.903886000000000096e-04 7.333899999999999697e-05
1.609385000000000069e-03 2.618231999999999851e-03 1.425140999999999995e-03
3.346484000000000264e-04 9.935210000000000308e-04 1.477692000000000068e-03
2.188521000000000129e-03 2.595852999999999963e-04 2.209519000000000066e-03
1.152274999999999941e-04 2.984021999999999803e-03 3.112163999999999973e-05
2.707067999999999974e-03 1.998329999999999985e-03 8.361043000000000511e-04
3.937347000000000302e-05 1.689825000000000051e-03 2.728597000000000140e-03
2.434066999999999828e-03 1.166296999999999950e-03 2.781312999999999776e-04
5.382304000000000298e-04 2.753665000000000192e-03 1.352827999999999930e-03
2.275043999999999938e-03 2.596523999999999794e-03 6.498861000000000524e-04
7.868868999999999690e-04 2.947430000000000015e-03 1.004090999999999925e-03
2.750394000000000189e-03 1.963549000000000129e-05 1.005618999999999914e-03
2.793875999999999825e-03 1.591586999999999993e-03 1.660313000000000067e-03
2.101200000000000116e-03 1.336001000000000072e-03 1.301613999999999983e-03
2.683314000000000012e-03 4.512717000000000182e-04 2.645530000000000104e-03
1.894115999999999942e-03 2.799232000000000022e-03 2.462274999999999880e-03
2.369014999999999923e-03 8.381589999999999960e-04 1.927436000000000036e-03
2.536967000000000215e-03 1.592752000000000013e-03 2.281165999999999836e-03
2.636175000000000150e-03 1.407140000000000083e-03 3.973030000000000143e-05
2.960753999999999903e-03 1.966298999999999911e-03 2.503739000000000051e-03
1.521208000000000022e-03 2.531920000000000004e-03 2.212083000000000105e-03
2.532539999999999791e-03 5.303304000000000140e-05 1.823619000000000065e-03
8.190187000000000465e-04 1.088437000000000042e-03 1.533358999999999981e-03
2.876113000000000020e-03 1.608618000000000027e-03 2.042410000000000145e-03
9.605653000000000238e-04 1.727002999999999904e-04 1.937583000000000046e-05
9.602728999999999519e-04 2.495213000000000032e-03 5.901875000000000003e-04
2.758243000000000066e-03 1.572739000000000081e-03 2.045787000000000069e-05
1.716438000000000035e-03 1.102494000000000087e-03 2.057367000000000050e-03
1.620984000000000010e-03 2.479807000000000105e-03 1.195901000000000055e-04
1.927426000000000096e-03 1.212107000000000028e-03 5.665947999999999644e-04
3.934885000000000054e-04 1.760697999999999994e-03 3.039648999999999737e-04
1.987816999999999796e-03 2.807261000000000131e-03 1.229443999999999893e-03
4.170038999999999734e-04 1.523674000000000035e-03 2.395566000000000015e-03
1.416130999999999944e-03 1.268779000000000044e-03 2.644581999999999922e-03
5.285860000000000515e-04 2.062109000000000012e-04 2.821398000000000135e-03
2.615193999999999939e-03 2.671012999999999860e-03 1.417621999999999893e-03
2.623041000000000001e-03 1.949106999999999836e-05 8.223662000000000073e-04
9.315735999999999808e-04 2.215123000000000103e-04 1.502691000000000009e-03
9.387034999999999954e-04 2.141675999999999910e-03 2.326092999999999997e-03
9.173144000000000480e-04 2.882323999999999910e-03 2.856820999999999840e-03
2.215055000000000062e-03 1.089013000000000004e-03 2.318142999999999940e-03
2.979076000000000207e-03 2.738529999999999871e-03 2.816016000000000179e-03
2.068322000000000042e-03 2.487561000000000017e-05 2.100484000000000118e-03
1.501750000000000064e-06 2.200502999999999921e-03 1.488605000000000050e-03
3.001998000000000080e-03 5.421316999999999716e-04 8.929709999999999991e-04
3.001998000000000080e-03 9.054160000000000333e-04 4.037166000000000235e-05
1.501750000000000064e-06 2.782522999999999854e-03 2.211282000000000015e-04
3.001998000000000080e-03 2.553005000000000118e-03 2.814617000000000160e-04
6.278599000000000091e-06 2.561078000000000052e-03 2.641137999999999906e-03
2.649747999999999947e-03 9.058507999999999838e-04 1.736356000000000097e-03
2.464726999999999890e-03 1.545642999999999974e-03 2.237980999999999998e-03
1.732989000000000101e-03 1.245477000000000042e-03 2.234162000000000040e-04
2.422334999999999853e-03 5.829885000000000172e-05 2.283803999999999956e-03
5.131773999999999971e-04 2.401921999999999911e-03 8.811167999999999865e-04
1.084026000000000087e-03 3.679474999999999868e-04 2.403469999999999999e-03
2.908870999999999939e-03 2.077587000000000097e-03 1.158608999999999898e-03
2.182386000000000135e-03 1.343917999999999936e-03 2.853741999999999824e-03
7.998223000000000485e-04 9.142997999999999837e-04 2.690024999999999968e-03
2.018951999999999910e-04 2.419436999999999977e-03 1.239120999999999929e-03
4.551487000000000219e-04 8.601093999999999884e-04 9.687002999999999586e-04
2.778206999999999986e-03 2.142091000000000047e-03 1.652774000000000083e-03
9.508675000000000503e-04 2.899879000000000172e-03 1.046323000000000045e-03
2.092548000000000064e-03 7.069128000000000260e-04 2.533207999999999901e-03
1.712535999999999963e-03 1.152433000000000016e-03 5.681415000000000423e-04
2.709187000000000053e-03 2.754178999999999829e-03 2.219617000000000118e-03
1.600232999999999951e-03 2.367703000000000082e-03 8.782994999999999821e-04
4.265270000000000042e-04 1.989703999999999881e-05 1.822194999999999978e-03
1.959427000000000130e-03 6.439011999999999600e-04 1.544879000000000087e-03
1.818605000000000048e-03 1.494263999999999922e-03 7.025939000000000359e-04
1.150886000000000053e-03 1.819324999999999892e-03 1.074281999999999971e-03
1.368906999999999936e-03 6.432942000000000250e-05 1.986713000000000194e-03
2.829618999999999798e-03 1.454893000000000072e-03 2.918416000000000066e-03
2.034671000000000049e-03 1.679939999999999992e-03 8.084979999999999966e-05
1.426329999999999959e-03 2.591990000000000179e-03 1.642409999999999964e-03
1.815601999999999928e-03 1.314181999999999894e-03 4.406232000000000269e-04
8.807717999999999754e-04 1.927354000000000046e-03 2.452179999999999985e-03
1.772913000000000093e-03 1.467030999999999934e-03 2.862304999999999884e-03
1.037429000000000058e-04 1.007073999999999947e-03 5.037470999999999529e-04
8.754665999999999707e-04 1.620991999999999919e-03 1.869685000000000053e-03
1.319735000000000049e-03 1.282860000000000033e-03 1.276978000000000011e-03
1.103735000000000003e-03 3.566738999999999869e-04 7.438794999999999782e-04
1.572398999999999932e-03 2.688789999999999930e-03 1.401394000000000034e-03
8.994936000000000034e-04 2.754953999999999997e-03 1.277237999999999984e-03
1.581788999999999895e-03 2.118459000000000054e-03 1.149398000000000043e-03
2.542464999999999829e-03 1.323905999999999911e-03 8.190146999999999835e-04
5.062804000000000392e-04 1.983590999999999827e-03 5.983343999999999815e-04
2.077039000000000142e-03 2.642256999999999852e-03 2.373447999999999791e-03
1.501750000000000064e-06 1.089378999999999912e-03 1.662187000000000083e-04
3.001998000000000080e-03 2.981218999999999796e-03 1.026543999999999975e-04
6.655858999999999864e-04 2.314353999999999804e-03 2.526324999999999838e-03
1.163579000000000062e-04 2.056266000000000170e-03 4.731389000000000043e-05
1.785811999999999903e-03 2.509850000000000102e-03 1.876822999999999903e-03
1.847904999999999947e-03 1.452549999999999935e-03 8.584649999999999876e-04
1.255541000000000046e-04 1.894761999999999922e-03 2.662664999999999824e-03
2.511862000000000122e-03 1.533499999999999924e-03 4.509240000000000080e-04
1.833648000000000005e-03 1.176222999999999895e-03 5.718719000000000363e-04
1.926951000000000098e-03 1.263110999999999921e-03 2.929619000000000060e-03
1.836694999999999951e-03 1.417227999999999977e-03 2.818698000000000124e-03
1.249958000000000015e-03 1.923046000000000087e-03 1.900411000000000071e-03
4.850720000000000205e-04 9.059917000000000285e-05 2.446330000000000032e-03
1.202773000000000080e-03 1.860728000000000078e-03 1.922733999999999945e-03
2.179597000000000132e-03 6.474824000000000334e-04 7.560288000000000078e-04
2.732370000000000024e-03 9.637355000000000227e-04 7.403625000000000050e-04
1.949666000000000073e-03 1.435642999999999902e-03 1.510141999999999908e-03
2.657782999999999934e-03 1.675983000000000030e-03 2.314019000000000058e-03
2.739487000000000085e-03 1.666024000000000107e-03 1.186020999999999994e-03
1.487982000000000107e-03 2.924873000000000143e-03 1.575926999999999970e-03
2.124379000000000024e-03 1.404560999999999917e-03 2.663185000000000205e-03
2.451758000000000062e-03 2.662178000000000179e-04 1.007897000000000003e-03
3.877517000000000030e-04 2.900699999999999980e-03 2.742565000000000194e-03
2.386965999999999914e-03 2.637452000000000199e-03 1.648537000000000049e-03
1.918512000000000038e-03 9.598156000000000266e-04 2.610011000000000188e-03
2.369552000000000030e-03 2.604856999999999919e-03 9.414590999999999932e-04
1.065180999999999897e-03 2.805298999999999814e-03 2.167035999999999789e-03
2.512699000000000182e-03 2.101855000000000129e-03 1.926811999999999969e-03
1.098996000000000087e-03 2.893876999999999994e-03 7.151253999999999684e-04
6.688652000000000009e-04 9.598446000000000495e-04 1.596647999999999991e-03
1.196459000000000059e-04 2.794749000000000018e-03 5.973216999999999633e-04
1.558846999999999924e-03 2.312528999999999800e-03 2.150715000000000092e-03
2.579273999999999998e-04 2.069210000000000146e-03 1.340143000000000020e-04
2.978735000000000150e-03 1.800863999999999894e-03 2.512556000000000208e-04
9.986636999999999164e-04 2.779742999999999993e-04 8.902680999999999746e-04
7.196108999999999579e-04 1.028699000000000106e-03 5.663657000000000110e-04
2.545921999999999942e-03 1.284111000000000107e-03 2.750124000000000058e-03
1.698925000000000001e-03 1.956776999999999822e-03 1.879285999999999977e-03
3.792922000000000004e-04 1.356881000000000103e-03 3.640202999999999950e-04
4.286254999999999774e-04 2.113573000000000101e-04 2.427894000000000102e-04
7.390759000000000434e-04 1.239146999999999905e-03 2.171302999999999862e-03
1.061826999999999997e-03 1.754013999999999920e-03 2.669191999999999919e-03
2.681282000000000110e-03 2.483690000000000203e-03 5.634187000000000136e-04
7.788484999999999343e-05 1.439008999999999991e-03 9.566245999999999821e-04
2.383597999999999793e-03 2.738697999999999914e-03 1.987436999999999884e-03
1.358437000000000099e-03 1.897105999999999966e-03 7.336826000000000285e-04
1.880886000000000016e-03 2.147380999999999964e-04 1.927698000000000055e-05
9.476245999999999801e-04 3.224503999999999782e-04 2.534727999999999981e-03
1.152732000000000062e-03 1.309260000000000024e-03 5.438141999999999542e-04
1.581184000000000073e-04 1.955208000000000068e-05 9.832340999999999651e-04
4.159847999999999953e-04 2.101356999999999878e-03 2.701561999999999800e-03
5.022813000000000321e-04 6.747437999999999483e-04 2.973135999999999921e-03
5.486123999999999992e-04 2.069618999999999973e-03 3.948538000000000243e-04
2.683158000000000157e-03 8.639439000000000276e-04 2.178770000000000012e-03
1.778101999999999938e-03 2.772199999999999838e-03 1.829101000000000078e-03
1.639880999999999934e-03 4.235234999999999846e-04 1.706711999999999986e-03
1.299077999999999952e-03 2.988482000000000096e-04 2.610011000000000188e-03
2.103671000000000100e-03 1.348863000000000058e-03 1.998395000000000032e-03
1.788412000000000075e-03 8.024354000000000252e-04 9.513837000000000032e-04
2.160371999999999813e-03 3.104025999999999747e-04 9.089931000000000096e-04
1.575748000000000079e-03 2.806225999999999990e-04 1.845468999999999972e-03
2.916101999999999844e-03 1.875300000000000101e-03 3.461394000000000016e-04
6.319701999999999958e-04 2.488859999999999857e-03 1.122100999999999914e-03
2.811737999999999824e-03 8.447084000000000049e-05 3.294567000000000198e-04
2.315667999999999893e-03 5.442513000000000385e-04 3.286844999999999936e-04
1.527853000000000024e-03 1.700010999999999970e-03 2.187142999999999900e-03
7.621427999999999970e-04 1.837202999999999926e-03 2.191059999999999883e-03
9.360396999999999685e-04 2.693071000000000007e-03 1.222722999999999996e-03
2.147170999999999802e-03 2.356183999999999883e-03 1.542289999999999980e-03
3.940535999999999909e-04 2.945698999999999865e-04 5.203302000000000144e-04
2.025888999999999902e-03 1.024687999999999944e-03 1.678140999999999964e-03
1.567227999999999937e-03 5.373578000000000003e-05 1.039928999999999984e-03
1.595454000000000056e-03 9.408342999999999784e-04 1.009902000000000022e-03
2.647404999999999810e-03 1.819764999999999881e-04 1.637627999999999914e-03
2.857764999999999958e-03 2.509428000000000179e-03 1.585904000000000122e-04
1.747442000000000092e-03 4.399451999999999768e-04 1.452436999999999999e-03
2.872623999999999837e-03 2.178943000000000026e-03 2.339350999999999930e-03
1.780866000000000090e-03 2.163234999999999898e-03 2.203066999999999959e-03
1.686011000000000063e-03 2.070352000000000130e-03 2.842555999999999989e-03
2.095224000000000131e-03 1.324174999999999918e-03 2.109124999999999889e-03
2.109488999999999982e-03 2.984222999999999824e-03 1.291133999999999988e-03
1.714704000000000055e-03 5.728503999999999931e-04 1.926760000000000018e-03
1.240785000000000108e-03 1.771065999999999960e-03 2.644577999999999859e-03
1.741535000000000001e-03 1.042947000000000015e-03 1.826724999999999963e-03
1.060308999999999948e-03 1.829101000000000078e-03 2.676088000000000078e-03
1.501750000000000064e-06 2.968324000000000049e-03 2.121880999999999941e-03
1.501750000000000064e-06 4.242785999999999801e-04 2.666046000000000041e-03
8.768432999999999740e-04 1.750962000000000005e-03 4.983430000000000498e-04
1.021219999999999984e-03 2.251336000000000049e-03 2.898407999999999887e-03
2.823757999999999997e-03 1.766151000000000092e-03 8.080357999999999725e-04
5.045580000000000030e-04 2.901350999999999930e-03 2.676149000000000062e-03
3.006504000000000039e-05 1.116402999999999970e-03 4.066818999999999729e-05
2.982505999999999786e-03 2.465052000000000128e-03 9.455064999999999911e-04
2.389099999999999904e-03 9.941284000000000752e-04 1.321240000000000110e-04
1.837305000000000015e-03 8.272467000000000362e-04 7.228102000000000138e-04
2.304161999999999790e-03 8.460625000000000263e-04 2.004835999999999858e-03
7.582406999999999992e-04 1.412761000000000008e-03 1.956166000000000068e-03
5.293112999999999681e-04 2.650005999999999889e-03 7.273314000000000341e-04
7.314183999999999833e-04 2.269227999999999870e-03 2.425549999999999842e-03
6.481523999999999847e-05 2.782567000000000113e-03 1.248710000000000098e-03
3.735387999999999751e-04 1.987570000000000135e-03 5.226389999999999812e-04
4.665237000000000138e-04 2.615627000000000143e-03 7.833081999999999892e-04
4.822280999999999985e-04 1.295160999999999969e-03 2.794963000000000135e-03
2.016850000000000153e-03 1.343709000000000114e-04 9.769537000000000446e-05
1.877154000000000019e-04 1.932689999999999929e-03 5.398398000000000216e-04
5.424451999999999746e-04 1.466622000000000108e-03 7.195411000000000081e-04
2.494575000000000178e-03 1.904793999999999910e-04 1.231464999999999947e-03
4.249278000000000213e-04 1.896132999999999933e-03 1.673786000000000024e-03
8.904680000000000538e-04 2.796227999999999995e-03 5.722922999999999552e-04
1.596874999999999987e-03 1.411675000000000039e-03 1.159212999999999975e-04
1.394178000000000041e-03 5.361276999999999796e-04 5.712726000000000436e-04
2.339696000000000050e-03 1.766088000000000076e-03 6.982508000000000334e-04
3.739414999999999840e-04 2.661793999999999879e-03 1.555783000000000036e-03
9.433246000000000383e-04 1.092438000000000046e-03 2.561569000000000085e-03
2.688101999999999939e-03 1.122742000000000033e-04 1.105318000000000099e-03
2.911800999999999886e-03 6.277014999999999938e-04 1.759125000000000055e-03
2.613661000000000196e-03 1.997296999999999875e-03 4.189997999999999791e-04
2.391771999999999909e-03 1.660905000000000064e-03 8.335270999999999566e-04
5.774107000000000111e-04 1.807557999999999908e-03 1.515681000000000059e-03
1.191468999999999905e-03 1.229938000000000082e-03 4.212872000000000209e-04
1.517918000000000045e-03 1.067744000000000028e-03 6.323038000000000226e-04
2.507858000000000071e-04 1.664733999999999908e-04 2.769512000000000124e-04
1.061728999999999971e-03 1.962021999999999898e-03 4.039679999999999920e-04
1.852192999999999971e-04 8.214487999999999608e-04 2.780441999999999831e-04
7.665626000000000254e-04 1.282525000000000071e-03 1.393593999999999953e-03
2.757182999999999856e-03 1.449942000000000071e-03 2.905401000000000164e-03
3.561252000000000102e-04 9.058427999999999662e-04 6.172871000000000347e-04
2.515081000000000174e-03 2.542822000000000138e-03 2.336753000000000007e-03
2.467828000000000035e-03 1.796199999999999913e-04 1.725289000000000076e-03
1.250243999999999965e-03 1.053305999999999947e-03 7.161838999999999922e-04
1.159321000000000049e-03 2.724143999999999958e-03 2.142283000000000034e-04
1.786286999999999901e-03 2.873010000000000060e-03 6.112112000000000274e-04
1.871426000000000036e-03 2.012315000000000197e-03 1.407807999999999976e-03
1.460029999999999911e-04 2.913424999999999869e-03 9.537282000000000008e-04
1.924209999999999983e-03 8.868440000000000220e-04 2.542038999999999844e-03
1.175365000000000047e-03 2.902752000000000197e-03 2.442737000000000055e-04
1.245398999999999898e-03 2.053231999999999887e-03 2.458082999999999796e-03
2.339696000000000050e-03 2.620564000000000140e-03 5.532783999999999847e-05
2.581512000000000216e-03 5.474266000000000418e-04 1.866353000000000066e-03
1.815854999999999900e-03 2.596680000000000082e-03 2.223611999999999811e-03
1.811747000000000054e-03 2.284215000000000030e-03 3.194601000000000146e-04
1.148278999999999988e-04 2.070920999999999873e-03 3.191202000000000079e-04
1.190885000000000034e-03 1.589890000000000053e-03 2.707544000000000096e-03
2.394421999999999783e-03 1.701732000000000071e-03 2.537471999999999818e-03
2.891120000000000061e-03 1.777460000000000021e-03 1.742000000000000059e-03
7.945037000000000280e-04 7.951880999999999837e-04 3.233202999999999815e-04
8.605592999999999923e-04 1.596250999999999920e-03 2.043664000000000158e-03
4.280689999999999973e-04 1.298848999999999924e-03 1.978460999999999935e-03
7.851022000000000469e-04 1.434879999999999923e-03 2.749480999999999800e-03
7.860795000000000282e-04 2.269048000000000072e-03 1.770316999999999984e-03
2.116375000000000201e-03 2.103472999999999801e-03 2.052008000000000131e-03
2.668615999999999957e-03 1.735276000000000006e-03 8.628502000000000350e-04
1.165327999999999980e-03 2.479523000000000079e-04 2.124027000000000120e-03
2.607068000000000146e-03 2.692415999999999993e-03 2.373871999999999961e-03
1.600187000000000094e-03 1.760375999999999911e-03 1.142739000000000038e-03
2.917954999999999854e-03 1.275291999999999919e-03 2.701065999999999797e-03
2.463976000000000100e-03 2.515992999999999789e-03 1.959481999999999804e-03
2.506677000000000124e-03 5.783067000000000242e-04 1.771311999999999930e-03
2.653360000000000007e-03 7.748728999999999990e-04 1.690125000000000004e-03
2.180510999999999994e-03 2.850291000000000022e-03 6.562576000000000303e-04
8.993284999999999734e-04 1.842274999999999989e-03 6.558662000000000259e-04
2.329922999999999803e-03 4.456851000000000063e-04 2.536153000000000192e-03
2.367558999999999983e-03 4.201896000000000266e-05 1.332637000000000014e-03
8.237096999999999648e-04 5.307992000000000526e-04 1.054047000000000013e-03
1.324513000000000036e-03 5.084312000000000119e-04 2.906650000000000206e-03
4.702651999999999982e-04 1.949910999999999837e-05 1.972699000000000067e-03
2.059809000000000119e-03 1.668943999999999896e-03 2.866279999999999805e-04
1.162323999999999953e-03 2.454472000000000077e-03 1.897222000000000058e-03
1.765120999999999921e-03 1.072218999999999907e-03 3.777176000000000036e-04
2.558657000000000206e-03 1.488235000000000079e-03 1.830246000000000000e-03
8.640149999999999870e-04 2.653115000000000161e-03 8.486934000000000014e-04
9.175697000000000454e-04 7.398933999999999589e-05 2.513898999999999995e-03
1.833306000000000041e-03 9.443831999999999878e-04 1.686184000000000077e-03
2.608721000000000043e-03 1.604862000000000085e-03 2.216763000000000067e-03
1.142526000000000045e-03 1.995770999999999917e-03 5.031999999999999798e-04
2.202588000000000115e-03 1.842646999999999992e-03 2.082927000000000042e-03
1.253964999999999897e-03 2.202761000000000129e-03 2.776517000000000047e-03
2.224076000000000178e-03 1.191137000000000098e-03 1.431399000000000083e-03
2.475624000000000054e-03 1.998591000000000083e-03 9.113462000000000125e-04
2.320207999999999819e-03 2.101093000000000058e-03 2.677843000000000064e-03
1.740276999999999926e-03 2.422235000000000013e-03 2.189225999999999846e-03
2.142124000000000025e-03 1.070683000000000008e-03 1.563320999999999895e-03
1.013344000000000007e-03 6.757574999999999823e-04 8.152110000000000389e-04
2.390313000000000030e-04 1.135352999999999970e-03 2.191371000000000117e-03
1.652349999999999913e-03 2.215556000000000036e-03 2.446255000000000044e-03
6.955321000000000420e-04 1.332950999999999971e-03 1.734674000000000123e-04
2.498882000000000013e-03 3.867696999999999910e-04 9.443528000000000295e-04
1.266631000000000050e-03 1.528751000000000068e-03 2.983991999999999981e-03
2.996575000000000020e-03 4.909594999999999671e-04 1.749349999999999994e-03
1.204403999999999963e-05 2.177567999999999952e-03 9.587947999999999566e-04
5.976964999999999787e-06 2.027723999999999900e-04 1.261439999999999957e-03
3.001998000000000080e-03 1.218136999999999996e-03 2.655780999999999854e-03
1.486701999999999902e-03 2.792437999999999951e-03 1.534301000000000068e-03
3.619162999999999894e-04 7.057924999999999616e-04 3.171661999999999789e-04
2.242567999999999905e-03 7.157783999999999501e-04 2.651313000000000194e-03
2.157248999999999972e-03 5.853412000000000328e-04 1.761790000000000057e-03
9.082968000000000075e-04 1.968224000000000189e-03 2.683701000000000142e-03
1.764890999999999986e-03 1.912063999999999995e-03 1.758660999999999905e-03
1.745765999999999941e-03 2.323266000000000046e-03 1.330519999999999967e-03
1.010678000000000097e-03 4.157777999999999886e-05 2.060371000000000077e-03
1.967262000000000004e-03 2.032476999999999982e-03 9.838952000000000526e-05
3.001998000000000080e-03 2.036402999999999998e-03 1.225458000000000016e-03
3.001998000000000080e-03 2.458758000000000124e-03 3.104067000000000176e-04
2.696613000000000048e-03 2.424940999999999902e-03 4.025348000000000207e-04
1.213932999999999939e-03 2.895336000000000090e-03 9.342838000000000011e-04
7.898248000000000074e-04 1.074971999999999994e-03 2.102684999999999971e-03
5.124755000000000369e-04 8.842328999999999684e-05 2.354774999999999924e-03
2.492647000000000179e-03 9.468347000000000438e-04 3.128877999999999759e-04
1.059192999999999940e-03 2.033465999999999833e-03 1.654639999999999974e-03
2.850108000000000068e-03 1.936074999999999992e-03 2.714429999999999881e-03
1.204372999999999902e-03 2.243583999999999856e-03 2.984628999999999928e-03
1.246422000000000068e-03 2.724111999999999888e-03 4.724589000000000176e-04
2.591492999999999835e-03 2.125725000000000184e-03 2.322216000000000211e-03
4.132917000000000058e-04 2.620554000000000199e-03 1.640151999999999973e-03
2.651342000000000108e-03 1.082003000000000001e-03 5.002108000000000118e-04
2.204832999999999793e-03 2.807015999999999852e-03 1.561850000000000044e-03
1.193976000000000022e-03 2.173897000000000156e-03 2.363545999999999789e-03
9.174736000000000176e-04 2.983897000000000112e-03 2.116780999999999871e-03
2.112975999999999917e-03 1.968287999999999895e-03 2.936162999999999881e-03
3.048502000000000243e-04 1.839596999999999999e-04 2.984515000000000085e-03
2.638881000000000039e-03 2.222290000000000029e-04 6.618258999999999817e-04
5.398374999999999962e-04 2.620709000000000146e-03 2.126792000000000179e-03
2.743694000000000081e-03 2.434052999999999824e-03 2.292662999999999906e-03
1.432118000000000019e-03 7.480806999999999474e-04 1.827456000000000089e-03
7.587791999999999671e-04 1.206610000000000104e-03 5.876095999999999923e-04
1.569127000000000022e-03 3.671182999999999847e-04 1.632240000000000080e-03
9.513632999999999855e-04 6.440970000000000506e-04 2.945810000000000095e-03
9.019604999999999984e-04 1.984571999999999985e-03 1.821242000000000043e-03
2.340865000000000133e-03 8.092302000000000436e-04 6.805856000000000319e-04
2.521302999999999912e-03 2.875163999999999932e-03 2.434637999999999820e-03
1.163760999999999919e-03 1.053108000000000082e-03 9.324517999999999956e-04
7.546246999999999851e-04 1.266182000000000028e-03 1.639667999999999942e-03
9.836529999999999146e-04 1.204701999999999986e-03 2.652336999999999837e-03
1.076069999999999935e-03 2.735067999999999788e-03 2.095619999999999861e-03
4.460309999999999991e-04 9.155737999999999854e-04 3.382670999999999855e-04
2.918070999999999946e-03 9.205669999999999565e-04 4.728506999999999958e-04
2.543240999999999905e-03 2.127117999999999918e-05 1.207111000000000078e-03
1.681664999999999939e-03 8.815888000000000457e-04 7.021936999999999580e-04
2.761918999999999833e-03 1.313354999999999991e-03 9.739466000000000442e-04
1.897205000000000007e-04 2.278446000000000106e-04 1.112799999999999944e-03
2.084981000000000074e-03 2.438169999999999921e-03 2.915301999999999824e-03
4.249902999999999754e-04 2.782742999999999849e-03 2.960732000000000207e-03
6.863951000000000514e-04 8.483562000000000481e-04 2.570256999999999837e-03
1.152087999999999897e-03 5.856748999999999717e-05 2.963730999999999831e-03
2.184418999999999944e-03 2.772199999999999838e-03 6.748581000000000024e-04
1.304711000000000065e-03 1.022693000000000083e-03 1.875443000000000075e-03
1.281156000000000092e-03 1.854378999999999967e-03 7.866735999999999824e-04
1.384367999999999970e-03 1.533856000000000108e-04 3.143027999999999751e-04
1.191835999999999937e-03 2.849177000000000046e-03 8.792748999999999389e-05
1.525031999999999950e-03 2.704782000000000193e-03 2.906067999999999932e-03
9.704366000000000457e-05 2.521872999999999997e-03 2.674243000000000193e-03
8.154488999999999575e-04 1.847022999999999883e-04 1.969057999999999876e-04
2.849687999999999961e-03 7.015641000000000412e-04 4.128313999999999790e-04
4.520069999999999839e-04 1.145458999999999930e-03 1.660056000000000086e-04
2.576973000000000198e-03 1.032338999999999956e-03 2.110529999999999785e-03
2.960534999999999816e-03 1.276755000000000077e-03 2.242249999999999886e-03
2.469792000000000168e-03 1.491261000000000019e-03 1.624086999999999970e-03
1.637543999999999892e-03 1.905797000000000090e-03 2.029154000000000027e-03
2.772021999999999854e-03 2.562717999999999854e-03 4.754824000000000268e-04
6.251494000000000018e-04 1.761343000000000067e-03 2.661774999999999905e-04
1.013608999999999951e-03 2.729584000000000177e-03 1.782354000000000100e-03
6.545217999999999783e-04 5.779736999999999852e-04 2.974804000000000163e-03
8.264513999999999931e-04 3.465249999999999797e-04 1.965237000000000104e-04
1.103282000000000053e-04 8.769919000000000152e-04 1.624863000000000045e-03
2.335663999999999883e-03 8.590311000000000431e-04 1.745566000000000045e-03
9.199867999999999718e-04 1.355506000000000029e-03 2.332591000000000178e-03
1.603316999999999937e-03 2.915033000000000034e-03 2.392112000000000058e-03
1.506313999999999917e-03 2.683001999999999870e-03 2.253604000000000197e-03
2.734859000000000075e-03 6.334411999999999552e-04 2.457172999999999996e-03
2.777991999999999961e-03 2.001451000000000011e-03 1.242021000000000054e-03
2.885018999999999952e-03 1.605270999999999966e-04 1.705958000000000040e-03
1.409971000000000097e-03 2.057990999999999995e-05 1.606344000000000001e-03
9.329536999999999509e-04 1.035916000000000007e-03 2.566180999999999953e-05
2.019845000000000147e-03 2.708241000000000120e-03 2.608403999999999931e-03
1.027226999999999914e-03 1.094928999999999911e-03 2.614085999999999840e-03
2.041478000000000216e-03 5.535749000000000182e-04 4.599581999999999900e-05
1.959774000000000065e-03 2.145628000000000118e-03 2.897631999999999812e-03
3.001998000000000080e-03 2.058725999999999872e-03 2.532484000000000211e-03
3.001998000000000080e-03 1.149471000000000027e-04 1.268203999999999989e-03
3.787425999999999811e-06 1.562648000000000032e-03 6.147445000000000296e-04
1.116575999999999983e-03 1.264504000000000062e-03 2.459896999999999952e-03
2.715609999999999812e-03 1.333523999999999994e-03 2.984618999999999987e-03
2.509158000000000048e-03 8.860024000000000198e-04 2.241794000000000078e-03
1.586263999999999990e-03 1.473230999999999976e-03 2.299104000000000165e-03
2.502700000000000063e-03 1.088116999999999990e-03 1.779984000000000080e-03
1.683059999999999895e-03 2.054271000000000038e-04 1.942527000000000099e-03
2.327682000000000188e-03 2.216047999999999976e-03 1.116152000000000030e-03
3.559906000000000268e-04 2.112853000000000040e-03 1.908840999999999907e-05
9.417768000000000190e-04 2.328162999999999847e-03 2.484314000000000053e-03
1.143239000000000104e-03 1.323612999999999960e-03 1.689109000000000053e-03
1.464067000000000103e-03 6.246980000000000284e-04 2.689645999999999964e-03
1.791412999999999946e-03 2.503008000000000143e-03 1.755230999999999892e-03
1.320091000000000016e-03 1.562120000000000012e-04 1.633874000000000003e-03
1.418580000000000015e-03 2.716253000000000070e-03 1.163863000000000007e-03
1.757673999999999868e-04 3.683034000000000150e-05 6.976840999999999902e-04
1.932602000000000061e-03 7.108913999999999815e-04 1.495322000000000101e-03
9.141477000000000500e-04 2.969405999999999955e-03 2.912941999999999962e-03
9.501547000000000324e-05 1.169607000000000025e-03 1.527909999999999945e-03
2.972607999999999848e-03 1.909497000000000017e-03 2.455254999999999937e-03
1.494492000000000043e-03 7.342794000000000361e-04 1.909385999999999896e-03
4.667919999999999990e-04 2.656283999999999859e-04 2.599942000000000052e-03
2.659869000000000035e-03 2.918680999999999793e-03 7.225022999999999689e-04
2.820256000000000152e-03 7.794053000000000439e-04 2.537175999999999928e-03
7.978468000000000062e-04 3.835938000000000000e-04 2.115968000000000189e-03
9.687222000000000541e-04 9.565102000000000023e-04 1.094064000000000061e-03
8.781216000000000325e-04 2.301767000000000136e-03 1.784854999999999905e-03
4.604691000000000057e-04 1.738535999999999944e-03 5.762537000000000085e-04
1.186351999999999893e-03 1.919267000000000108e-03 2.432865000000000201e-03
1.697909999999999957e-03 9.780338999999999873e-04 2.114884000000000035e-03
8.707145999999999864e-05 2.599352999999999993e-03 1.617741000000000014e-03
2.316868999999999992e-04 7.979398999999999867e-04 6.471054999999999863e-04
2.686870999999999964e-03 1.896083000000000013e-03 1.010299000000000066e-04
1.912946999999999966e-04 1.855772999999999960e-04 8.063386999999999985e-04
5.483657000000000071e-04 2.114434000000000105e-03 3.244079999999999880e-04
2.695789999999999992e-03 1.899386999999999994e-03 1.340475000000000043e-03
1.592515000000000076e-03 2.929763000000000159e-03 2.956939999999999916e-03
1.311737000000000103e-03 1.614072000000000033e-03 2.538687999999999774e-04
1.476389000000000043e-03 2.503429000000000158e-03 1.447249000000000061e-03
1.068408000000000075e-03 2.417817999999999964e-04 2.973495000000000044e-03
1.677202000000000033e-03 2.965885000000000136e-03 1.435077000000000097e-03
2.857904999999999994e-03 2.984585000000000102e-03 2.583429999999999841e-03
2.802456000000000261e-04 1.245074000000000094e-03 2.723254999999999947e-03
1.521840999999999906e-03 2.848819999999999738e-04 3.377202000000000264e-04
1.731146999999999938e-03 7.885181999999999478e-04 1.501449999999999931e-04
9.396381999999999781e-04 3.228556000000000264e-04 1.255433000000000026e-03
2.812938999999999978e-03 1.977809999999999985e-03 1.454685999999999957e-03
6.775388999999999717e-04 2.501607999999999783e-04 1.896707999999999988e-03
2.748655000000000022e-03 1.010508000000000023e-03 1.831139999999999981e-03
1.662035000000000075e-03 2.950692999999999892e-03 2.965806999999999992e-03
2.770728999999999987e-03 2.623754000000000019e-05 1.329756999999999988e-03
2.499837999999999887e-03 2.464364000000000138e-03 1.836629999999999903e-03
7.334791999999999484e-04 2.981333999999999981e-03 1.811080000000000068e-03
2.182045000000000078e-03 1.808700000000000108e-03 1.932120999999999969e-03
1.719061000000000027e-03 2.054363999999999930e-03 2.743348000000000054e-03
6.501849000000000300e-04 4.054425000000000064e-04 1.016762000000000048e-03
2.494159000000000133e-03 2.602115999999999804e-03 1.428161999999999964e-03
1.109544000000000068e-03 1.392332999999999939e-03 3.123940000000000180e-04
2.201535000000000124e-03 1.430262999999999977e-03 2.778267999999999970e-03
4.911531999999999920e-04 9.851780999999999993e-04 1.268912000000000078e-03
2.491473000000000125e-03 3.226557999999999813e-04 1.839392999999999931e-03
7.185076000000000527e-04 1.197263000000000060e-03 2.031525000000000171e-03
8.870965999999999661e-04 3.613519000000000258e-04 2.044233999999999808e-03
1.208667000000000075e-03 4.135701999999999998e-04 8.545665999999999506e-04
1.671792999999999977e-03 1.067751000000000030e-03 2.752782000000000059e-03
2.374264999999999969e-03 2.580874999999999836e-03 7.013810999999999787e-04
8.034417000000000295e-04 2.745168999999999995e-03 4.192331000000000096e-04
1.602873000000000102e-03 2.867489000000000084e-04 1.701056000000000052e-03
2.942346000000000197e-03 4.985509999999999638e-04 3.784710000000000157e-04
3.288120999999999752e-04 9.276306999999999478e-04 1.037100999999999908e-03
1.251525999999999984e-03 1.608440000000000043e-03 2.781782999999999912e-03
1.764801000000000087e-03 2.428323000000000027e-03 2.072115000000000133e-04
1.392701000000000095e-03 1.692747000000000088e-03 2.731411999999999902e-03
2.317444000000000101e-03 1.074387999999999906e-03 2.027401000000000073e-04
2.153299000000000066e-04 2.877323000000000207e-03 8.559674000000000406e-04
1.542556999999999956e-03 2.058902999999999948e-03 2.067400000000000054e-03
9.957289000000000678e-04 9.687835999999999583e-04 3.364220000000000123e-04
1.328448999999999993e-03 4.645601999999999842e-05 2.605548000000000065e-03
2.359598999999999985e-03 2.024329000000000059e-03 2.435807999999999810e-03
1.034856000000000014e-03 6.112908999999999921e-04 1.075222999999999934e-03
1.501750000000000064e-06 2.828141000000000162e-03 2.920255999999999980e-04
1.501750000000000064e-06 6.989814000000000227e-04 2.488399999999999987e-03
1.501750000000000064e-06 2.899357999999999883e-03 7.193381999999999901e-04
1.501750000000000064e-06 2.528725999999999804e-03 2.022976000000000114e-03
3.393261999999999988e-06 1.787568999999999920e-03 4.765403000000000087e-04
3.001998000000000080e-03 2.614547000000000052e-03 4.032107000000000052e-04
8.206392000000000016e-05 1.520897000000000004e-03 2.628815000000000058e-03
1.377015000000000097e-03 8.905353000000000184e-04 8.715284999999999482e-04
8.803985999999999973e-04 1.698237000000000010e-03 1.520979999999999902e-03
2.632572000000000124e-03 2.567962000000000022e-03 2.259849999999999880e-03
7.796168999999999929e-04 9.325826999999999641e-04 2.532801999999999797e-03
5.424206999999999683e-04 1.482611999999999906e-03 1.606872000000000020e-04
2.559509000000000176e-03 1.847122000000000087e-03 1.928276999999999942e-03
1.950890000000000046e-03 1.839207999999999945e-03 2.069205000000000176e-03
2.382519000000000043e-03 1.436968000000000056e-03 2.551701000000000051e-05
2.209831000000000208e-03 1.404150000000000060e-03 4.007559999999999963e-04
2.667957999999999788e-03 1.513093999999999984e-03 1.713789000000000068e-03
1.353452999999999904e-03 2.840184999999999845e-03 1.552512999999999940e-03
1.192883000000000051e-03 5.003682000000000182e-04 2.106666000000000094e-03
6.978021000000000050e-04 1.824707000000000065e-03 1.097464999999999942e-03
2.115403999999999982e-03 2.440334000000000166e-03 4.733194000000000138e-04
2.270616000000000041e-03 2.311005999999999998e-03 1.262010999999999949e-03
2.581130000000000056e-03 6.132184000000000376e-04 2.510000000000000078e-03
7.907361999999999594e-04 1.713792999999999914e-03 1.947645000000000019e-03
2.661643999999999902e-03 2.927408999999999741e-04 2.785764999999999943e-03
2.046626000000000174e-03 1.208234000000000087e-03 2.418313999999999967e-03
2.199602000000000154e-03 4.400300999999999800e-04 3.421618999999999876e-05
1.431337999999999881e-04 5.901876999999999601e-04 1.106100999999999959e-03
2.927164999999999802e-03 2.461174000000000001e-03 2.332301000000000166e-03
1.685901999999999974e-03 2.988466000000000061e-04 3.791097000000000135e-05
1.415934999999999893e-03 2.930293999999999954e-03 2.332143000000000063e-03
1.699605999999999936e-04 1.117595999999999997e-03 3.556308000000000104e-04
2.199619999999999787e-03 2.758427999999999835e-03 1.194862000000000094e-03
1.077140000000000085e-03 1.124826999999999902e-03 2.579614000000000039e-03
2.178651000000000199e-03 2.085931999999999977e-03 4.455218000000000210e-05
1.848742000000000007e-03 2.142740000000000183e-03 2.653603000000000038e-03
7.940548000000000398e-04 4.738677999999999966e-04 1.529521999999999956e-03
1.431736999999999984e-03 2.358675000000000181e-03 6.352346999999999508e-04
1.929245000000000005e-03 2.618511000000000016e-03 1.281241999999999928e-03
7.273976999999999830e-04 1.157208999999999972e-03 9.148455000000000215e-04
2.581714000000000144e-03 2.247990999999999965e-03 5.398113999999999864e-04
2.001076000000000070e-03 1.328580999999999903e-03 2.574682999999999920e-03
3.010878000000000144e-04 1.202605999999999944e-03 2.253910000000000028e-03
2.710568999999999912e-03 2.827291999999999913e-03 2.407307999999999931e-03
1.121281999999999921e-03 1.888390999999999898e-03 2.203824999999999968e-03
1.103606000000000031e-03 2.985011000000000088e-03 8.428471000000000097e-04
1.274022999999999996e-03 2.272324000000000045e-03 2.743615000000000029e-03
2.917883000000000022e-03 2.109696999999999788e-03 1.452177999999999932e-03
8.937526999999999581e-04 1.216784999999999959e-03 7.050127000000000000e-04
7.790892000000000216e-04 1.497134999999999916e-03 2.832270000000000013e-03
9.870320000000001003e-04 1.545796000000000106e-03 1.542973000000000001e-03
8.290061000000000044e-04 8.079114000000000521e-04 1.223343000000000000e-03
2.466413000000000199e-03 6.737254000000000463e-04 1.127385999999999970e-03
2.426797999999999976e-03 4.456788000000000264e-04 1.977893000000000099e-03
2.728520999999999811e-03 4.310830999999999994e-04 1.377013999999999972e-03
1.150832000000000070e-03 1.639941000000000012e-03 2.518235000000000178e-03
1.620064999999999960e-03 5.061838999999999835e-04 2.139539000000000198e-03
2.722965999999999841e-03 2.722669999999999951e-03 2.305610000000000038e-03
6.024901999999999732e-04 6.929777999999999502e-04 1.598999999999999944e-03
1.894231000000000126e-04 1.988366999999999863e-05 1.684474000000000041e-03
1.482203999999999878e-04 2.275132000000000022e-03 2.985147999999999968e-03
2.226732999999999837e-03 9.656391999999999753e-04 2.182452999999999997e-03
1.605468000000000086e-03 2.118982000000000157e-03 2.142190999999999887e-03
2.936208000000000047e-03 1.982550999999999918e-05 1.740098999999999943e-03
1.815914999999999977e-03 1.941924999999999945e-03 3.867316999999999890e-04
3.073511000000000125e-04 1.791297999999999979e-03 2.853855000000000194e-03
3.854894999999999893e-04 2.207598000000000069e-04 2.197396999999999805e-03
1.892234999999999924e-03 2.889894000000000056e-03 2.584598999999999924e-03
1.804348999999999959e-04 2.248407999999999917e-03 2.164178000000000109e-03
2.213256999999999941e-04 1.004672000000000074e-03 2.214456999999999971e-03
2.098191000000000118e-03 2.432805000000000124e-03 5.549557000000000236e-05
2.170028000000000061e-03 2.533587999999999812e-03 1.471415000000000006e-04
5.363161000000000404e-04 6.018253999999999791e-04 2.661071000000000096e-03
1.082391999999999946e-03 5.838153000000000006e-04 1.341877000000000000e-03
3.592285000000000183e-04 2.361882999999999951e-03 2.356752000000000152e-03
1.707490000000000093e-03 2.983634000000000199e-03 4.973605000000000300e-04
2.112596000000000005e-03 6.053754999999999640e-04 8.637236000000000392e-04
1.749436999999999954e-03 8.402837999999999931e-04 2.730770999999999893e-03
2.932749000000000120e-03 7.106694999999999896e-04 1.638411999999999898e-03
1.208826999999999992e-03 2.932355000000000204e-03 8.641862999999999628e-04
1.019474000000000031e-03 1.327517000000000063e-03 6.987850999999999785e-04
1.686767999999999948e-03 2.486209999999999982e-03 2.532987000000000216e-04
2.681045999999999863e-03 2.984955000000000074e-03 2.019383000000000029e-03
8.695147999999999983e-04 1.920393999999999964e-03 1.806745999999999916e-03
1.834057000000000048e-03 4.670548999999999860e-04 1.679769000000000010e-03
1.425321999999999971e-04 2.002527000000000040e-03 2.969358999999999974e-03
1.832941000000000041e-03 7.598554999999999893e-04 8.870645000000000515e-05
1.265337999999999966e-03 1.146462000000000002e-03 1.410959999999999949e-03
2.611880999999999925e-03 2.212580999999999923e-03 6.013795000000000382e-04
1.321006000000000003e-03 4.595961000000000024e-05 1.943655999999999986e-03
2.701957999999999964e-03 1.233754000000000101e-03 2.926259000000000065e-03
1.641225000000000062e-03 9.984412999999999708e-04 2.713089000000000126e-03
1.274823000000000015e-03 1.202591000000000033e-03 1.884327000000000094e-03
1.501750000000000064e-06 1.958311999999999813e-03 1.272490999999999943e-03
1.501750000000000064e-06 1.614668000000000093e-03 2.593216000000000184e-03
1.057734999999999962e-05 7.548792999999999606e-04 1.326036999999999962e-03
1.445759999999999927e-03 4.869435999999999773e-04 1.969569999999999915e-03
6.607400000000000469e-04 1.669916000000000022e-03 2.018381999999999989e-03
1.033173999999999985e-03 2.241804000000000019e-03 2.773311999999999999e-03
2.130682999999999969e-03 2.338062000000000126e-03 2.305774999999999925e-03
9.046059999999999648e-04 2.727671999999999996e-04 2.030999999999999819e-03
8.987423000000000026e-04 1.466646000000000052e-03 2.705733000000000096e-03
1.747063999999999995e-03 1.224433999999999939e-03 1.193758999999999966e-03
1.540048999999999932e-03 9.628027999999999630e-04 1.193990000000000025e-03
2.736218999999999804e-03 4.486536000000000170e-04 4.073004000000000078e-05
1.696248000000000027e-03 1.410264999999999956e-03 1.956775000000000007e-03
8.484706999999999536e-04 2.188816000000000112e-03 6.712924000000000105e-04
2.843501000000000015e-03 2.844443999999999900e-04 7.707642999999999482e-04
7.102331999999999613e-04 2.142391000000000000e-03 4.158222000000000047e-04
2.563733000000000006e-04 2.232551999999999898e-04 1.113260999999999938e-03
2.497414999999999791e-03 1.791375999999999906e-03 2.434008999999999999e-03
6.202148999999999900e-04 1.026102000000000090e-03 8.479000999999999899e-04
9.385847999999999587e-04 2.350147999999999820e-03 1.842448000000000002e-03
1.612062000000000044e-03 2.727761999999999895e-03 2.978934999999999830e-03
2.361666000000000112e-03 2.581927999999999827e-03 2.836405000000000176e-03
2.847884000000000179e-03 1.608953999999999896e-03 2.282960000000000111e-04
6.342690999999999477e-04 2.131320999999999823e-03 1.952274999999999871e-05
7.849428000000000091e-04 1.271748999999999970e-03 4.071696999999999990e-04
4.809807000000000145e-04 1.402490000000000052e-04 2.287379999999999882e-03
1.104287999999999928e-03 9.892846000000000387e-05 7.315868999999999801e-04
1.010967999999999974e-04 2.547891999999999952e-03 5.179896000000000457e-04
5.660422999999999930e-04 8.922074000000000053e-05 2.598748000000000117e-03
2.834029999999999969e-03 2.100372999999999997e-03 1.652856999999999981e-03
1.536866000000000013e-03 2.504549000000000011e-03 1.379966000000000049e-03
2.332306000000000136e-03 1.680737000000000073e-03 1.032469000000000052e-03
2.366028000000000109e-04 3.436687999999999917e-04 2.983855000000000101e-03
1.717971999999999902e-03 2.863828000000000120e-03 1.647613999999999936e-03
2.235350000000000097e-03 7.012541999999999647e-04 6.207225999999999716e-04
2.655826000000000020e-03 2.574897999999999944e-03 1.605931000000000058e-04
4.332321999999999887e-04 1.524534999999999931e-04 2.620356999999999808e-03
7.452382999999999490e-04 2.548458999999999881e-03 9.453744000000000470e-04
6.257653000000000174e-04 2.229809000000000131e-03 1.649805000000000065e-03
2.822078000000000000e-03 6.713621000000000345e-04 1.764455000000000060e-03
1.924429000000000070e-03 2.283462999999999899e-03 1.339591000000000002e-03
7.040176000000000203e-04 1.428397999999999994e-03 2.184727999999999930e-03
2.514137000000000056e-03 2.094072000000000208e-03 9.446963999999999969e-04
1.446065000000000067e-03 4.553712999999999815e-04 5.038404000000000016e-04
1.501750000000000064e-06 1.659780999999999930e-03 1.221333999999999918e-03
1.501750000000000064e-06 1.653427000000000065e-03 3.364220000000000123e-04
1.501750000000000064e-06 1.461922000000000048e-03 4.685760000000000077e-04
3.001998000000000080e-03 2.257287000000000182e-03 2.896295000000000119e-03
3.001998000000000080e-03 2.728748999999999932e-03 6.979669000000000411e-04
3.001998000000000080e-03 1.776917000000000036e-03 1.062706999999999975e-03
3.001998000000000080e-03 2.964423999999999792e-03 2.883389999999999998e-03
3.153675000000000261e-05 1.958324999999999910e-03 2.986035000000000165e-03
2.646114000000000192e-03 2.634132999999999874e-03 1.747563999999999858e-05
2.745140000000000080e-03 1.700435999999999994e-05 1.075549999999999987e-03
1.393654000000000030e-03 2.986289000000000044e-03 2.397176000000000035e-05
2.754257999999999880e-03 2.985905999999999977e-03 9.115662000000000070e-04
6.277014999999999938e-04 2.986046999999999920e-03 2.964635000000000187e-03
2.402727999999999808e-03 1.710328999999999867e-05 4.876049000000000111e-05
1.476298000000000020e-03 2.679916000000000069e-03 2.986177000000000015e-03
5.458499000000000337e-04 1.265904999999999895e-03 2.986387999999999977e-03
4.406748999999999844e-04 1.711021000000000164e-05 8.729577999999999990e-04
7.319445999999999852e-04 1.188494000000000009e-03 1.032804000000000014e-03
1.014261000000000025e-03 2.740359999999999845e-03 7.100789999999999619e-04
7.911530999999999859e-04 4.348914999999999747e-04 2.792954999999999960e-04
7.583781000000000159e-04 4.972216999999999696e-04 6.268203999999999660e-04
4.962089000000000256e-04 2.212076999999999793e-03 4.034648000000000271e-04
1.026109000000000092e-03 1.841596000000000032e-03 1.724756999999999939e-03
2.338115999999999892e-03 2.750059000000000010e-03 1.683152000000000042e-03
8.019898999999999496e-05 1.676780999999999964e-05 1.337008999999999897e-03
2.094590999999999814e-03 2.837679000000000069e-03 1.206031999999999894e-03
1.027391000000000003e-04 1.104633000000000047e-03 7.402930000000000491e-04
2.401602000000000077e-03 1.759443000000000075e-03 2.179925000000000092e-03
1.800670000000000092e-03 7.347776000000000307e-04 4.676486000000000206e-04
1.373662000000000103e-03 1.010807000000000068e-03 1.695230999999999951e-03
9.004128000000000132e-04 5.306602999999999852e-05 1.391510000000000099e-03
2.494244000000000062e-03 1.097424000000000056e-03 1.551606000000000079e-03
6.886824999999999848e-04 1.261500000000000035e-03 2.118894000000000073e-03
1.310622999999999910e-03 5.245609999999999943e-04 2.113723999999999985e-03
2.570213000000000120e-04 2.780757999999999928e-03 9.255306000000000253e-04
1.740975999999999982e-03 2.917677000000000031e-03 1.039835999999999929e-03
2.945063999999999842e-03 2.115973000000000159e-03 2.005728999999999932e-03
1.433301000000000106e-03 9.229620000000000445e-04 1.239026999999999967e-03
2.107356999999999807e-03 2.485404999999999993e-03 2.217972999999999820e-03
2.302169000000000177e-03 1.260281000000000031e-03 2.651478000000000081e-03
9.086848999999999708e-04 5.429999000000000457e-04 1.247969999999999939e-03
1.111931000000000030e-03 1.869784999999999893e-03 2.372464999999999925e-04
2.113312999999999910e-03 1.229328999999999925e-03 1.990168999999999966e-03
2.143007000000000158e-03 1.849163000000000022e-03 2.067439999999999816e-03
1.365908000000000096e-03 4.590850000000000269e-04 1.601648000000000004e-03
2.786591000000000155e-03 1.116852999999999900e-03 2.431332000000000024e-03
2.328164000000000188e-03 1.700253000000000067e-05 1.139996000000000108e-03
2.170305999999999885e-03 1.106761999999999958e-04 4.966999999999999844e-04
2.705475000000000154e-03 1.721461000000000085e-03 7.142403000000000131e-05
1.341535999999999890e-04 7.822827000000000513e-04 2.181593999999999808e-03
1.232921000000000104e-03 1.837083999999999896e-03 2.472466999999999894e-03
1.061740999999999943e-03 1.659665000000000055e-03 2.677173000000000139e-03
2.899601999999999822e-03 1.865806999999999926e-03 4.914127000000000122e-04
3.826306999999999820e-04 2.601692000000000067e-03 1.770220000000000083e-03
2.043589000000000169e-03 1.371211999999999908e-03 2.491741000000000008e-03
1.137180000000000005e-03 1.421109000000000044e-03 1.518643000000000076e-03
1.557917000000000026e-03 2.506094999999999851e-03 1.803593999999999944e-03
3.551517999999999867e-06 2.788467000000000202e-03 2.744002000000000160e-03
1.501750000000000064e-06 9.671570999999999901e-04 3.321972000000000184e-04
1.920967999999999894e-03 2.980200000000000123e-03 1.144641000000000061e-03
1.252725000000000106e-03 1.217924000000000003e-03 5.162209000000000502e-04
1.191126000000000034e-03 2.132515000000000192e-03 2.539338000000000250e-04
4.507646000000000244e-04 2.770724000000000017e-03 2.648165000000000067e-03
7.656958000000000492e-05 8.218175999999999563e-04 1.649599999999999981e-03
2.577733999999999928e-03 6.088251999999999726e-04 2.960471999999999800e-04
1.831406999999999957e-03 2.928225999999999919e-03 2.980607000000000135e-03
2.786471000000000000e-03 2.848737999999999965e-03 1.805103999999999989e-05
8.060562000000000499e-04 2.426866000000000017e-04 9.931767999999999673e-04
2.665896999999999972e-03 9.543649999999999876e-04 2.019673000000000041e-03
1.321958000000000031e-03 1.776863000000000054e-03 2.915815999999999894e-03
2.007633999999999894e-03 2.444082000000000090e-04 1.778943999999999887e-05
1.950186000000000020e-03 2.149587000000000112e-03 1.670574000000000109e-05
1.592061999999999991e-03 2.217858999999999976e-03 2.924663000000000089e-03
1.636111999999999896e-03 2.330885999999999895e-04 1.647433000000000014e-03
1.134926999999999984e-03 2.202976000000000153e-03 3.828163000000000095e-04
1.833051000000000038e-03 2.209070999999999951e-03 2.958530999999999813e-04
1.460907999999999912e-03 2.875668000000000061e-03 1.157192999999999937e-03
6.734358999999999604e-05 2.972643999999999981e-03 1.157861999999999954e-03
5.266812999999999747e-04 8.738122000000000293e-04 2.457399999999999884e-04
1.197200999999999951e-03 1.399601999999999953e-04 7.559809999999999707e-04
3.266575000000000078e-04 1.008683000000000019e-03 8.520758000000000455e-04
8.596845999999999785e-04 1.941964999999999924e-03 4.129776000000000150e-04
4.129785999999999765e-04 1.518269999999999949e-03 1.034364999999999981e-03
2.919608000000000186e-03 1.757543000000000083e-03 1.922780000000000019e-03
3.862455000000000207e-04 2.259753000000000196e-03 3.718401999999999775e-04
5.132703000000000178e-04 1.410835000000000040e-03 4.069807999999999846e-04
1.794873999999999905e-03 2.869846000000000116e-03 2.732885000000000110e-04
1.200417999999999971e-03 1.998086999999999953e-03 2.462493999999999968e-03
2.443639999999999961e-03 1.304416000000000082e-03 1.812292000000000070e-03
2.053968000000000200e-03 8.911169999999999725e-04 1.660114999999999985e-03
7.589794000000000401e-04 1.094116000000000012e-03 2.622740000000000141e-03
1.793120000000000044e-03 2.812494000000000018e-03 2.130223000000000099e-03
1.519801000000000095e-03 2.945224000000000193e-03 2.631752000000000006e-04
2.522639999999999822e-04 1.502344000000000075e-03 1.524781000000000010e-03
1.712818000000000066e-03 1.134391000000000002e-03 3.913904000000000059e-04
2.684591000000000061e-03 6.390153000000000413e-04 2.764214999999999988e-03
2.384808999999999887e-03 2.821389000000000102e-03 2.185049000000000106e-03
1.610719999999999947e-03 8.687906999999999488e-04 6.564324000000000070e-04
2.732383000000000121e-03 2.637828000000000048e-03 4.379772999999999783e-04
2.389220000000000059e-03 6.756350999999999850e-05 3.884428000000000208e-04
1.436732000000000026e-03 3.407301999999999857e-04 2.926811999999999990e-04
1.921521999999999944e-03 3.789872000000000228e-04 1.389023999999999988e-03
1.400708999999999982e-03 1.337981999999999930e-03 3.747539000000000035e-04
1.670893000000000064e-04 1.642916999999999978e-04 1.718913000000000081e-03
2.707948999999999860e-03 2.599358999999999871e-03 9.677594000000000300e-04
1.473497000000000045e-03 1.837410999999999949e-03 2.748934000000000186e-03
2.679868000000000181e-03 2.596306000000000048e-03 3.829532000000000183e-04
1.002260000000000043e-03 2.934912000000000024e-03 6.766111999999999908e-04
1.689037999999999911e-03 2.494904000000000045e-03 2.794191000000000123e-03
9.406466000000000480e-04 2.667799000000000212e-03 4.730517999999999963e-04
1.094336999999999914e-03 2.762543000000000117e-03 7.922037999999999519e-04
1.650512999999999937e-03 1.356297999999999922e-03 2.027370999999999872e-04
3.003200000000000249e-04 2.299030999999999991e-03 2.785829000000000083e-03
2.298412000000000111e-03 1.925787999999999892e-03 2.233623000000000119e-03
1.263189000000000065e-03 5.415516999999999467e-04 2.986794000000000081e-03
1.326645999999999902e-03 2.441974999999999875e-04 7.915653000000000359e-04
1.522538999999999891e-04 2.664400999999999835e-03 2.248115000000000183e-03
2.941922999999999934e-03 1.484181999999999906e-03 2.986780000000000077e-03
1.190174000000000006e-03 1.023126000000000070e-03 2.338148999999999870e-03
2.552294999999999998e-03 2.089619000000000025e-03 1.187502000000000002e-03
1.538122999999999964e-03 5.751638000000000106e-04 2.235413999999999804e-03
4.025672999999999903e-05 7.013018999999999677e-04 6.986091999999999519e-04
6.659851999999999743e-04 2.852578000000000145e-03 2.883627000000000152e-03
2.180510999999999994e-03 2.479569000000000044e-03 1.263563000000000099e-03
1.127797999999999952e-03 1.481504000000000024e-03 1.446201999999999948e-03
2.296017000000000023e-03 2.923924000000000054e-03 2.000834999999999853e-03
1.689306999999999918e-03 2.733215000000000210e-03 1.728338000000000053e-04
1.638415000000000054e-03 2.827175999999999821e-03 1.479075999999999958e-03
1.983119000000000201e-03 2.222560000000000160e-03 4.871173000000000126e-04
2.779791999999999897e-04 2.719660000000000046e-03 1.449098000000000009e-03
1.158233999999999956e-03 2.778206999999999986e-03 1.569978000000000031e-04
2.163126000000000024e-03 6.981217999999999538e-04 1.577045000000000009e-03
1.312559999999999942e-03 2.986074999999999927e-03 1.447308999999999922e-03
1.228648999999999898e-04 6.992217000000000007e-04 9.480382999999999996e-04
9.900525999999999337e-04 5.283707000000000334e-04 7.383280000000000095e-04
5.871770000000000331e-04 1.939058000000000014e-03 2.698633000000000195e-03
8.515651000000000167e-04 2.076238000000000215e-03 1.414155999999999963e-03
1.312559999999999942e-03 2.700812999999999825e-03 3.606271000000000086e-04
6.856521999999999877e-04 2.869763000000000001e-03 1.686474000000000089e-03
1.772034999999999930e-03 1.932590999999999996e-03 1.019322000000000023e-03
3.476716000000000138e-04 5.796455000000000054e-04 2.266620000000000061e-04
1.642168999999999964e-03 2.088934000000000190e-03 2.986088999999999931e-03
2.650294999999999995e-03 5.176882999999999745e-04 2.784214000000000133e-03
3.532082999999999772e-04 1.190773000000000005e-03 2.126447999999999967e-03
2.277796999999999808e-03 1.712201999999999908e-03 2.133542999999999898e-03
4.906379000000000209e-04 2.536745999999999879e-03 4.480140999999999768e-04
1.165851000000000083e-03 9.742642000000000359e-04 9.026213000000000378e-04
2.042410000000000145e-03 2.626937000000000196e-03 1.764944999999999969e-03
2.176728000000000170e-03 2.801342999999999975e-03 2.920223000000000003e-03
2.989086000000000173e-03 1.672503999999999937e-05 5.403295999999999978e-05
1.165999000000000028e-03 1.460492000000000084e-03 1.711009000000000098e-03
2.484244999999999943e-03 8.776037999999999678e-04 4.014360000000000237e-04
3.716163000000000083e-04 2.443138000000000080e-03 9.347551999999999641e-04
1.077933000000000103e-03 2.865674999999999820e-03 2.071973999999999864e-03
1.603838999999999916e-03 4.655748999999999934e-04 9.469141000000000146e-04
1.986828999999999852e-03 1.594827999999999957e-03 6.551683999999999460e-04
1.296719999999999904e-03 5.431938000000000304e-04 1.199912000000000027e-03
5.209884000000000346e-04 8.330626999999999683e-05 3.738247999999999788e-04
2.987051000000000116e-03 1.262710000000000004e-03 2.928095999999999824e-03
2.954623999999999879e-03 5.307758000000000013e-05 1.823867999999999974e-03
9.045039999999999851e-04 2.546404999999999958e-04 1.091423000000000003e-03
8.507283999999999506e-04 2.446205999999999815e-03 6.674682000000000141e-04
1.869460999999999996e-03 2.891448999999999929e-03 2.679668999999999975e-03
2.939502000000000087e-03 3.041698000000000231e-04 2.576973000000000198e-03
2.895046000000000078e-03 3.070703999999999730e-04 1.160234999999999912e-03
2.738447000000000190e-03 2.513240999999999826e-03 2.651276000000000153e-03
5.627698000000000205e-04 1.848664999999999987e-03 1.578359000000000099e-03
7.015978000000000405e-04 6.831279999999999688e-04 2.595351000000000082e-03
1.103367999999999970e-03 1.440049000000000103e-03 2.575398000000000010e-03
1.156347000000000061e-04 1.908724000000000098e-03 5.120952999999999486e-04
8.682183000000000218e-04 1.181402999999999924e-03 2.913095000000000202e-04
2.148136000000000143e-03 1.490996000000000075e-03 3.889540999999999832e-04
1.120691000000000048e-03 2.365321999999999997e-03 3.323938999999999822e-04
2.730728999999999882e-03 3.431908000000000007e-04 6.680342000000000354e-04
6.232262000000000132e-04 8.019044000000000129e-04 1.453554000000000076e-04
2.680281000000000070e-03 2.776953999999999881e-03 1.218468999999999938e-04
1.916975000000000016e-03 2.927518999999999955e-03 1.830501000000000003e-03
9.694454000000000135e-04 5.976665000000000146e-04 1.663117999999999956e-05
1.567019999999999915e-03 2.461530999999999875e-03 2.086504999999999783e-03
2.055622000000000005e-03 1.398899999999999905e-04 2.146827999999999931e-03
1.562472000000000080e-03 1.885743000000000055e-03 2.192009999999999879e-03
5.354296000000000142e-04 2.259750000000000040e-03 2.134338999999999854e-03
1.082292000000000106e-03 8.868473999999999888e-04 9.664352999999999659e-04
7.339446999999999595e-04 1.745360999999999961e-03 2.987010000000000012e-03
2.596858000000000066e-03 1.994842000000000034e-04 7.338969000000000308e-04
1.620614999999999946e-03 2.840885000000000025e-03 1.206323999999999938e-04
7.620987000000000290e-04 3.884410999999999832e-04 2.641966999999999840e-03
2.599535000000000040e-03 1.194121000000000028e-03 1.247941000000000024e-03
1.611896000000000032e-03 7.738326000000000015e-04 5.851340999999999921e-04
2.388596000000000209e-03 9.021071000000000081e-04 1.010919000000000097e-03
2.610946999999999856e-04 1.852539000000000052e-03 2.725832999999999989e-03
9.062720999999999928e-04 2.310014999999999898e-03 6.081943000000000462e-04
1.117984999999999942e-03 3.670494000000000165e-04 2.290541000000000105e-03
2.610072000000000173e-03 2.952826999999999882e-03 2.487978999999999972e-03
1.050924999999999971e-04 1.109575000000000014e-03 1.428159000000000026e-03
2.653083000000000091e-04 2.332227999999999992e-03 1.569908999999999975e-03
2.469561999999999799e-03 1.658935999999999961e-03 2.963150999999999806e-03
2.954361999999999874e-03 2.170093000000000109e-03 2.064906999999999940e-03
9.302810000000000332e-04 1.544669000000000033e-03 2.722823999999999991e-03
1.163086000000000024e-03 1.952459999999999938e-05 2.081378000000000048e-04
2.696402000000000087e-03 1.250042999999999944e-03 2.281967000000000197e-03
1.172866999999999963e-03 1.653074000000000036e-03 1.626318999999999985e-03
2.945213999999999818e-03 2.630383000000000027e-03 2.880325999999999893e-03
1.136697000000000098e-03 2.205313999999999885e-03 4.781319999999999819e-05
5.616844999999999651e-04 2.327054999999999966e-04 1.996227000000000158e-03
3.736658000000000232e-04 2.012315000000000197e-03 2.710283999999999870e-03
1.568425999999999935e-03 2.986685000000000208e-03 1.898837999999999915e-03
1.396613999999999907e-04 1.255685999999999998e-03 8.308843999999999692e-04
7.958973999999999736e-04 1.141030000000000017e-04 2.026207999999999829e-03
2.564958999999999902e-03 2.533827000000000215e-03 1.996042999999999863e-03
1.919817000000000095e-03 2.777693999999999823e-03 1.064744000000000064e-03
2.957363000000000179e-03 3.743013999999999803e-04 6.226264999999999925e-05
6.085669000000000365e-04 6.138647000000000114e-04 2.720373999999999796e-03
1.098285999999999967e-03 1.107481999999999911e-03 2.821722999999999940e-03
8.043033999999999470e-04 2.588434000000000134e-03 2.668391999999999899e-03
2.989663000000000043e-04 1.918458999999999963e-03 3.070406000000000025e-04
2.553558999999999950e-03 1.746032000000000009e-03 1.776638999999999996e-03
7.104938999999999569e-04 1.033893999999999964e-04 2.155113000000000167e-03
3.519958000000000223e-04 1.104621000000000075e-03 9.148582000000000155e-04
1.888455999999999945e-03 1.793455999999999913e-03 4.999444999999999497e-04
7.852176000000000424e-04 3.874214999999999972e-04 1.349981000000000098e-03
1.152150999999999913e-03 7.304832999999999726e-04 1.961397000000000086e-04
2.525912999999999856e-03 1.070060000000000065e-03 2.229724000000000202e-03
8.334742999999999492e-04 1.543301000000000015e-04 1.600073999999999941e-03
8.336539000000000449e-04 2.359958000000000108e-03 2.448660999999999980e-03
1.501750000000000064e-06 1.795235999999999832e-05 2.510961999999999830e-03
3.001998000000000080e-03 1.065261999999999980e-03 2.593012000000000008e-03
2.921824999999999856e-03 1.313673000000000119e-04 2.262007999999999814e-03
8.860625999999999485e-04 5.680881999999999729e-04 6.225942000000000368e-04
2.068960999999999804e-03 3.701859000000000161e-04 2.136368000000000034e-03
2.008174000000000157e-03 1.242021999999999961e-03 1.987866999999999933e-03
5.388978000000000431e-04 8.672582000000000511e-04 2.693247000000000176e-03
2.938500000000000140e-03 2.090884999999999792e-03 1.533068999999999968e-03
4.913019999999999931e-04 1.672726999999999938e-03 1.649412999999999964e-03
2.236952999999999858e-03 3.411706000000000027e-04 1.722575000000000061e-03
4.142201999999999885e-04 2.446345999999999851e-03 7.110395999999999947e-04
9.827158999999999808e-04 7.663041000000000210e-04 1.206756999999999925e-03
8.187032000000000120e-04 5.345929999999999823e-04 1.526659999999999996e-03
1.674448999999999946e-03 2.578505000000000033e-03 1.807320999999999971e-03
6.835479999999999681e-04 2.390198999999999969e-03 1.763713000000000086e-03
1.785792999999999929e-03 1.094366999999999953e-03 1.688409999999999998e-03
6.357555999999999884e-04 2.524433999999999879e-03 1.228883999999999966e-03
2.310436999999999821e-03 4.793813000000000176e-04 1.674637000000000074e-05
1.524212000000000049e-03 1.525231000000000102e-04 2.680973000000000123e-03
1.544968000000000079e-03 7.721384000000000407e-04 1.063907999999999911e-03
1.796726999999999916e-03 1.623270000000000008e-03 2.614826000000000216e-03
1.145488999999999969e-03 9.613424999999999662e-04 3.934284999999999822e-04
2.389619999999999852e-03 2.135457999999999801e-03 9.990177000000000692e-04
2.170107000000000112e-03 2.149111999999999897e-03 9.935811000000000068e-05
1.262562000000000059e-03 2.091588000000000128e-03 1.208068000000000076e-03
1.700431999999999985e-03 2.010724000000000192e-03 4.732450000000000133e-04
2.614907000000000082e-03 1.814859000000000047e-03 2.666791999999999861e-04
1.084635999999999934e-03 5.140432000000000117e-04 2.349397999999999938e-03
2.515283000000000102e-03 1.915639000000000014e-03 2.313855000000000078e-03
9.138093000000000127e-04 1.969664999999999784e-03 1.547888999999999992e-03
2.239108999999999978e-03 1.453260000000000055e-03 2.647595999999999890e-03
1.830706999999999994e-03 2.917900000000000181e-03 2.133641999999999830e-03
2.081456000000000191e-03 2.900722000000000109e-03 7.570651000000000507e-05
2.733820000000000087e-03 3.949558000000000040e-04 2.521528999999999784e-03
7.830628000000000068e-04 2.214896000000000052e-03 2.572159999999999985e-03
1.669579000000000028e-03 2.870086999999999899e-03 2.357717000000000059e-03
2.866838999999999932e-03 2.895403999999999860e-03 1.982944999999999847e-03
2.549602000000000205e-03 2.601554999999999862e-04 1.162087000000000016e-03
3.199664999999999866e-04 2.559312999999999936e-05 3.453724999999999937e-04
5.102946000000000050e-05 2.053903000000000152e-03 2.765774999999999831e-03
2.091737000000000197e-03 1.634636000000000048e-05 4.138961999999999828e-04
1.403397000000000021e-03 2.048416999999999859e-03 2.682786999999999845e-03
1.708115000000000067e-03 2.827950999999999989e-03 9.507422000000000399e-04
2.618393000000000109e-03 6.423807000000000345e-04 2.812455000000000163e-04
5.124514999999999843e-04 1.979670000000000214e-03 2.227942000000000117e-03
3.709375000000000107e-04 6.321178999999999470e-04 2.252655000000000109e-03
2.782053999999999951e-03 2.206785000000000170e-03 1.214606000000000019e-03
8.975804999999999895e-04 1.498084000000000004e-04 1.938838000000000020e-03
9.293555999999999895e-06 2.485317999999999816e-03 9.521239999999999662e-05
2.081973999999999891e-03 1.073432999999999939e-03 2.435877999999999828e-03
1.937518999999999960e-03 8.254290000000000281e-04 5.410061999999999770e-04
6.489933999999999720e-04 3.285884000000000200e-04 1.876892999999999921e-03
2.197380000000000080e-03 2.308442000000000013e-04 2.713262000000000139e-03
2.724143999999999958e-03 1.277682999999999944e-03 1.548319999999999948e-03
2.660805999999999935e-03 1.540041999999999930e-03 2.741383000000000014e-03
1.947462999999999972e-03 1.905641999999999926e-03 7.025774999999999729e-04
1.764919999999999900e-03 2.828806000000000116e-03 8.580872999999999929e-04
2.811698999999999969e-03 1.697904000000000080e-03 2.050017999999999806e-03
8.557016000000000405e-04 2.246999999999999865e-03 1.274993000000000090e-03
7.436835999999999620e-04 2.108843000000000002e-03 1.496605000000000027e-03
8.275042999999999505e-04 1.640298000000000103e-03 2.987167000000000208e-03
2.589309000000000142e-03 1.158009999999999980e-04 9.308178999999999976e-04
2.030661000000000011e-03 6.551845000000000151e-04 9.118480999999999679e-04
1.225397999999999939e-03 2.848553000000000196e-03 1.860083000000000005e-03
2.349003000000000115e-03 7.941546000000000282e-04 1.399561999999999866e-04
8.907470000000000014e-04 1.755042000000000060e-03 2.116212000000000128e-03
1.564536999999999959e-04 2.035041999999999927e-03 1.522350000000000005e-03
2.733155000000000133e-03 1.851900999999999873e-04 1.166553000000000078e-03
1.135748999999999917e-03 4.430471999999999752e-05 1.518486000000000098e-03
2.680623999999999941e-03 2.509214000000000062e-03 2.937392999999999949e-03
2.727567000000000186e-03 1.610305999999999934e-03 1.110925000000000020e-03
1.264970000000000027e-03 2.987305999999999902e-03 1.771431000000000150e-05
7.864662999999999819e-04 1.074957000000000083e-03 1.639384000000000159e-05
1.448615000000000102e-03 8.233849000000000116e-04 7.783310999999999789e-04
1.200874999999999903e-03 3.743148999999999760e-04 1.330269999999999933e-03
2.096708000000000079e-03 2.971951999999999927e-03 2.768933999999999805e-03
2.042753000000000017e-03 1.896710000000000019e-03 2.483680000000000046e-04
1.786590000000000010e-03 7.838834000000000036e-04 6.748624999999999850e-04
2.674516000000000046e-03 1.986734999999999890e-03 7.353668000000000487e-04
1.190205999999999968e-04 1.364332000000000001e-03 2.491321999999999807e-03
2.665095000000000137e-03 7.215808999999999678e-04 2.539464999999999865e-03
2.237607999999999871e-04 7.505478000000000106e-04 2.987050000000000208e-03
6.697591999999999825e-06 2.330686000000000216e-03 2.475563999999999976e-03
3.001998000000000080e-03 2.217114000000000064e-03 2.092531999999999812e-03
2.348766999999999869e-03 2.661131000000000173e-03 5.797744999999999765e-04
1.907253000000000030e-03 1.294802999999999970e-03 1.206433999999999935e-03
2.675831000000000043e-03 2.823646999999999767e-04 2.844613000000000176e-03
9.385936999999999579e-04 3.244087999999999898e-04 1.703333999999999925e-03
9.911249000000000014e-04 2.550001000000000050e-05 3.407732999999999921e-04
1.413283999999999895e-03 1.608974999999999902e-03 7.776169999999999784e-04
2.697230000000000114e-03 8.120463999999999981e-04 1.775349999999999975e-03
1.213384000000000077e-03 1.778665000000000020e-03 1.196655999999999935e-03
1.731965000000000024e-03 2.861428000000000062e-03 2.885463999999999911e-03
9.188816999999999948e-04 6.577364999999999731e-04 2.450826000000000133e-03
9.337335000000000209e-04 1.069276000000000081e-03 1.684523000000000053e-03
2.663756000000000197e-03 1.817370000000000010e-03 1.622170999999999943e-03
2.709658000000000205e-03 2.099938999999999886e-03 1.804032000000000010e-04
1.576541000000000097e-03 2.231768999999999875e-04 4.895404999999999592e-04
1.520068000000000070e-03 9.043494999999999377e-05 2.605816999999999856e-03
1.948005000000000049e-03 2.231569999999999995e-03 1.117331999999999961e-03
1.416329999999999933e-03 1.915199000000000025e-03 2.127988999999999836e-03
1.479924000000000083e-03 2.536458000000000115e-03 1.126604000000000017e-03
2.388090999999999901e-04 2.831150000000000160e-03 7.148630000000000435e-04
2.817253000000000032e-03 1.857747999999999995e-03 2.257262999999999804e-03
1.941964999999999924e-03 2.584944000000000044e-03 1.122102000000000039e-03
1.290504000000000043e-03 1.436472999999999960e-03 7.164121999999999981e-04
3.540462000000000188e-04 2.326051999999999894e-03 3.572105999999999914e-04
1.314466999999999936e-03 1.560317999999999991e-03 1.821190999999999999e-03
2.641862000000000030e-03 1.235512999999999932e-03 8.573759000000000458e-04
2.142996999999999784e-03 9.621458999999999524e-04 3.552246000000000006e-04
5.689805000000000253e-04 1.313907999999999916e-03 2.526477000000000063e-03
1.310776000000000042e-03 3.918689999999999847e-04 3.829398999999999824e-04
2.205755000000000215e-03 1.088528999999999972e-03 2.383086999999999879e-03
1.930127000000000015e-03 2.095100999999999821e-03 7.205395999999999546e-05
2.782616999999999816e-03 2.383051000000000180e-03 2.381481999999999870e-03
8.207556999999999657e-04 2.986635999999999978e-03 2.964423999999999792e-03
1.818172000000000061e-03 5.088351999999999762e-04 2.893783000000000032e-03
1.937226999999999916e-03 1.979505999999999800e-03 1.973799000000000040e-03
1.583135999999999962e-03 2.593531999999999955e-03 9.504201000000000316e-04
1.805397000000000035e-03 1.422805000000000077e-03 4.344794000000000130e-04
8.142133999999999656e-04 2.500331000000000168e-03 1.296328999999999928e-03
1.743629000000000012e-03 2.575669999999999956e-03 1.868146999999999907e-03
4.040510999999999777e-04 1.378677000000000082e-04 4.309997000000000199e-04
2.848621999999999873e-03 1.636308000000000123e-05 2.907418000000000155e-03
1.713508000000000088e-03 1.475086000000000019e-03 1.962493999999999957e-03
2.959836999999999885e-03 2.218088000000000004e-03 2.949727999999999985e-03
1.678258000000000018e-04 1.606192999999999900e-03 2.662954999999999836e-03
1.766383999999999966e-03 1.121908999999999927e-03 5.533998000000000069e-05
2.220766999999999793e-03 2.575410000000000199e-03 2.217075000000000209e-03
1.319534000000000028e-03 1.963872000000000187e-03 1.717613999999999903e-03
4.472286000000000230e-04 4.065367000000000069e-04 3.920358999999999780e-04
2.686621000000000148e-03 2.869505000000000059e-03 2.350442999999999803e-03
2.153799999999999985e-03 7.770914999999999984e-04 1.272134999999999976e-04
1.030169999999999957e-03 2.299180000000000060e-03 4.219084999999999806e-04
1.136918999999999907e-03 2.972149999999999792e-03 1.560301999999999956e-03
2.148633999999999961e-03 2.368354000000000032e-03 4.043240999999999936e-04
2.072085999999999893e-03 1.718497999999999944e-03 2.024414000000000096e-04
2.316107999999999882e-04 1.970326000000000109e-03 2.417306000000000142e-03
2.043881999999999904e-03 1.929750999999999949e-03 1.915371999999999930e-04
2.410511000000000164e-03 7.590703999999999551e-04 1.019687000000000024e-03
2.402500000000000122e-04 2.729499999999999938e-04 2.203168000000000140e-03
1.264504000000000062e-03 4.193372000000000007e-04 9.307845999999999720e-05
8.287242000000000436e-05 2.213548999999999985e-03 2.017309000000000116e-03
1.397615999999999963e-03 1.980895999999999785e-03 1.682259999999999984e-04
2.002110000000000088e-03 2.028850000000000011e-03 2.982798999999999954e-03
4.370072999999999926e-04 2.389275000000000166e-03 1.444652999999999953e-03
2.252324999999999954e-04 5.031004999999999852e-04 1.498715999999999980e-03
1.178608000000000043e-03 6.143472000000000462e-05 2.770102000000000198e-04
2.920831000000000035e-03 2.006823999999999934e-03 1.482124999999999936e-03
9.448491999999999525e-04 1.893256999999999969e-03 1.736839000000000004e-03
1.890186000000000080e-03 2.457472999999999949e-03 2.193594000000000099e-03
2.225496999999999946e-04 2.200040999999999802e-03 2.927437000000000073e-04
2.566489999999999830e-03 1.057526999999999946e-03 1.736396999999999984e-03
3.863200999999999810e-04 2.255304000000000076e-03 1.491237999999999982e-03
9.722854999999999866e-04 2.598843999999999894e-03 2.975376000000000062e-03
9.926653999999999166e-04 1.257401000000000005e-03 1.492709000000000050e-03
1.132289000000000082e-03 3.036317999999999954e-05 2.166958000000000079e-03
2.876079000000000135e-03 2.380103000000000166e-03 9.487785000000000099e-04
5.961678000000000013e-05 2.224129999999999998e-05 2.394654999999999874e-03
1.330260999999999900e-03 4.655424999999999901e-05 8.259988999999999428e-05
2.022850000000000082e-03 3.619280000000000218e-04 1.401364999999999902e-03
2.814651000000000045e-03 2.983987000000000011e-03 9.777294000000000176e-04
1.776341000000000074e-03 1.329412000000000085e-03 2.865308999999999912e-03
2.985157999999999909e-03 2.045712999999999785e-03 5.664564000000000404e-04
4.418903000000000067e-04 1.985283000000000013e-03 5.669882000000000003e-04
5.603812999999999806e-04 2.986808000000000084e-03 2.296766999999999906e-03
6.709195999999999519e-04 4.098834000000000201e-04 9.674517000000000533e-04
1.778042000000000077e-03 1.334670999999999948e-03 2.003626000000000105e-03
6.893938000000000062e-04 1.151628999999999934e-03 5.874669000000000115e-04
1.703876999999999909e-03 2.017292000000000065e-04 1.644690000000000003e-05
1.629409000000000066e-03 1.007424000000000036e-03 2.483402999999999913e-03
1.058736000000000009e-03 5.183116000000000199e-04 2.504628000000000063e-03
5.211985000000000142e-04 2.431319999999999835e-03 2.875752999999999990e-03
1.366561999999999985e-03 2.743704999999999929e-03 1.066279000000000028e-04
1.698405999999999961e-03 1.787406999999999972e-03 1.575776000000000086e-03
9.776373000000000528e-04 1.733689000000000063e-03 1.171628999999999986e-03
1.441650000000000049e-03 1.486937000000000024e-03 6.382398000000000281e-04
1.602193000000000020e-03 1.921423999999999918e-03 7.552995999999999538e-04
1.036578999999999929e-03 7.444997999999999764e-04 7.556706000000000490e-04
2.683046000000000129e-03 1.333584000000000071e-03 5.229381999999999867e-04
9.281535999999999628e-05 2.259700999999999810e-03 2.078452000000000164e-03
5.216228999999999961e-04 7.628589999999999547e-04 2.080127000000000191e-03
1.033173999999999985e-03 2.721200999999999915e-03 9.281116000000000062e-04
1.207112999999999893e-03 2.587507000000000175e-03 1.263423000000000063e-03
2.453828999999999819e-03 1.339469000000000033e-04 1.259969000000000106e-03
2.275586999999999922e-03 1.391864999999999943e-03 4.911575000000000489e-04
1.013468000000000008e-03 9.857437000000001011e-04 3.333099000000000256e-05
5.725984999999999625e-04 7.174710000000000159e-04 2.086217000000000019e-03
1.340971999999999954e-03 4.012579000000000059e-04 4.688375000000000051e-04
7.824117000000000224e-04 2.050891999999999906e-03 1.230315000000000054e-03
5.947230000000000181e-04 1.991061000000000133e-03 4.670297999999999919e-04
5.591428999999999757e-04 1.422162000000000035e-03 7.857028000000000493e-04
3.765843999999999854e-04 2.653911000000000117e-03 8.120125999999999646e-04
2.610851999999999878e-03 5.701712000000000273e-04 9.837790999999999810e-04
1.385736000000000042e-03 2.563788000000000004e-03 1.581230999999999999e-03
2.967664000000000066e-03 9.863927000000000198e-04 1.469559999999999964e-03
1.021774999999999940e-03 1.962877999999999932e-03 5.418517000000000082e-04
2.431332000000000024e-03 3.466917999999999931e-04 2.235598000000000099e-03
2.991863999999999895e-03 1.795666999999999923e-03 1.491712000000000073e-03
1.501750000000000064e-06 7.918953000000000277e-04 1.682686999999999985e-03
3.001998000000000080e-03 1.662436999999999899e-03 2.347525000000000046e-03
1.951974999999999891e-04 2.683426999999999948e-03 7.748728999999999990e-04
1.352181999999999950e-03 1.510791000000000044e-03 2.930419000000000079e-03
2.545171000000000152e-03 1.844118999999999967e-03 2.277557999999999840e-03
1.392341000000000065e-03 2.368409000000000139e-03 4.565020000000000145e-04
1.431888999999999992e-03 7.208100000000000054e-04 9.651819999999999757e-04
1.515009000000000104e-03 2.788988000000000057e-03 1.720196999999999915e-03
1.197032999999999908e-03 1.062435999999999936e-03 2.191373999999999839e-03
2.145562000000000109e-04 7.160108999999999788e-04 9.838696000000000507e-04
2.193331000000000187e-03 1.280113999999999948e-03 2.619021999999999930e-03
3.741832000000000193e-05 2.800861999999999883e-03 1.926404999999999958e-03
1.315563000000000062e-03 1.464578000000000017e-03 8.004381999999999556e-04
2.477856999999999976e-03 1.711129000000000035e-03 8.063019000000000262e-04
3.053277000000000074e-04 2.015317999999999884e-03 2.908889999999999913e-03
1.866297000000000051e-03 6.253517000000000320e-04 1.077330000000000041e-03
8.213565999999999619e-04 1.867621999999999989e-04 1.088055000000000098e-03
1.053621999999999935e-03 1.257698999999999926e-03 2.607068000000000146e-03
1.036181000000000032e-04 2.535746000000000180e-03 2.608843000000000013e-03
1.317026999999999911e-03 1.656060999999999905e-03 8.150657000000000388e-04
6.085250999999999855e-04 2.517985999999999835e-03 8.161483999999999666e-04
5.937800999999999496e-04 8.477937999999999533e-04 2.250798000000000035e-03
3.224551000000000088e-04 8.059865000000000258e-04 2.238952000000000216e-03
9.658158000000000238e-04 4.042809999999999872e-04 1.572164999999999934e-03
4.945041999999999537e-04 1.065657000000000019e-03 8.912501999999999664e-04
2.309722000000000164e-03 1.056050000000000001e-03 9.182864999999999908e-04
7.989009000000000475e-04 2.238623999999999822e-03 1.692850000000000084e-03
4.604534999999999986e-04 2.691105999999999967e-03 1.046026000000000030e-03
1.696947000000000082e-03 2.431040000000000197e-03 1.045247999999999924e-03
1.986597000000000102e-03 3.613514999999999978e-04 1.046257999999999997e-03
2.527237999999999794e-03 1.926641999999999895e-03 1.921196999999999922e-03
7.778763999999999644e-04 1.073908000000000019e-04 8.808251999999999705e-04
2.643809999999999910e-03 2.360781000000000164e-03 4.310095000000000007e-04
2.340718999999999786e-03 1.155098999999999926e-03 2.381857999999999990e-04
7.707670000000000016e-04 1.079758000000000107e-03 4.272826000000000076e-04
2.758457000000000183e-03 7.851584999999999467e-04 1.779196000000000033e-03
5.716001000000000502e-04 2.587135999999999863e-03 2.281876999999999864e-03
1.863927999999999939e-03 1.668425999999999980e-03 1.131493000000000044e-04
2.919371999999999939e-03 5.413031999999999913e-04 2.070913000000000181e-03
2.648296999999999977e-03 1.679942999999999931e-03 2.357927999999999966e-04
1.182576999999999977e-03 5.935403000000000337e-04 1.238467000000000040e-03
1.441009000000000040e-03 3.373925999999999857e-04 5.591956999999999695e-05
2.946403000000000216e-03 2.423040000000000003e-03 4.432548000000000239e-04
5.511459000000000453e-04 1.502049999999999891e-04 4.008314000000000126e-04
1.720975000000000022e-03 2.149263000000000215e-03 1.323376000000000023e-03
2.845345999999999900e-03 2.734789999999999964e-03 1.524685000000000016e-03
1.584352999999999933e-03 2.169596000000000198e-03 2.861556999999999816e-03
2.905892000000000197e-03 1.612752999999999973e-05 1.975029000000000107e-03
2.926489000000000000e-03 4.544412999999999751e-04 3.692916000000000270e-05
1.703227999999999990e-03 2.049388000000000078e-03 2.987159000000000082e-03
1.602111999999999937e-03 2.942627000000000177e-03 1.312498999999999957e-03
8.065461999999999588e-04 1.712619000000000077e-03 1.515885999999999926e-03
5.757425999999999516e-04 2.305488000000000069e-03 2.464533000000000088e-03
1.191126999999999941e-03 2.613817999999999957e-03 2.464691000000000191e-03
1.823093999999999930e-03 1.412756999999999945e-03 1.398429999999999986e-03
1.547790000000000060e-03 1.873129000000000070e-03 1.472498999999999943e-03
2.675266999999999836e-03 2.076207000000000052e-03 2.987202999999999907e-03
6.549983000000000541e-04 1.803177999999999899e-03 2.856298000000000170e-03
1.977948000000000206e-03 2.968706000000000209e-03 2.932638999999999906e-03
2.203062999999999896e-03 1.269851999999999917e-03 1.797481000000000079e-03
1.150310000000000091e-03 2.842307000000000080e-03 5.808916000000000340e-04
2.945191000000000215e-03 1.839663999999999969e-03 2.941916000000000149e-03
2.499775999999999995e-03 9.325867000000000271e-04 2.296173999999999785e-03
2.137246000000000198e-03 4.053763999999999903e-05 5.147377999999999763e-04
1.758302999999999906e-03 2.666233999999999857e-04 1.499899000000000067e-03
2.581829999999999802e-03 9.701004000000000268e-04 7.205395999999999546e-05
2.172341999999999849e-03 5.752617000000000017e-04 6.265943999999999854e-04
1.283746000000000106e-03 2.880325999999999893e-03 1.675922999999999953e-03
1.669393000000000027e-04 2.710318000000000189e-03 2.110546000000000037e-03
1.362319999999999981e-03 1.708960999999999944e-03 2.174927000000000056e-04
1.374344000000000000e-03 1.977444999999999984e-03 1.455286000000000080e-03
2.595810000000000044e-03 7.284317000000000005e-04 2.448940000000000144e-03
1.773564999999999951e-03 4.006212999999999788e-04 1.099456000000000066e-04
5.301127999999999570e-04 1.112635999999999964e-03 1.271454999999999894e-03
2.506275999999999990e-03 2.723296999999999957e-04 1.804103999999999951e-03
1.158720000000000019e-03 1.977290000000000037e-03 1.887355000000000066e-03
3.985923000000000157e-04 2.434743000000000063e-03 1.802870999999999944e-03
1.145146000000000098e-03 1.821855999999999953e-03 1.548628000000000027e-03
1.602665999999999986e-03 2.935665000000000063e-03 2.705108999999999812e-03
1.133698999999999948e-03 1.379763999999999904e-03 2.389801999999999899e-03
2.988451999999999949e-03 2.653743999999999981e-03 1.346685999999999933e-03
1.572503000000000052e-03 2.425688999999999970e-03 2.987505000000000108e-03
1.273036999999999921e-04 1.551552000000000096e-03 2.926518999999999822e-04
7.372913000000000470e-04 7.808799000000000382e-04 1.834270000000000041e-03
1.529924999999999905e-03 2.078452000000000164e-03 2.036131000000000052e-03
2.703119999999999828e-03 1.749775000000000072e-03 2.890715000000000190e-04
1.579810999999999976e-03 2.501010000000000125e-03 5.556775000000000343e-04
2.671549999999999966e-03 3.411981000000000020e-04 2.684064999999999802e-03
2.115584000000000214e-03 4.551666999999999801e-04 1.601320000000000111e-05
9.839322999999999646e-04 7.921434999999999891e-04 1.377701000000000056e-03
1.683767999999999983e-03 5.748304000000000521e-04 2.863835999999999812e-03
5.304164000000000535e-04 2.041124000000000063e-03 2.260851999999999827e-03
1.598659999999999903e-04 1.661516000000000035e-03 1.530972999999999926e-03
1.752929999999999983e-03 2.887999999999999942e-03 2.374512999999999971e-03
1.557692999999999968e-03 1.698543000000000058e-03 2.486868000000000151e-03
3.001998000000000080e-03 2.705499000000000098e-03 3.832940999999999866e-04
2.989770000000000101e-03 1.337580000000000106e-03 6.261599999999999545e-04
1.511907000000000051e-03 1.459242000000000080e-04 2.100332999999999801e-03
1.159708999999999979e-04 2.061901000000000098e-03 1.426617000000000033e-04
1.986429000000000059e-03 1.875680999999999920e-03 2.020467000000000183e-03
2.010491000000000101e-03 2.176049000000000212e-03 2.060254999999999877e-04
2.131645000000000154e-03 2.548402999999999866e-03 5.472308000000000326e-05
7.938087999999999611e-04 2.922375000000000059e-03 2.259881999999999950e-03
2.411841000000000072e-03 1.139098000000000064e-03 2.964485000000000210e-03
1.392468000000000004e-03 2.777570000000000039e-03 1.634879999999999838e-05
1.613529999999999956e-03 5.514590000000000204e-04 2.305601999999999912e-03
1.157732999999999983e-03 5.301104000000000059e-04 3.671721000000000213e-05
2.987315999999999843e-03 2.466526000000000135e-03 3.889505000000000024e-04
2.994128999999999888e-03 1.638029999999999955e-03 5.992053000000000006e-04
3.001998000000000080e-03 4.750450999999999827e-04 1.384374999999999972e-03
3.000225999999999935e-03 7.351379000000000008e-05 2.476384999999999784e-03
1.501750000000000064e-06 2.391842999999999834e-03 2.686210000000000073e-03
3.001998000000000080e-03 1.493982999999999943e-03 2.026556000000000104e-03
2.662607999999999902e-03 1.593187999999999939e-03 1.282265000000000097e-03
2.528470000000000110e-03 2.922918999999999951e-03 5.410602999999999940e-04
2.430331999999999892e-03 2.351980999999999950e-03 1.066128999999999970e-04
2.316799999999999936e-03 2.817576999999999929e-03 1.885961000000000018e-03
1.166205999999999927e-03 1.148837999999999899e-03 1.422730000000000088e-03
2.289825000000000107e-03 3.917125000000000142e-04 3.097840999999999941e-04
4.283496999999999826e-04 1.873892000000000049e-03 1.498306000000000030e-03
3.745137000000000054e-04 2.808269999999999864e-04 1.906731000000000051e-03
2.733675999999999988e-03 8.088495000000000016e-04 2.722661999999999825e-03
1.229932999999999894e-03 2.835795999999999911e-04 2.668779999999999937e-03
1.654426999999999981e-03 2.550900000000000042e-03 9.746213000000000532e-04
9.787738999999999294e-04 1.546833000000000062e-03 1.609905999999999924e-03
6.114748999999999619e-04 1.409965000000000003e-03 2.014768000000000114e-03
9.145571000000000126e-04 2.437360999999999868e-03 5.865993000000000335e-04
2.699074999999999998e-03 2.675268000000000177e-03 9.747131000000000241e-04
1.630394000000000071e-03 1.239106999999999926e-03 1.070879999999999966e-03
1.933124000000000040e-03 6.948803000000000358e-04 1.825496000000000020e-03
1.048803000000000062e-03 3.835315000000000057e-04 4.790614999999999804e-04
2.446362000000000102e-03 1.557905000000000054e-03 2.145998999999999997e-03
5.075614999999999684e-04 1.052376999999999957e-03 2.139981999999999909e-03
2.238524999999999890e-03 1.230289000000000079e-03 2.238672000000000144e-03
1.383492999999999962e-03 1.593105000000000042e-03 1.074344999999999987e-03
1.776395999999999965e-03 1.895802000000000034e-03 9.325976999999999835e-04
1.119060999999999971e-03 2.665910999999999975e-03 2.199636000000000039e-03
3.749433000000000258e-04 9.181477000000000388e-04 4.093853000000000054e-04
2.013257999999999975e-03 6.232196999999999650e-04 9.810202000000000505e-04
2.722660000000000011e-03 1.697885000000000106e-03 2.151422000000000057e-03
8.635042999999999582e-04 7.213311000000000028e-04 2.509587000000000189e-03
2.986983999999999820e-03 2.644582999999999830e-03 2.679363000000000144e-03
4.586300000000000186e-04 1.172871999999999934e-03 1.004670999999999949e-03
6.574395999999999929e-04 2.085949000000000136e-03 1.653998000000000057e-03
1.409805000000000086e-03 3.486488000000000152e-04 4.324740000000000203e-04
2.681130999999999792e-03 2.987766000000000206e-03 2.607911000000000083e-03
2.418659999999999994e-03 2.545982999999999927e-03 2.987561000000000123e-03
2.289414999999999940e-03 1.902363999999999921e-03 1.589766000000000052e-03
1.704468999999999906e-03 2.882869000000000143e-03 1.473466000000000099e-03
4.745230000000000238e-04 6.638034999999999812e-04 1.221801000000000061e-04
6.399879999999999718e-04 1.073228000000000073e-03 3.699059999999999783e-04
7.021923000000000227e-04 2.356220000000000016e-03 1.830288000000000010e-03
1.890325999999999899e-03 2.829003000000000073e-03 1.347319000000000034e-03
1.136836999999999917e-03 1.651001999999999938e-03 2.671685999999999939e-03
9.448873999999999685e-04 1.381909999999999920e-04 1.528812000000000053e-03
1.527352000000000050e-03 1.766551000000000102e-03 2.789404000000000102e-03
1.972432999999999890e-04 9.949030999999999240e-04 4.586246000000000203e-04
4.504949999999999753e-04 4.966292000000000189e-04 1.134887999999999912e-03
1.338229999999999932e-03 2.871823000000000236e-04 1.418699000000000045e-03
1.108648999999999963e-04 2.481754999999999985e-03 2.155270999999999836e-03
2.305843000000000129e-03 7.202361000000000006e-04 1.133092999999999947e-03
3.050129999999999747e-04 1.673575000000000063e-03 2.728149999999999933e-03
2.786755000000000135e-03 1.210701000000000008e-03 2.970705000000000134e-03
3.634535000000000261e-04 5.801734999999999705e-04 3.797804000000000002e-04
3.862900999999999965e-04 2.478390999999999927e-03 2.849411000000000044e-03
9.229117000000000223e-04 1.442928000000000006e-03 1.717244999999999853e-05
1.293008999999999912e-03 3.999650999999999901e-04 2.250863000000000082e-03
1.281568000000000073e-03 2.753083999999999826e-03 3.958707000000000111e-04
2.872847999999999895e-03 2.245575000000000088e-03 1.403081000000000033e-03
1.501750000000000064e-06 2.404302000000000088e-03 1.948384000000000053e-03
1.501750000000000064e-06 1.270450000000000008e-03 2.874139000000000164e-04
2.280986000000000038e-03 2.943053999999999961e-04 1.759623000000000090e-03
4.370234999999999875e-04 2.987861000000000076e-03 1.684933000000000004e-03
1.258496999999999914e-03 1.723979000000000050e-03 1.555899000000000060e-05
9.004380999999999670e-04 2.524442000000000005e-03 7.011483999999999902e-04
1.991290000000000161e-03 1.379926999999999977e-03 2.657309000000000060e-03
2.431310999999999802e-03 2.844988000000000117e-03 2.619082000000000007e-03
6.393714000000000428e-04 2.558693999999999812e-03 4.105991000000000241e-04
2.102419999999999810e-03 2.749891999999999875e-03 2.987267000000000047e-03
5.937985999999999698e-04 2.759019000000000141e-03 2.913095000000000202e-04
2.691166000000000044e-03 2.031357000000000128e-03 1.229058000000000104e-03
2.121685999999999798e-03 5.391232999999999616e-04 1.580206999999999922e-03
1.841928999999999962e-03 1.621672000000000150e-05 1.797402999999999935e-03
1.778973000000000099e-03 2.757242999999999934e-03 2.939014000000000210e-03
2.133714000000000097e-03 1.233125999999999970e-03 1.791168000000000100e-03
1.631822000000000003e-03 1.157155999999999896e-03 2.308014000000000159e-03
1.808918000000000071e-03 1.584212000000000004e-05 1.558197000000000098e-03
1.797682000000000099e-03 5.345929999999999823e-04 3.923867000000000153e-04
2.698404000000000167e-03 1.773400999999999970e-03 2.154589000000000157e-03
1.343414000000000023e-03 1.644922000000000051e-03 1.334181999999999946e-03
5.598044000000000370e-04 1.634792999999999850e-05 2.037292000000000009e-03
2.750939999999999896e-03 9.177385000000000360e-04 2.210545999999999865e-03
2.281895999999999838e-03 1.257789000000000042e-03 4.208594000000000180e-04
5.112651999999999648e-04 1.674455000000000041e-03 2.818574999999999813e-03
1.328315000000000051e-03 5.125302999999999673e-04 1.059321999999999911e-03
2.088247000000000107e-03 7.208100000000000054e-04 2.539584000000000112e-04
2.076829000000000088e-03 3.707661000000000008e-04 4.294705000000000007e-04
1.539215000000000028e-03 2.402769999999999819e-03 2.354774000000000016e-03
5.451227000000000112e-04 2.422152999999999806e-03 1.812528000000000099e-03
2.630617999999999932e-03 1.710106000000000083e-03 1.737171000000000028e-03
7.762481000000000329e-04 2.452126999999999909e-04 1.651190999999999987e-03
1.813333999999999996e-03 1.521526999999999949e-03 2.965457999999999809e-03
2.285291999999999966e-03 2.987698999999999910e-03 2.043729000000000205e-03
3.651050000000000085e-04 1.689477999999999900e-03 1.041437999999999999e-03
1.926065000000000025e-03 4.968096999999999878e-04 1.736810999999999997e-03
8.875307000000000031e-04 1.356077000000000020e-03 3.033234999999999903e-04
2.358883999999999894e-03 8.860024000000000198e-04 2.042350000000000068e-03
1.332059999999999928e-03 2.020282999999999888e-03 2.745565000000000158e-03
3.559068999999999991e-04 2.070911999999999840e-03 2.620120999999999995e-03
2.775203999999999865e-03 1.259315000000000000e-03 4.993677000000000402e-04
2.632787000000000148e-03 2.924111999999999979e-03 1.759061000000000131e-04
3.558235999999999994e-04 1.366630000000000026e-04 2.333688999999999902e-03
1.440473000000000057e-03 2.909478999999999971e-03 1.900088000000000027e-04
2.948440000000000089e-03 2.616017999999999902e-03 1.008386999999999912e-03
1.944179000000000089e-03 1.909135000000000010e-04 1.079752000000000012e-03
2.389872999999999824e-03 1.241562999999999998e-03 1.445932999999999941e-03
2.588650000000000066e-03 1.529858000000000042e-03 2.323134000000000136e-03
1.259340000000000069e-03 2.933148000000000005e-03 7.994680000000000102e-04
2.794107000000000101e-03 2.058748000000000002e-03 4.469286000000000157e-04
1.938852999999999931e-03 1.876894000000000045e-03 1.711070999999999990e-03
2.611960999999999884e-03 1.732545000000000049e-03 2.391841000000000128e-04
1.985925999999999837e-03 1.262864999999999951e-03 2.982444999999999801e-03
1.999135000000000029e-04 1.073813000000000014e-04 8.183630000000000114e-04
1.589062000000000135e-05 1.599375000000000102e-03 2.655531000000000037e-03
2.899670999999999933e-03 2.566480999999999797e-03 2.019650999999999912e-03
3.363619999999999891e-04 6.172090999999999992e-04 1.554309999999999936e-03
2.746343999999999955e-03 2.264269000000000177e-03 4.542675999999999941e-04
2.144738999999999999e-04 2.098529000000000019e-03 2.449130999999999791e-03
1.547456000000000005e-03 2.170637000000000000e-03 1.755555999999999913e-03
7.589870000000000297e-04 2.473660999999999829e-03 2.530896999999999834e-03
1.116018999999999995e-03 1.329635999999999926e-03 2.917975000000000169e-03
1.400135000000000106e-04 4.543630999999999798e-04 1.196311999999999940e-03
7.770184000000000075e-04 2.721045000000000169e-04 9.472998000000000269e-04
1.362668999999999946e-03 1.124805999999999896e-03 1.181893000000000049e-03
1.764904000000000082e-03 7.129601000000000384e-04 6.187509999999999582e-04
1.171394999999999988e-03 1.555034000000000060e-03 2.473019999999999819e-03
1.185373999999999944e-04 1.778808999999999902e-03 2.598814000000000072e-03
1.385228000000000067e-03 1.731693000000000078e-03 2.635352000000000094e-03
1.210083999999999943e-03 5.260986000000000048e-04 1.211573999999999984e-03
1.692060000000000005e-03 1.872895000000000072e-03 2.893868999999999869e-03
6.746964000000000477e-04 1.673786999999999931e-03 2.130982000000000015e-03
2.564059999999999950e-03 1.274479000000000020e-03 2.239795000000000154e-03
2.167030999999999819e-03 1.088987999999999935e-03 2.713249999999999950e-03
1.760728000000000033e-03 1.892175000000000063e-03 1.485895000000000098e-03
2.326412999999999832e-03 4.201896000000000266e-05 1.786208000000000067e-03
2.344054999999999837e-03 2.992590999999999958e-04 7.709918000000000066e-04
2.310138000000000209e-03 1.821607999999999951e-03 1.562589999999999986e-03
1.313822000000000080e-03 2.867502999999999979e-03 1.202682999999999964e-03
2.007208999999999816e-03 2.915505000000000093e-03 2.100664999999999824e-03
3.792825999999999793e-04 1.754858999999999998e-04 2.295760999999999896e-03
2.216553000000000013e-03 2.930339000000000121e-03 1.869765999999999919e-03
1.615913000000000072e-03 2.521604000000000206e-03 1.770045000000000038e-03
2.019687999999999952e-03 1.672912999999999885e-04 7.458329999999999994e-04
2.094944999999999967e-03 8.729252999999999752e-04 1.114268000000000073e-03
2.003365000000000007e-03 5.235250000000000537e-04 1.117331999999999961e-03
1.602969000000000095e-03 2.110151000000000214e-03 2.869742000000000213e-03
2.831372999999999876e-03 2.535738000000000054e-03 1.936187000000000021e-03
1.524991000000000064e-03 3.464976999999999944e-04 6.608000000000000158e-04
2.773302999999999966e-03 1.880160999999999985e-03 7.379440000000000348e-04
2.603880999999999947e-05 2.671457999999999819e-03 1.911011999999999910e-03
1.060205000000000045e-03 1.225458000000000016e-03 2.177506999999999967e-03
1.913884000000000028e-03 1.074094999999999954e-03 2.455951999999999961e-03
2.808302999999999841e-03 1.609100000000000027e-03 6.138606000000000227e-05
1.331621000000000063e-03 7.328840000000000528e-04 1.912779000000000085e-03
2.889104999999999885e-03 2.206074000000000142e-03 2.710244000000000108e-03
1.995925999999999863e-03 5.141101999999999825e-04 9.864566999999999433e-04
1.095595999999999896e-03 1.074422999999999915e-03 9.570251999999999796e-04
6.439666999999999614e-04 1.817149000000000108e-04 1.767471999999999967e-03
1.502049999999999891e-04 1.022518000000000038e-03 1.533283999999999992e-03
1.690939999999999934e-03 1.246422000000000068e-03 2.914910000000000157e-03
1.287579999999999975e-03 1.347419999999999998e-03 7.260831000000000143e-04
1.083638999999999956e-03 1.261169999999999989e-04 2.652940999999999806e-03
2.138057000000000065e-03 1.152136000000000002e-03 2.067399000000000146e-03
2.683418999999999930e-04 3.198998999999999896e-04 2.821800000000000176e-03
1.709610999999999987e-03 1.311637999999999953e-03 2.194646000000000183e-03
1.206784000000000025e-03 1.453012999999999961e-03 3.804622000000000315e-05
3.610997000000000013e-04 2.901822999999999989e-03 2.923067000000000113e-03
1.662319999999999900e-04 2.677334999999999871e-03 1.085442999999999955e-03
2.215244999999999801e-03 2.542935999999999873e-04 2.903639999999999867e-03
3.413956000000000217e-04 2.743946000000000145e-03 2.488610999999999948e-03
2.146415000000000042e-03 2.011555999999999848e-03 2.765598000000000188e-03
1.742814999999999989e-03 1.966009999999999806e-03 2.770813999999999916e-03
1.287004000000000013e-03 2.031409999999999987e-03 7.310453000000000394e-04
2.721948000000000076e-03 2.402769999999999819e-03 1.953985000000000097e-03
9.047241000000000137e-04 1.977558999999999827e-03 2.765417000000000049e-03
2.923311999999999959e-03 2.477440000000000024e-03 2.809555000000000038e-03
2.389273999999999825e-03 2.423377999999999904e-03 2.344414999999999867e-03
9.544863999999999692e-04 1.676865999999999947e-03 1.665618999999999910e-03
7.821072000000000527e-04 2.755806999999999875e-03 7.560967999999999942e-04
5.968856000000000031e-04 1.914040000000000099e-03 1.220458999999999910e-03
9.592363999999999492e-04 1.311029000000000014e-03 4.435228999999999951e-04
2.825316999999999933e-03 3.964320000000000018e-04 2.172775000000000054e-03
3.281258000000000221e-04 1.599362999999999913e-03 8.089368999999999900e-04
1.004679000000000075e-03 1.659361999999999946e-03 2.089435000000000164e-03
8.454927000000000102e-04 2.616676999999999979e-03 6.886159000000000420e-04
2.461623000000000023e-03 8.781448000000000292e-04 1.554959000000000031e-05
1.338063999999999920e-03 1.161361999999999985e-03 1.250080999999999892e-03
4.817544000000000101e-04 1.347153999999999930e-03 1.382238000000000043e-03
1.344672000000000098e-03 3.564274000000000088e-04 7.845381999999999486e-04
1.190197999999999950e-03 3.651635000000000080e-04 1.635912000000000000e-03
5.923611999999999758e-04 1.648107999999999908e-03 1.692308000000000007e-03
2.978137999999999966e-03 2.629578000000000037e-03 1.073377999999999941e-04
2.400797000000000087e-03 1.361199000000000003e-03 1.670779000000000057e-03
1.572826999999999949e-03 2.986981000000000098e-03 2.431335000000000180e-03
1.407444000000000099e-03 6.329506999999999842e-04 2.172377999999999983e-03
2.992951000000000205e-03 1.796772000000000083e-03 8.517467000000000354e-04
1.501750000000000064e-06 1.663968999999999952e-03 1.055729999999999950e-03
1.501750000000000064e-06 1.269565999999999967e-03 2.476386000000000125e-03
1.714463999999999962e-03 2.562482999999999948e-03 3.028509999999999774e-04
4.046316000000000105e-04 2.988162999999999844e-03 9.420488999999999990e-04
1.757888999999999893e-03 1.902981999999999894e-03 1.935305999999999919e-03
1.333767999999999933e-04 2.729328999999999956e-03 2.035888000000000021e-03
9.114328999999999790e-04 2.326133000000000194e-03 1.709655000000000029e-03
9.022798999999999533e-04 5.697643999999999756e-04 1.663968999999999952e-03
2.388766999999999974e-03 3.489648999999999968e-05 5.351467000000000376e-04
2.487969000000000031e-03 6.509163999999999467e-05 2.038388999999999826e-03
4.189876999999999729e-04 1.344078999999999977e-03 2.759104999999999978e-03
9.105479000000000307e-04 3.705591999999999740e-04 1.667438000000000036e-03
5.067377999999999987e-04 1.010971999999999956e-03 1.763630999999999988e-04
1.308176000000000087e-03 2.608974999999999923e-03 1.199713000000000038e-03
2.236110999999999828e-03 1.767312999999999957e-03 2.164028000000000132e-03
5.191116000000000393e-04 1.894484000000000098e-03 4.192803999999999845e-04
1.454950999999999901e-03 2.887677999999999860e-03 1.520291000000000003e-03
1.703518000000000003e-03 8.961889000000000010e-04 2.526479999999999785e-03
5.340870999999999640e-04 2.614992999999999918e-03 8.421152000000000108e-04
6.627110999999999983e-04 1.220476999999999977e-03 4.043488999999999937e-04
1.501280999999999926e-03 2.831235000000000088e-03 1.874213999999999915e-03
1.380018999999999907e-03 7.199536999999999777e-04 8.359640000000000213e-04
9.135878000000000488e-04 1.175519999999999994e-03 2.052056999999999926e-03
2.553300000000000101e-03 3.052279000000000190e-04 8.367693000000000049e-04
1.430517000000000073e-03 1.197860999999999934e-03 1.636988999999999990e-04
1.725699999999999934e-03 1.627867000000000073e-03 1.079087000000000058e-03
3.000271000000000101e-03 6.025518999999999797e-04 2.380277999999999995e-03
2.381745000000000216e-03 2.988772000000000217e-03 2.164784999999999800e-03
2.468617000000000207e-03 2.988788999999999942e-03 2.737289999999999862e-03
2.656443000000000085e-03 1.327676000000000073e-03 1.473510000000000060e-05
2.492303999999999874e-03 1.472554999999999998e-05 2.774607000000000115e-03
1.745002999999999962e-03 5.403295999999999978e-05 2.989251999999999968e-03
5.842942000000000274e-04 1.627926999999999933e-03 1.388169000000000058e-05
8.319393999999999921e-04 1.363786999999999985e-03 1.400841000000000027e-05
1.168903999999999907e-03 2.989791999999999797e-03 7.030018000000000291e-04
2.027188999999999987e-03 1.529998000000000078e-03 1.370653999999999938e-05
2.505929000000000056e-03 2.989501999999999785e-03 5.957099999999999462e-04
1.501750000000000064e-06 2.141464999999999948e-03 2.614547000000000052e-03
1.501750000000000064e-06 2.641937999999999925e-03 2.550876000000000098e-03
1.501750000000000064e-06 3.857895999999999765e-04 2.029955999999999915e-04
3.001998000000000080e-03 2.806387000000000031e-03 1.155006000000000088e-03
3.001998000000000080e-03 2.161615999999999885e-03 1.399601000000000100e-03
6.310995999999999707e-04 2.673073000000000202e-03 2.492934999999999943e-03
1.267609000000000053e-03 2.772901999999999832e-03 7.601908000000000536e-04
2.959944999999999850e-03 2.268014999999999962e-03 3.372828000000000024e-04
2.313700000000000132e-03 6.725003999999999487e-04 2.391086000000000166e-03
6.271169000000000266e-04 2.967753000000000058e-03 9.644344999999999698e-04
2.778238000000000148e-04 2.000696000000000158e-03 1.647620999999999938e-03
6.478633999999999608e-04 2.502208000000000123e-03 2.762628000000000045e-03
4.277843999999999831e-04 3.541210999999999730e-04 2.976175000000000175e-03
6.316428000000000233e-04 2.125070000000000171e-03 7.074353999999999929e-04
1.484323000000000066e-03 2.528051999999999817e-03 3.997547000000000166e-04
9.997990000000000002e-04 1.017492999999999984e-04 2.039669000000000031e-03
1.519409999999999901e-03 7.637949000000000214e-04 2.465502999999999965e-03
6.812295999999999803e-04 1.992728000000000034e-03 2.929488999999999965e-03
1.400935000000000071e-03 2.090081000000000144e-03 3.843949000000000286e-05
3.895382999999999767e-04 2.103952000000000079e-03 1.369231999999999958e-03
1.023192000000000025e-03 2.855962000000000084e-03 6.504592000000000013e-04
2.139864999999999910e-03 3.060803999999999977e-04 1.777647000000000038e-03
2.973833999999999853e-03 2.791310999999999879e-03 1.073158000000000055e-03
1.010995999999999900e-03 1.724038999999999910e-03 1.458821999999999972e-04
2.142086999999999984e-03 2.566503999999999834e-03 3.110526000000000176e-04
8.866908999999999642e-04 1.560308000000000051e-03 4.820552999999999991e-04
2.809756000000000059e-03 1.725511000000000102e-03 1.245266000000000081e-03
1.277025999999999899e-03 1.438765000000000107e-04 1.907496999999999969e-03
2.356242000000000145e-03 1.079487999999999975e-03 1.826492000000000089e-03
1.559105999999999990e-03 7.818209000000000009e-04 6.851646000000000299e-04
1.709283999999999934e-03 1.459928999999999893e-04 3.773518000000000011e-04
1.899815999999999918e-03 2.956945999999999793e-03 1.238837999999999918e-03
5.869501999999999966e-04 2.287172000000000077e-03 5.336530000000000353e-04
4.027613999999999890e-04 2.764627999999999877e-03 2.807610999999999787e-03
1.888406000000000026e-03 1.885275000000000058e-03 1.985343999999999998e-03
2.565898999999999958e-03 3.981117000000000054e-04 7.838834000000000036e-04
8.903434999999999908e-04 1.308034999999999927e-03 2.407900000000000144e-03
3.084548999999999798e-04 4.253916999999999882e-05 1.698492000000000014e-03
1.269572000000000062e-03 2.698627999999999791e-03 1.192715999999999915e-03
2.020463000000000120e-03 5.155459999999999730e-04 1.344659999999999909e-03
7.739993999999999607e-04 2.929484999999999902e-03 1.574576000000000057e-03
2.064396000000000026e-03 1.777160000000000068e-03 9.297873999999999809e-04
2.685456000000000128e-03 2.059332000000000090e-03 3.231805999999999937e-04
1.424251000000000076e-03 2.118357000000000020e-04 3.438011999999999839e-04
1.433966000000000060e-03 1.777696999999999958e-03 2.766517000000000021e-03
3.001998000000000080e-03 9.921438000000000739e-04 8.553796999999999920e-04
3.001998000000000080e-03 2.109958999999999793e-03 1.560317999999999991e-03
3.001998000000000080e-03 1.346341999999999938e-03 5.218084000000000437e-04
1.033173999999999985e-03 2.460944999999999973e-03 3.915435999999999895e-04
1.377277000000000102e-03 2.813396000000000126e-03 6.370742000000000202e-04
2.040452999999999798e-03 4.198432999999999923e-05 5.313324999999999819e-04
2.360781000000000164e-03 1.895177999999999967e-03 4.655125000000000192e-04
2.767122999999999805e-03 2.094514000000000011e-03 2.130982999999999922e-03
2.903331999999999788e-03 1.519741000000000017e-03 2.762807000000000262e-04
2.870109000000000028e-03 1.940230999999999944e-03 4.618226999999999922e-04
2.027602999999999784e-03 1.317737000000000032e-03 9.690095999999999660e-05
2.835334000000000118e-03 2.687090999999999959e-03 2.820256000000000152e-03
1.586123999999999954e-03 1.566944999999999926e-03 1.994353999999999832e-03
6.247579999999999974e-04 9.608196000000000325e-05 1.970266000000000031e-03
1.798868999999999870e-04 4.341608999999999855e-04 1.322152000000000049e-03
3.910682000000000177e-04 4.945804999999999516e-04 1.189415999999999998e-03
4.414845000000000249e-04 1.455639000000000108e-03 2.765880000000000075e-03
1.405608000000000031e-03 2.727147999999999985e-03 2.769829000000000128e-03
4.926040000000000019e-04 2.989851999999999874e-03 8.719951000000000091e-04
1.216386999999999980e-03 1.886227999999999993e-03 2.707553000000000130e-03
2.311792000000000014e-03 1.576218999999999892e-05 3.110038000000000190e-04
2.885480000000000163e-03 8.695875999999999953e-04 2.045021000000000165e-03
2.803008999999999969e-03 4.186390999999999810e-04 1.348527000000000074e-05
2.427850999999999967e-03 1.438313000000000091e-03 1.013667999999999904e-03
1.542296999999999982e-03 9.836396999999999329e-04 2.560325000000000014e-03
3.201273000000000139e-04 1.791950999999999961e-03 1.725645000000000043e-03
9.687356999999999956e-04 3.677166000000000158e-04 2.447116000000000048e-03
5.270058000000000424e-04 7.668995999999999647e-05 2.169625000000000112e-03
2.971032000000000051e-05 6.123438999999999835e-04 1.758176000000000020e-04
4.153741999999999981e-04 1.223043000000000047e-03 2.167909999999999889e-03
1.659078000000000028e-03 8.905376999999999694e-04 2.571733000000000092e-03
2.311291999999999947e-03 2.860567999999999965e-03 2.200956999999999913e-03
2.769465999999999942e-03 1.659176999999999961e-03 7.357693999999999964e-05
2.686121999999999989e-03 2.989761000000000068e-03 1.976048999999999959e-04
1.266584000000000069e-03 2.611289000000000145e-03 7.932450999999999652e-05
2.279625999999999875e-03 1.602710000000000029e-03 1.113699999999999993e-04
2.735009000000000051e-03 1.310322999999999957e-03 1.457944999999999987e-03
1.342534000000000045e-03 2.945642999999999959e-03 1.854776999999999945e-03
5.989427000000000076e-04 1.221934000000000041e-03 2.989780000000000042e-03
2.772260999999999823e-03 1.138356999999999997e-03 9.968786000000000747e-04
5.547799000000000176e-04 2.989424999999999982e-03 9.392946000000000108e-04
8.995316999999999853e-04 2.098216999999999877e-03 1.479915000000000050e-03
5.126277000000000047e-04 2.683397000000000126e-03 9.220444000000000383e-04
9.904859000000000233e-04 3.927843999999999997e-04 1.561520000000000052e-04
7.498061000000000309e-04 1.341072000000000011e-03 2.987342000000000036e-03
5.626875999999999623e-04 2.831392000000000148e-05 1.123815999999999948e-04
5.289408000000000434e-04 2.004590000000000104e-03 9.985263999999999338e-04
1.142716999999999908e-03 2.909060000000000205e-03 2.190801000000000033e-03
2.075388000000000059e-03 2.209959999999999963e-03 1.064840000000000057e-04
1.036177000000000105e-03 1.623408000000000012e-03 1.545692000000000040e-04
1.629756000000000000e-03 2.822867000000000171e-03 2.887362000000000088e-03
1.862200000000000053e-03 2.441793000000000153e-04 1.525747999999999948e-03
9.550828999999999829e-04 2.300109000000000105e-04 1.598856999999999969e-03
4.595655000000000031e-04 2.396823000000000183e-03 1.872427999999999983e-03
1.279006000000000066e-04 5.784250999999999586e-04 1.031187999999999940e-03
6.931863000000000347e-04 1.410142000000000079e-03 1.373811000000000051e-05
1.380115999999999984e-05 2.965966999999999909e-03 1.829937999999999921e-03
5.843966000000000351e-04 2.650478999999999856e-03 8.792156000000000190e-04
2.869744000000000028e-03 1.425145999999999965e-03 2.972383999999999790e-03
1.755949000000000084e-04 7.133239999999999893e-04 2.807099999999999873e-04
3.769323999999999895e-04 2.062103000000000026e-03 1.563919999999999894e-03
2.590614000000000198e-03 1.969144999999999836e-03 2.408485000000000140e-03
2.626465000000000136e-03 1.519801000000000095e-03 2.293952000000000090e-04
5.229025999999999900e-04 1.136302999999999966e-03 1.500610000000000095e-03
1.806742000000000070e-03 6.594164000000000449e-04 2.572033999999999952e-03
2.528916999999999884e-03 2.297050000000000133e-03 2.147519999999999930e-04
2.269446000000000050e-03 1.367643999999999945e-04 1.418797000000000070e-03
1.525747999999999948e-03 2.429801000000000096e-03 2.479771000000000080e-04
1.475835999999999901e-03 2.814697000000000119e-03 4.053792999999999898e-05
1.415845999999999901e-03 2.004245999999999892e-03 5.102946000000000050e-05
1.196358999999999975e-04 2.718136999999999810e-03 2.574864999999999966e-03
1.236314000000000076e-03 6.925590999999999605e-04 9.701004000000000268e-04
2.788493999999999869e-03 2.989669999999999828e-03 2.649056999999999801e-03
1.738996000000000031e-03 4.571455000000000093e-04 2.237577000000000142e-03
7.103117999999999845e-04 2.530232999999999788e-03 1.917827999999999894e-03
1.833388999999999939e-03 9.520794000000000175e-04 2.314047000000000066e-03
2.612044999999999905e-03 2.989437000000000171e-03 6.535125000000000352e-04
2.300188999999999793e-03 2.390006999999999982e-03 4.698465000000000085e-04
2.128512999999999846e-03 2.666899000000000027e-04 1.686802000000000050e-03
6.806474999999999982e-04 6.367719999999999674e-04 2.849589999999999936e-03
1.497875000000000074e-03 1.751649999999999995e-03 4.678021999999999779e-04
2.185933000000000147e-03 1.545710999999999960e-03 1.333977999999999987e-03
4.986110000000000412e-04 1.119063000000000002e-03 4.703029999999999862e-04
2.794856999999999984e-03 2.866841000000000181e-03 3.765943999999999802e-04
2.632442000000000028e-03 1.426374999999999909e-03 3.790636999999999804e-04
1.698279000000000021e-03 2.357127000000000094e-03 1.209669999999999929e-03
2.139985999999999972e-03 4.006171000000000103e-04 1.901841999999999942e-03
9.601355999999999693e-04 1.939350999999999966e-03 1.919721000000000101e-03
2.247864000000000025e-03 6.592580999999999485e-04 7.672656999999999611e-04
9.070871000000000316e-04 1.354547999999999907e-03 7.673865999999999890e-04
1.790116000000000016e-03 2.939530000000000094e-03 1.291746000000000083e-03
2.390042000000000208e-03 1.542504000000000097e-03 2.350084000000000114e-03
1.541688000000000043e-03 1.065095000000000061e-03 7.705042000000000488e-04
1.554040999999999929e-03 2.445572999999999931e-03 1.676327000000000025e-03
1.973540000000000190e-03 1.295369999999999898e-03 4.479439999999999789e-04
2.883060000000000006e-04 1.836635000000000090e-03 1.746881000000000041e-03
1.307865000000000069e-03 3.127294999999999880e-04 7.635123999999999644e-04
2.433966000000000081e-03 2.100851999999999841e-03 1.323023999999999901e-03
1.352602000000000058e-03 3.096859999999999891e-04 8.217990000000000104e-04
6.209806999999999480e-04 2.306718000000000136e-03 1.779580000000000007e-03
2.308184000000000017e-03 2.741832999999999944e-03 7.643984000000000369e-04
2.097939999999999961e-03 8.432398000000000237e-04 1.679699999999999900e-03
1.471087999999999953e-03 9.896531999999999118e-04 1.205020000000000006e-03
1.508786000000000025e-03 1.202909000000000053e-03 7.636712000000000144e-04
2.158891000000000022e-03 1.617275999999999957e-03 1.680555999999999934e-03
1.331308000000000014e-03 2.700773999999999970e-03 5.446230999999999729e-04
1.950652999999999892e-03 1.396597000000000073e-03 2.866941000000000021e-03
9.237585999999999888e-04 1.340351000000000042e-03 4.850610999999999898e-04
2.703179999999999906e-03 2.205967000000000084e-03 5.075614999999999684e-04
9.948934999999999029e-04 8.634982000000000464e-04 1.742000000000000059e-03
1.230151000000000074e-03 3.018434000000000178e-04 1.919970999999999917e-03
2.331329999999999947e-03 7.010904999999999785e-04 1.076675000000000028e-03
2.061017999999999965e-03 7.044514999999999891e-04 1.760080999999999929e-03
1.135352999999999970e-03 1.992710999999999875e-03 1.689561999999999922e-03
2.738043999999999808e-03 1.857411999999999909e-03 2.149251000000000026e-03
1.241792000000000026e-03 2.844684000000000101e-03 8.019044000000000129e-04
8.634587999999999465e-05 1.801799999999999994e-04 2.372795000000000026e-03
2.440437000000000162e-03 1.933117999999999946e-03 2.944678999999999960e-03
7.944211000000000501e-04 2.221549000000000180e-03 2.326898999999999895e-03
2.023474999999999840e-03 1.139830000000000097e-03 1.584424999999999983e-03
2.869217000000000078e-04 2.352626000000000023e-03 2.212079000000000042e-03
7.161402000000000522e-04 3.435167000000000038e-04 2.377807000000000011e-03
2.227465000000000087e-03 2.358647000000000174e-03 3.381457999999999838e-04
1.818381999999999898e-03 1.641330999999999997e-03 2.857992000000000171e-03
2.347122000000000097e-03 1.545741999999999906e-03 1.061986000000000006e-03
4.250017999999999938e-04 3.186161000000000071e-05 2.334840999999999826e-03
7.347115999999999673e-04 1.854556000000000043e-03 5.788696999999999983e-04
2.782225000000000149e-03 2.560956000000000083e-03 1.976332999999999823e-03
1.326130000000000017e-03 2.282359999999999879e-04 1.061941999999999964e-03
1.772095000000000007e-03 2.115847000000000127e-03 2.869744000000000028e-03
1.034956999999999978e-03 1.458202000000000022e-03 1.653560000000000099e-03
2.908293000000000163e-03 2.221224999999999849e-03 5.199297999999999767e-04
2.755720000000000131e-03 7.850396999999999844e-04 1.686475999999999904e-03
2.229905999999999815e-03 2.626752999999999900e-03 1.157742000000000016e-03
1.156317000000000022e-03 2.025518000000000078e-04 6.682784999999999680e-04
1.324513000000000036e-03 4.505549999999999985e-04 2.232566000000000064e-03
1.848906999999999894e-03 5.908810000000000234e-04 4.805300000000000088e-04
2.096413000000000096e-03 5.292784000000000247e-04 6.967819999999999570e-04
2.143601000000000187e-03 2.767827999999999955e-03 2.121360000000000086e-03
1.712879000000000051e-03 2.506269000000000205e-03 5.125428000000000015e-04
1.713108999999999986e-03 4.611309000000000068e-04 5.144788000000000182e-04
2.991007999999999861e-03 5.421415999999999865e-04 2.232894999999999932e-03
9.470838000000000141e-05 1.779687999999999973e-03 1.250711000000000054e-03
2.993249999999999817e-03 4.895404999999999592e-04 2.356872000000000090e-04
3.001998000000000080e-03 9.931040000000000787e-04 1.602750999999999915e-03
2.131492999999999929e-03 8.816009000000000519e-04 2.332861000000000093e-04
1.428517999999999932e-03 2.279625999999999875e-03 2.301838000000000061e-03
2.413783999999999982e-03 6.675184000000000022e-04 1.728645999999999915e-03
1.909388000000000090e-04 2.227820000000000147e-03 1.701941000000000001e-03
2.352543999999999816e-03 6.893008999999999855e-04 2.680488999999999875e-03
2.332385000000000187e-03 9.677521000000000343e-04 5.147555999999999746e-04
2.239842000000000135e-03 2.879182000000000095e-03 8.068656999999999479e-04
6.047531000000000087e-04 2.329722000000000216e-03 1.821062999999999881e-04
8.509880000000000048e-04 1.791508000000000033e-03 2.074666000000000184e-03
2.939075000000000194e-03 3.754375000000000117e-05 2.337970999999999886e-03
1.567796999999999897e-03 2.833323000000000005e-03 1.418236000000000019e-03
2.836631000000000048e-03 1.176218000000000061e-04 2.391228999999999924e-03
1.520213999999999984e-03 1.466983999999999953e-03 2.209239999999999902e-03
8.750144000000000498e-04 3.383969999999999925e-04 2.388929000000000139e-03
9.827924000000000198e-05 7.021858999999999816e-05 1.821759000000000052e-03
4.943165999999999489e-04 2.867301999999999958e-03 2.461248999999999989e-03
2.352892999999999998e-03 5.389136000000000100e-04 2.635928999999999963e-03
1.838171999999999896e-03 1.317545000000000044e-03 7.580376999999999471e-04
1.253505000000000027e-03 1.719332000000000065e-03 2.728774999999999907e-04
6.591992999999999551e-04 2.429801000000000096e-03 6.383580000000000027e-04
1.583678000000000039e-03 2.454340000000000167e-03 8.450187999999999536e-04
1.608293000000000006e-03 5.054830000000000391e-04 1.358721000000000017e-03
8.726558000000000145e-04 2.335466000000000018e-03 7.094500000000000329e-04
1.497000000000000067e-03 2.535782999999999841e-05 2.969085000000000214e-03
1.517527000000000014e-04 1.777331999999999957e-03 2.755829000000000004e-03
2.547343999999999997e-03 2.776746000000000075e-03 9.791108999999999229e-04
5.805317999999999633e-04 1.821604000000000105e-03 2.211817999999999944e-03
2.871316000000000059e-03 1.178987000000000047e-03 9.829241000000000714e-04
1.881763999999999963e-03 2.070900999999999992e-03 2.268847000000000051e-03
2.640046000000000059e-03 1.633934000000000081e-03 1.769504000000000086e-03
2.100875999999999785e-03 1.830327999999999990e-03 3.438248000000000085e-04
4.932359000000000526e-04 1.865951999999999932e-03 1.431490999999999980e-05
1.779221000000000101e-03 2.214024000000000200e-03 2.827571999999999985e-03
4.085059999999999950e-04 2.117436999999999792e-03 1.063993000000000030e-04
1.274221999999999985e-03 2.085352999999999860e-03 1.942216000000000081e-03
2.197521999999999930e-03 1.651924999999999943e-05 2.379454999999999938e-04
2.903040999999999868e-03 2.174032000000000059e-04 1.407218000000000011e-03
2.492874999999999865e-03 3.638693999999999826e-04 1.308195000000000061e-03
2.989200000000000017e-03 2.572581999999999907e-03 2.863530999999999889e-03
8.928856000000000423e-04 1.500552999999999956e-03 2.031499999999999886e-03
1.632163000000000060e-03 1.401588999999999960e-03 1.679991999999999944e-03
1.886167999999999916e-03 1.767838999999999999e-03 1.100304000000000082e-03
3.757619999999999948e-06 1.187714999999999995e-04 2.164628999999999946e-03
2.999253999999999809e-03 2.989131999999999813e-03 2.155372000000000017e-03
2.999677999999999980e-03 1.905550999999999903e-03 2.983887000000000171e-03
1.501750000000000064e-06 2.989125000000000029e-03 2.766815000000000160e-03
3.001998000000000080e-03 2.896980999999999862e-03 4.895404999999999592e-04
1.501750000000000064e-06 1.224629000000000082e-03 1.500847999999999939e-03
1.501750000000000064e-06 2.385918999999999800e-03 2.254126999999999867e-03
1.501750000000000064e-06 4.784406999999999744e-04 2.097326999999999959e-03
3.001998000000000080e-03 2.039346000000000041e-03 1.455195999999999963e-03
1.501750000000000064e-06 8.156116000000000364e-04 1.464522000000000003e-03
2.967500000000000086e-03 2.904294999999999880e-03 1.177401999999999919e-03
9.978809999999999417e-04 1.492770000000000034e-03 2.092946000000000042e-03
1.993220999999999882e-03 1.087995999999999928e-03 7.331491000000000310e-04
2.209337000000000020e-03 1.171394999999999988e-03 2.581051000000000005e-03
8.516565999999999937e-04 9.491360999999999808e-04 7.159879999999999760e-04
2.543526999999999854e-03 2.639578999999999970e-03 1.255972000000000110e-04
2.166524999999999875e-03 1.183348999999999989e-03 2.989481999999999903e-03
2.600274999999999982e-03 2.206305999999999892e-03 1.150767999999999930e-03
1.795041999999999948e-03 6.169170000000000296e-04 1.628806999999999911e-03
2.701475999999999964e-03 1.763961999999999995e-03 2.614901000000000204e-03
1.482550000000000014e-03 2.491384000000000133e-03 2.152007999999999959e-03
5.687242000000000122e-04 2.403583999999999842e-03 2.852615999999999862e-05
2.924111999999999979e-03 9.360418000000000341e-04 1.704922999999999899e-03
5.477613000000000100e-04 7.770080999999999646e-04 1.524287999999999945e-03
2.278736999999999863e-03 2.713651999999999991e-03 1.044060999999999991e-03
7.337077999999999482e-04 7.047690999999999808e-04 2.500413999999999849e-03
8.920093999999999506e-04 2.881502000000000195e-03 1.614832000000000073e-03
1.690186999999999896e-03 1.610128999999999911e-04 2.809558000000000194e-03
2.806543999999999792e-03 2.134313000000000096e-03 2.404293000000000055e-03
3.344382999999999926e-04 1.040394999999999948e-03 2.953733999999999960e-03
2.139680000000000141e-03 3.144709999999999915e-05 1.304795999999999994e-03
8.579450999999999386e-05 2.829266999999999893e-03 2.025725999999999829e-03
1.161031999999999993e-03 2.739416000000000268e-04 7.799193000000000054e-04
1.672827000000000103e-04 9.360953999999999890e-04 5.783347000000000314e-04
1.749560999999999955e-03 2.680168000000000134e-03 2.349124999999999976e-05
2.956600000000000200e-03 1.900154000000000036e-03 2.354774000000000016e-03
1.666022999999999983e-03 1.383693000000000076e-03 1.596360999999999917e-03
9.191011000000000016e-04 1.180405999999999947e-03 6.390369999999999601e-04
2.379684999999999873e-03 3.889453000000000181e-04 2.209230999999999868e-03
1.341062999999999977e-03 2.185050999999999920e-03 2.825372999999999947e-03
2.902660000000000049e-03 2.989654999999999917e-03 9.511918000000000499e-04
7.616930000000000272e-04 2.011924000000000004e-03 6.107600999999999666e-05
1.734520000000000029e-03 2.723053999999999926e-03 8.424726000000000220e-04
1.773658000000000005e-03 9.805165000000000235e-04 8.845307000000000386e-04
7.820352000000000033e-04 2.158714999999999853e-03 1.514811999999999929e-03
3.949609999999999883e-04 1.446021999999999932e-03 2.001613000000000177e-03
2.257720999999999860e-03 2.632568000000000061e-03 1.098356999999999892e-03
2.167042000000000100e-03 5.247048999999999507e-04 4.133612999999999957e-04
2.623373999999999932e-03 2.912047999999999980e-03 2.577911000000000005e-03
1.754888999999999928e-03 2.167904000000000012e-03 1.380111999999999962e-03
4.363594000000000153e-04 2.934413000000000190e-04 4.195138999999999748e-04
1.195363000000000068e-03 6.926680000000000163e-04 1.882475999999999898e-03
1.199531999999999899e-03 4.580294999999999961e-04 2.878469999999999835e-04
6.863072000000000009e-04 1.518861999999999947e-03 6.169084000000000243e-04
8.911181999999999751e-05 8.502807000000000464e-04 9.602032000000000362e-04
2.859302000000000198e-03 2.576973000000000198e-03 2.888462999999999968e-03
1.551323999999999976e-03 2.395895999999999790e-03 6.104930000000000382e-04
2.263788000000000085e-04 1.572334000000000101e-03 1.594827999999999957e-03
1.369273999999999969e-03 1.896059000000000069e-03 2.063346000000000082e-04
1.201430000000000076e-03 5.403295999999999978e-05 1.573863999999999905e-03
1.802989999999999975e-03 1.947317000000000058e-03 2.020305999999999925e-03
2.184323000000000167e-03 5.631523000000000258e-04 2.091551999999999994e-03
1.255955000000000005e-03 2.446503999999999953e-03 2.047942000000000078e-03
1.988347000000000118e-03 1.245266000000000081e-03 1.518408999999999915e-04
7.859946999999999507e-04 1.478771000000000035e-03 2.414078000000000057e-03
1.265669999999999989e-03 1.832913999999999941e-03 2.043446999999999885e-03
2.749043000000000059e-03 4.955576000000000138e-05 2.713984999999999922e-03
1.747145000000000078e-03 1.241577999999999909e-03 2.983330000000000183e-03
1.796620000000000075e-03 4.038701999999999809e-04 3.288721999999999783e-04
2.311965000000000027e-03 2.925379000000000087e-03 2.197513999999999804e-03
2.428923999999999840e-03 1.106285000000000037e-03 2.426549999999999974e-03
1.365186999999999911e-03 3.295404999999999732e-04 1.674003000000000079e-03
2.613345000000000099e-04 1.060973999999999902e-03 2.235944000000000126e-03
1.544531999999999936e-03 2.367908000000000165e-03 6.959806000000000022e-04
2.947205999999999958e-03 2.989095000000000207e-03 2.675525000000000212e-03
2.555948000000000161e-03 7.193339000000000417e-04 1.044416999999999958e-03
8.927739000000000074e-04 1.626272000000000004e-03 9.300327000000000377e-04
1.645711000000000005e-04 2.099937000000000071e-03 2.192846000000000031e-03
2.470374000000000007e-03 2.440527999999999968e-03 1.562341999999999984e-03
5.720436999999999658e-04 2.845306000000000137e-03 2.511835999999999930e-03
1.326565999999999943e-03 1.426673999999999954e-04 5.584138999999999900e-04
1.501750000000000064e-06 2.455107000000000209e-03 2.486317000000000041e-03
1.501750000000000064e-06 2.642170000000000109e-03 1.638832999999999913e-03
2.987888000000000176e-03 1.579810999999999976e-03 2.960682999999999978e-03
5.657407000000000364e-04 2.363689999999999997e-04 1.762057999999999940e-03
1.499553000000000040e-03 8.214589000000000439e-04 2.485654999999999809e-03
1.245868999999999926e-03 1.885423999999999911e-03 2.131398000000000060e-03
1.541555999999999916e-03 2.042979999999999796e-03 1.167365000000000069e-03
2.071133000000000175e-03 1.103786000000000047e-03 1.537167999999999998e-03
1.415772000000000037e-03 9.908416000000001053e-04 1.311069999999999968e-05
2.218672999999999999e-03 2.462900000000000072e-03 6.681652999999999638e-04
2.691166000000000044e-03 1.406555999999999996e-03 1.372273999999999933e-03
2.662822999999999926e-03 6.596952999999999585e-04 3.449664000000000181e-04
2.178535000000000107e-03 2.056124999999999793e-03 1.766964999999999899e-03
2.782539000000000106e-03 7.057924999999999616e-04 1.617643999999999896e-03
1.913260999999999976e-04 1.859762999999999954e-03 1.258229000000000031e-03
9.566149000000000353e-04 1.304842999999999975e-03 5.565662999999999774e-04
1.856935000000000096e-03 2.713296999999999931e-03 2.488704999999999910e-03
5.685062999999999749e-04 7.763982000000000435e-04 1.016432999999999963e-03
1.469629999999999981e-03 2.454449999999999948e-03 1.559735999999999935e-03
2.628380999999999947e-03 1.658540999999999922e-03 1.724852999999999933e-04
1.809613999999999971e-03 1.713579999999999921e-03 8.019044000000000129e-04
1.535633000000000007e-03 7.966680999999999492e-05 9.380852000000000288e-04
2.986981000000000098e-03 2.263504999999999857e-03 5.772938999999999718e-04
2.936177999999999792e-03 2.717074999999999785e-03 2.005045999999999912e-03
2.682434999999999941e-03 1.839382000000000083e-03 1.207376999999999929e-03
3.972390000000000231e-04 2.839050000000000080e-03 2.816139999999999963e-03
2.416834000000000083e-03 2.891780000000000045e-03 1.500327000000000084e-03
4.186835999999999770e-04 2.677704999999999842e-03 2.702341999999999939e-03
1.916675000000000063e-03 1.288738999999999900e-03 5.354602000000000406e-04
1.624863000000000045e-03 1.869758999999999918e-03 2.171292999999999921e-03
1.314545999999999987e-03 1.290925000000000059e-03 2.914532999999999967e-03
2.780243999999999858e-03 1.311751000000000106e-03 1.176188000000000103e-03
5.896585000000000194e-04 3.999019000000000141e-04 1.982105999999999972e-03
7.584898000000000508e-04 4.349232999999999767e-04 1.864554999999999945e-03
5.592728999999999626e-04 1.312406999999999986e-05 1.557980000000000042e-03
2.325030999999999973e-03 2.273207000000000179e-03 1.554978000000000046e-03
6.249651999999999638e-04 1.061015999999999912e-03 4.895404999999999592e-04
7.219868999999999636e-04 1.434381999999999949e-05 1.229927999999999924e-03
1.074515999999999969e-03 2.026873000000000216e-03 1.497606000000000067e-03
3.109651999999999751e-04 6.931895000000000417e-04 5.221203000000000432e-04
1.742330000000000105e-04 1.348358000000000022e-03 2.815788000000000058e-03
2.462569999999999972e-04 1.439423000000000059e-04 1.189415999999999998e-03
2.437130000000000025e-03 2.034022999999999821e-03 1.119229999999999921e-03
2.813133000000000213e-03 2.886333000000000041e-03 2.017212999999999905e-03
2.327743000000000173e-03 3.172296000000000230e-04 2.706122999999999949e-03
6.907750000000000262e-04 2.423387999999999844e-03 1.358477999999999986e-03
2.545339000000000195e-03 1.546772000000000077e-03 1.518273000000000105e-03
1.846479000000000046e-03 2.046381999999999802e-03 1.999888999999999920e-03
1.368396999999999929e-03 2.378742000000000096e-03 1.644281999999999948e-03
1.362099000000000079e-03 2.818787000000000115e-03 1.065594000000000003e-03
9.532539999999999503e-04 2.087401999999999921e-03 1.229169999999999915e-03
7.199471000000000039e-04 7.214587999999999644e-04 1.245227000000000009e-03
1.555448999999999981e-03 1.518822999999999875e-04 1.530644000000000058e-03
2.503722999999999799e-03 6.458876999999999858e-05 2.761726999999999845e-03
1.081230000000000082e-03 1.637341999999999964e-03 1.355670999999999916e-03
2.178274000000000009e-03 2.959443999999999877e-03 1.298651999999999966e-03
2.698482999999999785e-03 2.145390000000000057e-03 1.345985999999999971e-03
8.343009999999999662e-04 1.987702000000000045e-03 2.672372000000000115e-03
9.798789999999999063e-04 1.793745999999999926e-03 7.959540000000000029e-05
6.307049999999999592e-04 8.831295000000000291e-05 1.892234999999999924e-03
1.236768999999999976e-03 8.394871000000000147e-04 9.064045000000000392e-04
5.367395000000000065e-04 2.362725999999999889e-03 6.871622999999999989e-05
2.060770999999999870e-03 1.091771999999999968e-03 3.050748000000000153e-04
4.738103000000000128e-04 8.177183000000000411e-04 2.990154000000000076e-03
1.266860000000000078e-03 6.795402000000000300e-04 2.986027999999999729e-04
1.026968999999999972e-03 4.907816000000000175e-04 2.440325000000000133e-03
2.634313999999999796e-04 1.993669999999999904e-03 2.978109999999999959e-03
2.292468000000000088e-04 2.932065000000000192e-03 1.394589999999999975e-05
3.644445000000000171e-04 1.742330000000000105e-04 2.414784000000000114e-03
1.341062000000000070e-03 1.457786000000000039e-05 1.860057999999999937e-03
1.154407999999999997e-03 2.410303000000000087e-04 3.833835999999999863e-04
2.256361000000000130e-03 1.909160000000000024e-03 2.290175000000000197e-03
2.209070999999999951e-03 1.372793999999999989e-04 2.656579000000000058e-03
4.994023000000000212e-04 5.826681999999999722e-05 1.831476000000000067e-03
2.446994999999999769e-04 1.885581000000000106e-03 2.913424999999999869e-03
1.097576000000000064e-03 1.376676000000000072e-03 1.594392000000000031e-03
1.524940000000000019e-03 2.990159000000000046e-03 2.455562000000000109e-03
1.298888999999999903e-03 2.021211999999999987e-04 1.857059000000000097e-03
4.880822999999999737e-04 1.710130000000000027e-03 2.914692999999999885e-03
6.443277000000000075e-04 1.268978999999999940e-03 4.932311999999999677e-04
1.472594999999999937e-03 1.096928999999999960e-03 1.584707999999999993e-03
2.571885999999999790e-03 3.018443999999999793e-04 1.758131999999999924e-03
2.072853999999999842e-03 2.630827999999999986e-03 2.242954000000000128e-03
1.377945999999999902e-04 2.762076000000000028e-03 2.668610000000000079e-03
1.192660999999999998e-04 2.442728999999999821e-03 2.986573000000000179e-03
1.869676000000000020e-03 1.544697999999999948e-03 2.650733000000000169e-03
6.220041999999999629e-05 1.472910999999999925e-03 2.548467000000000007e-03
5.216246000000000337e-04 2.333688999999999902e-03 2.259770999999999828e-03
2.899884000000000142e-03 1.253882999999999907e-03 5.106250000000000112e-04
2.136981000000000037e-03 2.666740999999999816e-03 2.212700000000000170e-03
2.246852000000000137e-03 4.925440000000000330e-04 2.410081000000000007e-04
1.887580999999999938e-03 6.259033999999999475e-04 4.288362999999999789e-04
1.534551000000000101e-03 1.246467999999999871e-04 2.476384999999999839e-05
4.550301999999999993e-04 1.588367000000000034e-03 3.299482000000000066e-04
2.305471999999999817e-03 2.985114999999999991e-03 1.814849000000000106e-03
1.501750000000000064e-06 1.843096999999999921e-03 2.818183000000000146e-03
3.001998000000000080e-03 1.647033999999999911e-03 1.977487999999999902e-03
3.001998000000000080e-03 2.138461999999999828e-03 1.933138000000000044e-03
3.000465999999999810e-03 2.860062000000000021e-03 2.173032999999999996e-03
2.346235999999999808e-03 2.622086000000000035e-03 1.561293999999999963e-03
2.255919999999999800e-03 1.012209999999999933e-03 2.808241999999999856e-03
2.779422000000000142e-03 2.596489000000000002e-03 2.961481000000000183e-03
2.171560999999999804e-03 4.755100999999999859e-04 1.346371999999999977e-03
6.933843000000000081e-04 2.607780000000000081e-03 4.469996999999999751e-04
7.380064999999999889e-04 1.226012999999999973e-03 1.154442000000000098e-03
2.891171000000000105e-03 8.424873000000000474e-04 2.888879000000000013e-03
8.095841000000000539e-04 9.712329000000000231e-04 1.187570999999999896e-03
1.266764999999999992e-04 2.869839999999999804e-03 7.971089999999999469e-04
1.768531999999999960e-03 4.054725000000000045e-05 6.413995000000000243e-04
5.476829999999999806e-04 2.145999000000000051e-04 3.549984000000000060e-04
8.811983000000000229e-04 2.002051999999999825e-03 2.722646000000000224e-04
2.240640999999999813e-03 1.021159999999999906e-03 5.796455000000000054e-04
8.900321999999999791e-04 1.289846000000000091e-03 8.936401000000000500e-04
6.893147999999999550e-04 1.792364000000000067e-03 1.514509999999999945e-03
2.448983999999999970e-03 1.865052999999999980e-04 1.072742999999999917e-03
1.635851999999999922e-03 2.800448000000000087e-03 4.551572999999999730e-04
2.694869999999999818e-03 8.450989999999999804e-04 1.176320999999999921e-03
2.045907999999999928e-03 5.898738999999999632e-04 1.023772000000000050e-03
1.554604999999999865e-04 1.728195999999999986e-03 2.640935999999999978e-03
7.541670000000000318e-04 4.207903999999999752e-05 2.978330999999999860e-03
2.437320000000000198e-03 1.980902000000000097e-03 2.050650000000000216e-03
2.919686999999999803e-03 2.091936999999999876e-03 1.302310000000000072e-05
2.010332000000000091e-03 7.391398000000000412e-04 2.169886000000000210e-03
1.527139000000000057e-03 2.990192999999999931e-03 1.547320999999999940e-03
5.888035999999999677e-05 2.721662000000000126e-03 1.455333000000000061e-03
2.940517999999999821e-04 2.567962000000000022e-03 9.085645000000000049e-04
1.989496999999999793e-03 2.527819000000000268e-04 1.031393000000000023e-03
1.785074999999999900e-03 1.934042999999999873e-04 2.329536000000000107e-03
1.130500999999999902e-03 1.891468000000000099e-03 1.597148000000000057e-03
1.383200999999999918e-03 9.237229999999999649e-05 2.254775000000000095e-03
2.040328000000000107e-03 1.416284999999999983e-03 2.677942999999999903e-03
2.726319999999999959e-03 2.048710999999999935e-03 2.089910999999999852e-03
2.484392000000000197e-03 2.087125999999999912e-04 2.426306000000000036e-03
2.263895000000000143e-03 6.427190000000000377e-04 1.040843999999999971e-03
1.376082999999999950e-03 2.959952999999999976e-03 1.926097000000000095e-03
3.421110000000000183e-05 2.289250999999999960e-03 5.035531000000000425e-04
1.607404999999999902e-03 7.212593999999999473e-04 3.324046999999999787e-04
1.913641999999999904e-03 1.572332000000000070e-03 2.693618999999999961e-03
6.727540000000000169e-04 2.233099000000000108e-03 2.421679999999999840e-03
1.854348999999999928e-03 1.048702000000000098e-03 1.623251999999999941e-03
5.173400000000000307e-04 2.434323999999999863e-03 7.594605999999999840e-04
1.151736999999999981e-04 1.411782000000000030e-05 8.604946999999999726e-04
6.972289000000000221e-04 1.425468000000000048e-03 2.108196000000000115e-03
1.572983000000000020e-03 1.930061000000000060e-03 1.707806000000000081e-03
9.085868000000000199e-04 9.901041999999999656e-04 2.457332000000000006e-03
3.056383999999999772e-04 2.739221999999999924e-03 2.990220000000000031e-03
2.082395999999999813e-03 6.169033000000000199e-04 1.374935999999999997e-03
9.630614000000000015e-04 1.641962999999999919e-04 8.707253999999999558e-04
3.001998000000000080e-03 1.679727000000000000e-03 6.670956000000000238e-04
1.501750000000000064e-06 8.154501999999999671e-04 1.078869000000000095e-03
2.066437999999999869e-03 2.947920000000000141e-03 2.141119999999999829e-03
1.672979999999999910e-03 1.603838999999999916e-03 2.229285000000000121e-03
5.913980999999999578e-04 1.461202999999999894e-03 2.648605000000000056e-03
5.605944000000000075e-04 6.157961000000000316e-05 8.758783999999999927e-04
2.644664000000000129e-03 1.292724000000000087e-03 1.474688000000000040e-03
1.190883000000000002e-03 1.222393999999999911e-03 2.976438000000000087e-03
1.490940000000000060e-03 1.836530999999999917e-04 4.745230000000000238e-04
1.130811000000000012e-03 1.542189000000000016e-03 2.403277000000000104e-03
2.128502999999999905e-03 1.542736000000000064e-03 2.001638999999999936e-03
1.994795000000000162e-03 1.543431999999999964e-03 2.508880999999999807e-04
1.044730000000000008e-03 7.294841000000000042e-04 8.695155000000000202e-04
2.692514000000000018e-03 1.052977999999999987e-03 2.758276999999999951e-03
2.828167999999999828e-03 2.959943999999999943e-03 2.369886000000000030e-04
2.945380000000000047e-03 1.663095000000000068e-03 2.623441999999999810e-04
2.560941000000000172e-03 2.416763000000000158e-03 2.216085999999999924e-03
2.650580000000000037e-03 2.373730000000000111e-03 2.590062000000000180e-03
1.512625999999999988e-03 4.755336000000000171e-05 2.015989000000000149e-03
2.743263000000000125e-03 2.969334000000000123e-03 1.445827000000000006e-03
2.746253000000000149e-03 2.716665999999999959e-03 1.303983000000000095e-03
1.096245000000000005e-04 1.540764999999999930e-03 2.543114999999999872e-03
2.319744999999999793e-03 1.142832000000000093e-03 1.446082999999999917e-03
6.430376000000000451e-04 2.505975000000000130e-03 9.491360999999999808e-04
2.025836000000000043e-03 1.221040000000000059e-03 2.113964000000000077e-04
2.225883000000000115e-03 8.782532000000000229e-04 1.648681999999999947e-04
2.452195999999999803e-03 1.293834999999999954e-05 2.861302000000000029e-03
2.337867999999999891e-03 1.677256000000000016e-03 1.130464000000000078e-03
2.361582999999999998e-03 2.196953000000000187e-03 1.668619000000000092e-03
1.581361000000000095e-03 3.198758999999999912e-04 3.770377000000000103e-04
1.695726999999999955e-03 8.238578999999999781e-04 2.089947999999999893e-03
2.070461999999999910e-03 8.723077000000000305e-04 2.947945999999999900e-03
3.948647000000000008e-04 7.739122999999999662e-04 2.860240000000000005e-03
3.126420999999999861e-05 2.967954999999999986e-03 1.725941999999999949e-04
8.034376000000000408e-04 1.086431000000000034e-04 6.923066999999999763e-04
1.465738000000000067e-03 2.605430000000000159e-03 1.259972000000000045e-03
9.682605999999999635e-04 1.433807999999999958e-03 4.339845999999999851e-04
2.749698000000000073e-03 8.094505000000000320e-04 2.779644999999999859e-03
2.913694999999999892e-04 2.247663000000000005e-03 2.084398999999999801e-03
2.816138000000000148e-03 1.448721000000000037e-03 4.820469000000000078e-04
1.527099000000000078e-03 4.796746000000000169e-04 2.549607000000000175e-03
1.326499000000000081e-03 2.264121999999999923e-03 1.591884999999999915e-03
2.608094999999999945e-03 1.425531000000000064e-03 3.142171000000000243e-04
1.497449000000000089e-03 8.753222999999999863e-04 3.389048000000000082e-04
6.653772999999999762e-04 9.718370000000000264e-04 3.950533000000000213e-04
2.710656000000000090e-03 1.794585999999999924e-03 1.288993999999999904e-03
2.647585999999999950e-03 2.440607999999999927e-03 2.611641999999999957e-03
1.447656999999999980e-03 1.212666000000000048e-03 5.797054999999999743e-04
9.428140999999999692e-04 7.418344999999999800e-04 2.542553999999999821e-03
2.348706999999999791e-03 4.910634000000000526e-04 1.021219999999999984e-03
1.434628999999999982e-03 1.215923000000000047e-03 2.596432999999999987e-03
2.851550000000000005e-03 2.905880000000000008e-03 2.775624999999999772e-04
1.995719999999999873e-03 3.694004999999999880e-04 2.242113000000000005e-03
7.357354000000000574e-05 2.893267000000000148e-03 2.239463000000000131e-03
9.133849000000000308e-04 3.859401000000000151e-04 1.094315000000000001e-03
5.606003999999999935e-04 1.816752000000000037e-03 6.776956999999999361e-05
1.253966999999999929e-03 1.596769999999999960e-04 1.810062999999999993e-03
1.870893999999999899e-03 1.441968000000000069e-03 2.937453000000000026e-03
1.028082000000000041e-03 9.905709999999999862e-04 7.828665999999999967e-04
7.737603999999999923e-04 9.208423999999999776e-04 1.227124000000000010e-03
3.001998000000000080e-03 1.252896000000000088e-03 1.193037000000000090e-03
3.001998000000000080e-03 3.964320000000000018e-04 1.736052999999999989e-03
1.501750000000000064e-06 2.373840999999999798e-03 2.363724000000000207e-03
1.150310000000000091e-03 1.964258999999999884e-03 1.823093999999999930e-03
2.807987999999999977e-03 2.492312000000000000e-03 1.381639999999999951e-03
3.724040000000000076e-04 2.467332000000000032e-03 2.499256000000000047e-03
2.197067000000000030e-03 6.010003999999999997e-05 1.368712000000000010e-03
2.496795999999999911e-03 2.144468999999999976e-03 2.551179000000000207e-03
1.501750000000000064e-06 6.104339000000000509e-04 8.287102000000000400e-04
2.951652999999999829e-03 6.911054000000000459e-05 1.218349000000000081e-03
5.286460000000000204e-04 2.351709999999999912e-03 1.967262000000000004e-03
1.362509000000000029e-03 2.210862999999999978e-03 1.989925999999999934e-03
2.400984000000000104e-03 6.024385000000000157e-04 2.704848000000000148e-03
1.719796999999999906e-03 1.693943999999999962e-03 1.621164000000000025e-03
7.426064999999999923e-04 6.564598000000000265e-04 2.783351999999999788e-03
3.709289000000000054e-04 2.034975000000000065e-03 6.835128000000000265e-05
6.804747000000000530e-04 2.160589999999999993e-03 1.004675000000000012e-03
1.711007000000000066e-03 1.457994000000000000e-03 3.113770999999999770e-04
4.712294999999999917e-04 2.630088999999999951e-03 1.942953000000000085e-03
2.891482999999999814e-03 1.241701999999999910e-03 1.169083000000000015e-03
4.655125000000000192e-04 9.070268999999999944e-04 1.528751000000000068e-03
2.986261000000000037e-04 9.572358999999999469e-04 7.968931999999999752e-05
1.551970000000000118e-04 2.224311999999999991e-03 5.634767999999999851e-04
6.326765000000000470e-04 2.907358000000000078e-03 2.469966000000000089e-03
1.382994999999999928e-03 2.404742999999999985e-03 2.147472000000000096e-03
2.472621999999999841e-03 1.145952999999999902e-03 7.854150999999999537e-04
2.557175999999999980e-03 2.840229000000000104e-03 2.797324999999999812e-03
2.560690000000000015e-03 2.181335999999999865e-03 2.556888000000000216e-03
1.661801000000000077e-03 1.186351999999999893e-03 1.263393999999999932e-03
2.255038999999999915e-03 3.314513999999999959e-04 2.199744999999999912e-03
1.490510999999999919e-03 2.016636999999999944e-03 1.272591999999999907e-03
2.440873000000000088e-03 2.654014000000000113e-03 2.541691000000000002e-03
2.828315000000000082e-03 1.852270999999999952e-03 1.118197000000000028e-03
2.518630000000000001e-03 1.419679000000000134e-04 6.922150999999999652e-04
1.761020000000000077e-03 2.932919999999999885e-03 2.536888000000000164e-03
4.414845000000000249e-04 4.755272000000000166e-04 1.305018999999999927e-03
1.912346000000000098e-03 1.498746000000000067e-05 1.299702999999999980e-05
2.957576999999999862e-03 1.520660000000000067e-03 5.276313999999999912e-05
2.836609999999999826e-03 1.205593000000000029e-03 2.257234999999999797e-03
2.280443000000000053e-03 6.958281999999999662e-04 1.878083999999999917e-03
9.832111999999999623e-04 2.146134999999999970e-03 4.406360999999999671e-05
2.470810999999999841e-03 3.003200000000000249e-04 2.127990000000000177e-03
2.743797999999999983e-03 1.878488999999999897e-03 9.680224000000000511e-04
1.307805999999999899e-03 6.201151000000000016e-04 2.365245000000000195e-03
9.390174999999999520e-04 4.698497000000000155e-04 1.635823000000000008e-03
1.580756000000000001e-03 6.307049999999999592e-04 2.717540999999999967e-03
2.590925999999999906e-03 2.687037000000000193e-03 1.305161999999999902e-03
2.279232999999999867e-03 1.285785000000000010e-03 2.244813000000000017e-03
2.410512999999999979e-03 1.038022999999999897e-03 1.518791000000000021e-03
2.896876000000000052e-03 2.370482000000000145e-03 4.745829999999999927e-04
3.424289999999999973e-04 1.182497000000000019e-03 2.048416999999999859e-03
9.725448000000000469e-04 4.013962999999999841e-04 1.106893000000000070e-03
2.500529999999999940e-03 1.665873000000000007e-03 2.188962000000000026e-03
1.157422000000000046e-04 6.733285000000000366e-05 5.310303000000000375e-04
9.926794999999999543e-04 2.990279000000000201e-03 6.799684000000000067e-04
1.712987000000000017e-03 1.881180999999999999e-03 2.266047000000000200e-03
1.938758999999999968e-03 2.512316000000000115e-03 2.247524999999999783e-03
9.510437999999999965e-04 1.694952999999999911e-03 5.337208999999999877e-04
9.535086000000000343e-04 1.735042000000000008e-03 1.932548999999999986e-03
5.346529999999999512e-04 1.015898000000000105e-03 8.559674000000000406e-04
2.809971000000000083e-03 1.851666999999999983e-03 2.674803999999999810e-03
1.800600000000000074e-03 3.865634000000000062e-04 8.840185000000000404e-04
2.696788999999999784e-03 1.671079000000000065e-04 2.990786999999999959e-03
2.862304999999999884e-03 8.002136000000000188e-04 2.963490000000000048e-03
8.759428000000000526e-04 2.136566999999999807e-03 8.870338999999999438e-05
2.150592999999999960e-04 6.143990999999999906e-04 2.978737999999999872e-03
1.960208000000000176e-03 7.163433000000000300e-04 8.630927000000000043e-04
9.471749999999999701e-04 1.849834000000000070e-03 1.968361000000000069e-03
8.717497000000000267e-04 1.802399999999999955e-04 2.293599999999999806e-03
1.190892000000000036e-03 2.590428999999999995e-03 8.869238999999999465e-04
2.254120999999999989e-03 5.936243999999999809e-04 8.916771999999999676e-04
2.599112000000000210e-03 2.987716000000000070e-03 2.975174000000000134e-03
2.633079999999999882e-03 2.109742999999999861e-03 2.928773999999999874e-03
2.056433000000000035e-04 1.979275999999999865e-03 4.895404999999999592e-04
3.078587000000000142e-04 2.742101000000000260e-04 2.560484999999999931e-03
1.004574000000000049e-03 8.786179999999999555e-04 6.186909999999999892e-04
1.832609999999999925e-04 2.063373000000000073e-04 2.330745999999999860e-03
2.514838000000000143e-03 2.005263000000000184e-03 6.231194999999999486e-04
2.618460999999999879e-03 2.381195000000000013e-03 2.513047999999999931e-03
1.807018000000000079e-03 1.456667000000000031e-03 2.101553999999999835e-03
1.656321000000000095e-03 1.282188000000000030e-05 1.738226000000000051e-03
2.784836000000000169e-03 1.225715999999999958e-03 8.237626000000000063e-04
4.190867999999999937e-04 2.831229000000000211e-03 2.906646000000000143e-03
2.359453000000000071e-03 1.391214999999999900e-03 3.972677999999999778e-04
8.629075999999999847e-04 1.853129000000000018e-03 1.821836999999999979e-03
2.743810000000000172e-03 1.242547000000000096e-03 1.218523999999999909e-03
1.927347999999999952e-03 7.958973999999999736e-04 1.413011000000000041e-03
1.593444000000000067e-03 1.388897999999999956e-03 1.479653999999999952e-03
1.016172000000000082e-03 1.336844999999999917e-03 5.887159999999999789e-04
2.649410999999999954e-03 1.824211999999999969e-03 2.764094999999999833e-03
2.121665000000000009e-03 2.022903000000000103e-04 1.640994000000000003e-03
1.421944000000000072e-03 1.770770000000000070e-03 1.920938999999999980e-03
5.856825000000000290e-05 1.425614999999999868e-04 2.974767000000000123e-03
1.028807000000000072e-03 1.452612000000000044e-03 2.866242000000000182e-03
2.875743000000000049e-03 1.872694999999999959e-03 1.675983000000000030e-03
3.494503999999999856e-06 2.048357000000000216e-03 2.989770000000000101e-03
8.636262000000000019e-04 1.699950999999999893e-03 1.289666000000000029e-05
1.172469999999999892e-03 2.175802000000000118e-03 2.684239000000000156e-03
1.630869999999999976e-03 1.842529000000000085e-03 1.770352999999999901e-03
1.272263000000000040e-03 5.000713000000000380e-04 2.091433000000000072e-04
2.434642999999999790e-03 1.104488000000000041e-03 1.539039000000000075e-03
1.791445999999999924e-03 1.319779000000000091e-03 8.012903999999999947e-04
2.283524999999999791e-03 1.689348000000000022e-03 1.131583000000000025e-03
7.238134999999999708e-04 1.620377000000000102e-03 2.614544999999999803e-03
2.782750999999999975e-03 2.926293999999999857e-03 1.422782999999999947e-03
1.259258000000000079e-03 6.687972000000000144e-04 1.965923000000000063e-03
1.761940000000000034e-03 1.103538000000000045e-03 2.893767000000000214e-03
6.981828000000000469e-04 2.121843999999999900e-03 1.527177999999999912e-03
2.868306000000000046e-04 2.317209000000000196e-03 1.606872000000000020e-04
2.556865000000000179e-03 3.016337000000000120e-04 2.467509000000000109e-03
1.459671000000000059e-03 1.700010999999999970e-03 1.250954000000000085e-03
2.704030000000000062e-03 1.678065000000000069e-03 6.142266000000000392e-04
1.224290000000000057e-03 2.155640999999999807e-03 4.737497000000000019e-04
1.510190000000000013e-03 8.176859999999999771e-04 1.271711000000000022e-03
1.110403999999999948e-03 2.004843000000000076e-03 1.766844000000000053e-03
1.093304000000000021e-03 2.352616999999999989e-03 4.551434000000000035e-04
1.423688999999999901e-03 1.381909999999999920e-04 4.910722000000000177e-04
2.539342999999999895e-03 2.629840000000000042e-03 1.952305000000000099e-03
2.101870999999999948e-03 7.824118999999999822e-04 1.735222000000000023e-03
2.737690000000000089e-03 2.322593999999999874e-04 2.518313999999999796e-03
6.737791999999999610e-04 1.367725999999999990e-04 2.782849000000000000e-03
2.116011999999999960e-04 2.835274000000000041e-03 1.278622999999999999e-03
5.571372000000000433e-04 2.481875000000000140e-03 2.461247000000000174e-03
2.022845000000000112e-03 1.644569999999999929e-03 2.668719999999999860e-03
2.029083000000000102e-03 2.462062000000000105e-03 1.083378000000000075e-03
3.001998000000000080e-03 2.743696999999999803e-03 2.041484000000000094e-03
3.001998000000000080e-03 2.320720999999999982e-03 2.053651999999999995e-03
3.001998000000000080e-03 1.206428999999999965e-03 2.167226999999999869e-03
3.001998000000000080e-03 1.572332000000000070e-03 1.971904999999999925e-03
1.774097000000000087e-03 2.992366000000000210e-03 1.036152999999999971e-04
2.846603999999999975e-03 2.991811000000000036e-03 7.223416999999999555e-04
6.851052999999999744e-04 7.629190000000000320e-04 2.992354999999999928e-03
1.111570000000000093e-03 2.453900000000000178e-03 2.992368999999999932e-03
1.809622000000000097e-03 1.167894000000000037e-05 2.468906999999999786e-03
6.457225000000000031e-04 2.945735000000000107e-03 1.167557000000000009e-05
9.901389000000000891e-04 1.112812999999999979e-05 2.297625999999999879e-04
1.883164000000000105e-03 1.465902000000000047e-03 2.992366000000000210e-03
1.832178000000000062e-03 2.992352000000000206e-03 1.287210999999999911e-03
6.541992000000000163e-04 1.952274999999999871e-05 1.087096999999999936e-05
1.748184999999999973e-03 2.992512000000000123e-03 1.010833999999999951e-03
7.972645999999999900e-04 1.099379999999999967e-05 8.877869000000000363e-05
1.797594999999999922e-03 1.097558000000000072e-05 2.615370000000000108e-03
9.917304000000000484e-04 1.332206999999999966e-03 1.114228999999999933e-05
1.584703000000000023e-03 4.330803000000000148e-04 2.992518999999999908e-03
1.501750000000000064e-06 7.130676999999999762e-04 1.563584999999999932e-03
1.501750000000000064e-06 1.396627000000000003e-04 1.133820000000000010e-03
3.001998000000000080e-03 1.006172000000000029e-04 2.365256000000000042e-03
2.269147999999999912e-03 8.638819000000000001e-05 2.706303000000000181e-03
9.168359000000000491e-04 1.475303999999999982e-03 1.912347999999999913e-03
2.369004999999999982e-03 5.739523999999999971e-04 1.761551000000000089e-03
2.706122999999999949e-03 2.160215999999999959e-03 1.264504000000000062e-03
2.008167999999999846e-03 1.345538000000000073e-03 1.108321999999999910e-03
6.302300999999999953e-04 6.190142000000000474e-04 1.893900000000000011e-03
1.580580999999999956e-03 1.123339000000000108e-03 2.761940000000000055e-03
1.399906000000000024e-03 1.823877000000000007e-03 2.066908000000000113e-03
2.732623999999999904e-03 1.538896000000000101e-03 2.234892000000000042e-03
2.309221000000000190e-03 8.627456999999999617e-04 1.526821999999999945e-03
1.876899999999999923e-03 2.992161000000000126e-03 2.590508999999999954e-03
2.883075000000000134e-03 1.891092000000000033e-03 2.501418000000000044e-03
1.913259999999999961e-03 4.467626999999999840e-04 6.896356999999999878e-04
4.968623999999999610e-04 1.866990000000000012e-03 1.547088999999999973e-03
2.208477999999999830e-03 1.818621000000000083e-03 2.297106000000000148e-03
2.705434000000000051e-03 2.538242000000000016e-03 1.395125000000000098e-03
1.425920999999999916e-03 2.019346999999999896e-03 1.256961999999999923e-03
2.203865000000000164e-03 1.036487999999999906e-03 1.368258000000000018e-03
8.412604999999999866e-04 9.047941000000000317e-04 1.229906000000000011e-03
2.067896000000000057e-03 2.948679000000000057e-03 2.289553000000000161e-03
1.012883000000000012e-03 2.787841000000000104e-03 1.361629999999999958e-03
1.196142999999999989e-03 2.542139000000000117e-03 2.550469000000000087e-03
2.023519000000000099e-04 2.637103000000000017e-03 2.605217999999999857e-03
1.638794000000000058e-03 2.992176000000000037e-03 3.916292000000000145e-04
2.901411000000000007e-03 1.523487999999999926e-03 2.013934999999999887e-05
1.332426999999999960e-03 4.438019999999999769e-04 1.269988000000000106e-03
2.695640999999999923e-03 2.929917000000000198e-03 1.494246000000000072e-03
1.498259999999999956e-03 2.046289000000000181e-03 2.992633000000000185e-03
2.505970000000000159e-03 2.543933999999999866e-03 1.369882000000000001e-03
8.959325999999999878e-04 1.563312999999999986e-03 2.781211000000000013e-03
2.034541999999999861e-03 2.668860999999999803e-03 1.045962000000000107e-03
2.421715000000000065e-03 8.849790000000000391e-04 3.583082000000000129e-04
2.007227999999999790e-03 1.305189000000000002e-03 2.064466999999999951e-03
2.455460000000000238e-04 1.858878999999999913e-03 1.737964999999999953e-03
1.275001999999999906e-03 1.638406999999999928e-03 2.909905999999999864e-03
1.815615999999999931e-03 1.523955999999999922e-03 8.515058999999999953e-04
2.893872999999999931e-03 2.001376000000000023e-03 8.364832999999999470e-04
1.205904999999999954e-03 5.784046000000000153e-04 2.508966000000000061e-03
2.938782999999999933e-03 2.255052999999999919e-03 3.997531000000000131e-04
2.771636999999999972e-03 2.264038999999999809e-03 1.367773000000000079e-03
9.665389999999999832e-04 1.758858000000000079e-03 1.764247999999999945e-03
1.383099000000000047e-03 1.801061000000000068e-03 1.763339999999999960e-03
2.657813000000000189e-03 8.368536999999999461e-04 1.634395000000000075e-03
1.257421000000000103e-03 1.389122999999999920e-03 9.684704999999999833e-04
2.664084999999999956e-04 2.135976999999999841e-03 7.433576999999999589e-04
1.535074999999999894e-03 8.627532000000000256e-04 1.061588999999999935e-03
1.482627000000000033e-03 2.127569999999999960e-04 3.595304000000000230e-04
2.311024999999999972e-03 2.373047999999999998e-03 1.597579999999999920e-03
1.636319000000000011e-03 1.116185999999999914e-03 2.992949999999999864e-03
8.837867000000000335e-04 7.043109999999999996e-04 5.434173999999999786e-05
2.442856999999999776e-04 1.553672000000000082e-03 6.945235000000000124e-04
1.747957999999999977e-03 1.883164000000000105e-03 2.444818999999999985e-03
2.486827000000000048e-03 1.929750000000000042e-03 1.344488000000000128e-04
2.791351000000000075e-03 1.192420000000000025e-03 2.189505999999999918e-03
5.286460000000000204e-04 3.046344999999999782e-04 2.141464999999999948e-03
1.955248000000000142e-03 9.117699999999999796e-05 4.193003999999999742e-04
1.588884999999999950e-03 1.736052999999999989e-03 9.520794000000000175e-04
1.033173999999999985e-03 2.043257000000000146e-03 2.778206999999999986e-03
2.689631999999999960e-03 1.122233999999999949e-03 2.904354000000000050e-03
1.244721000000000065e-03 1.944128999999999953e-03 1.477692000000000068e-03
6.818244999999999905e-04 1.800771000000000056e-03 1.335582999999999996e-03
6.037335000000000227e-04 2.021997000000000204e-03 1.382502999999999987e-03
5.431245000000000343e-04 3.607203999999999896e-05 2.515042999999999793e-03
1.517801999999999953e-03 8.992458999999999956e-04 9.461326000000000154e-04
4.954517999999999986e-05 2.094138000000000163e-03 4.880668000000000007e-04
1.352155999999999974e-03 2.155027999999999805e-03 1.837164000000000071e-03
1.170026999999999916e-03 2.523240000000000053e-04 2.674966999999999883e-03
2.005442999999999983e-03 5.443517000000000147e-04 1.477692000000000068e-03
1.839818000000000009e-03 1.323207000000000072e-03 2.956170000000000152e-03
7.260489999999999869e-04 2.644997999999999967e-03 8.361246000000000346e-04
1.058619000000000010e-03 2.204598999999999795e-03 1.100690999999999996e-04
2.445879000000000195e-03 6.158166999999999819e-05 2.781271000000000090e-03
1.124499000000000023e-04 7.718694000000000336e-04 1.474007000000000052e-03
5.766420000000000400e-04 2.964433000000000150e-04 2.843584000000000129e-03
2.653981000000000135e-03 4.221647999999999937e-04 2.852345000000000054e-03
5.424992999999999916e-04 1.710481999999999931e-03 1.920354999999999892e-03
9.842633000000000805e-04 1.766088000000000076e-03 1.125072999999999926e-05
4.217666000000000015e-04 1.320643999999999941e-03 2.060431000000000155e-03
1.461985000000000064e-03 2.380795999999999965e-04 1.050924999999999971e-04
1.262338000000000002e-03 1.459166999999999984e-04 2.734318999999999812e-03
1.542539000000000106e-03 2.386890999999999926e-03 1.831013000000000042e-03
2.040263999999999966e-03 7.658625000000000285e-04 5.517582000000000259e-04
2.037625999999999847e-03 5.178379999999999572e-04 9.317331000000000528e-04
4.204599999999999961e-04 1.070128999999999959e-03 1.018217000000000080e-03
2.377886999999999969e-03 2.855210999999999860e-03 1.944313000000000031e-03
2.650121999999999981e-03 2.218931999999999849e-03 1.227138999999999921e-03
2.750877999999999787e-04 2.978358999999999868e-03 2.040988999999999998e-03
2.684117999999999769e-04 2.894513000000000034e-03 2.886333000000000041e-03
8.191526999999999880e-04 6.136030000000000000e-04 2.780091000000000159e-03
2.337192000000000035e-05 1.084232999999999985e-03 3.828465000000000080e-04
2.269760999999999914e-03 2.992575999999999830e-03 1.266580000000000006e-03
1.083154999999999925e-03 1.012148999999999948e-03 2.764724999999999995e-03
2.497833999999999992e-03 1.457685000000000014e-03 9.491360999999999808e-04
1.471415000000000006e-04 2.230712000000000146e-03 2.824572000000000020e-03
1.099251000000000091e-03 2.571842999999999872e-03 1.500699999999999994e-03
1.257220999999999990e-03 2.750106999999999790e-04 3.709327000000000002e-04
2.164029000000000039e-03 1.951974999999999891e-04 1.371304999999999963e-03
9.660142999999999508e-04 1.786201000000000065e-03 1.596357999999999978e-03
5.960282000000000340e-04 1.887699999999999968e-03 2.572950999999999971e-03
2.084398999999999801e-03 1.122429999999999999e-03 2.642780000000000064e-04
1.824527000000000050e-03 2.360721000000000087e-03 8.688122000000000162e-04
7.631872999999999359e-05 1.761577000000000065e-03 4.846342000000000228e-04
1.387587000000000022e-03 1.954196000000000058e-03 5.244779999999999885e-04
2.217714000000000024e-04 2.689182999999999938e-03 5.767020000000000089e-04
9.718099000000000279e-05 2.900040999999999904e-03 1.861178000000000008e-03
1.728081000000000018e-03 1.384582999999999994e-03 2.203250999999999821e-03
6.234854000000000394e-04 2.992569999999999952e-03 5.766420000000000400e-04
5.794954000000000083e-05 2.490480000000000211e-03 2.551877000000000138e-03
1.695747999999999960e-03 1.956676999999999982e-03 1.391403999999999948e-03
2.741079999999999905e-03 1.735992999999999911e-03 2.662600000000000210e-03
7.967713000000000399e-04 1.760777000000000045e-03 5.723425000000000517e-04
2.251489000000000181e-03 1.094768000000000087e-03 2.431944000000000120e-03
2.128832000000000207e-03 1.479223999999999904e-03 1.349610999999999910e-03
1.701470999999999973e-03 2.501885000000000133e-03 2.278557999999999972e-03
1.798045000000000069e-03 2.170652999999999819e-03 2.977969999999999923e-03
8.819818000000000536e-04 1.412891000000000103e-03 2.851818999999999795e-03
1.227189000000000058e-03 4.523899999999999970e-04 1.251415000000000079e-03
2.845612999999999875e-03 1.617203000000000000e-03 1.398931999999999975e-04
1.617205999999999939e-03 8.109149000000000175e-04 3.195658000000000092e-04
2.594994000000000207e-03 1.366543999999999973e-04 1.158392000000000059e-03
1.926853000000000073e-03 7.555543999999999975e-04 1.583994999999999934e-03
6.356082000000000311e-04 1.131239000000000029e-03 1.608737999999999911e-04
1.324513000000000036e-03 3.333585000000000237e-04 2.728692999999999917e-03
1.953877000000000131e-03 8.517244000000000204e-04 1.693832999999999949e-04
9.768622000000000676e-04 8.690683999999999952e-04 4.309952999999999831e-04
1.684993999999999988e-03 3.680528000000000076e-04 2.140866999999999857e-03
5.387385000000000394e-04 1.756249000000000091e-03 2.850904000000000025e-03
5.540359000000000126e-04 1.381639999999999951e-03 1.286106000000000015e-05
1.690939999999999934e-03 2.092119999999999830e-03 2.268521999999999813e-03
1.719498999999999984e-03 4.095856999999999840e-04 1.067566999999999972e-05
7.401245999999999780e-04 1.140212000000000040e-03 2.135457999999999801e-03
1.386471999999999921e-03 1.469786000000000053e-03 7.676022000000000010e-04
8.529638999999999667e-04 1.058733999999999977e-03 1.087319999999999951e-05
7.672179000000000325e-04 3.134874999999999966e-04 1.684065999999999905e-03
1.980347999999999831e-03 3.082427000000000024e-05 3.108779000000000208e-04
1.334677999999999949e-03 7.083941000000000554e-05 2.700666999999999911e-03
2.633190000000000097e-03 2.328773000000000128e-03 6.277014999999999938e-04
2.374171000000000007e-03 2.828147000000000039e-03 1.596622000000000015e-03
2.042079999999999937e-04 2.095786999999999997e-03 2.334751000000000036e-04
1.107385999999999917e-03 1.591013999999999970e-03 2.875322999999999941e-03
9.610899000000000221e-04 5.528085999999999845e-05 1.850943999999999875e-04
2.608547000000000123e-03 1.852045999999999987e-03 1.612848999999999967e-03
1.912648999999999990e-03 1.517757000000000112e-04 2.606386999999999940e-03
1.842834999999999916e-03 2.900091000000000040e-03 1.133567999999999945e-03
2.055120000000000124e-03 1.602253000000000097e-03 2.224107999999999814e-03
1.586727000000000016e-03 2.840324999999999881e-03 4.276037000000000002e-04
4.174564999999999765e-04 4.905556999999999626e-04 1.437956000000000000e-03
3.048529000000000234e-04 7.498172000000000214e-04 3.356675999999999844e-04
7.468051000000000507e-04 3.806527000000000088e-04 1.067950000000000019e-03
2.623658000000000066e-03 2.173805999999999970e-04 1.437174999999999954e-03
1.767340000000000057e-03 2.954729000000000014e-04 2.233293999999999817e-03
1.944343999999999977e-03 4.522330999999999985e-04 1.659012000000000073e-03
2.293457000000000048e-03 2.307570000000000107e-03 2.687099000000000085e-03
2.485766999999999946e-04 2.469865999999999815e-03 1.430569000000000025e-03
2.962989999999999765e-04 8.871617000000000478e-04 2.637103000000000017e-03
1.221349000000000046e-03 2.047091999999999922e-03 1.934763000000000097e-04
2.479026000000000059e-03 7.166068000000000047e-04 4.550437999999999749e-04
1.179506999999999995e-03 2.336692999999999930e-03 4.155178000000000148e-04
2.058545000000000166e-03 2.794749000000000018e-03 2.641681999999999798e-03
3.067763000000000125e-06 2.992483000000000209e-03 9.595740999999999646e-04
3.000201000000000083e-03 2.992167000000000004e-03 9.292595000000000499e-04
3.001998000000000080e-03 1.269301000000000023e-03 1.746078000000000083e-03
1.501750000000000064e-06 1.503077999999999923e-03 1.779748000000000050e-03
3.001998000000000080e-03 2.062107000000000089e-03 2.896702000000000131e-03
3.001998000000000080e-03 2.320378000000000111e-03 1.540076999999999939e-03
1.501750000000000064e-06 1.766088000000000076e-03 2.866618999999999938e-03
1.501750000000000064e-06 1.407744999999999960e-03 8.847523000000000366e-04
2.548173999999999838e-04 2.597167000000000052e-03 1.159752999999999912e-03
7.358275000000000492e-04 1.595705999999999904e-03 6.172131999999999879e-04
2.924986000000000079e-03 9.073209999999999956e-04 1.322730000000000043e-03
9.115062999999999638e-04 1.034217000000000036e-03 7.331374999999999784e-04
6.186909999999999892e-04 1.886808999999999925e-03 4.471492000000000251e-05
2.504402000000000190e-03 1.590859999999999930e-03 1.598211999999999897e-03
4.388675000000000193e-04 1.668430999999999951e-03 2.017314999999999994e-03
1.768171000000000022e-03 2.877382999999999851e-03 4.762829999999999798e-04
1.299521000000000096e-03 2.675372000000000080e-03 5.457585999999999758e-05
3.325577000000000025e-04 2.992772999999999788e-03 2.809124999999999990e-03
3.499059000000000002e-04 1.815486999999999960e-03 1.305165999999999965e-03
2.577993000000000211e-03 1.899325000000000102e-03 2.380479999999999922e-03
1.001541000000000107e-03 1.896361000000000054e-04 2.161021999999999856e-03
9.113495000000000536e-04 1.050256000000000063e-03 2.103954999999999801e-03
2.093928000000000109e-03 1.305161999999999902e-03 7.798692000000000514e-04
1.539039000000000075e-03 5.844389999999999655e-04 8.425995999999999616e-04
2.322878999999999916e-03 1.818231999999999921e-03 2.290935999999999927e-03
1.117991000000000016e-05 2.867296000000000081e-03 2.570144999999999808e-03
2.122111999999999783e-03 1.913727999999999957e-03 2.074308999999999875e-03
9.225642999999999518e-04 8.717526000000000398e-04 1.618602999999999925e-03
1.217928999999999973e-04 2.358981999999999919e-03 2.106568000000000069e-03
1.512171999999999995e-04 1.421652000000000029e-03 1.138500000000000026e-04
2.164295000000000108e-03 1.190113000000000022e-03 1.057715999999999995e-03
1.774338999999999994e-03 1.490730999999999914e-03 2.708877000000000160e-03
2.368906999999999957e-03 5.952156999999999804e-04 1.073380999999999988e-03
1.373892000000000039e-03 7.766951999999999494e-04 1.178215999999999942e-03
2.223718999999999869e-03 1.238184000000000029e-03 3.644626000000000094e-04
2.864858999999999982e-03 9.053482000000000066e-04 2.510439000000000160e-03
2.002209000000000020e-03 2.203075000000000085e-03 1.910255999999999933e-03
1.472210000000000055e-03 1.457540000000000007e-03 7.766029999999999505e-04
2.776736000000000135e-03 2.178531999999999951e-03 2.305400999999999891e-03
2.999355999999999897e-03 2.727453999999999816e-03 1.776105000000000045e-03
1.880160999999999985e-03 1.020890000000000046e-04 1.012936999999999995e-03
1.337566000000000102e-03 3.588460000000000131e-04 1.393593999999999953e-03
1.376546000000000085e-04 2.085945000000000073e-03 2.270616000000000041e-03
1.321509999999999916e-03 1.397627999999999935e-03 9.956561999999999964e-04
6.457225000000000031e-04 2.917900000000000181e-03 1.602885999999999981e-03
1.080248999999999923e-03 3.180169999999999742e-04 2.541283000000000084e-03
2.313518999999999992e-03 2.691166000000000044e-03 1.553312000000000052e-03
1.763632999999999911e-03 2.243249000000000111e-03 2.153154999999999913e-03
1.748067000000000067e-03 2.811344999999999816e-03 5.286873000000000093e-04
3.965182999999999945e-04 2.710531999999999872e-03 9.190408999999999645e-04
1.741675000000000037e-03 2.986500999999999913e-03 1.609567999999999969e-04
1.482232999999999901e-03 6.312450000000000049e-04 2.991928999999999943e-03
1.547090000000000097e-03 2.482881000000000150e-03 2.405803999999999845e-05
2.368898999999999831e-03 1.473216999999999973e-03 2.829031999999999988e-03
1.571429999999999962e-03 1.837773999999999918e-03 2.062935000000000116e-03
6.475159999999999987e-04 1.912260999999999952e-04 2.103278999999999999e-03
2.573969000000000170e-03 1.663909000000000091e-03 1.807837000000000072e-03
1.736284000000000048e-03 2.982943999999999960e-03 2.516963000000000100e-03
4.444879999999999903e-04 2.966984000000000201e-03 1.022346000000000020e-05
1.569824000000000046e-03 6.483914999999999601e-04 2.614277999999999828e-03
1.919523000000000019e-03 9.090634000000000214e-04 7.193521999999999937e-04
6.280093000000000047e-04 2.991933999999999913e-03 1.916263000000000081e-03
1.185885999999999928e-03 2.400068999999999900e-03 1.693943999999999962e-03
1.614392000000000084e-03 6.430134000000000327e-04 2.652120999999999906e-03
2.219556000000000133e-03 7.273305000000000525e-04 1.978957999999999846e-03
1.763655000000000040e-03 5.740345000000000213e-04 1.622729000000000055e-03
2.572056999999999989e-03 7.391646999999999671e-04 2.543394000000000037e-03
1.018550000000000011e-03 6.162853999999999728e-04 2.409455999999999924e-03
3.862221000000000100e-04 2.290316000000000140e-03 1.316520999999999967e-03
6.354953999999999464e-04 2.833678999999999972e-03 2.349098999999999892e-03
1.487966999999999979e-04 2.737859999999999946e-03 1.650063999999999914e-03
2.050800000000000192e-03 5.599446000000000328e-04 2.957042999999999911e-03
2.946599999999999740e-04 1.057201999999999925e-03 2.064533999999999814e-03
2.780996000000000097e-04 1.889791000000000040e-03 3.561813999999999844e-04
2.786287000000000139e-03 2.843253000000000013e-03 2.049898000000000085e-03
2.653828999999999910e-03 2.702294999999999957e-03 1.337145000000000087e-03
2.656804999999999931e-03 5.229272000000000304e-04 1.339204999999999996e-03
1.436734000000000058e-04 1.446362000000000082e-03 1.816459999999999993e-03
5.806939999999999666e-05 2.030966999999999896e-04 1.348255000000000026e-03
2.568842999999999908e-03 2.448984999999999877e-03 1.815608000000000022e-03
1.664329000000000036e-04 2.338665000000000188e-03 1.815430000000000038e-03
1.653107000000000014e-03 6.077015000000000498e-04 4.640353999999999855e-04
2.634099000000000206e-04 2.459835999999999967e-03 2.816246000000000114e-03
1.494255000000000106e-03 3.526593000000000067e-04 2.844797999999999945e-03
2.023395999999999788e-03 1.165518000000000044e-04 4.833029999999999770e-04
5.123646999999999837e-04 1.749541000000000074e-03 2.948083000000000214e-03
3.919568999999999809e-04 1.371103999999999943e-03 4.720146000000000259e-04
2.775203999999999865e-03 1.956779999999999978e-03 2.066377999999999791e-03
8.926850000000000496e-04 6.692920999999999680e-04 2.791956999999999859e-03
5.146381999999999476e-04 2.283654999999999886e-03 2.347689000000000026e-03
1.729714000000000034e-03 4.079603000000000114e-04 4.534984999999999949e-04
2.401298999999999968e-03 1.829101000000000078e-03 1.537826999999999939e-05
1.748914000000000067e-03 1.727011999999999992e-04 3.424289999999999973e-04
2.435807999999999810e-03 1.717971999999999902e-03 1.824731999999999917e-03
1.253975000000000055e-03 1.735992999999999911e-03 1.151831999999999986e-03
1.773236999999999990e-03 9.410746000000000378e-05 6.667469999999999777e-04
1.974637999999999914e-03 5.448551999999999736e-04 6.627172000000000184e-04
1.519876000000000083e-04 2.538320000000000159e-03 2.219097000000000170e-03
4.997556999999999694e-04 1.668444999999999954e-03 1.540431999999999999e-03
1.362348999999999895e-03 8.743752000000000035e-04 6.994533000000000477e-04
2.386002000000000131e-04 1.836474000000000049e-03 2.267327999999999878e-03
1.445101999999999975e-03 1.003437000000000036e-03 2.062470000000000058e-04
2.071770000000000122e-03 6.373194999999999685e-04 1.845478000000000006e-03
8.720078000000000031e-04 1.134810999999999893e-03 1.428477000000000045e-03
1.854388000000000000e-03 2.481116000000000116e-04 1.152131999999999966e-04
2.363180999999999789e-03 1.535609000000000062e-03 2.836531000000000208e-03
2.590195999999999905e-03 3.753459999999999804e-05 1.741544999999999942e-03
2.533350000000000185e-03 1.094268999999999928e-03 1.059635999999999963e-05
1.877842000000000009e-03 8.296032000000000059e-04 1.021490000000000006e-04
2.130476000000000071e-03 9.054291999999999809e-04 1.162849000000000087e-03
1.988287000000000040e-03 3.977300999999999818e-04 1.012943999999999936e-05
2.749702000000000136e-03 1.173121000000000060e-03 8.550250000000000341e-04
1.527479999999999897e-03 5.141844000000000232e-04 8.542924000000000134e-04
4.270047999999999812e-04 7.829213000000000014e-04 6.471124999999999881e-04
8.901061999999999516e-04 1.315042000000000004e-05 1.386480000000000047e-04
2.833598000000000106e-03 2.184773000000000097e-03 1.460186999999999943e-03
1.614271000000000022e-03 2.719669000000000079e-03 2.246587999999999884e-03
2.078383000000000053e-04 5.174857999999999845e-04 7.958973999999999736e-04
1.484978999999999986e-03 1.843791000000000006e-03 1.758456999999999945e-03
2.694109000000000087e-03 1.502242999999999894e-03 1.697985999999999907e-04
1.696489000000000026e-03 2.748269000000000233e-04 2.464154999999999991e-03
2.589428000000000172e-04 9.579903999999999818e-05 8.004343999999999609e-04
1.621527999999999902e-03 2.142736000000000120e-03 1.075613999999999910e-03
6.640536999999999742e-04 2.153194000000000202e-03 2.680992000000000097e-03
2.702849999999999914e-04 2.028963999999999854e-03 3.607203999999999896e-05
1.854757999999999971e-03 1.425353999999999987e-03 2.608033000000000053e-03
1.139819999999999939e-03 1.979275999999999865e-03 2.140650000000000018e-03
1.299482000000000024e-03 6.304346000000000440e-05 2.754570999999999929e-03
4.728485000000000045e-04 1.920231000000000108e-03 2.575964000000000031e-03
1.591275999999999975e-03 7.223371000000000132e-04 1.877318000000000107e-04
2.481208999999999845e-03 1.898242000000000072e-03 2.227096000000000024e-03
1.502061999999999972e-03 1.400131999999999896e-03 8.226410999999999663e-04
1.062437999999999940e-04 2.979502000000000192e-03 1.744856000000000087e-04
9.624934999999999827e-04 1.860143999999999990e-03 1.443788000000000103e-03
2.729187000000000106e-03 2.223112000000000178e-03 1.728753000000000082e-04
1.375116000000000012e-03 1.806473999999999970e-03 8.127202000000000254e-04
1.920735000000000020e-03 2.845984000000000187e-03 2.773729999999999859e-03
1.095634999999999968e-03 7.908197000000000273e-04 1.235573999999999917e-03
2.734686999999999969e-03 1.842485000000000043e-03 2.649607000000000004e-03
1.909639000000000085e-03 3.465787000000000229e-04 9.456163999999999542e-04
2.054363999999999930e-03 2.004187000000000156e-03 2.935922000000000098e-03
1.147054999999999906e-03 1.486701999999999902e-03 5.302139999999999891e-04
2.222889999999999990e-04 2.552075999999999911e-03 2.088476000000000134e-03
6.012119000000000230e-04 2.740035000000000040e-03 2.992906999999999946e-03
2.725070000000000010e-03 2.624468999999999934e-03 2.305507000000000042e-03
1.218237000000000052e-03 1.402626000000000079e-04 2.938418999999999840e-03
3.107615000000000231e-05 2.943400000000000096e-03 2.034666000000000079e-03
2.769586000000000096e-03 7.802640999999999483e-04 2.596983000000000191e-03
2.750254000000000045e-04 4.977286000000000037e-04 2.621217999999999812e-03
9.728525000000000237e-04 2.405486000000000082e-03 1.791712999999999899e-03
3.543829999999999984e-04 2.957567999999999829e-03 5.496105000000000261e-04
9.776399000000000721e-04 1.631971000000000073e-03 4.995671999999999830e-04
1.900227999999999900e-03 2.587514999999999867e-03 2.669754999999999785e-03
1.456281999999999932e-03 1.577835999999999995e-03 2.686533999999999971e-03
2.598057999999999878e-03 1.883420999999999869e-04 2.320500000000000080e-03
1.154239000000000046e-03 2.719145999999999976e-03 9.596138999999999841e-04
3.997836000000000055e-04 1.585000000000000037e-03 1.620391000000000106e-03
1.310720999999999935e-03 1.966243999999999804e-03 1.796990999999999953e-03
2.956634999999999992e-03 1.576806999999999948e-03 6.006699999999999800e-04
1.891721999999999978e-03 2.121973000000000088e-03 1.836594999999999894e-03
4.354774999999999857e-04 2.011497000000000111e-03 1.024662000000000084e-05
2.050092999999999794e-03 4.390969000000000209e-04 1.400671999999999941e-03
7.983502999999999650e-04 2.609053999999999974e-03 1.200880000000000090e-03
2.041545999999999986e-03 7.211403999999999709e-05 6.207667000000000480e-04
1.204403999999999963e-05 1.317032000000000098e-03 1.408151000000000064e-03
9.220444000000000383e-04 1.661438000000000107e-03 2.928815999999999885e-03
2.004573999999999852e-03 1.198758000000000072e-03 1.032297999999999955e-05
2.250615999999999988e-03 2.595757000000000186e-03 2.403845999999999847e-03
2.417325000000000116e-03 1.072611999999999914e-03 2.993143000000000192e-03
5.688919999999999871e-04 7.734111000000000328e-04 2.993262000000000006e-03
2.717648999999999933e-03 2.279865999999999967e-05 1.408144999999999970e-03
1.316515000000000090e-03 7.044917000000000366e-04 1.010231000000000106e-03
2.070928000000000092e-03 2.078782999999999846e-03 1.213932000000000032e-03
5.987689000000000466e-04 4.570094999999999822e-05 1.835985000000000048e-03
1.712294999999999909e-04 2.483864000000000124e-03 1.211910999999999978e-03
2.105091999999999814e-03 2.423793999999999949e-03 2.813765000000000190e-03
2.278621000000000205e-03 1.950773000000000047e-03 2.483864000000000124e-03
1.631243000000000103e-03 1.194334000000000021e-03 2.718166999999999957e-04
1.221349999999999953e-03 7.637714999999999565e-04 2.612744999999999868e-04
2.139733000000000000e-03 3.364220000000000123e-04 2.752988999999999957e-03
2.996812000000000174e-03 2.313932999999999789e-03 7.913285999999999844e-04
1.501750000000000064e-06 5.790351000000000222e-04 1.872682000000000079e-03
3.001998000000000080e-03 1.474363000000000019e-03 2.530216000000000171e-04
3.926255999999999632e-06 1.764217999999999906e-03 1.198397000000000039e-05
2.999705999999999987e-03 2.826262999999999866e-03 2.984077999999999817e-03
8.304172999999999546e-04 2.096484999999999928e-03 1.613155000000000014e-03
1.381580000000000091e-03 2.102750000000000018e-04 4.535626000000000067e-04
1.705958000000000040e-03 1.677724999999999920e-03 2.165554000000000090e-03
4.368805999999999926e-04 1.768720000000000101e-03 8.139183999999999829e-04
1.239377999999999964e-03 1.976273000000000179e-03 2.144001999999999887e-03
1.833458000000000050e-03 2.103049000000000064e-03 1.021554000000000038e-03
1.003138999999999897e-03 1.291804999999999874e-04 1.694256000000000104e-03
6.405976000000000075e-04 2.454355999999999986e-03 1.324574000000000020e-03
1.426631999999999944e-03 6.937784999999999916e-04 2.993328999999999868e-03
2.146396999999999975e-03 1.241039999999999895e-03 1.494665000000000056e-03
2.683404999999999818e-03 8.992244000000000365e-04 2.768145999999999975e-03
1.385047999999999889e-04 2.826323999999999850e-03 3.653603999999999858e-04
1.391871999999999944e-03 2.758455999999999842e-03 1.495386999999999932e-03
9.225694999999999903e-04 3.129631000000000123e-04 7.438274000000000470e-05
1.253643000000000032e-03 1.603838999999999916e-03 1.894239000000000036e-03
8.213419999999999705e-04 2.228115000000000130e-03 5.529228999999999844e-05
2.325100999999999882e-04 2.834423999999999885e-03 5.245098000000000176e-05
2.515307999999999954e-03 1.231464999999999947e-03 4.643863000000000163e-05
4.329207000000000172e-04 1.990430000000000064e-03 3.112343999999999961e-04
2.980750999999999800e-03 2.067910000000000061e-03 2.695270999999999952e-03
1.256329000000000039e-03 1.031508999999999898e-03 1.389737999999999954e-03
1.595737999999999974e-03 1.436903000000000008e-03 2.395065999999999948e-03
1.405608000000000031e-03 2.108487000000000035e-03 2.785891999999999882e-03
8.206725000000000001e-04 2.236091999999999854e-03 2.966162000000000052e-03
8.380065999999999600e-04 6.925088000000000467e-04 2.670595000000000000e-03
7.789752999999999955e-04 1.725500999999999999e-04 2.685098999999999819e-03
2.036402999999999998e-03 1.225397999999999939e-03 1.551841999999999892e-03
6.468800999999999935e-04 1.150657000000000025e-03 1.440709999999999994e-03
2.613015000000000216e-03 2.993514999999999978e-03 2.006368000000000127e-03
3.171259000000000057e-04 1.804112999999999984e-03 1.154535000000000018e-04
1.244561999999999893e-04 2.128764999999999911e-03 1.929420999999999903e-04
2.301592000000000037e-04 2.908888000000000099e-03 1.854893000000000037e-03
1.955865000000000208e-03 8.122391000000000073e-04 1.228287000000000053e-04
2.875412999999999841e-03 3.664569999999999915e-04 2.527908000000000151e-03
8.552062000000000249e-04 1.845555000000000025e-03 2.988451999999999949e-03
3.529105000000000154e-04 2.440650999999999845e-03 2.429801000000000096e-03
2.395658000000000162e-03 2.282359999999999879e-04 1.467097000000000106e-03
2.340006999999999851e-03 6.501175000000000313e-04 1.898181999999999994e-03
1.305451999999999915e-03 2.070910999999999932e-03 1.491233999999999919e-03
2.170258999999999903e-03 2.552945000000000041e-03 2.446957000000000038e-03
1.989194000000000118e-03 1.236321000000000078e-03 2.488786000000000210e-03
1.426742000000000103e-04 1.220932000000000094e-03 1.518704000000000061e-03
2.262603000000000184e-03 2.993528999999999982e-03 2.222889999999999990e-04
2.788975999999999868e-03 1.629779000000000037e-03 1.807384999999999894e-03
4.977204999999999520e-04 2.583309999999999903e-04 1.690939999999999934e-03
3.742142000000000195e-05 1.803827000000000035e-03 1.287121000000000012e-03
4.796838999999999899e-04 1.098208999999999947e-03 2.077348000000000128e-03
4.645630999999999838e-05 6.757574999999999823e-04 1.064776999999999953e-05
2.479601000000000114e-03 7.357456999999999647e-05 2.870463000000000181e-03
2.353477000000000086e-03 1.879031999999999935e-04 2.503416000000000061e-03
1.669916000000000022e-03 1.016987000000000013e-03 2.278492999999999925e-03
2.411780000000000087e-03 7.346844000000000161e-04 1.776348999999999984e-03
1.701997999999999922e-03 2.641155999999999972e-03 2.275138999999999807e-03
6.799061000000000124e-04 2.199941999999999870e-03 1.296232000000000027e-03
1.876695000000000056e-03 1.435642999999999902e-03 7.432416999999999756e-04
2.440966000000000143e-03 2.727147999999999985e-03 2.492934999999999943e-03
1.316598999999999894e-03 1.502932999999999917e-03 4.458657999999999892e-04
1.236061000000000104e-03 1.512246999999999984e-03 1.808137000000000025e-03
2.877323000000000207e-03 5.124848999999999898e-04 1.112803000000000099e-03
2.295733999999999796e-03 6.145763999999999524e-04 7.469888000000000266e-04
1.563542000000000013e-03 2.861205000000000128e-04 2.639354999999999913e-03
2.976246999999999899e-04 6.624833999999999801e-04 2.638811000000000021e-03
1.818736000000000051e-03 1.558223000000000073e-03 2.872316000000000192e-03
1.408610999999999934e-03 1.672918999999999925e-03 1.128024999999999948e-03
6.171004000000000116e-04 1.513734000000000086e-03 1.973269000000000151e-03
2.662835000000000115e-03 2.993433000000000205e-03 2.817253000000000032e-03
1.955309000000000127e-03 2.896881999999999929e-03 1.263318000000000036e-03
2.181363000000000074e-04 2.867277000000000107e-03 5.060887999999999715e-04
2.115841999999999994e-04 2.894326000000000017e-03 2.942236999999999891e-03
4.854363999999999793e-04 2.453828999999999819e-03 1.187757999999999913e-03
6.687054000000000435e-04 1.558459000000000103e-03 2.106825000000000104e-03
6.607400000000000469e-04 1.824955999999999974e-03 1.272696000000000027e-03
9.124788000000000430e-04 3.019577000000000177e-04 1.191021000000000007e-03
2.669219000000000019e-03 1.299793000000000042e-03 1.273454000000000036e-03
1.133829999999999951e-03 1.650943999999999892e-03 1.803590000000000098e-03
1.926741000000000044e-03 5.976665000000000146e-04 1.602687999999999899e-03
1.175987999999999990e-03 1.001659999999999920e-03 1.215095999999999928e-03
1.882608999999999932e-03 4.701611999999999870e-04 5.751820999999999627e-04
1.814595999999999917e-03 1.539051000000000047e-03 1.677981999999999954e-03
2.086694000000000049e-03 1.638073000000000090e-03 2.103764000000000155e-03
1.821616000000000077e-03 2.540990999999999823e-03 2.160471000000000179e-03
2.686936000000000012e-03 2.638248000000000155e-03 1.319517000000000086e-03
1.244663999999999981e-04 1.182497999999999926e-03 2.510050000000000215e-03
2.324679000000000068e-03 4.337448000000000150e-04 1.326045999999999996e-03
1.554423000000000089e-03 1.318506000000000105e-03 1.023601999999999975e-03
1.605356000000000057e-03 2.390816000000000035e-03 2.202931999999999894e-03
2.547460000000000089e-03 2.686813000000000135e-03 8.533440000000000209e-04
2.695533999999999864e-03 1.362523000000000033e-03 4.085059999999999950e-04
1.962553000000000127e-03 1.092401000000000006e-03 8.692027000000000390e-04
8.829988999999999460e-04 1.393300000000000026e-05 8.695089000000000463e-04
2.858012999999999960e-03 8.590311000000000431e-04 2.749914999999999912e-03
1.368232000000000042e-03 2.864259999999999983e-03 9.534050999999999767e-04
9.794565000000000302e-04 1.740858999999999983e-03 3.784710000000000157e-04
2.248216999999999837e-03 2.124611000000000208e-03 2.180571000000000072e-03
6.710477000000000499e-04 2.231569999999999995e-03 3.893963999999999976e-04
1.004401000000000035e-03 1.719295000000000025e-03 1.728382000000000095e-03
8.570595999999999553e-04 2.396377999999999790e-03 1.004050999999999945e-03
1.078746000000000002e-03 1.056740000000000023e-03 2.713942000000000004e-03
2.064682999999999883e-03 7.219063000000000173e-04 3.861493999999999929e-04
2.816117999999999833e-03 1.916203000000000004e-03 1.001895999999999950e-03
2.200314999999999997e-03 7.227810000000000311e-04 2.233483999999999990e-03
1.309733999999999952e-04 1.956154999999999786e-03 2.852739999999999877e-03
2.620889999999999852e-03 5.075614999999999684e-04 8.032774999999999811e-04
2.369730999999999921e-03 2.629133999999999985e-03 1.079871000000000043e-03
3.719471000000000019e-04 1.929209000000000089e-03 2.350348999999999841e-03
1.596458000000000035e-03 2.382611000000000191e-03 1.604350000000000047e-03
2.233735000000000148e-03 1.258312000000000091e-04 2.808553000000000091e-03
6.758174999999999513e-04 1.512380999999999925e-03 2.068299999999999913e-03
3.183409999999999799e-04 2.315801999999999889e-04 2.912020999999999880e-03
3.419089000000000156e-04 2.410129999999999911e-03 1.621180999999999968e-03
8.242486999999999947e-04 1.130803000000000103e-03 4.158655000000000251e-04
2.695420999999999928e-03 1.314024999999999915e-03 2.882482000000000013e-03
8.882395999999999651e-04 1.689179999999999978e-04 2.905500000000000096e-03
1.738146000000000092e-03 8.967145000000000150e-04 2.064695999999999979e-03
2.525912999999999856e-03 1.733984000000000046e-03 2.711173999999999789e-03
1.501750000000000064e-06 2.531592000000000044e-03 2.429348000000000011e-03
1.501750000000000064e-06 1.956784999999999948e-03 2.743325000000000017e-03
1.501750000000000064e-06 2.731682999999999941e-03 4.966223999999999769e-04
1.501750000000000064e-06 6.893032000000000109e-04 4.350242999999999948e-04
3.001998000000000080e-03 2.255351999999999964e-03 2.545143000000000145e-03
3.001998000000000080e-03 5.385967000000000402e-04 4.874564000000000175e-04
1.501750000000000064e-06 9.836463000000000151e-04 8.719033000000000382e-04
3.001998000000000080e-03 1.424654000000000025e-03 4.787384000000000106e-04
3.385237000000000179e-06 1.683798000000000022e-03 1.636876999999999907e-03
3.000248999999999971e-03 9.296890000000000362e-04 1.824527000000000050e-03
3.212086999999999982e-06 1.184652999999999921e-03 1.124807999999999928e-03
2.851475000000000017e-03 6.908349999999999951e-04 1.115303000000000018e-05
1.043506999999999942e-03 2.882084000000000035e-03 1.962791000000000188e-03
2.122118000000000095e-03 9.088177999999999708e-04 4.879578000000000192e-04
2.521437000000000071e-03 2.560359999999999806e-03 1.886227999999999993e-03
1.497880000000000045e-03 1.947879999999999924e-03 1.488245999999999927e-03
2.593522000000000015e-03 2.743971999999999904e-03 3.973442000000000098e-04
2.172122000000000072e-04 1.585877999999999984e-03 1.066989999999999927e-05
2.241256999999999971e-03 2.376754000000000019e-03 1.545535000000000008e-03
6.595353000000000413e-04 5.417476999999999970e-04 5.836615000000000292e-04
1.121372000000000037e-03 1.978316999999999836e-03 3.133478000000000088e-04
2.852336000000000021e-03 2.623677999999999948e-03 1.349857000000000097e-03
1.013440000000000001e-03 2.881854000000000100e-03 9.055422999999999511e-04
1.280979999999999923e-03 2.866837000000000009e-04 3.204697999999999857e-05
2.894654999999999884e-03 1.604511999999999996e-03 5.916594999999999754e-04
1.975316999999999872e-03 1.193461999999999952e-03 1.002410000000000047e-04
2.164021999999999821e-03 1.504754000000000061e-05 1.651895000000000013e-03
2.683460999999999833e-03 9.610899000000000221e-04 1.052847000000000052e-05
1.563949999999999932e-03 2.921264000000000022e-04 1.065619999999999972e-05
2.749169000000000092e-03 6.937784999999999916e-04 1.687087999999999999e-03
4.907651000000000287e-04 1.833117999999999900e-03 1.030958000000000032e-04
2.840028999999999991e-03 1.858377999999999940e-03 2.737255999999999977e-03
2.812540000000000092e-03 9.881848999999999855e-06 2.601060999999999998e-03
2.730822999999999844e-03 1.782270999999999985e-03 1.167379000000000073e-03
2.363785000000000192e-03 1.006203000000000002e-03 2.869712999999999865e-03
2.162819999999999868e-04 2.611557000000000028e-03 1.920650000000000092e-03
1.296519000000000100e-03 1.647823999999999990e-03 1.858386000000000066e-03
1.998979000000000120e-03 2.501044000000000010e-03 8.551255000000000444e-04
5.303779999999999693e-04 2.985448999999999829e-03 4.805300000000000088e-04
2.741318999999999874e-03 8.242247999999999762e-04 1.899567999999999916e-03
2.028152999999999987e-03 1.530295000000000093e-03 6.139799000000000471e-04
2.574872000000000185e-03 1.758416000000000005e-04 1.037698000000000093e-03
1.398125000000000062e-03 2.227624000000000097e-03 2.627215999999999926e-03
3.409069000000000140e-04 1.758669999999999938e-03 4.792789000000000099e-04
2.669471000000000083e-03 2.599928000000000048e-03 1.364938999999999909e-03
2.548588999999999976e-03 1.279521000000000044e-03 2.840924999999999909e-05
1.711131000000000067e-03 1.684993999999999988e-03 1.095169999999999911e-03
2.425847000000000073e-03 2.381126999999999810e-03 5.456474000000000437e-04
8.816654000000000374e-04 2.710142999999999927e-03 9.931885000000000539e-04
1.530537000000000000e-03 2.243052000000000153e-03 1.260367000000000084e-03
2.591990000000000179e-03 8.211454000000000409e-04 1.716391000000000054e-03
2.813285999999999912e-03 1.899716000000000078e-03 2.179555000000000121e-03
2.782262999999999894e-05 2.992842999999999806e-03 1.948035000000000088e-03
1.145841999999999998e-03 2.389160999999999889e-03 2.013744000000000037e-03
8.003005000000000535e-04 1.953518999999999915e-03 2.581288000000000159e-03
7.373669000000000230e-04 1.539428000000000020e-03 5.090932000000000270e-04
2.010847999999999976e-03 1.954402999999999956e-03 2.686889999999999938e-03
2.305312999999999807e-03 1.760094000000000025e-04 1.298586000000000011e-03
2.637042999999999939e-03 1.821949999999999915e-03 2.693150000000000058e-03
1.935883000000000005e-03 1.314546999999999894e-03 2.256955000000000159e-03
2.731790000000000000e-03 2.082407000000000095e-03 1.329565000000000000e-03
1.470350000000000042e-03 2.236104000000000043e-03 2.305312999999999807e-03
4.219838999999999968e-04 2.207001000000000102e-03 1.097780999999999917e-05
1.647524999999999944e-03 2.050403000000000121e-03 2.569268999999999893e-03
2.776013999999999825e-03 2.780170000000000211e-03 1.293644999999999951e-03
2.034880000000000196e-03 4.005395000000000027e-04 6.413082000000000071e-05
7.048807000000000155e-06 1.625761999999999997e-03 9.262949000000000139e-04
2.996550000000000168e-03 6.732948999999999900e-05 2.010581999999999907e-03
1.501750000000000064e-06 1.602998000000000010e-03 7.074336000000000296e-04
1.501750000000000064e-06 2.784214000000000133e-03 2.542035000000000215e-03
1.501750000000000064e-06 1.107111999999999940e-03 2.288637000000000050e-03
1.501750000000000064e-06 2.817253000000000032e-03 1.531485000000000127e-04
2.447822000000000105e-03 5.436034999999999869e-04 1.609905999999999924e-03
2.304790000000000137e-03 9.958726999999999900e-05 1.321569999999999993e-03
9.959525000000000159e-05 5.245093000000000368e-04 2.145610999999999959e-03
2.254131999999999837e-03 5.170996000000000186e-04 1.712809000000000033e-03
1.391948999999999964e-03 2.049907000000000118e-03 2.756474000000000077e-03
1.841114999999999939e-03 1.361386000000000020e-03 3.148911000000000114e-04
6.023737999999999619e-04 9.520794000000000175e-04 1.696876000000000048e-04
1.553909000000000019e-03 1.605365000000000091e-03 2.242248000000000071e-03
2.775722999999999906e-03 2.665612999999999837e-03 2.249591000000000004e-03
1.788738000000000003e-03 2.434726999999999811e-03 7.714939000000000302e-04
1.524277000000000097e-03 2.207474999999999867e-04 1.991213000000000073e-05
2.305516000000000076e-03 6.259058999999999597e-05 1.508858000000000074e-03
1.939780000000000107e-03 1.638422000000000055e-03 2.179049000000000177e-03
1.941594999999999953e-03 7.726369999999999549e-04 2.778425999999999747e-04
1.590732000000000083e-03 3.289014000000000152e-04 2.456832999999999847e-03
8.915490999999999781e-04 2.627360999999999933e-03 9.536135999999999528e-04
1.771573000000000028e-03 1.749920000000000078e-03 1.518230999999999932e-04
1.860494999999999987e-03 4.840382999999999969e-04 2.056046000000000176e-03
2.527127000000000106e-03 9.026827000000000505e-04 2.477981000000000085e-04
2.905546000000000170e-03 2.542084999999999918e-03 1.953012000000000064e-03
2.407317999999999871e-03 1.251144999999999948e-03 1.323430000000000006e-03
2.323032999999999956e-03 1.774324000000000083e-03 2.722486000000000090e-03
1.983941999999999824e-03 1.599214999999999968e-03 2.220905999999999922e-03
8.684960999999999940e-04 1.672461999999999994e-03 9.025552999999999744e-04
5.431521000000000135e-04 8.114347000000000053e-04 3.175360000000000037e-05
4.460329999999999764e-04 3.857741000000000170e-05 2.152536999999999940e-03
6.869477999999999826e-04 2.470392999999999981e-03 1.821757000000000020e-03
4.293995000000000212e-04 1.582798000000000061e-03 2.994272000000000079e-03
1.675983000000000030e-03 1.873122999999999976e-03 1.690901000000000079e-03
2.997238999999999850e-04 5.922654999999999760e-04 8.990326000000000090e-04
1.759062999999999946e-03 2.661131000000000173e-03 1.916579000000000069e-03
2.293267999999999945e-04 1.282525000000000071e-03 2.531980999999999989e-03
2.970430999999999939e-03 2.705392999999999947e-03 1.857020999999999932e-03
3.231565999999999952e-04 1.765070000000000094e-03 4.385409999999999742e-04
2.177506999999999967e-03 7.559128999999999501e-04 1.733497000000000076e-03
1.858581999999999899e-03 8.000001999999999981e-04 8.605031000000000182e-04
1.631541000000000024e-03 4.424974999999999829e-04 1.503264999999999940e-03
1.905554999999999966e-03 2.563914000000000037e-03 2.211416999999999810e-03
1.044638999999999984e-03 5.213103000000000154e-05 2.563922000000000163e-03
2.527021999999999862e-03 2.810973000000000031e-04 1.214681999999999915e-03
1.953537999999999889e-03 2.748280000000000189e-04 1.556866999999999973e-03
3.598380000000000198e-04 1.109535999999999942e-03 1.217910000000000000e-03
2.451918999999999887e-03 1.187684000000000049e-03 2.823879000000000059e-03
2.479388999999999812e-03 2.993851000000000064e-03 2.467619999999999796e-03
1.275747999999999943e-03 1.835108000000000008e-03 1.170140000000000069e-03
7.219530000000000045e-04 8.605077999999999946e-04 1.036138999999999940e-04
2.383717000000000041e-03 8.662437999999999952e-04 1.028817000000000013e-04
1.043185999999999983e-03 2.113181000000000000e-03 1.800593000000000072e-03
2.905683000000000051e-03 2.495877999999999985e-03 2.881427000000000207e-03
2.792902999999999792e-03 2.737699000000000122e-03 1.321892999999999983e-03
7.165542999999999912e-04 2.249038999999999986e-03 2.731949000000000009e-03
2.488099000000000127e-03 2.662166000000000098e-03 8.810876000000000038e-04
2.395586999999999803e-03 2.313318999999999879e-03 4.816317000000000189e-04
1.296529000000000041e-03 1.767544999999999924e-03 2.840665999999999938e-03
2.383502999999999924e-03 3.780869999999999869e-04 8.965461000000000524e-04
1.392437999999999966e-03 6.044514000000000180e-04 1.026152999999999918e-03
2.702286999999999832e-03 1.251179999999999957e-03 1.734751000000000088e-03
2.889949000000000164e-03 2.113207000000000193e-03 1.947125000000000071e-03
2.419838000000000110e-03 1.968787000000000054e-03 1.181877000000000014e-03
2.983555999999999730e-04 2.280527000000000075e-03 1.273513999999999896e-03
1.587974999999999933e-03 1.876616999999999912e-03 1.779755000000000052e-03
1.724871999999999907e-03 1.905292999999999961e-03 1.674970000000000018e-03
2.088310999999999813e-03 1.486732000000000049e-04 1.628752999999999928e-03
2.635302999999999864e-03 1.354547999999999907e-03 1.125212999999999908e-03
4.866275999999999892e-04 1.281330999999999920e-03 2.239108999999999978e-03
1.995615000000000062e-03 1.074201000000000105e-03 1.092272999999999942e-03
2.986991999999999946e-03 2.638310999999999955e-03 2.010829999999999909e-03
1.117893000000000012e-03 2.254771999999999939e-03 2.677187000000000143e-03
2.833375999999999863e-03 1.695251000000000050e-03 2.127996000000000054e-03
1.687139999999999950e-03 1.943850999999999912e-03 1.243418999999999948e-03
1.950143000000000102e-03 1.439429000000000099e-03 1.632137000000000084e-03
1.157402000000000084e-03 3.784109999999999926e-04 2.146643000000000162e-03
2.065552000000000013e-03 1.127603000000000025e-03 1.753461999999999903e-03
1.905711999999999944e-03 2.874846999999999819e-04 5.256567000000000184e-05
3.323178999999999782e-04 2.623541000000000067e-03 3.400181000000000167e-04
2.431768999999999858e-03 2.230323000000000201e-03 5.159646000000000371e-04
1.635635999999999991e-03 1.152273000000000099e-03 2.890349999999999864e-03
1.077679000000000007e-03 2.572502000000000057e-04 1.106624000000000062e-03
2.638133999999999878e-03 1.807521000000000084e-03 7.553818000000000121e-04
9.932821000000000965e-04 5.451456000000000140e-04 2.891077000000000143e-03
7.358157999999999897e-05 9.961087999999999453e-04 1.584097999999999930e-03
3.168682000000000031e-04 1.896721999999999991e-03 1.695483000000000016e-03
1.326052000000000090e-03 2.987601999999999793e-03 7.542280000000000165e-04
3.907553999999999824e-05 2.512415999999999955e-03 1.445909999999999904e-03
2.183575000000000099e-03 7.572406999999999749e-04 1.115803000000000064e-03
1.839003999999999986e-03 2.162550000000000062e-03 1.990354000000000168e-03
1.496385000000000033e-03 1.799096000000000164e-05 6.800738999999999873e-04
1.609730999999999987e-05 1.130818999999999921e-03 8.429155999999999498e-04
1.041098000000000067e-03 5.363511999999999750e-04 2.956942000000000164e-03
1.073567000000000098e-03 1.302187999999999913e-03 1.568458999999999912e-03
7.124114999999999875e-04 2.812855999999999755e-04 1.052729999999999985e-03
2.683198999999999827e-03 2.992984000000000182e-03 2.434331000000000082e-03
9.805230999999999702e-05 1.389754999999999897e-03 5.342682999999999547e-04
1.872685999999999925e-03 2.805906999999999846e-03 7.043206000000000206e-04
1.647140999999999970e-03 7.884167000000000302e-04 4.545951000000000007e-04
1.347066999999999969e-03 1.915161000000000077e-03 5.391282000000000062e-04
5.790472000000000284e-04 2.865693999999999794e-03 2.455376999999999907e-03
1.408282000000000067e-03 9.653796999999999552e-04 2.057431999999999989e-04
1.815187000000000007e-03 2.822931999999999785e-03 2.815764000000000114e-03
1.639216999999999996e-04 2.909809000000000180e-03 8.181841999999999717e-04
2.602531999999999849e-03 2.953935999999999888e-03 2.905875999999999945e-03
2.658834000000000111e-03 7.493702000000000306e-04 3.525202000000000066e-04
1.469774000000000080e-03 2.580869999999999866e-03 2.863170999999999967e-04
1.501750000000000064e-06 2.155188000000000156e-03 6.562672999999999771e-04
1.501750000000000064e-06 2.993771000000000106e-03 4.179661999999999896e-04
1.501750000000000064e-06 1.564793000000000087e-03 6.832961999999999717e-04
2.709951999999999847e-03 2.994614999999999951e-03 1.903430999999999916e-03
2.572497999999999885e-03 2.133287000000000096e-04 8.898173000000000093e-06
2.975587000000000024e-03 6.887717999999999705e-04 2.994592999999999821e-03
1.445255000000000107e-03 5.526739999999999604e-04 2.994879000000000204e-03
1.264509999999999940e-03 1.784350000000000085e-03 2.995119999999999987e-03
2.732885000000000110e-04 1.503252000000000060e-03 7.976760000000000179e-06
2.075869000000000152e-03 2.199411999999999982e-03 2.995120999999999895e-03
1.723752000000000053e-03 1.154845999999999954e-03 2.995324000000000163e-03
1.814084000000000096e-03 1.515555000000000027e-03 8.170607000000000154e-06
2.821787999999999987e-03 2.995340999999999889e-03 2.051433999999999983e-03
1.648951999999999970e-03 2.995330999999999948e-03 2.455825000000000022e-03
2.500913000000000008e-03 9.837166999999999323e-06 7.996587000000000082e-06
1.193636999999999970e-04 1.299014000000000028e-03 7.694309999999999182e-06
1.735538000000000011e-03 1.932459000000000086e-03 2.995320000000000100e-03
1.135292999999999893e-03 1.651625000000000098e-04 2.993062999999999800e-03
1.989541999999999960e-03 2.569060000000000180e-03 7.691269000000000577e-06
2.093918000000000168e-03 8.396282000000000327e-06 2.985448999999999829e-03
2.679604999999999834e-03 2.872851000000000050e-03 8.626270000000000335e-06
2.476392000000000003e-03 2.995123000000000143e-03 9.673442000000000412e-04
1.607637999999999992e-03 8.166219999999999547e-06 2.937205999999999931e-03
1.501750000000000064e-06 2.408173999999999905e-03 9.115622000000000525e-04
1.501750000000000064e-06 1.502332000000000103e-03 1.134454999999999925e-03
4.684030999999999742e-04 2.371260999999999942e-03 3.689612000000000208e-05
9.923845000000000528e-05 4.046031999999999754e-04 1.827307999999999927e-03
1.830400000000000039e-03 5.286460000000000204e-04 1.284325000000000007e-03
6.277014999999999938e-04 1.644449000000000084e-04 2.819666000000000186e-03
8.425006999999999548e-04 2.664956999999999916e-03 2.994459000000000096e-03
2.884480999999999937e-03 3.964920000000000250e-04 1.486701999999999902e-03
7.764230000000000437e-04 2.361603999999999787e-03 9.648649000000000461e-04
9.103959000000000227e-04 1.117272000000000100e-03 2.464028999999999959e-03
2.645091000000000022e-03 2.497713999999999837e-03 7.576795999999999920e-06
7.209109999999999694e-04 8.169851999999999854e-06 1.871229000000000078e-03
1.283344000000000065e-03 2.349927999999999826e-03 1.991955000000000114e-03
2.343462000000000149e-03 2.400988000000000167e-03 2.995911999999999881e-03
5.569328999999999816e-04 1.167812999999999995e-04 8.194532000000000099e-06
1.732989000000000101e-03 2.566514000000000208e-03 2.293039000000000188e-03
2.482392999999999839e-03 2.633191999999999911e-03 1.942401000000000067e-03
6.442537000000000350e-04 7.313521999999999601e-04 2.935919999999999849e-03
1.682829999999999946e-05 2.200196000000000183e-03 5.676315000000000353e-04
1.937226999999999916e-03 1.588821000000000027e-03 1.219391000000000008e-03
2.615324999999999941e-03 1.185506000000000016e-03 6.327563000000000458e-04
2.779737999999999914e-03 2.817313000000000109e-03 1.977806999999999829e-03
9.593094000000000144e-04 3.637649999999999976e-04 2.083688000000000207e-03
1.239246000000000054e-03 1.545431000000000105e-03 4.978540000000000482e-04
8.361637000000000323e-04 2.863198999999999866e-03 2.089468000000000141e-03
2.077446000000000154e-03 6.943392999999999473e-05 1.233469000000000058e-03
1.725645000000000043e-03 1.545073000000000106e-03 1.934284000000000090e-03
1.337415000000000001e-03 9.776514000000000905e-04 8.511820000000000237e-04
1.810263000000000106e-03 2.902660999999999956e-03 1.738291000000000098e-03
2.397544000000000151e-03 4.303660999999999858e-04 8.238270999999999919e-04
7.421171999999999426e-05 2.875064999999999999e-03 8.252621000000000349e-04
2.243644999999999841e-03 1.016682999999999996e-03 2.547609000000000158e-03
1.175864999999999896e-03 1.305022000000000083e-03 2.502528999999999865e-03
1.627867000000000073e-03 2.948066000000000055e-03 2.162929000000000067e-03
1.051950000000000064e-03 1.986702999999999820e-03 1.558785999999999939e-03
6.750516999999999932e-04 2.826262999999999866e-03 1.149470000000000092e-03
1.736759000000000046e-03 4.641738999999999978e-04 1.030169999999999957e-03
1.668447999999999893e-03 1.878522000000000037e-04 2.723256000000000071e-04
9.362126999999999819e-04 6.537948000000000240e-04 5.256697999999999861e-05
8.659966000000000495e-04 2.312724999999999850e-03 1.596374999999999921e-03
2.582710000000000214e-04 1.396658000000000057e-03 2.995335000000000011e-03
2.106958999999999829e-03 1.076754999999999986e-03 9.781609999999999611e-04
2.196551000000000146e-03 2.532790000000000258e-04 1.503879999999999974e-03
2.317080999999999915e-03 6.349182000000000090e-04 1.516758999999999957e-04
2.640107000000000044e-03 1.735400999999999914e-03 1.126316999999999943e-04
1.218237000000000052e-03 7.854290999999999573e-04 9.692655999999999581e-04
1.578336000000000062e-03 7.109644000000000467e-04 3.679229999999999805e-04
7.640656999999999918e-04 2.424688999999999837e-03 4.329159999999999866e-04
2.640707999999999857e-03 1.343767000000000052e-03 1.298696999999999916e-03
5.676315000000000353e-04 1.728081000000000018e-03 2.061690000000000137e-03
2.981101999999999797e-03 1.286482999999999941e-03 2.584512000000000181e-03
3.001998000000000080e-03 2.561122999999999785e-03 3.583875999999999837e-04
3.001998000000000080e-03 2.073917000000000208e-03 2.363724000000000207e-03
3.001998000000000080e-03 2.710658999999999812e-03 4.842992999999999864e-04
1.501750000000000064e-06 2.452230000000000121e-03 5.568389000000000194e-04
3.001998000000000080e-03 1.517640999999999912e-03 8.484887000000000202e-04
2.032639000000000147e-03 1.781548999999999893e-03 7.770767000000000473e-04
4.677082000000000158e-04 2.540918000000000083e-03 2.838338000000000146e-03
1.921247999999999966e-03 1.374757000000000106e-03 2.623555000000000071e-03
2.024835999999999910e-03 2.405435000000000038e-03 8.341276000000000333e-04
1.086567000000000088e-03 2.007694999999999879e-03 2.769696999999999784e-03
1.361577000000000100e-03 1.470371999999999955e-03 1.569333000000000013e-03
1.863016000000000108e-03 2.237121999999999809e-03 1.929895999999999955e-03
2.307851999999999939e-04 2.519472999999999938e-03 1.506111999999999989e-03
1.950778000000000017e-03 1.211754999999999907e-03 3.440334000000000187e-04
1.121213000000000000e-04 2.007161999999999835e-03 5.479893999999999477e-04
1.954454000000000000e-03 1.617385000000000047e-03 2.269802000000000018e-03
1.760882999999999979e-03 1.418842999999999927e-03 6.833087000000000058e-04
1.203932999999999913e-03 1.388413999999999924e-03 1.630174999999999983e-03
4.310098999999999745e-04 1.660905000000000064e-03 2.933700999999999930e-03
2.815101999999999882e-03 2.699664999999999964e-03 2.290327999999999895e-03
2.467374999999999950e-03 2.708755000000000190e-03 8.011153999999999498e-04
8.707145999999999864e-05 2.995770000000000030e-03 5.157615999999999850e-04
2.467697000000000033e-04 2.215080999999999821e-03 5.030962999999999625e-04
2.052382000000000165e-03 1.854664000000000009e-03 2.653603000000000038e-03
2.446343000000000237e-04 1.037696000000000061e-03 9.175036000000000563e-05
2.950400000000000158e-03 5.955278999999999738e-04 1.007604000000000052e-04
4.722700999999999831e-04 2.785736999999999935e-03 2.085243000000000079e-03
2.497404999999999851e-03 2.853324999999999994e-05 2.995907999999999818e-03
1.650423000000000038e-03 1.355601999999999968e-04 7.007235000000000004e-05
2.117436999999999792e-03 5.781764999999999691e-04 1.389808000000000026e-04
4.091980999999999744e-04 4.933020999999999674e-04 1.398173000000000005e-04
2.359636999999999932e-03 8.638845000000000803e-06 1.433193999999999885e-04
2.936938000000000049e-03 4.954680999999999869e-05 2.849620000000000191e-03
8.680416000000000477e-04 9.040535000000000002e-06 8.175853999999999937e-06
1.688805999999999944e-03 2.050747999999999970e-04 2.488395999999999924e-03
1.636178000000000068e-03 1.335211999999999901e-03 4.854081000000000189e-05
1.642189000000000062e-03 7.136167000000000280e-05 2.977970999999999830e-03
1.491902999999999936e-03 8.639944000000000435e-06 2.611544999999999839e-03
1.166193999999999955e-03 2.387066000000000188e-03 1.955248000000000142e-03
1.351556999999999942e-05 2.306212000000000192e-03 1.698478999999999918e-03
1.892936000000000011e-03 1.629033999999999962e-04 2.167182000000000136e-03
8.849309000000000081e-04 1.811579000000000010e-03 1.011352000000000084e-03
2.237623999999999906e-04 1.810107000000000035e-03 1.160833999999999911e-03
1.157933000000000015e-04 1.400971999999999894e-03 1.122467000000000039e-03
1.728914999999999922e-03 5.354716000000000250e-04 1.592571999999999998e-03
1.501750000000000064e-06 2.231124000000000128e-03 2.522110000000000150e-03
3.001998000000000080e-03 2.131294000000000157e-03 2.818933999999999936e-03
1.422190999999999950e-03 7.543803999999999441e-05 2.082904999999999913e-03
1.452237999999999901e-04 2.285604000000000108e-03 1.747553999999999904e-03
5.589980000000000036e-04 2.808374000000000092e-04 2.902402000000000107e-03
1.281446000000000104e-03 2.674395000000000201e-04 4.413791000000000242e-04
2.739283999999999816e-03 2.789754000000000192e-03 2.003832000000000096e-03
5.641905999999999918e-04 8.590500999999999560e-06 3.929841000000000107e-04
6.697505000000000515e-04 1.318195000000000087e-03 9.515409999999999754e-04
1.409129000000000067e-03 5.376565000000000250e-04 1.840554000000000105e-03
1.255948000000000004e-03 1.357612000000000011e-03 1.649407999999999994e-03
1.618410000000000031e-03 2.441368000000000184e-03 2.201085000000000194e-03
2.104828999999999901e-03 2.681151000000000107e-03 2.936944999999999834e-03
7.674014000000000486e-04 1.525808000000000025e-03 1.788583000000000056e-03
1.850125999999999897e-03 1.609905999999999924e-03 1.815636999999999937e-03
7.733988999999999924e-04 2.276623000000000188e-03 2.539889000000000036e-03
1.677185999999999998e-03 2.988482000000000096e-04 1.872488999999999968e-03
7.163555999999999960e-04 2.639596000000000130e-03 1.859518000000000108e-03
2.325060999999999795e-03 6.572869999999999971e-04 1.830360999999999967e-03
1.319602000000000015e-03 1.782567000000000092e-03 1.664523000000000001e-03
1.334031000000000062e-03 1.794601000000000052e-03 1.720657000000000002e-03
2.028678999999999812e-03 1.226717999999999906e-03 1.739604999999999971e-03
9.756676999999999624e-04 1.155762000000000065e-03 2.019837999999999929e-03
1.885717999999999986e-03 1.077784000000000034e-03 1.285981000000000060e-03
9.478795999999999836e-04 1.014701000000000014e-03 7.893269000000000066e-04
1.121684000000000017e-04 2.557842999999999966e-04 1.028187999999999975e-03
2.839808999999999996e-03 2.995901999999999940e-03 1.436152000000000001e-03
1.651924999999999943e-05 2.863882000000000103e-04 2.210338000000000114e-04
2.010847000000000068e-03 2.593532999999999863e-03 2.122999999999999887e-03
1.054578999999999933e-03 2.882879999999999991e-03 2.255975999999999815e-03
8.297950000000000334e-04 7.453505999999999717e-04 3.832220999999999913e-04
8.975616000000000497e-04 2.008862000000000148e-03 1.420306000000000086e-03
1.493322999999999959e-03 9.448577999999999578e-04 2.107281999999999927e-04
1.504401999999999953e-03 3.856212999999999666e-05 2.721761000000000059e-03
1.561335999999999974e-03 2.687313000000000202e-03 2.226651999999999972e-03
6.283124999999999648e-04 1.182899999999999967e-03 2.644576000000000045e-03
9.714431000000000368e-04 2.345703000000000198e-03 2.641573999999999832e-03
2.930831999999999968e-03 2.077191999999999841e-03 2.611370000000000011e-03
1.331031000000000098e-03 7.699538999999999602e-04 4.069707000000000099e-04
3.864106999999999763e-04 3.850408999999999950e-04 1.651625000000000098e-04
2.907358000000000078e-03 8.104609000000000249e-04 1.328605000000000064e-03
2.446071000000000183e-03 2.690787000000000040e-03 1.330086999999999979e-03
2.730652000000000079e-03 1.286082999999999931e-03 7.513555999999999794e-04
2.218084999999999848e-03 9.157151999999999566e-04 2.838262000000000033e-04
9.065734999999999896e-04 2.548195000000000061e-03 2.039726999999999860e-03
6.184487999999999325e-05 2.667077999999999810e-03 2.633499999999999990e-03
1.701498999999999980e-03 1.392121999999999978e-03 2.856843000000000186e-04
2.152021999999999963e-03 2.716409999999999832e-04 1.368363999999999952e-03
1.956503000000000062e-03 2.681646000000000203e-03 2.117436999999999792e-03
2.880839999999999963e-03 7.342627000000000333e-06 2.588022000000000152e-03
2.708804999999999893e-03 2.592997000000000097e-03 1.349050999999999983e-03
1.862200000000000053e-03 1.716225999999999949e-03 2.477835999999999971e-04
9.295831999999999533e-04 2.493527000000000157e-03 9.667853999999999814e-04
2.510955999999999952e-03 1.124362000000000061e-04 2.978151999999999969e-03
8.890058999999999852e-04 4.938976000000000331e-05 3.563633999999999769e-04
2.829167999999999744e-04 2.682475000000000137e-03 7.664819000000000450e-04
5.652441999999999710e-04 2.748172000000000115e-03 8.985237000000000519e-04
9.147526000000000008e-04 2.852005999999999812e-03 6.679996999999999801e-04
2.111491000000000062e-03 1.451178000000000017e-03 1.056398999999999967e-03
5.901876999999999601e-04 2.386286000000000049e-03 5.895161000000000324e-04
1.015152999999999976e-03 2.239414999999999971e-04 2.996172999999999979e-03
2.870994999999999884e-03 2.995881000000000152e-03 6.458036999999999372e-05
1.962780999999999814e-03 1.105878999999999933e-03 5.913388000000000108e-04
2.900102000000000105e-04 2.177054999999999789e-03 2.457681000000000188e-03
2.966875999999999802e-03 4.229112999999999839e-04 1.107237999999999972e-03
1.372568999999999916e-03 1.830182999999999983e-03 2.486868000000000151e-03
2.312995000000000036e-04 8.739884000000000498e-04 1.573863999999999905e-03
1.856357999999999956e-04 2.279302999999999885e-03 6.122315999999999609e-04
2.012817999999999986e-03 2.467371999999999795e-03 4.871524000000000015e-04
2.629908999999999828e-04 5.711428000000000164e-04 5.841931000000000294e-04
2.947957000000000181e-03 1.507787000000000016e-03 2.157136000000000036e-03
7.898904000000000428e-04 1.306671999999999947e-05 9.357702000000000077e-04
3.001998000000000080e-03 1.821621000000000047e-03 7.333284999999999500e-04
1.477816000000000069e-03 2.224169000000000016e-04 1.072280000000000108e-03
2.721200999999999915e-03 2.567250000000000087e-03 2.823321000000000164e-03
2.895403999999999860e-03 2.444879000000000063e-03 1.918505000000000037e-03
1.387587000000000022e-03 2.236329999999999915e-03 2.517044999999999873e-03
2.138458000000000199e-03 6.163038999999999931e-04 2.342760000000000155e-03
6.427790000000000066e-04 1.196891999999999965e-03 6.610703999999999853e-05
9.340584000000000083e-04 1.184864000000000099e-03 2.573969000000000170e-03
4.505549999999999985e-04 1.519741000000000017e-03 1.166605000000000029e-03
2.006368000000000127e-03 1.042245000000000020e-03 1.159321000000000049e-03
1.672918999999999925e-03 2.560083999999999797e-03 3.498894999999999913e-04
2.552675000000000018e-04 2.464385999999999834e-03 2.604065000000000026e-03
2.829266999999999893e-03 1.111325000000000030e-03 2.283706999999999838e-03
1.888106999999999980e-03 4.977217000000000360e-04 6.302592999999999781e-04
1.608154000000000094e-03 1.158252000000000023e-03 6.172279000000000133e-04
2.519202999999999807e-03 2.681059999999999867e-03 1.908283999999999892e-03
2.583986999999999829e-03 2.822184000000000151e-03 6.321055999999999810e-04
6.293998999999999774e-04 2.566095000000000008e-03 2.230422000000000134e-03
8.903862999999999491e-04 1.097249000000000011e-03 7.792139999999999700e-04
1.902384999999999927e-03 2.248341999999999962e-03 1.919205999999999907e-03
2.299307999999999907e-03 6.439227999999999532e-04 2.551485999999999945e-03
2.450826000000000133e-03 7.444650000000000356e-04 8.579333999999999875e-04
2.388744999999999844e-03 2.184599000000000176e-03 8.717509000000000022e-04
2.561954999999999875e-03 2.991516000000000054e-03 8.799953999999999806e-04
1.791868999999999970e-03 1.996855000000000071e-03 8.700557000000000256e-04
7.586516999999999653e-04 2.835274000000000041e-03 1.743132000000000102e-03
1.287436000000000092e-03 1.259698000000000068e-03 8.337107000000000068e-04
2.431352999999999813e-03 1.332045999999999925e-03 8.329309999999999709e-04
1.194128999999999937e-03 2.101384999999999885e-03 1.743523999999999985e-03
2.241462999999999962e-03 4.875279999999999848e-04 8.364791999999999584e-04
2.996833999999999869e-03 2.634038999999999912e-03 8.279218999999999988e-04
1.088633999999999999e-03 1.196898999999999966e-03 2.702565000000000089e-03
2.320191000000000094e-03 3.347557000000000245e-04 2.266328000000000179e-03
1.951974999999999891e-04 2.778135000000000261e-04 1.767682999999999928e-03
1.278636000000000095e-03 1.143993999999999957e-03 2.637103000000000017e-03
2.062071999999999863e-03 1.728202000000000080e-03 1.772034999999999930e-03
2.771252000000000090e-03 1.180854000000000062e-03 2.247846999999999866e-03
4.655424999999999901e-05 2.344226000000000035e-03 7.526581999999999760e-04
1.818474999999999953e-03 1.346133000000000008e-03 2.916367999999999912e-03
1.406815000000000062e-03 1.849048999999999962e-03 1.849377000000000030e-04
2.115969000000000096e-03 2.644570000000000167e-03 2.980570000000000094e-03
1.950488999999999912e-03 1.653658999999999950e-05 1.969569000000000116e-04
1.948412999999999968e-03 2.212309999999999884e-03 1.841877999999999918e-03
1.391979000000000003e-03 8.331471000000000449e-04 2.973434999999999967e-03
1.945090999999999921e-03 4.205200000000000192e-04 1.893263999999999971e-03
2.038112999999999817e-03 1.287528999999999930e-03 2.865089000000000242e-04
1.004667000000000103e-03 1.998827999999999803e-03 2.395098999999999926e-03
1.045937999999999946e-03 1.021159999999999906e-03 3.060132999999999929e-04
2.792206000000000202e-03 7.574593999999999598e-04 2.970430999999999939e-03
5.363438999999999793e-04 2.316793000000000151e-03 2.383716000000000133e-03
2.962535000000000081e-03 2.995667999999999942e-03 2.898387000000000207e-04
1.377539000000000107e-03 1.932752999999999945e-03 2.391837999999999918e-04
3.333585000000000237e-04 2.359889999999999904e-03 2.504811000000000233e-04
3.496360000000000114e-04 4.986110000000000412e-04 2.506100999999999945e-04
5.084475999999999666e-04 6.637435000000000123e-04 4.201896000000000266e-05
9.951206999999999674e-04 2.623560000000000041e-03 2.715194000000000201e-03
2.462839999999999994e-03 1.589909999999999934e-03 3.786313000000000216e-05
2.430921999999999857e-03 1.831834999999999920e-04 4.336120000000000084e-05
1.215195999999999985e-03 1.823603000000000030e-03 2.996192999999999860e-03
6.610703999999999853e-05 1.010452000000000008e-03 2.996322999999999955e-03
1.622467999999999957e-03 1.422164999999999974e-03 1.866674000000000024e-03
2.911712999999999801e-03 3.474263000000000112e-04 2.995849999999999989e-03
2.338719999999999861e-03 5.979172999999999953e-04 8.387411000000000459e-06
1.672918999999999925e-03 7.556117000000000215e-04 2.474853999999999856e-03
1.803738999999999950e-03 2.340846000000000159e-03 7.304483999999999672e-06
8.920093999999999506e-04 2.533010999999999943e-03 2.482058000000000094e-03
1.839928999999999914e-03 4.149579000000000136e-04 2.488095000000000104e-05
2.462016000000000031e-03 1.540764999999999930e-03 1.018852000000000050e-05
1.453723999999999988e-03 2.573969000000000170e-03 8.925234999999999598e-06
2.479836000000000019e-03 7.465085999999999901e-04 1.651924999999999943e-05
1.937226999999999916e-03 2.740044000000000073e-03 2.536159999999999977e-03
2.148596000000000013e-03 1.728504000000000065e-03 1.272048000000000124e-04
2.733484999999999799e-04 1.186456000000000012e-04 7.123406999999999406e-05
1.948298000000000000e-03 1.116045000000000052e-04 9.395398000000000063e-05
2.675377999999999958e-03 7.860529999999999904e-04 1.860448000000000006e-03
4.377813000000000228e-05 2.776805999999999990e-05 8.796222999999999824e-05
1.307746999999999946e-03 1.593128999999999986e-03 2.323022000000000108e-03
1.320289000000000098e-03 1.574577000000000019e-04 4.925440000000000330e-04
1.031711999999999950e-03 2.692641999999999865e-03 4.945245000000000456e-04
2.318671999999999921e-03 1.109615999999999901e-03 2.332659999999999855e-03
1.217692000000000037e-03 2.451913000000000009e-03 4.850699999999999890e-04
1.393978999999999889e-04 2.996327000000000018e-03 4.852233000000000067e-04
2.577409000000000124e-03 2.565575000000000060e-03 1.786026999999999927e-03
1.563319999999999987e-03 1.933040000000000019e-03 5.841683000000000292e-04
2.269038000000000077e-04 2.067901000000000027e-03 5.837957999999999646e-04
1.593547000000000062e-03 4.249952000000000200e-04 2.935804000000000191e-03
4.251492999999999852e-04 2.790220999999999847e-03 2.734850999999999949e-03
2.109952999999999915e-03 1.116954000000000080e-03 5.657159999999999619e-04
2.870238000000000216e-03 5.758150999999999547e-04 2.361857000000000192e-03
2.461370000000000051e-03 2.996313999999999922e-03 3.829581999999999886e-04
2.354774000000000016e-03 2.730151000000000105e-03 1.827190000000000021e-03
1.322629999999999986e-03 2.698000999999999785e-03 1.827412999999999954e-03
2.461556000000000161e-03 6.867365000000000275e-04 3.200505999999999881e-04
1.012678000000000064e-04 8.619743999999999714e-04 2.668783000000000093e-03
1.880081000000000135e-04 9.670968999999999529e-04 3.352165000000000049e-04
1.851655000000000011e-03 2.042410000000000145e-03 3.317013999999999748e-04
3.038297999999999824e-04 6.937784999999999916e-04 4.376622000000000260e-04
2.216553000000000013e-03 8.881871999999999857e-04 4.279932999999999871e-04
2.809959999999999802e-03 2.913364999999999792e-03 4.579043000000000197e-04
5.453005000000000352e-04 6.337085000000000331e-04 3.917675999999999928e-04
1.869233000000000092e-03 1.626581999999999898e-03 2.359520999999999841e-03
6.992371999999999737e-04 1.113246000000000027e-03 4.234635000000000157e-04
6.484099999999999803e-04 8.311193999999999830e-04 2.661679000000000128e-03
2.872855000000000113e-03 1.920926000000000100e-03 2.860693000000000090e-03
7.928939000000000082e-04 2.540990999999999823e-03 1.240475999999999905e-03
2.849271999999999916e-03 1.627926999999999933e-03 2.593294999999999802e-03
5.811755000000000263e-04 1.760080999999999929e-03 2.594994000000000207e-03
2.857961999999999916e-03 1.141030000000000017e-04 1.222393999999999911e-03
8.430119999999999714e-04 2.569894000000000085e-03 1.317044000000000071e-03
2.881715999999999878e-03 5.295450000000000265e-05 1.320030000000000031e-03
2.626334000000000134e-03 2.613911000000000012e-03 1.305305000000000094e-03
3.226115999999999793e-04 2.811305999999999961e-03 1.947776000000000021e-03
1.650647000000000095e-03 2.484946000000000030e-03 2.055888999999999980e-03
7.766265000000000494e-04 2.431338999999999809e-03 1.319765000000000087e-03
1.273454000000000036e-03 7.155818999999999631e-06 2.712907000000000079e-03
5.026510000000000093e-04 1.209098999999999938e-03 2.076922000000000143e-03
2.845176000000000042e-03 1.540216999999999975e-03 2.079647999999999913e-03
1.572473999999999920e-03 1.695471999999999951e-03 1.073748999999999927e-03
2.797764999999999801e-03 1.395144000000000072e-03 1.099251000000000091e-03
2.140375999999999824e-03 7.974587000000000429e-04 1.107887000000000108e-03
1.551283999999999996e-03 1.181904999999999994e-04 2.757182999999999856e-03
1.088222999999999925e-03 8.980465000000000761e-06 2.110607999999999929e-03
2.592606999999999811e-03 2.138461999999999828e-03 1.162700000000000018e-03
3.863650999999999848e-04 3.300845999999999804e-05 1.687937000000000031e-03
1.929109999999999939e-03 8.012014000000000028e-04 2.116606000000000043e-03
2.174061000000000136e-03 1.359411000000000039e-03 1.157685000000000094e-03
4.394865999999999877e-04 2.602001999999999961e-03 1.160411000000000081e-03
3.829481000000000139e-04 2.994459000000000096e-03 2.569282999999999897e-03
7.521512000000000163e-04 2.205302000000000130e-03 1.533286000000000024e-03
2.644827000000000202e-03 2.996197999999999830e-03 1.482229999999999962e-03
2.979502000000000192e-03 2.279686999999999859e-03 1.484199000000000065e-03
2.209296999999999823e-03 1.024163000000000026e-03 1.503254000000000092e-03
4.201896000000000266e-05 2.057367000000000050e-03 1.582814000000000096e-03
4.478430999999999948e-04 1.376346000000000080e-03 1.962129999999999864e-03
2.974635000000000213e-03 2.784978000000000019e-03 1.968522999999999801e-03
1.581986000000000069e-03 1.770244999999999935e-03 1.575970000000000105e-03
2.954388999999999973e-03 2.647351000000000044e-03 1.596584999999999975e-03
9.752762999999999580e-04 1.162323999999999953e-03 1.537822000000000104e-03
8.450185999999999939e-04 2.372027999999999984e-03 1.540329000000000004e-03
2.695634000000000138e-03 2.488578999999999878e-03 1.374323999999999902e-03
6.529787999999999695e-04 7.144955999999999833e-04 2.843265000000000202e-03
2.698419000000000078e-03 6.056602000000000123e-04 2.580976999999999924e-03
2.642235000000000156e-03 2.561008999999999942e-03 1.380289999999999946e-03
1.063209000000000072e-03 7.057924999999999616e-04 1.384643999999999979e-03
2.521118000000000144e-03 2.638853999999999939e-03 1.344506999999999994e-03
1.634866000000000010e-03 8.092086999999999761e-04 1.333584000000000071e-03
2.082533000000000127e-03 2.072115000000000133e-04 1.340613999999999955e-03
8.537437999999999895e-05 1.743537999999999989e-03 2.776096000000000032e-03
1.893933999999999895e-03 1.494242000000000009e-03 1.440054999999999981e-03
2.422194999999999817e-03 1.799096000000000164e-05 2.012315000000000197e-03
4.054190999999999958e-05 1.461208000000000081e-03 1.398364000000000031e-03
9.357370999999999961e-04 4.041145000000000219e-04 1.712853000000000075e-03
1.965479999999999918e-03 1.160854000000000009e-03 1.021159999999999906e-03
2.822990000000000156e-04 1.708960999999999944e-03 2.897106999999999894e-03
1.434811000000000029e-03 5.821018999999999976e-04 1.049407000000000031e-03
1.265326999999999901e-03 6.108818999999999491e-04 2.611926999999999999e-03
1.512653000000000088e-03 4.310181999999999859e-04 9.141785999999999619e-04
8.570633000000000244e-04 1.776344000000000013e-03 8.996810999999999741e-04
2.180510999999999994e-03 1.988287000000000040e-03 2.195527999999999976e-03
1.410140000000000048e-03 2.257133000000000143e-03 1.719728000000000012e-03
1.625476000000000048e-03 2.447864999999999915e-04 2.513061999999999935e-03
4.883927999999999837e-04 2.996180000000000197e-03 2.887457999999999865e-03
2.655124000000000026e-03 2.667137999999999887e-03 2.614856000000000038e-03
4.516071000000000083e-04 1.451908999999999925e-03 1.929460000000000029e-03
8.690751000000000032e-04 1.848802999999999992e-03 9.280513999999999691e-04
6.387001000000000006e-04 2.620397999999999911e-03 9.964335999999998986e-04
1.353395999999999983e-03 2.614775000000000172e-03 8.990877000000000417e-04
7.681632000000000520e-04 2.272786000000000164e-03 9.580863999999999483e-04
1.787060999999999999e-04 1.797579000000000104e-03 2.617106000000000120e-03
6.540210999999999985e-04 2.598889000000000060e-03 2.183894000000000026e-03
3.972938999999999707e-06 6.292321000000000025e-04 6.501208999999999981e-04
3.284159999999999995e-06 6.937784999999999916e-04 1.977813000000000140e-03
4.940287000000000224e-06 2.316967999999999979e-03 7.590577999999999952e-04
3.000117999999999969e-03 1.986467000000000007e-03 6.203509000000000443e-05
1.501750000000000064e-06 2.193413999999999867e-03 1.713052999999999972e-03
3.001998000000000080e-03 6.907750000000000262e-04 2.404128000000000168e-03
1.501750000000000064e-06 8.579478000000000191e-04 1.245395000000000052e-03
2.653378999999999981e-03 2.111430000000000078e-03 7.629190000000000320e-04
1.907301999999999988e-04 6.355487000000000159e-04 1.484585000000000071e-03
1.800076000000000063e-03 3.135526000000000242e-04 2.540088999999999864e-05
2.157366999999999879e-03 1.839865999999999897e-03 7.370461000000000243e-04
1.314555999999999928e-03 6.207396000000000224e-04 4.337329000000000228e-04
2.954268999999999819e-03 1.004146000000000032e-03 1.575788999999999966e-03
1.530597000000000077e-03 7.517090000000000360e-04 3.560419999999999904e-04
2.481517999999999832e-03 2.656154999999999888e-03 1.319370000000000048e-03
2.286527999999999911e-03 6.457525000000000146e-05 2.815914999999999998e-03
1.860144999999999898e-03 2.990223000000000186e-03 2.996490999999999998e-03
1.812608999999999965e-03 1.583940000000000044e-03 9.755226000000000305e-04
2.569270000000000017e-04 2.635885000000000138e-03 1.529767999999999926e-03
2.174251000000000132e-05 2.800316000000000177e-03 3.916519000000000033e-04
2.676838999999999868e-03 1.242823000000000105e-03 7.463797000000000530e-04
2.197059999999999812e-03 2.069380999999999911e-03 2.175748999999999825e-03
2.821571000000000148e-03 1.813252000000000006e-03 1.743537999999999989e-03
4.136278000000000177e-04 1.501449999999999931e-04 2.212724000000000114e-03
1.811827000000000012e-03 2.202744999999999877e-03 9.447718999999999659e-05
2.964485000000000210e-03 2.137631999999999987e-03 2.310957000000000202e-03
1.880795999999999900e-03 1.904188999999999925e-03 7.988809999999999496e-06
1.335230000000000021e-04 2.253595000000000164e-03 5.244238999999999715e-04
2.067377000000000017e-03 1.160982999999999980e-03 6.066770000000000192e-04
2.455370000000000122e-03 2.687279999999999790e-03 2.235790999999999994e-03
2.759028000000000175e-03 2.560351000000000207e-03 1.391990999999999975e-03
2.212527000000000157e-03 2.893101999999999935e-04 5.758198999999999653e-04
2.254126999999999867e-03 1.322700999999999912e-03 5.840418999999999689e-04
7.598554999999999893e-04 2.424785000000000048e-03 5.827090000000000481e-04
1.911727000000000001e-03 1.649897999999999903e-03 1.877156999999999958e-03
1.244064000000000021e-03 2.120500999999999896e-03 7.983345999999999780e-05
2.293171000000000098e-03 2.180571000000000072e-03 2.115193999999999928e-04
8.330260999999999829e-04 8.271466000000000538e-04 1.786456999999999976e-03
2.917023999999999832e-03 4.879193999999999892e-04 7.711806999999999397e-05
2.079617000000000184e-03 2.254645999999999907e-03 2.996495000000000061e-03
2.843003000000000197e-03 2.791509000000000178e-03 2.024389000000000136e-03
1.801799999999999994e-04 1.279351999999999876e-04 4.585570000000000076e-04
1.154309999999999971e-03 1.910852999999999901e-03 1.629546000000000068e-05
1.425171000000000033e-03 2.512947000000000184e-03 6.977113000000000227e-06
4.910787999999999915e-04 2.499766999999999961e-03 1.208908000000000075e-03
1.853190000000000002e-03 1.607719999999999982e-03 4.955474999999999984e-04
1.066869999999999928e-03 2.298395999999999859e-03 7.794047999999999818e-04
3.274496999999999864e-06 9.538428999999999745e-04 1.908577000000000060e-03
3.001998000000000080e-03 2.525973999999999841e-03 8.297963000000000431e-04
1.490196000000000055e-03 1.914749000000000095e-03 9.085692999999999612e-05
1.505225999999999916e-03 2.177503999999999811e-03 1.291468999999999950e-03
2.766254000000000109e-03 2.985508999999999906e-03 1.777518999999999974e-03
1.024163000000000026e-03 2.838367999999999967e-03 7.451998999999999733e-04
2.132784999999999943e-04 2.513972000000000168e-03 1.588367999999999941e-03
2.978166999999999772e-04 2.209987999999999970e-03 4.302512999999999780e-04
1.184492999999999977e-04 3.381258999999999740e-04 9.318864999999999419e-05
3.306853999999999967e-05 1.103929999999999983e-04 2.325448000000000033e-04
1.465633000000000040e-03 2.695325000000000151e-03 7.159310999999999800e-04
1.006203000000000002e-03 1.935806999999999892e-03 1.487547000000000088e-03
1.138296000000000013e-03 1.566316000000000106e-03 1.362413999999999943e-03
1.041141999999999892e-03 2.724224999999999824e-03 5.218500000000000265e-04
1.323044000000000000e-03 1.985343999999999998e-03 6.701023000000000301e-06
8.920093999999999506e-04 2.192254000000000034e-04 1.204372999999999902e-03
1.435213000000000070e-03 8.269406999999999954e-06 5.816897999999999817e-04
1.486763000000000104e-03 2.878847999999999824e-03 2.169369999999999892e-03
2.209846000000000119e-03 4.760546999999999739e-04 7.838834000000000036e-04
4.148001000000000335e-05 1.009146000000000045e-03 8.985123999999999932e-04
3.899776999999999779e-04 2.588987000000000059e-03 3.207851000000000062e-04
1.494262000000000108e-03 1.448147000000000106e-03 2.393820000000000062e-03
1.517838999999999994e-03 6.457225000000000031e-04 2.402829999999999896e-03
3.573865000000000180e-04 7.937413999999999557e-06 2.116300000000000212e-03
1.285040000000000097e-03 4.085059999999999950e-04 1.212226000000000059e-03
1.558785999999999939e-03 2.905354000000000183e-03 4.097889999999999758e-04
2.031340999999999876e-03 3.300845999999999804e-05 2.539464999999999865e-03
6.608991000000000129e-06 2.335680000000000135e-03 1.964318999999999961e-03
2.440119999999999941e-04 1.491230000000000073e-03 1.961753000000000108e-03
2.734280999999999864e-03 7.531502999999999505e-04 2.166341999999999920e-03
2.335221000000000172e-03 8.860256000000000165e-05 2.712628999999999822e-03
1.601596999999999960e-03 2.380181000000000039e-04 2.296175000000000126e-03
2.985953999999999865e-03 8.988813999999999485e-04 2.144972000000000198e-03
1.649501999999999956e-03 1.741066000000000098e-03 2.152196999999999791e-03
1.929081999999999932e-03 1.285527999999999975e-03 2.140405000000000172e-03
1.189355999999999920e-03 5.972221000000000430e-04 2.317397000000000120e-03
6.177310000000000526e-04 2.844283999999999875e-03 2.302180000000000025e-03
2.258160999999999849e-03 1.164881999999999897e-03 2.409921000000000198e-03
2.869070999999999948e-03 1.152255000000000033e-03 2.383456999999999850e-03
2.208294999999999876e-03 1.187892000000000071e-03 2.375290999999999861e-03
1.783520999999999935e-03 1.138808000000000051e-03 2.749929999999999822e-03
2.166841999999999987e-03 5.936878999999999507e-04 2.385238999999999936e-03
1.653406999999999967e-03 1.233860999999999942e-03 2.040460999999999924e-03
1.779165999999999994e-03 1.204403999999999963e-05 1.447214999999999960e-03
1.164277999999999928e-03 1.088769000000000065e-03 2.996392000000000066e-03
2.260812000000000065e-03 1.613709999999999971e-04 1.739859999999999974e-03
2.518246000000000026e-03 1.643385999999999935e-03 8.354369000000000378e-04
2.055892000000000136e-03 2.214325000000000115e-04 1.320720999999999961e-03
1.693943999999999962e-03 4.396180000000000319e-05 9.941284000000000752e-04
7.513424999999999574e-04 2.284856999999999947e-03 2.650070999999999937e-03
2.921590999999999858e-03 1.897121000000000094e-03 2.365327999999999929e-04
1.920920999999999913e-03 2.617534999999999827e-03 2.794084999999999971e-03
9.205726999999999487e-04 1.439502000000000056e-03 4.069799999999999828e-04
2.361835999999999970e-03 1.976767999999999841e-03 2.655124000000000026e-03
2.106947999999999981e-03 7.927753000000000328e-05 3.889481999999999770e-04
1.668453999999999987e-03 1.559285000000000098e-03 8.090355000000000029e-04
6.564516000000000491e-04 2.460607000000000072e-03 1.015655000000000073e-03
1.282027999999999944e-03 1.737533000000000090e-03 1.755547000000000097e-03
1.243418999999999948e-03 1.749352999999999932e-03 1.754621999999999953e-03
4.800844000000000075e-04 2.320197999999999879e-03 1.096164999999999965e-04
2.747461999999999994e-03 2.867530999999999986e-03 7.568520000000000239e-04
1.577826000000000055e-03 4.522217000000000142e-04 1.430770999999999953e-03
1.473212000000000002e-03 2.220689000000000083e-03 1.749941000000000083e-03
1.460794000000000068e-03 2.056090999999999908e-03 2.932157999999999813e-03
2.115970000000000004e-03 2.211602999999999974e-04 1.433976999999999908e-03
1.190199999999999982e-03 1.722496000000000010e-03 1.593756999999999899e-03
1.569231000000000087e-04 2.301566000000000115e-04 1.761540000000000024e-03
2.419731000000000052e-03 1.940723000000000101e-03 6.872172000000000176e-04
1.753570000000000085e-03 1.838971999999999916e-03 3.351524999999999730e-05
1.155041000000000097e-03 1.282464000000000087e-03 3.078838000000000082e-04
2.832270000000000013e-03 2.235183999999999869e-03 3.951509999999999983e-04
2.058915000000000137e-03 2.097274000000000100e-03 4.940685999999999472e-04
6.903325000000000520e-04 8.067534999999999594e-04 8.157042999999999618e-05
4.732358000000000202e-04 1.906493999999999897e-03 5.245319000000000457e-04
2.448581999999999929e-03 1.595964000000000063e-03 2.959956000000000132e-03
2.380941000000000134e-03 2.405803999999999845e-05 6.632063000000000541e-04
7.223463000000000063e-04 2.657623000000000017e-03 1.904165000000000089e-04
2.959546999999999872e-03 2.576262000000000170e-03 1.703810999999999954e-03
2.251533999999999914e-03 1.664672000000000070e-03 1.524477999999999901e-03
2.605227999999999797e-03 1.816017999999999973e-03 1.230334999999999936e-03
1.032116999999999930e-03 1.070753000000000026e-03 1.296010999999999908e-03
1.908722999999999973e-03 1.364577000000000064e-03 4.205200000000000192e-04
7.365832999999999582e-04 1.446009999999999960e-03 2.293822999999999874e-05
5.060948999999999916e-04 6.748625000000000121e-06 8.546741999999999968e-04
1.232538999999999944e-03 5.461652000000000000e-04 3.701631999999999731e-04
1.302327999999999949e-03 5.631514999999999698e-04 4.968928999999999534e-04
1.557309999999999901e-03 6.622724000000000189e-04 3.622370000000000082e-04
4.074872999999999907e-04 2.785736999999999935e-03 1.233703999999999964e-03
1.156308000000000043e-04 3.074678000000000177e-04 2.957209000000000031e-05
1.525747999999999948e-03 2.548687999999999908e-03 1.618426999999999973e-03
4.215827999999999915e-04 2.287159999999999888e-03 9.447920999999999967e-04
2.109198999999999970e-03 2.896363999999999796e-03 5.513218999999999976e-04
2.956764000000000180e-03 1.132289000000000082e-03 2.686628999999999840e-03
2.433663999999999879e-03 1.611715999999999935e-05 6.168241000000000088e-04
1.579260999999999989e-03 7.761660000000000087e-04 1.174839999999999912e-03
2.444115000000000176e-03 4.372022999999999730e-04 1.386522000000000058e-03
2.732725000000000085e-03 2.125283999999999854e-03 3.923743000000000153e-04
1.844034000000000038e-03 2.402769999999999819e-03 5.046179999999999720e-04
1.782989999999999922e-03 1.813112000000000133e-04 1.839652999999999905e-03
1.575339999999999943e-03 1.565290999999999905e-03 1.306644000000000089e-04
1.386887000000000059e-03 9.600267999999999476e-04 7.852322999999999595e-04
4.400362999999999801e-04 5.541481000000000011e-04 1.354111000000000073e-03
1.821645999999999899e-03 5.479480999999999588e-04 5.900051000000000340e-04
1.268795000000000079e-03 5.843743000000000201e-04 5.057745000000000209e-04
2.299188000000000186e-03 1.788808000000000021e-03 1.796122999999999947e-03
2.185353000000000122e-03 8.758318000000000396e-04 1.166668000000000045e-03
4.324740000000000203e-04 2.444879000000000063e-03 1.167145000000000075e-03
1.929757000000000043e-03 4.800863000000000049e-04 6.146078999999999605e-04
1.737720000000000107e-03 6.048076999999999794e-04 3.496818000000000170e-04
2.750218000000000020e-03 2.665191999999999822e-03 1.336526999999999897e-03
3.501016000000000024e-04 2.257142000000000176e-03 4.342452999999999808e-04
8.718473999999999495e-04 7.291175000000000000e-04 3.861860999999999853e-04
1.995418000000000105e-03 7.126413999999999698e-05 1.806604999999999973e-03
1.223261000000000010e-03 3.476640000000000242e-04 3.318983999999999867e-04
1.383349999999999988e-03 5.837705000000000108e-04 2.584512000000000181e-03
1.977047999999999913e-03 5.391114000000000236e-04 5.526139999999999915e-04
1.299428999999999949e-03 5.838654999999999887e-04 4.587153999999999754e-04
3.917671999999999851e-06 1.112790999999999910e-03 2.178614000000000158e-03
1.501750000000000064e-06 2.046885999999999931e-03 1.671039999999999939e-03
1.501750000000000064e-06 2.751676000000000209e-03 3.333585000000000237e-04
3.001998000000000080e-03 1.905907000000000087e-03 1.051224999999999917e-05
1.501750000000000064e-06 5.341551999999999845e-04 8.306955999999999889e-04
1.501750000000000064e-06 2.567526000000000096e-03 1.335056000000000046e-03
1.501750000000000064e-06 1.510730000000000059e-03 1.614385999999999989e-03
1.202902000000000051e-03 6.329682999999999889e-06 2.754178999999999829e-03
1.928217000000000082e-03 5.376565000000000250e-04 6.186909999999999892e-04
1.428168999999999966e-03 2.025860999999999894e-03 2.893179999999999970e-03
2.679088999999999950e-03 1.976332999999999823e-03 2.561176999999999985e-03
6.497439000000000524e-05 2.318731999999999998e-03 9.670968999999999529e-04
6.027422999999999635e-04 5.345929999999999823e-04 2.751176000000000142e-03
3.544430000000000215e-04 1.970266000000000031e-03 1.359498999999999907e-03
1.247765000000000072e-03 1.158380999999999994e-03 2.996902999999999980e-03
1.703728999999999964e-03 6.335174999999999869e-06 2.373736999999999896e-03
2.195588999999999961e-03 1.423688999999999901e-03 1.671666999999999945e-03
5.105650000000000422e-04 2.995447000000000257e-04 9.010800999999999924e-04
6.127440000000000274e-04 8.635111000000000002e-04 2.849583000000000151e-03
2.224271999999999794e-03 2.743933000000000049e-03 1.100246000000000036e-03
1.497248000000000068e-03 2.982004999999999812e-03 1.985283000000000013e-03
1.535878999999999977e-03 1.167036999999999892e-03 6.712919999999999825e-04
2.320973999999999954e-03 2.834448999999999872e-05 1.527287000000000002e-03
2.420244000000000215e-03 2.361500999999999791e-03 2.842392999999999808e-04
2.647567999999999883e-03 5.059011000000000410e-04 1.299325999999999953e-03
1.056933999999999933e-04 1.235933000000000040e-03 7.290281000000000343e-05
8.259925999999999900e-04 1.347387999999999928e-03 2.188252999999999813e-03
9.430689000000000129e-04 2.251551000000000073e-03 1.283803000000000027e-03
7.761651000000000271e-04 2.796227999999999995e-03 2.853024999999999810e-04
1.573804000000000045e-03 2.732885000000000110e-04 1.544402999999999965e-03
1.566558999999999920e-03 2.899870000000000139e-03 1.398430999999999893e-03
1.512675999999999908e-03 1.888731999999999954e-03 1.403100000000000007e-03
2.569483000000000010e-03 2.902542000000000034e-04 2.704854000000000026e-03
2.668793000000000033e-03 2.578514999999999974e-03 1.337372000000000083e-03
2.574856999999999732e-04 6.264155000000000200e-04 1.429635999999999971e-03
8.905563999999999494e-04 8.216897000000000350e-04 2.713475999999999822e-03
2.848589999999999803e-03 2.236099000000000073e-03 1.362575999999999946e-04
1.410142000000000079e-03 1.884169999999999899e-03 1.366523000000000130e-04
9.205621000000000203e-04 1.189415999999999998e-03 2.491825000000000030e-03
2.330686000000000216e-03 1.496546999999999981e-03 7.525703999999999597e-04
2.599699999999999928e-03 2.638985999999999849e-03 1.348540999999999976e-03
2.237577000000000142e-03 3.152376000000000191e-05 1.362314000000000103e-03
2.175607999999999991e-04 1.408610999999999934e-03 3.439056000000000231e-04
1.319803000000000035e-03 5.882355999999999826e-04 1.061551999999999895e-03
9.893513999999999954e-04 8.147687999999999502e-04 2.842635000000000040e-03
1.913198999999999976e-03 2.347431999999999991e-03 2.566049999999999733e-04
7.560623999999999730e-04 2.808847000000000167e-03 2.064895000000000185e-03
2.449342000000000186e-03 2.395294000000000069e-03 2.248890999999999824e-03
1.082602000000000000e-03 3.454325000000000169e-04 2.010833000000000065e-03
8.695177000000000114e-04 2.503187999999999941e-03 2.299372999999999955e-03
2.269156000000000038e-03 1.838112000000000036e-03 6.622716999999999970e-04
2.301996000000000164e-03 2.700145999999999948e-05 1.482636999999999974e-03
3.603899999999999834e-04 1.370563000000000010e-05 2.778314999999999843e-04
1.866267000000000013e-03 1.475895000000000071e-03 5.255824999999999777e-04
2.490987000000000062e-03 2.392317000000000141e-03 2.181816999999999958e-03
2.767541000000000098e-03 2.617969999999999846e-03 1.299019999999999906e-03
5.389368000000000066e-04 2.821795000000000206e-03 2.446600000000000164e-03
2.676149000000000062e-03 2.123443999999999939e-03 2.318671999999999921e-03
1.799096000000000164e-05 2.686616000000000178e-03 1.442764999999999933e-03
2.287168000000000014e-03 2.056021000000000080e-05 1.326975999999999893e-03
2.222560000000000160e-03 2.956751999999999991e-03 2.016857999999999845e-03
1.971902000000000014e-05 2.728676000000000192e-03 2.440536000000000094e-03
2.423353999999999960e-03 1.941079000000000068e-03 2.683223000000000205e-03
1.719306999999999997e-03 2.239923000000000001e-04 9.742287999999999718e-05
8.279958999999999713e-04 1.998305000000000133e-03 9.866436999999999603e-04
2.827786000000000102e-03 1.283588000000000003e-03 1.076981999999999983e-03
1.872690999999999896e-03 1.409447000000000087e-03 9.924333999999999500e-04
1.178804999999999973e-04 1.805103999999999989e-05 3.557203000000000101e-04
8.422934999999999884e-04 1.590037000000000091e-03 7.703935999999999553e-04
1.982610000000000047e-04 1.229749000000000033e-03 1.934137999999999946e-05
1.656017000000000079e-03 6.618649000000000537e-04 4.300724000000000127e-04
1.383132999999999932e-03 1.831834999999999920e-04 1.032379000000000030e-05
9.829805000000000324e-05 7.640947999999999946e-05 6.051982000000000021e-04
2.889337000000000068e-03 8.429028000000000301e-04 1.760021000000000068e-03
1.049962999999999895e-03 1.691781999999999965e-03 7.006230000000000444e-04
2.239866000000000079e-04 1.993018999999999954e-03 1.102084000000000069e-05
1.833627999999999907e-03 7.555536000000000229e-05 2.696329999999999821e-03
2.059580999999999999e-03 1.650018999999999965e-03 1.858190999999999923e-03
7.123020999999999780e-04 1.638219000000000003e-03 8.607006999999999635e-04
3.539408000000000181e-04 6.950752000000000362e-04 2.500411000000000072e-05
2.812966999999999985e-03 2.467366999999999824e-03 1.938578000000000046e-03
2.149386000000000092e-04 1.663118000000000105e-03 4.745230000000000238e-04
9.241050000000000436e-04 2.740869999999999852e-03 1.714011000000000094e-03
2.539448000000000139e-03 2.811445999999999780e-04 2.745663000000000183e-03
1.487908999999999933e-03 2.502811999999999984e-04 1.707680999999999956e-03
2.312395000000000075e-04 2.857637000000000111e-03 1.822035000000000061e-03
1.115798000000000094e-03 1.286992000000000040e-03 2.536051000000000104e-03
1.086170000000000017e-03 1.914965000000000027e-03 1.848119999999999971e-03
2.130981000000000108e-03 1.601439000000000074e-03 1.842646999999999992e-03
7.258762000000000417e-04 2.743166000000000007e-03 2.109272000000000143e-03
2.179035000000000173e-03 3.003799999999999938e-04 2.658910999999999913e-03
2.407118000000000192e-03 4.783772999999999845e-04 2.542775000000000157e-03
1.895177999999999967e-03 1.608562000000000013e-03 1.833823999999999958e-03
2.140233999999999973e-03 2.358844000000000132e-03 2.237577000000000142e-03
1.554307999999999905e-03 1.869669999999999926e-03 3.353990999999999852e-04
3.552332999999999858e-04 3.652336999999999858e-04 1.839466000000000104e-03
5.926701999999999622e-04 8.513076999999999537e-04 2.788978000000000117e-03
1.816148000000000068e-03 1.593779000000000029e-03 4.375277000000000224e-04
2.801497000000000123e-04 2.504889000000000161e-03 2.951122000000000033e-03
6.036735000000000538e-04 6.502612000000000279e-04 3.260563999999999975e-04
2.377269999999999904e-03 2.956751999999999991e-03 1.766088000000000076e-03
8.124436000000000288e-04 6.737930000000000048e-05 4.342257999999999990e-04
1.265962000000000033e-03 1.797778000000000093e-03 1.767331999999999931e-03
1.255493000000000104e-03 5.070101000000000468e-04 2.788516999999999905e-03
1.498301000000000060e-03 2.701829000000000210e-03 7.041041000000000270e-04
2.919371999999999939e-03 2.518420999999999854e-03 1.785581999999999968e-03
2.627084000000000016e-03 2.556787999999999943e-03 4.580343000000000066e-04
1.380312000000000075e-03 1.048190999999999967e-03 2.813177000000000039e-03
1.923912999999999969e-03 4.595054999999999799e-04 5.937264999999999947e-04
6.493278999999999804e-04 2.502881000000000203e-03 4.933789000000000273e-04
1.881290999999999942e-04 6.446399999999999808e-06 1.861870000000000116e-04
1.427944000000000001e-03 1.866276999999999953e-03 6.140276999999999758e-04
1.842106000000000039e-03 5.962155999999999706e-04 2.997175999999999833e-03
6.472398999999999557e-04 1.849048000000000054e-03 2.205885999999999784e-03
1.323053999999999940e-03 1.997296999999999875e-03 2.996915000000000169e-03
2.531529000000000136e-04 7.858165000000000072e-04 3.607203999999999896e-05
2.314206999999999983e-03 1.127621000000000092e-03 2.459835999999999967e-03
1.118800999999999997e-03 1.509245999999999895e-03 1.593177000000000091e-03
2.997463000000000124e-03 1.208716000000000087e-03 5.887159999999999789e-04
2.044293999999999886e-03 7.762815999999999369e-05 1.268966999999999968e-03
2.521634999999999936e-03 9.829672000000000507e-05 1.267506999999999965e-03
3.891699999999999890e-04 5.365396000000000358e-04 2.997055000000000205e-03
1.922209999999999934e-03 1.076773000000000053e-03 1.610702000000000097e-03
2.607008000000000068e-03 1.719323999999999939e-03 2.746293999999999819e-03
8.244695000000000452e-04 2.063374000000000198e-03 2.653365999999999884e-03
1.058200000000000026e-03 3.008013999999999827e-04 1.967262000000000004e-03
2.539059000000000194e-03 3.623325999999999739e-04 2.605533000000000154e-03
8.244454999999999926e-04 2.752521999999999868e-03 2.996308000000000044e-03
2.494212999999999899e-03 4.956072000000000277e-05 6.337085000000000331e-04
7.525615999999999946e-04 2.600573000000000121e-03 2.997049999999999801e-03
1.467037000000000029e-03 8.499604000000000013e-04 2.089131000000000148e-03
6.140400999999999759e-04 2.650589000000000070e-03 9.324122999999999700e-04
7.699536000000000205e-05 2.624071999999999863e-03 9.351752999999999975e-04
2.403385000000000070e-03 2.258661999999999823e-03 4.831004000000000071e-04
1.985283000000000013e-03 6.955400999999999511e-04 2.402500000000000122e-04
1.992110999999999969e-03 6.427790000000000066e-04 2.997140000000000134e-03
9.640933999999999875e-04 3.453724999999999937e-04 1.650423999999999945e-03
9.040535000000000002e-06 9.421151999999999478e-04 8.845208999999999494e-04
1.380102999999999929e-03 2.342760000000000155e-03 2.556937000000000012e-03
1.785396000000000075e-03 1.677265000000000049e-03 1.644833999999999966e-03
9.318843000000000048e-04 7.328239999999999754e-04 2.329481000000000000e-04
2.154811999999999873e-03 1.674974000000000081e-03 1.279460999999999966e-03
1.501750000000000064e-06 1.956966999999999995e-03 2.140177999999999959e-03
1.501750000000000064e-06 1.397196000000000072e-03 1.382879000000000053e-03
1.501750000000000064e-06 5.515531000000000166e-04 2.809774000000000126e-03
8.951887000000000169e-04 4.072575999999999952e-05 2.997993999999999919e-03
3.364360000000000159e-04 2.860834000000000033e-03 2.998522999999999900e-03
2.018397999999999807e-03 5.871841999999999947e-04 2.997999999999999797e-03
8.407255000000000197e-04 2.446851999999999930e-05 2.998517000000000023e-03
1.880160999999999985e-03 4.971605000000000319e-06 2.498882000000000013e-03
2.282689999999999979e-03 5.232670999999999727e-06 1.273440000000000032e-03
6.075307000000000276e-04 4.998503999999999771e-06 2.730212000000000090e-03
4.883443000000000332e-04 2.940457000000000053e-03 2.998521000000000086e-03
2.400918000000000041e-04 2.342430000000000000e-04 2.998526999999999963e-03
1.526596000000000073e-03 2.998508999999999897e-03 2.353913999999999920e-03
1.162323999999999953e-03 7.838707000000000097e-04 2.998535999999999997e-03
4.933941000000000065e-04 4.976096999999999801e-06 2.827114999999999836e-03
1.903004999999999931e-03 2.722959999999999964e-03 2.998733999999999861e-03
2.330536000000000077e-04 2.998718999999999951e-03 1.070736000000000084e-03
2.169590999999999794e-03 2.998735000000000202e-03 2.240581000000000170e-03
1.363618999999999942e-03 2.997601999999999819e-03 2.997979000000000008e-03
3.671376000000000066e-04 2.534984000000000109e-03 2.612744999999999868e-04
2.651375000000000086e-03 2.816548999999999789e-03 2.758696000000000152e-03
3.586757999999999787e-04 2.503780000000000155e-03 2.419076000000000039e-03
1.036173000000000015e-04 5.899661999999999962e-04 2.095478000000000011e-03
7.734003000000000362e-04 4.998288999999999978e-06 1.289998000000000099e-03
2.251124000000000180e-03 5.002979000000000266e-06 2.665611999999999929e-03
2.343988999999999882e-03 1.253184000000000069e-03 1.320049000000000005e-03
1.956455000000000173e-03 1.671469999999999987e-03 5.991981999999999647e-04
2.944927999999999869e-03 4.770514999999999675e-06 1.319260999999999958e-03
1.665213999999999930e-03 1.465738000000000067e-03 2.813023999999999906e-03
2.656590999999999814e-03 1.358856999999999990e-03 2.718094000000000001e-04
6.863048000000000499e-04 1.158083999999999980e-03 4.997743999999999968e-06
2.992986999999999904e-03 8.817488999999999969e-04 1.467446000000000072e-03
2.200068999999999809e-03 2.808174000000000195e-04 1.473226999999999913e-03
2.328970000000000085e-03 2.353473000000000023e-03 2.972741000000000099e-03
1.529968999999999947e-03 2.288152999999999910e-04 1.578030000000000014e-03
1.419165999999999917e-03 2.728913999999999819e-03 1.560317999999999991e-03
1.352141999999999971e-03 1.353072999999999993e-03 2.962948999999999878e-03
1.788340000000000025e-03 1.016930999999999998e-03 1.686241999999999906e-03
1.699025000000000058e-03 1.728769000000000009e-03 1.031718999999999952e-03
1.162323999999999953e-03 9.058719000000000233e-04 1.850709999999999985e-03
1.546740999999999969e-04 1.874710999999999880e-04 4.916046999999999995e-04
9.175707999999999868e-04 1.214936999999999918e-03 2.543225999999999994e-03
3.489742000000000104e-04 1.559770000000000037e-03 1.022686999999999988e-03
2.172794999999999935e-03 5.629164000000000303e-04 2.344221999999999972e-03
1.587347000000000020e-03 2.446121999999999793e-03 1.827620999999999976e-03
2.290164999999999822e-03 4.988371999999999612e-06 4.550218000000000079e-04
2.025610000000000171e-03 1.044498999999999948e-03 2.678884999999999882e-04
2.070900999999999992e-03 3.076128000000000239e-04 1.430945000000000090e-03
1.501750000000000064e-06 1.702897999999999998e-03 2.998292999999999965e-03
1.527282000000000032e-03 1.610024999999999954e-03 2.750394000000000189e-03
2.357752000000000122e-04 1.921441000000000078e-03 2.851950000000000231e-04
4.926906000000000427e-04 2.611563999999999813e-03 1.669916000000000022e-03
1.883164000000000105e-03 8.338026000000000118e-04 2.103480000000000020e-03
1.542270000000000099e-03 2.067484999999999983e-03 6.420269999999999840e-04
7.463609000000000389e-04 1.270450000000000008e-03 7.376801000000000321e-04
1.660966000000000048e-03 7.136545000000000432e-04 4.495082999999999870e-04
9.331024999999999519e-04 3.191135000000000000e-04 2.782514999999999837e-04
1.163156000000000042e-03 7.004980000000000278e-04 2.383266000000000204e-03
2.365228999999999943e-03 2.612048000000000061e-03 2.757182999999999856e-03
1.512265999999999957e-03 2.917087999999999973e-03 1.853957999999999951e-03
1.721820999999999898e-03 3.924587999999999905e-04 2.971970999999999901e-03
2.148080000000000128e-03 1.063209000000000072e-03 2.995124999999999958e-03
7.483351999999999973e-04 1.428168999999999966e-03 2.747185000000000024e-05
1.388424000000000082e-03 5.709654000000000069e-05 2.153478999999999810e-03
7.428623999999999774e-04 2.041299999999999799e-03 2.957720999999999961e-03
6.990978000000000340e-04 7.275391999999999883e-04 2.855532999999999943e-03
8.850979999999999612e-04 7.877233999999999669e-04 2.726712999999999967e-03
1.166837999999999903e-03 1.471415000000000006e-04 2.104997999999999852e-03
7.017152999999999932e-05 2.644581999999999922e-03 7.910064999999999761e-04
3.858295999999999693e-05 2.622945999999999806e-04 2.481989000000000200e-04
1.689476999999999993e-03 1.755232999999999923e-03 9.994439999999999401e-04
5.188827000000000456e-04 2.839808000000000089e-03 2.635156999999999951e-03
9.060907999999999679e-04 1.013340000000000025e-04 2.739221999999999924e-03
2.819466999999999980e-03 1.270019999999999960e-03 1.052717000000000106e-03
2.782314000000000141e-03 2.209084000000000048e-03 3.739320999999999769e-04
5.995179999999999476e-04 1.101194000000000001e-03 1.013706000000000069e-03
1.562638999999999998e-03 5.451562999999999765e-04 2.398294000000000033e-03
7.674005999999999926e-04 8.274540000000000367e-04 2.725274000000000186e-03
7.130011000000000335e-04 2.236133999999999865e-03 2.621253999999999945e-03
1.606063000000000022e-03 2.117929000000000166e-03 2.919867000000000035e-03
1.323745000000000087e-03 1.484716999999999981e-03 8.868526000000000273e-04
6.146176000000000157e-04 8.119417999999999991e-04 2.704656000000000161e-03
2.846496999999999916e-03 1.641085000000000026e-03 6.829760999999999948e-04
2.098369000000000102e-03 2.811525000000000157e-04 1.118381000000000106e-03
6.505958999999999961e-04 8.389607999999999788e-04 2.703954000000000166e-03
2.286748999999999813e-03 1.504296000000000019e-03 7.580491000000000399e-04
2.857830000000000006e-03 3.385944999999999987e-05 9.663118999999999528e-04
4.189937000000000132e-04 2.154585000000000094e-03 2.811377000000000103e-04
1.531755000000000096e-03 2.329917999999999833e-03 2.722991000000000127e-03
2.119675000000000118e-03 7.684344000000000504e-04 2.629535000000000119e-03
1.941346999999999951e-03 7.468871999999999664e-04 2.139996999999999820e-03
7.043048000000000537e-04 8.488992999999999583e-04 2.727900000000000116e-03
3.554998999999999876e-04 1.866994000000000075e-03 8.279811999999999459e-04
2.060467999999999870e-04 2.698334000000000149e-03 1.512258999999999956e-03
7.636995000000000155e-04 1.371103999999999943e-03 7.890982000000000269e-05
2.899455999999999908e-03 2.460328999999999815e-03 2.004825999999999917e-03
1.711694999999999948e-04 2.479717000000000206e-03 2.254809999999999887e-03
2.287574000000000118e-03 8.146615000000000063e-04 1.466691000000000002e-03
3.552172000000000250e-04 1.335365999999999940e-03 1.299714999999999898e-03
2.503000999999999924e-03 2.998358000000000013e-03 1.482641000000000037e-03
1.890390000000000039e-03 3.839989999999999940e-04 1.485250999999999932e-03
3.969215000000000113e-04 7.289078000000000484e-04 2.567540000000000100e-03
9.529163999999999690e-04 1.098470999999999953e-03 2.815462999999999820e-03
4.763748999999999848e-04 2.707335999999999857e-03 2.082933999999999827e-03
7.684404999999999621e-04 2.100627999999999784e-03 1.599778000000000051e-03
2.384053000000000127e-03 2.031858000000000102e-03 2.704653999999999912e-03
1.558785999999999939e-03 1.573107999999999928e-03 1.750137999999999878e-04
2.407319000000000212e-03 1.061410999999999952e-03 2.822198000000000154e-03
2.867161000000000015e-03 1.896719000000000052e-03 1.556901999999999982e-03
1.635923000000000065e-03 1.590753999999999996e-03 1.550858000000000119e-04
2.863154000000000133e-03 2.536979999999999878e-03 1.378576000000000064e-03
1.187200000000000017e-03 1.218345000000000018e-03 2.734677999999999935e-03
4.282965000000000014e-04 2.028554000000000121e-03 2.584097000000000043e-03
2.716671999999999837e-03 2.674928000000000028e-03 1.340377999999999925e-03
1.870375999999999983e-03 2.958511000000000040e-04 1.362509000000000029e-03
2.750050999999999884e-03 2.605932999999999947e-03 1.365090999999999917e-03
3.165201999999999989e-04 2.440858000000000177e-03 2.441814999999999958e-03
1.274572000000000075e-03 1.242637999999999902e-03 1.640971999999999982e-04
1.200579000000000012e-03 7.939082999999999557e-04 5.447219000000000540e-04
7.839436000000000408e-04 9.532969999999999769e-04 1.412445999999999927e-03
2.479382000000000027e-03 1.949729999999999996e-03 2.579285000000000171e-03
2.883060000000000006e-04 2.380596999999999921e-03 4.857750999999999596e-06
9.712180999999999636e-04 2.340905999999999803e-03 4.447012999999999667e-06
1.518681999999999931e-03 9.170686000000000376e-04 2.476060999999999887e-03
1.248636999999999924e-03 1.398553000000000079e-03 2.338550000000000004e-03
2.767727000000000208e-03 2.181526999999999945e-03 1.802912999999999955e-03
8.670153000000000538e-04 1.499565000000000013e-03 5.507079000000000234e-06
1.096284999999999957e-04 1.413147000000000014e-03 5.506534000000000225e-06
3.158147000000000038e-04 5.507726000000000094e-06 2.695646999999999800e-03
4.735690999999999989e-04 2.194751999999999901e-03 2.863841000000000216e-03
2.584930000000000040e-03 1.371592999999999944e-03 1.737520999999999901e-03
2.840230999999999919e-03 6.991307999999999674e-06 1.769872999999999932e-03
5.121087999999999986e-04 2.512027000000000010e-03 1.752221999999999894e-03
2.728162000000000122e-03 2.861614000000000171e-03 1.758559999999999941e-03
1.593678999999999972e-03 6.979135999999999717e-04 4.393298000000000233e-04
1.139147999999999984e-03 3.663970000000000226e-04 1.861243999999999963e-03
1.881375999999999925e-03 1.091357999999999955e-03 4.844038999999999718e-06
2.208556999999999881e-03 1.347380999999999926e-03 1.842642000000000021e-03
1.666941999999999870e-04 1.283304999999999993e-03 2.980973000000000043e-03
2.425595000000000008e-04 1.325360000000000036e-03 2.806774000000000161e-03
2.941894000000000019e-03 1.262992000000000108e-03 2.960178000000000036e-05
2.139990000000000035e-03 9.458859999999999762e-05 1.666125999999999979e-03
1.351874999999999995e-04 2.707992000000000211e-03 3.112004000000000300e-05
2.713661000000000025e-03 9.017778999999999639e-04 1.960578000000000147e-03
1.634896000000000049e-03 5.429131000000000451e-04 4.759821000000000180e-05
2.707654999999999784e-03 5.541394999999999958e-04 1.641412999999999987e-03
9.329154000000000092e-04 1.081441000000000002e-05 2.959548000000000213e-03
2.810304999999999921e-03 2.307491999999999963e-03 4.279884999999999766e-04
2.567535000000000130e-03 2.797071999999999840e-03 2.758715000000000125e-03
2.524956999999999983e-03 2.795441999999999979e-03 2.758705000000000185e-03
3.001998000000000080e-03 1.974800999999999987e-03 2.632568000000000061e-03
3.001998000000000080e-03 7.668768000000000503e-04 1.340016000000000080e-03
2.117436999999999792e-03 2.282359999999999879e-04 1.384643999999999979e-03
5.551962999999999820e-04 1.375155999999999991e-03 8.106446000000000008e-05
2.142975999999999995e-03 1.815594999999999926e-03 4.548356999999999726e-05
6.308145000000000028e-04 2.555536000000000179e-03 2.112044999999999895e-03
1.643952000000000011e-04 2.793321999999999992e-03 1.391890000000000119e-04
3.914596000000000221e-04 2.286129999999999933e-03 2.281158000000000144e-03
1.974596999999999811e-03 1.560313999999999928e-03 1.450747999999999968e-03
1.548855000000000023e-03 3.263911000000000199e-04 1.539488000000000098e-03
2.790679999999999810e-03 2.424823999999999903e-03 2.076895999999999951e-03
1.870223999999999975e-03 1.624924000000000030e-03 4.505549999999999985e-04
1.883232000000000092e-03 9.165096000000000180e-04 1.301588000000000116e-04
1.663977999999999985e-03 4.730512000000000085e-04 2.226051000000000158e-03
1.972358999999999918e-03 4.681124999999999739e-04 2.144460999999999850e-03
2.926186999999999799e-03 2.655127000000000181e-03 1.567856999999999975e-03
2.323206999999999876e-03 4.971177999999999756e-06 2.658067000000000069e-03
1.171665000000000038e-04 1.675983000000000030e-03 1.169822000000000049e-03
8.760388999999999720e-04 1.464236000000000053e-03 2.942993999999999992e-03
7.824127999999999639e-04 2.201738999999999961e-05 1.239653999999999973e-03
1.868206999999999984e-03 1.606903000000000021e-03 1.627441999999999995e-03
7.429152999999999376e-05 1.728509000000000035e-03 5.857125000000000135e-04
2.367330999999999862e-03 5.976964999999999787e-06 2.658128000000000053e-03
2.682094999999999792e-03 8.950129000000000244e-04 9.269853999999999898e-04
2.616078999999999887e-03 5.160311000000000542e-04 1.321118000000000032e-03
9.250479000000000037e-04 2.969472999999999818e-03 1.500962999999999907e-03
1.592154999999999937e-04 6.299186000000000238e-04 2.512891999999999860e-04
2.217576000000000182e-03 7.140487000000000266e-04 2.036402999999999998e-03
2.701137000000000156e-03 1.896171000000000098e-03 1.245652000000000087e-03
2.213609999999999970e-03 1.988152000000000070e-05 1.243479000000000025e-03
1.913198999999999976e-03 4.977872999999999630e-04 5.961946999999999993e-04
1.641412999999999987e-03 1.825135999999999989e-03 2.129937000000000150e-03
1.349362000000000001e-03 2.502566000000000122e-04 4.274794000000000055e-04
2.694170000000000072e-03 2.550001999999999998e-03 1.662426000000000051e-03
4.820614999999999991e-04 2.556435000000000131e-03 1.235421000000000002e-03
8.319393999999999921e-04 8.034351999999999813e-04 2.747246000000000063e-03
2.973434999999999967e-03 2.516477999999999944e-03 1.683461999999999936e-03
1.105852999999999958e-03 7.659933999999999970e-05 2.094222000000000184e-03
9.716322000000000110e-04 7.603402999999999681e-04 7.193380999999999560e-04
1.364586000000000097e-03 7.148630000000000435e-04 3.068152999999999896e-04
3.145706999999999865e-04 1.858166999999999978e-03 2.903827999999999791e-03
4.269327000000000061e-04 2.045353000000000188e-03 2.092880999999999995e-03
2.445300000000000078e-03 2.066968000000000191e-03 1.699950999999999893e-03
1.628707000000000071e-03 1.458206999999999993e-03 4.785389000000000136e-04
5.590909999999999500e-04 1.890703000000000088e-03 3.349203999999999994e-05
1.032410000000000098e-03 2.437532000000000067e-03 2.804286999999999926e-03
1.812617999999999998e-03 2.993676000000000236e-04 1.825163999999999996e-03
7.638713999999999791e-04 8.460247000000000383e-04 1.803406000000000019e-03
7.453243000000000021e-04 7.754657000000000520e-04 2.710662999999999875e-03
2.829860999999999922e-03 2.713661999999999932e-03 1.804314000000000005e-03
3.589237999999999804e-04 1.302215999999999920e-03 2.106955000000000199e-03
1.184890999999999982e-03 9.481423000000000108e-04 8.011258999999999525e-04
7.193381999999999901e-04 8.193903999999999467e-04 2.709965999999999851e-03
2.341747999999999833e-03 2.413841999999999811e-03 1.861379999999999936e-03
2.230100000000000051e-03 2.997523000000000201e-03 2.481338000000000033e-03
9.469477000000000138e-06 1.743523000000000078e-03 2.998104000000000133e-03
2.309722000000000164e-03 2.706964000000000072e-03 1.841601000000000002e-03
6.470571999999999956e-04 2.671094000000000159e-03 1.851456999999999929e-03
1.440185999999999984e-03 1.641204999999999964e-03 4.470642999999999948e-04
1.945295000000000097e-03 2.599535999999999947e-03 2.257129999999999987e-03
2.987675999999999873e-03 6.057556000000000182e-04 3.393655000000000087e-04
1.389641000000000053e-03 1.909766999999999932e-03 6.022220999999999477e-04
5.511573000000000297e-04 3.378936999999999934e-04 2.221087999999999969e-03
6.748051000000000353e-04 3.439170000000000074e-04 2.269549000000000046e-04
1.527284000000000063e-03 2.318248000000000184e-03 4.968540999999999598e-06
4.294705000000000007e-04 4.273082999999999894e-04 2.959244000000000197e-03
2.985937000000000140e-03 2.999082000000000137e-03 5.393423999999999711e-06
7.082615000000000221e-04 2.454309999999999912e-03 1.306066999999999948e-03
9.391250999999999982e-05 2.651530000000000033e-03 1.001860999999999941e-03
2.162976000000000048e-03 2.302942999999999950e-04 1.446180000000000035e-03
1.216447999999999965e-03 2.183084999999999973e-03 1.076700999999999976e-04
9.130339000000000337e-04 1.219391000000000008e-03 1.452003000000000104e-03
9.481383999999999819e-04 2.205124000000000146e-03 1.303062999999999921e-03
2.661903000000000186e-03 2.633261999999999929e-03 1.301477000000000103e-03
5.682263000000000114e-04 9.250479000000000037e-04 2.725679999999999856e-03
1.126312000000000000e-04 1.266909999999999998e-03 1.050924999999999971e-04
2.071852999999999802e-03 2.432535000000000047e-04 1.419859000000000095e-03
6.802775999999999528e-04 5.476068000000000168e-04 2.027332000000000179e-03
2.088917999999999938e-03 2.811731000000000039e-03 5.456623999999999546e-04
2.794744000000000048e-03 4.771016999999999793e-04 1.314031000000000010e-03
2.789269000000000037e-03 2.669134999999999997e-03 1.311726999999999945e-03
2.041583000000000026e-03 2.590505999999999798e-03 1.010154000000000087e-03
2.917203000000000157e-03 1.034701999999999974e-03 6.629661000000000018e-04
2.073917000000000208e-03 2.377077000000000009e-04 1.485439999999999981e-03
9.246194000000000331e-04 9.786877000000000250e-04 2.788695999999999905e-04
1.458656000000000015e-04 6.487259999999999685e-04 1.497244999999999913e-03
2.870536999999999828e-03 1.435218999999999948e-03 1.097764999999999895e-03
2.344231000000000006e-03 8.929974999999999827e-05 1.476216999999999937e-03
2.670080999999999930e-03 2.197141999999999910e-04 2.993188999999999832e-03
1.705958000000000040e-03 5.976964999999999787e-06 1.474161999999999998e-03
1.152901000000000013e-03 1.096466000000000015e-04 1.471744999999999998e-03
3.356119999999999980e-04 1.890736000000000066e-03 1.046203000000000107e-03
2.136056999999999800e-03 5.896684999999999600e-04 2.673931999999999958e-03
4.082867000000000054e-06 1.894218000000000030e-03 2.278141999999999927e-03
1.377301999999999953e-03 1.875686000000000107e-03 1.347018999999999918e-04
1.349025999999999914e-03 5.440644999999999813e-04 2.584523999999999936e-03
1.338575999999999959e-03 6.307049999999999592e-04 1.042654999999999971e-03
1.478177000000000007e-03 1.886227999999999993e-03 1.486703999999999988e-04
2.599731000000000090e-03 2.209074000000000107e-03 2.926910999999999922e-03
1.950766999999999952e-03 7.003838000000000077e-04 2.151305999999999965e-03
2.472843000000000176e-03 5.346529999999999512e-04 1.340346000000000072e-03
1.437869999999999947e-03 1.837174000000000012e-03 1.523704000000000074e-04
2.793696000000000026e-03 2.650574000000000159e-03 1.352029999999999942e-03
3.000495999999999876e-05 5.502013999999999733e-04 2.852758999999999850e-03
2.398096000000000168e-03 4.497204999999999779e-04 1.026741999999999976e-03
1.338065000000000044e-03 2.989987999999999847e-03 1.078226000000000054e-03
1.180943000000000053e-03 2.117540000000000058e-04 2.608506000000000128e-04
7.129407000000000365e-05 1.198966000000000094e-03 1.276283999999999925e-04
3.318595999999999829e-04 1.690408000000000015e-03 2.162073999999999940e-03
1.409094000000000058e-03 1.152040000000000008e-03 1.263491000000000050e-03
1.108260999999999925e-03 1.005189999999999990e-03 9.265917999999999941e-04
1.965779999999999871e-03 2.809568000000000135e-03 5.060896999999999531e-04
1.389115000000000011e-03 1.385581000000000096e-03 1.592312000000000024e-03
1.728507999999999911e-03 1.593360999999999953e-03 1.824122000000000016e-04
2.569914000000000074e-04 1.271982000000000061e-03 2.455892999999999791e-03
9.845837000000000512e-04 1.170383000000000100e-03 2.857632000000000141e-03
1.660477000000000047e-03 1.590868000000000056e-03 1.624084999999999938e-03
5.021535000000000365e-04 1.892175000000000063e-03 2.560492000000000150e-03
2.301137999999999881e-03 5.650318000000000338e-05 2.860829999999999970e-03
1.662436999999999899e-03 1.472687999999999992e-03 4.226952999999999982e-04
1.351119000000000018e-03 4.983927000000000368e-06 2.328694999999999984e-03
2.571449999999999864e-03 5.131451999999999672e-04 2.268953000000000202e-03
1.582281000000000052e-03 1.294477999999999948e-03 2.325514999999999787e-03
2.578495000000000092e-03 1.215434999999999953e-03 2.084874999999999923e-03
8.864851000000000415e-04 7.564266999999999519e-04 2.761023999999999944e-03
8.304786000000000416e-04 1.172868000000000088e-03 2.509943000000000157e-03
3.961513000000000165e-05 7.468785999999999611e-04 1.524076000000000077e-03
6.117314999999999689e-04 2.738400000000000209e-03 2.448834999999999901e-03
2.536459999999999930e-03 4.983842000000000351e-06 6.682787000000000362e-04
2.803256999999999971e-03 1.584359999999999935e-03 2.076224000000000212e-03
8.792289000000000007e-04 9.994055999999999372e-06 1.279947000000000029e-03
8.119273999999999675e-04 2.087507000000000002e-04 2.663650999999999953e-03
5.871841999999999947e-04 1.048672999999999966e-03 9.496684000000000028e-04
1.509464000000000075e-03 2.049379999999999952e-03 6.677594000000000021e-04
1.349523999999999949e-03 2.648292000000000007e-03 6.297454000000000506e-04
2.472445000000000198e-03 2.816300999999999787e-03 1.527078000000000072e-03
1.596353999999999915e-03 1.418633999999999997e-03 1.526751000000000020e-03
8.550142999999999632e-04 2.983274000000000060e-04 2.299373999999999862e-03
9.460170000000000601e-05 7.142691999999999748e-04 1.501296999999999961e-03
1.894644999999999923e-03 1.604677000000000100e-03 1.500784999999999923e-03
2.399796000000000020e-05 1.481536000000000094e-03 9.696728000000000378e-04
2.702344000000000187e-03 2.658067000000000069e-03 1.287935999999999942e-03
3.409055000000000245e-04 1.357612000000000011e-03 2.824777000000000104e-03
8.209552000000000169e-04 2.072445000000000016e-03 7.939144000000000301e-05
2.342285999999999847e-03 1.932761999999999978e-03 8.328420999999999860e-05
2.922436000000000044e-03 5.774625000000000027e-04 9.470853999999999905e-04
1.058717999999999942e-03 1.673381999999999951e-03 6.337085000000000331e-04
2.479388999999999812e-03 2.325690999999999956e-03 2.992772999999999788e-03
1.799096000000000164e-05 5.000719000000000258e-04 2.191591000000000112e-03
1.501750000000000064e-06 8.379464000000000313e-04 1.954833000000000005e-03
1.501750000000000064e-06 1.792296999999999987e-03 2.916367999999999912e-03
3.001998000000000080e-03 1.452904999999999995e-03 1.142124999999999911e-03
3.001998000000000080e-03 1.858611000000000030e-03 1.899714000000000047e-03
1.501750000000000064e-06 1.401132999999999936e-03 1.853714999999999920e-03
1.501750000000000064e-06 2.056099000000000034e-03 1.608894000000000036e-03
1.501750000000000064e-06 2.132038000000000162e-03 1.967734999999999970e-03
1.934224000000000013e-03 5.736985000000000435e-04 6.217545000000000320e-04
1.441807000000000028e-03 2.486860999999999933e-03 1.784049000000000008e-03
1.558684999999999975e-03 2.569497999999999921e-03 1.967262000000000004e-03
2.177431999999999979e-03 5.646279999999999615e-04 2.285769999999999903e-03
8.679814000000000106e-04 2.555948000000000161e-03 2.085953000000000199e-03
2.839018000000000010e-03 2.257886000000000181e-03 1.982010000000000087e-04
2.267588000000000069e-03 1.837568000000000090e-04 1.346292999999999926e-03
2.576973000000000198e-03 2.042410000000000145e-03 7.178665000000000089e-04
1.012148999999999948e-03 1.211912000000000102e-03 1.988240999999999967e-03
2.679199000000000164e-03 2.048357000000000216e-03 2.405833999999999924e-03
4.986110000000000412e-04 1.951974999999999891e-04 2.670080999999999930e-03
2.117405000000000101e-04 6.036735000000000538e-04 8.627100000000000393e-04
1.842667000000000090e-03 2.573555999999999847e-03 1.265974999999999913e-03
1.184881000000000042e-03 8.304677000000000109e-04 2.999556000000000010e-03
5.705940000000000125e-06 5.646880000000000389e-04 9.735564000000000153e-04
1.339591000000000002e-03 1.874213999999999915e-03 2.938161999999999805e-03
2.408776999999999967e-03 1.176745999999999999e-04 1.741988999999999994e-03
1.286983000000000007e-03 1.796122999999999947e-03 1.701723000000000038e-03
2.216548999999999950e-03 2.579263999999999949e-03 2.608549999999999845e-03
1.312498999999999957e-03 9.130304000000000328e-04 8.154546999999999837e-04
6.608000000000000158e-04 1.543831999999999973e-03 7.077694999999999733e-04
1.930698000000000006e-03 5.519318999999999528e-04 5.706345000000000471e-04
1.686236000000000028e-03 2.642780000000000064e-04 1.877156999999999958e-03
1.907754000000000004e-03 2.727208000000000063e-03 1.271977999999999998e-03
8.440135999999999993e-04 2.280901000000000109e-03 1.084967999999999957e-03
2.121973000000000088e-03 1.336526999999999897e-03 2.973898999999999900e-03
1.814663999999999904e-03 1.069276000000000081e-03 2.245504000000000109e-04
1.063209000000000072e-03 2.999564000000000136e-03 1.479223999999999904e-03
4.024389999999999868e-04 1.820151000000000104e-03 1.754073999999999998e-03
2.275618999999999938e-04 1.772034999999999930e-03 1.265028000000000073e-03
2.033399999999999878e-03 4.805300000000000088e-04 7.509049999999999536e-04
1.261769999999999949e-04 2.064882999999999996e-03 2.586044000000000016e-03
6.727540000000000169e-04 8.759756999999999960e-04 2.826262999999999866e-03
2.120500999999999896e-03 2.357542999999999867e-04 1.497496000000000070e-03
7.576110999999999740e-04 1.617397000000000019e-03 2.679092000000000105e-03
1.805133999999999905e-03 2.997463000000000124e-03 4.488073000000000084e-04
2.909023000000000164e-03 2.540990999999999823e-03 2.349979999999999886e-04
2.544676000000000056e-03 2.513898999999999995e-03 1.345538000000000073e-03
2.695635999999999952e-03 1.051194999999999994e-03 2.501885000000000133e-03
1.802130000000000095e-03 1.358817999999999972e-04 2.396823000000000183e-03
7.178665000000000089e-04 2.999129000000000118e-03 9.273636000000000466e-04
2.301109999999999874e-03 2.679828999999999892e-03 1.839668999999999940e-03
2.721200999999999915e-03 6.247579999999999974e-04 2.616017999999999902e-03
1.522804999999999905e-03 5.151001999999999578e-04 1.777645999999999914e-03
1.400194999999999912e-03 2.336753000000000007e-03 2.150932999999999838e-03
6.442582999999999773e-04 7.989610999999999762e-04 2.717111999999999826e-03
1.648951999999999970e-03 2.486471000000000080e-03 8.980465000000000761e-06
1.682259999999999984e-04 8.614424000000000517e-04 2.999542999999999914e-03
3.499204999999999915e-04 2.350487999999999970e-03 1.327904999999999952e-05
1.306553000000000011e-03 2.699089000000000002e-03 4.431711999999999761e-06
5.418880999999999525e-04 1.563116999999999935e-03 7.339648000000000645e-05
1.321840000000000070e-04 5.976964999999999787e-06 2.099446000000000092e-05
1.620144000000000011e-03 6.655332000000000131e-04 4.319516000000000132e-04
2.943990000000000062e-03 2.619021999999999930e-03 2.955413999999999958e-03
3.401119999999999990e-04 1.680899999999999929e-03 2.999091000000000170e-03
6.229688999999999843e-04 7.609595000000000248e-04 2.954182000000000075e-03
5.466670000000000296e-04 2.862780000000000099e-03 4.355799999999999868e-05
5.721753999999999903e-04 6.109706999999999812e-04 2.954892000000000195e-03
1.297542000000000053e-03 2.869847999999999930e-03 5.403295999999999978e-05
2.884419999999999953e-03 2.953157000000000091e-03 2.659383999999999880e-03
6.431845000000000487e-04 2.477440999999999931e-03 5.976964999999999787e-06
1.896483000000000023e-03 2.698407999999999796e-03 2.995218000000000012e-03
1.510730000000000059e-03 1.875251000000000088e-03 2.658097000000000107e-04
1.757607000000000006e-03 5.549214000000000230e-04 3.747094000000000076e-04
2.390231999999999947e-03 1.568553999999999999e-03 3.737303000000000088e-04
7.641390999999999765e-04 7.165827999999999521e-04 2.725486000000000054e-03
2.639350999999999850e-03 2.151220000000000129e-03 2.812542999999999814e-04
3.099364000000000197e-06 1.082765999999999980e-03 2.870363000000000016e-04
1.566066999999999980e-03 2.291117999999999974e-03 2.971013000000000213e-03
1.647419999999999917e-03 1.541868999999999965e-03 2.732885000000000110e-04
1.340520999999999900e-03 1.721127000000000030e-05 2.715810999999999941e-04
1.952575000000000122e-04 2.222290000000000029e-04 2.234725999999999922e-04
2.131930000000000196e-03 2.667549999999999869e-03 2.674610999999999916e-03
2.229781000000000124e-04 2.245106000000000185e-03 2.401078000000000066e-03
1.800581000000000100e-03 4.397605999999999786e-06 2.403513999999999824e-03
1.230720000000000034e-03 1.539297000000000018e-03 2.405772999999999939e-03
2.545444000000000005e-03 8.657334999999999944e-04 2.445487999999999785e-04
5.481409000000000021e-04 1.588821000000000027e-03 3.784109999999999926e-04
8.457248000000000109e-04 1.857668000000000036e-03 3.286302000000000168e-04
1.692226000000000017e-03 1.701732000000000071e-03 3.348901999999999738e-04
9.724198999999999560e-04 1.400881000000000088e-03 3.328375000000000062e-04
2.130982999999999922e-03 2.103953999999999894e-03 2.964893000000000129e-03
1.887704000000000031e-03 1.347326000000000036e-03 2.669560000000000075e-03
8.103887000000000156e-04 1.261169999999999989e-04 3.603899999999999834e-04
1.752541000000000038e-03 6.832957000000000180e-04 3.509685000000000127e-04
2.422773999999999935e-03 6.637435000000000123e-04 3.381468999999999794e-04
2.581523000000000064e-03 5.241159000000000009e-04 3.383346000000000183e-04
1.066198000000000053e-04 2.850291000000000022e-03 2.665811000000000135e-03
2.926910999999999922e-03 7.806095999999999402e-05 2.668818999999999792e-03
1.045188000000000063e-03 7.505746000000000152e-05 2.668601000000000046e-03
1.272431000000000083e-03 1.124814000000000022e-03 2.665359999999999865e-03
2.168497000000000133e-03 2.150476000000000124e-03 3.033932999999999942e-04
2.517486000000000203e-03 2.329655999999999828e-03 2.492462999999999883e-03
1.608374000000000088e-03 2.737689000000000181e-03 3.058151000000000055e-04
1.709709999999999919e-03 1.576775999999999894e-04 2.683626000000000154e-03
2.653824999999999847e-03 1.545298999999999978e-03 1.213968000000000029e-04
4.269405000000000097e-04 8.537077000000000120e-04 1.514378000000000089e-04
5.736384999999999661e-04 2.868228000000000010e-04 2.722660999999999918e-03
1.573804000000000045e-03 6.588434999999999474e-04 4.125476000000000208e-04
5.971417999999999822e-04 3.206514000000000044e-04 2.716239999999999974e-03
1.407134999999999896e-03 4.423366000000000197e-06 4.131835000000000260e-04
3.694004999999999880e-04 9.256363999999999998e-04 8.558301999999999837e-05
3.431126999999999853e-04 7.305642000000000212e-04 8.560008999999999988e-05
2.437330000000000139e-03 4.188152000000000351e-06 4.169533000000000115e-04
4.950266999999999949e-04 2.830794000000000192e-03 2.446347000000000192e-03
3.198739999999999938e-04 1.946297999999999952e-03 2.353056999999999978e-03
7.704034999999999703e-04 1.825054999999999907e-03 2.718884999999999878e-03
9.040535000000000002e-06 4.508253999999999680e-05 1.986571000000000127e-04
1.473006999999999919e-03 1.875675000000000042e-03 1.997283000000000034e-04
1.907230000000000101e-04 4.630372000000000329e-05 2.042079999999999937e-04
1.771339000000000030e-03 1.650676999999999917e-03 1.941706999999999873e-04
2.524643000000000026e-03 2.164016999999999850e-03 2.162819999999999868e-04
1.444713999999999937e-03 1.892234999999999924e-03 2.192255000000000104e-04
5.653767000000000514e-04 7.395760000000000355e-04 2.211947999999999985e-04
4.325339999999999892e-04 2.172794000000000027e-03 3.859598999999999907e-04
5.813854999999999718e-04 1.464205000000000107e-03 2.053008000000000046e-04
2.128929999999999798e-03 2.136991999999999885e-03 1.621589999999999902e-04
1.520492999999999931e-03 2.131194999999999791e-03 2.426114000000000048e-03
4.926040000000000019e-04 2.293956000000000207e-03 1.587407000000000097e-04
2.235225000000000135e-04 2.989978999999999814e-03 1.549358999999999882e-04
4.272214000000000090e-04 2.578497999999999814e-03 2.764271000000000002e-03
2.572935000000000152e-03 2.462900000000000072e-03 1.359289999999999977e-03
7.794081999999999486e-04 9.596071999999999762e-04 1.362081000000000012e-03
8.236111000000000061e-05 1.399601000000000100e-03 1.365087000000000071e-03
2.649056999999999801e-03 1.477751999999999928e-03 1.362277999999999970e-03
2.500041999999999738e-04 2.446111999999999852e-03 1.389122999999999920e-03
3.052932999999999862e-04 2.350243000000000124e-03 1.377893000000000043e-03
2.058120999999999996e-03 2.650146999999999833e-03 2.840754000000000022e-03
3.341120000000000157e-04 2.312724999999999850e-03 1.380350000000000023e-03
2.261604999999999865e-03 5.210266999999999628e-06 2.844283999999999875e-03
2.838297999999999841e-04 1.483285999999999893e-03 2.037881999999999975e-03
6.522025000000000088e-04 8.176699000000000163e-04 2.766193000000000124e-03
9.994502999999999200e-04 3.796863999999999838e-04 2.059691000000000213e-03
2.395280999999999973e-03 2.036342999999999921e-03 2.522378999999999941e-03
2.686207999999999825e-03 2.518227999999999960e-03 1.323048999999999970e-03
1.215977999999999937e-03 2.434331999999999989e-03 1.322253999999999921e-03
1.501449999999999931e-04 2.315667999999999893e-03 1.324709999999999993e-03
2.497414999999999791e-03 1.921802000000000015e-03 2.585454000000000051e-03
6.337685000000000020e-04 9.033395999999999527e-04 2.050334999999999918e-03
5.328899999999999479e-04 1.203337000000000070e-03 1.340826999999999948e-03
2.882280999999999992e-03 2.703866000000000082e-03 1.339530999999999925e-03
3.754074999999999730e-04 5.530729999999999544e-04 1.342534000000000045e-03
3.454325000000000169e-04 4.219917000000000004e-04 1.341266000000000029e-03
2.548905000000000181e-03 3.063270000000000099e-04 1.346282999999999985e-03
2.596536999999999890e-03 2.106511000000000147e-03 1.457945999999999895e-03
2.773732000000000107e-03 2.356680999999999793e-03 2.010407000000000079e-03
2.365251000000000072e-03 2.805825999999999980e-03 1.454409999999999948e-03
1.854661000000000070e-03 1.608120999999999899e-03 1.461457999999999898e-03
2.087462999999999905e-03 2.417926999999999999e-04 1.448978000000000071e-03
2.333749999999999887e-03 1.036206999999999954e-04 2.527643999999999898e-03
2.268201000000000071e-03 7.966397000000000495e-04 2.017075000000000118e-03
2.697113000000000115e-03 2.709187000000000053e-03 2.832270000000000013e-03
8.426793000000000347e-04 2.455126000000000183e-03 2.572704999999999784e-03
1.885121999999999926e-03 4.009865999999999734e-04 1.478438000000000105e-03
6.772914999999999578e-04 1.098021999999999930e-03 2.770526000000000152e-03
2.157230999999999906e-03 2.991911999999999783e-03 1.485229999999999927e-03
2.019642999999999786e-03 6.186909999999999892e-04 1.483759000000000076e-03
2.002790999999999860e-03 1.039180999999999916e-03 1.484272999999999929e-03
2.919432000000000017e-03 2.985924000000000043e-03 1.473216000000000065e-03
2.177506999999999967e-03 5.646880000000000389e-04 1.402180999999999957e-03
1.421909999999999971e-03 7.538484999999999501e-04 2.031082999999999934e-03
2.773935999999999850e-03 2.671384000000000172e-03 1.394175000000000102e-03
3.134480000000000100e-06 2.419517999999999842e-03 1.393654000000000030e-03
2.926901999999999889e-03 2.499632999999999803e-03 1.399660999999999961e-03
6.860511999999999817e-04 2.992984000000000182e-03 2.028869999999999892e-03
1.519070999999999876e-04 2.431094999999999871e-03 1.437172999999999923e-03
2.100710999999999898e-03 2.528532000000000002e-04 1.427221999999999909e-03
6.675036999999999767e-04 2.316265999999999985e-03 1.197670000000000071e-03
1.572594999999999982e-03 7.929541000000000454e-04 1.209683000000000026e-03
8.694990999999999571e-04 1.430381999999999987e-05 1.209678999999999963e-03
2.658097000000000107e-04 1.215158999999999944e-03 2.518422000000000195e-03
2.848820000000000172e-03 4.409149999999999959e-06 2.110166000000000125e-03
3.431681999999999783e-05 8.819776999999999565e-04 1.187883999999999945e-03
1.524647999999999975e-04 1.662634999999999981e-03 1.184872999999999916e-03
1.636905000000000077e-04 2.696697999999999977e-03 1.186351999999999893e-03
2.355740000000000047e-04 2.132184999999999983e-04 1.195422999999999928e-03
6.740382000000000274e-04 2.290407999999999854e-03 2.758711999999999970e-03
2.507922000000000211e-04 2.676561999999999952e-03 2.097701999999999900e-03
9.023139999999999807e-04 1.145848999999999999e-03 2.120440999999999819e-03
2.914649000000000059e-03 2.440101999999999983e-03 1.154063000000000094e-03
3.308311999999999776e-04 1.491036000000000054e-03 1.140612000000000049e-03
7.051088000000000277e-04 7.633364000000000121e-04 2.758912000000000083e-03
8.699523000000000022e-04 4.190715999999999976e-06 1.181643999999999924e-03
2.612744999999999868e-04 1.563322000000000019e-03 1.165791000000000006e-03
9.295831999999999533e-04 3.973784999999999766e-06 1.174338000000000031e-03
4.935039000000000033e-05 5.413516000000000161e-04 2.853355000000000127e-03
7.826626999999999629e-04 5.597109999999999542e-04 1.293950999999999999e-03
1.885067999999999889e-04 4.991353000000000456e-04 1.293003999999999942e-03
2.277730999999999853e-03 3.996750999999999708e-06 1.292996999999999940e-03
2.986977000000000035e-03 1.473431999999999997e-03 2.073927000000000149e-03
3.559107999999999738e-04 2.001058000000000003e-03 1.309555999999999915e-03
6.890934999999999509e-04 2.109974000000000138e-03 1.303548999999999984e-03
1.112993000000000055e-03 2.868341999999999854e-04 2.589047000000000136e-03
2.559538000000000091e-03 5.028511999999999739e-04 1.301216000000000005e-03
2.542258999999999838e-03 2.703708999999999887e-03 1.306492000000000027e-03
9.536060999999999973e-04 1.884700000000000004e-03 2.084458999999999878e-03
1.254901000000000107e-03 1.650168999999999941e-03 1.242203000000000101e-03
1.294538999999999933e-03 2.024389000000000136e-03 1.238703000000000070e-03
5.556775000000000343e-04 1.991881999999999941e-03 2.705709000000000152e-03
2.536215000000000084e-03 2.710667999999999845e-03 1.271984000000000092e-03
2.000300999999999902e-03 9.716183000000000415e-05 1.270510999999999993e-03
1.801799999999999994e-04 1.723979000000000050e-03 1.276924999999999935e-03
7.974291999999999579e-04 2.791750999999999868e-03 2.077166000000000082e-03
2.700176999999999786e-03 2.907418000000000155e-03 2.079146000000000032e-03
2.963912999999999878e-03 2.676670999999999825e-03 1.746301999999999924e-03
1.232938999999999953e-03 1.668687999999999986e-03 1.755541999999999910e-03
1.542303000000000077e-03 2.884862000000000190e-03 1.755536999999999940e-03
6.294822999999999955e-04 3.348201999999999694e-05 1.738996000000000031e-03
2.420280999999999876e-04 1.243479000000000025e-03 2.552945000000000041e-03
2.494652999999999888e-03 1.023466999999999910e-03 2.799713000000000115e-03
1.922791000000000083e-03 1.737957000000000043e-03 1.740949000000000099e-03
1.614388999999999928e-03 3.476872000000000209e-04 1.778042000000000077e-03
5.153135000000000528e-04 2.682094999999999792e-03 1.772095000000000007e-03
9.448386000000000241e-04 1.985283000000000013e-03 1.774346999999999903e-03
1.617638000000000019e-03 3.228810000000000143e-04 1.782132999999999981e-03
1.096308000000000048e-03 4.406554999999999690e-06 1.782829000000000098e-03
1.317042000000000039e-03 1.714554000000000078e-03 1.758304999999999937e-03
2.184604000000000146e-03 6.003995999999999834e-05 1.694004000000000039e-03
2.535668999999999944e-03 1.948216000000000010e-03 2.552945000000000041e-03
2.282359999999999879e-04 1.981866000000000096e-03 1.714276999999999945e-03
2.556009000000000145e-03 2.499466000000000101e-03 1.845218999999999939e-03
1.794358999999999928e-03 9.930722999999998940e-04 1.887695999999999905e-03
2.019603000000000023e-03 1.647189000000000075e-03 1.851407000000000009e-03
1.854661000000000070e-03 9.683778999999999564e-04 1.842887000000000084e-03
2.136045999999999952e-03 1.650449999999999921e-03 1.890954000000000029e-03
1.896902999999999914e-03 1.696947000000000082e-03 1.868897000000000006e-03
2.315667999999999893e-03 4.149255999999999869e-06 1.881945000000000102e-03
1.321569999999999993e-03 2.248120000000000153e-03 1.863875999999999988e-03
1.953526000000000134e-03 1.654897999999999916e-03 1.861456000000000048e-03
1.950513999999999980e-03 1.650165000000000095e-03 1.903664000000000007e-03
9.887089999999999421e-04 2.224082000000000055e-03 1.902952000000000072e-03
2.830787999999999881e-03 1.844862999999999972e-03 1.803607000000000040e-03
9.744390000000000126e-04 1.037944999999999970e-03 2.791520000000000026e-03
1.984749000000000062e-03 1.652372999999999949e-03 1.895177999999999967e-03
1.865143000000000096e-03 2.106957000000000014e-03 1.892922999999999915e-03
2.225159999999999898e-03 8.605026999999999902e-04 1.812613999999999935e-03
2.584752000000000056e-03 2.554905000000000110e-03 1.809852000000000032e-03
2.464379999999999956e-03 2.485646000000000209e-03 1.897498000000000067e-03
2.541681999999999969e-03 2.507203999999999856e-03 1.897152999999999947e-03
2.428543000000000021e-03 2.724143999999999958e-03 2.543933999999999866e-03
1.098023000000000055e-03 1.657491000000000086e-03 1.549835999999999965e-03
1.512012999999999985e-03 2.233244000000000060e-04 1.554554999999999999e-03
3.318796000000000268e-04 3.741384999999999958e-04 1.543829000000000035e-03
1.428943000000000010e-03 2.998282000000000117e-03 1.533735000000000046e-03
2.292922000000000189e-03 1.674694999999999916e-03 1.987052999999999910e-03
2.987206999999999970e-03 2.569745999999999923e-03 1.543242999999999915e-03
6.512087000000000387e-04 8.008830999999999893e-04 2.819568000000000161e-03
5.512494000000000080e-05 1.067505999999999967e-03 1.569328999999999950e-03
2.996799000000000077e-03 4.381147999999999918e-06 2.817993999999999881e-03
2.423854999999999933e-03 1.861870000000000116e-04 1.575777999999999901e-03
1.551503000000000083e-03 2.956416000000000122e-04 1.560313999999999928e-03
2.683627000000000061e-03 2.527441999999999970e-03 1.564379000000000073e-03
9.201291000000000331e-04 5.429157999999999901e-04 1.979275999999999865e-03
2.285694000000000007e-03 2.435807999999999810e-03 1.563528999999999917e-03
4.310022000000000050e-04 2.334970000000000014e-03 1.501303999999999963e-03
1.609905999999999924e-03 5.736985000000000435e-04 2.567962000000000022e-03
9.670968999999999529e-04 5.399022999999999756e-04 1.997772999999999997e-03
6.787609999999999477e-04 9.175598000000000304e-04 1.507787000000000016e-03
2.911641999999999876e-03 3.646793999999999969e-04 1.505466999999999916e-03
1.028262000000000056e-03 1.188133999999999978e-03 2.826846000000000046e-03
2.287953000000000122e-03 2.816569000000000104e-03 1.511821999999999906e-03
1.005739000000000069e-03 1.893472999999999901e-03 1.518501999999999916e-03
1.779568999999999943e-03 1.807393000000000020e-03 1.992045000000000014e-03
2.975218999999999867e-03 5.211089000000000346e-04 1.647667000000000012e-03
2.194069999999999788e-03 1.208536999999999979e-04 1.644424000000000016e-03
1.033760000000000104e-03 1.549257999999999972e-03 1.654897999999999916e-03
2.176027000000000083e-03 7.960801000000000151e-05 1.653851000000000019e-03
2.866062999999999857e-03 8.770521000000000523e-04 1.641415000000000018e-03
1.178546000000000015e-04 2.917837999999999964e-04 1.674448999999999946e-03
2.192999000000000163e-03 7.923684999999999539e-04 1.669389999999999980e-03
2.383714999999999792e-03 2.171499999999999819e-03 1.675506999999999908e-03
2.954894999999999917e-03 5.321777000000000191e-04 1.657962000000000021e-03
5.453371999999999734e-04 1.430225000000000029e-03 1.656429999999999968e-03
2.935497000000000020e-03 2.666391000000000160e-03 1.662861999999999977e-03
5.592111000000000304e-04 1.427735999999999979e-03 1.665430000000000079e-03
6.500549999999999688e-04 2.434536000000000165e-03 1.578350999999999973e-03
6.356890000000000457e-04 2.974184999999999850e-03 1.587613999999999996e-03
2.640046000000000059e-03 2.527182000000000213e-03 1.588821000000000027e-03
1.788152000000000101e-03 1.507036000000000009e-03 1.617376999999999921e-03
4.689726999999999763e-04 5.106250000000000112e-04 1.628452999999999975e-03
2.172092999999999940e-03 1.877156999999999958e-03 1.963733999999999966e-03
5.369128000000000138e-04 1.656424000000000091e-03 1.614620999999999895e-03
2.254564000000000134e-03 1.409712999999999938e-03 6.842458999999999738e-04
8.692685999999999599e-04 7.083013999999999402e-05 2.740941000000000211e-03
5.481394999999999584e-04 2.821993000000000071e-03 2.639363000000000039e-03
2.151220000000000129e-03 5.721676999999999666e-04 2.269576000000000145e-03
7.928939000000000082e-04 1.231464999999999947e-03 6.777337999999999722e-04
1.388062999999999927e-03 2.179091000000000188e-03 7.117995000000000008e-04
1.289552000000000016e-03 2.258602000000000179e-03 7.087960000000000354e-04
1.501449999999999931e-04 1.797839999999999985e-03 2.259885000000000106e-03
1.510730000000000059e-03 2.395303000000000102e-03 6.921006999999999854e-04
7.035334999999999549e-04 7.165785000000000037e-04 2.740942000000000118e-03
1.281774000000000064e-03 6.082105999999999667e-04 6.367719999999999674e-04
7.844685999999999586e-04 2.061835000000000089e-04 2.643110000000000164e-03
1.229145000000000064e-03 1.797603000000000048e-03 2.280907999999999894e-03
2.138053000000000002e-03 1.763023999999999971e-03 6.352407999999999709e-04
2.399243000000000122e-03 1.639416999999999893e-04 6.277014999999999938e-04
1.057201999999999925e-03 2.999373000000000056e-03 6.202220999999999516e-04
1.869697999999999933e-03 4.752666999999999808e-04 6.674981000000000187e-04
8.394782000000000155e-04 1.133382000000000053e-03 6.562621999999999726e-04
1.998822999999999833e-03 2.849247999999999972e-03 6.505022999999999535e-04
1.272766000000000072e-05 1.763763000000000006e-03 2.257126999999999831e-03
2.638581000000000086e-03 1.312498999999999957e-03 7.823882999999999576e-04
3.348978000000000176e-04 1.220937000000000064e-03 7.789815000000000498e-04
1.868735000000000058e-03 2.163085999999999828e-03 2.237577000000000142e-03
1.268976000000000002e-03 1.271980999999999936e-03 7.734031000000000152e-04
2.859883000000000130e-03 2.513898999999999995e-03 2.911636999999999906e-03
2.308440000000000145e-03 4.391885000000000049e-06 8.124503000000000367e-04
2.061457999999999954e-03 5.421214999999999628e-04 7.285542999999999577e-04
1.435642999999999902e-03 1.561850000000000044e-03 7.641374000000000473e-04
8.542523000000000000e-04 1.820091000000000027e-03 7.611847999999999835e-04
2.978212999999999954e-03 2.533009000000000129e-03 2.916367999999999912e-03
1.386358999999999985e-03 1.872689999999999988e-03 5.002938000000000177e-04
2.953949999999999892e-03 2.999308000000000009e-03 5.046179999999999720e-04
1.993767000000000022e-03 4.854912999999999980e-04 5.092964000000000388e-04
2.597955999999999898e-04 1.496460999999999928e-03 2.323227000000000191e-03
1.656436000000000063e-03 2.971974000000000057e-03 2.326640000000000045e-03
2.054946000000000203e-03 1.071532999999999947e-03 4.910739999999999810e-04
1.166623000000000096e-03 1.542285999999999917e-03 5.120940000000000474e-04
1.886918999999999923e-03 5.030726000000000121e-04 5.153450999999999865e-04
2.452557000000000174e-03 1.156455000000000026e-04 2.341000000000000199e-03
2.308174000000000076e-03 2.505985000000000070e-03 4.520257999999999980e-04
1.208660999999999980e-03 2.470378999999999978e-03 4.518139999999999808e-04
1.314274999999999948e-03 2.387711999999999951e-04 4.614640000000000256e-04
2.532391000000000156e-03 1.551006999999999972e-04 2.731426999999999813e-03
5.460786999999999933e-04 1.420208000000000061e-03 4.488068999999999804e-04
2.749708000000000013e-03 9.483841999999999923e-04 4.494612000000000260e-04
1.007903000000000097e-03 2.730151000000000105e-03 4.764869999999999934e-04
2.867082999999999871e-03 2.538093000000000163e-04 2.334165000000000025e-03
1.623155000000000040e-03 7.424207999999999849e-04 4.670502999999999894e-04
7.035327000000000074e-04 1.755107000000000108e-03 2.656158000000000043e-03
1.110228999999999903e-03 2.413559000000000017e-03 4.642763999999999854e-04
1.719132000000000060e-04 1.489158000000000083e-04 4.730490999999999971e-04
1.305453999999999946e-03 5.380721999999999675e-04 4.708358000000000161e-04
1.932324000000000021e-03 5.353391000000000529e-04 5.901876999999999601e-04
7.013168999999999870e-04 2.090990999999999943e-03 5.964387999999999721e-04
2.310405000000000184e-03 1.349284999999999981e-03 5.931973999999999797e-04
1.949240999999999994e-03 5.856525000000000446e-04 5.816260000000000180e-04
2.856763000000000011e-03 1.883164000000000105e-03 5.796455000000000054e-04
1.408610999999999934e-03 1.802070000000000017e-03 5.809745000000000057e-04
2.974721999999999957e-03 2.578304999999999920e-03 2.929920999999999828e-03
1.091343999999999951e-03 1.004670999999999949e-03 2.289381000000000055e-03
2.261604999999999865e-03 2.793284999999999952e-03 6.172168000000000229e-04
1.581343999999999935e-03 2.924341000000000006e-03 6.142275999999999465e-04
2.503427999999999817e-03 2.047831999999999864e-03 2.289724999999999833e-03
2.876800000000000104e-03 1.545560000000000076e-03 5.501924999999999741e-04
1.968792999999999932e-03 2.875075999999999847e-03 5.331129999999999897e-04
3.000365999999999971e-03 3.844780000000000007e-04 5.326785000000000330e-04
3.797291999999999963e-04 2.679092000000000105e-03 5.400755999999999829e-04
2.383301999999999903e-03 2.063374000000000198e-03 5.391376999999999932e-04
1.941781999999999970e-03 5.661597000000000201e-04 5.391451000000000229e-04
1.970266000000000031e-03 5.208762000000000461e-04 5.689536999999999936e-04
1.953528999999999856e-03 5.418785999999999655e-04 5.754252999999999538e-04
1.893457000000000083e-03 5.030861999999999877e-04 5.741140999999999519e-04
8.282523000000000185e-04 2.205015999999999964e-04 2.302378999999999797e-03
1.622607999999999993e-03 1.980804999999999979e-03 5.586210000000000307e-04
2.062691000000000177e-03 1.647425000000000105e-03 2.307763000000000002e-03
2.527386999999999863e-04 2.888068000000000145e-03 5.526739999999999604e-04
2.812352000000000168e-03 2.100717000000000209e-03 5.641001999999999562e-04
2.918964000000000020e-03 6.294776000000000191e-04 2.166251000000000114e-03
2.099446000000000092e-05 1.674252999999999896e-03 2.883389999999999998e-03
1.738996000000000031e-03 1.677249999999999922e-03 1.019925000000000085e-03
2.867780999999999803e-03 1.369626000000000090e-03 1.010683000000000067e-03
2.333179999999999803e-03 7.478736999999999611e-06 1.011455999999999987e-03
1.358746000000000086e-04 2.710209999999999789e-03 1.043508999999999973e-03
9.213491000000000519e-04 4.125712999999999881e-06 1.035480000000000081e-03
2.117436999999999792e-03 1.614142999999999958e-03 2.160243999999999966e-03
2.731453000000000006e-03 2.989200999999999924e-03 2.159959999999999831e-03
2.486868000000000151e-03 2.151998000000000019e-03 2.889813000000000191e-03
6.262282000000000091e-04 1.359076999999999985e-03 2.185045000000000043e-03
2.940396000000000069e-03 2.127720000000000045e-03 2.136544000000000203e-03
4.362211999999999969e-04 2.041311000000000080e-03 2.128211000000000078e-03
6.652751999999999624e-04 2.925789000000000254e-04 1.140280000000000026e-03
1.519724000000000075e-03 3.153974999999999834e-04 2.880386999999999878e-03
2.218320000000000188e-03 1.314024000000000008e-03 1.128057999999999925e-03
6.862997000000000455e-04 7.972183000000000307e-04 2.706122999999999949e-03
6.577364999999999731e-04 7.563237999999999905e-04 2.880909999999999981e-03
6.312858000000000401e-04 7.734037000000000030e-04 1.061735000000000066e-03
2.369326000000000158e-03 4.940654999999999743e-04 1.066958000000000012e-03
1.037270000000000076e-03 1.696414000000000038e-03 2.751926999999999932e-03
2.830800000000000070e-03 1.304793999999999963e-03 1.046299000000000100e-03
2.467369000000000073e-03 2.858265999999999932e-03 2.142994000000000062e-03
9.899015000000000158e-04 1.102836000000000051e-03 2.877904000000000139e-03
2.515181999999999921e-03 1.452300999999999972e-04 1.085777000000000009e-03
1.987866999999999987e-04 2.411780000000000087e-03 1.092029999999999910e-03
1.335051999999999984e-03 2.917117999999999794e-03 1.089549999999999894e-03
2.245543999999999926e-03 2.195006000000000214e-03 1.076996999999999894e-03
2.083122000000000185e-03 1.695698999999999948e-03 2.608783999999999843e-03
1.402664999999999988e-03 1.856133000000000045e-03 2.210127000000000098e-03
2.622025000000000050e-03 2.679152000000000183e-03 2.211873999999999958e-03
2.486868000000000151e-03 3.827053999999999764e-04 8.634982000000000464e-04
1.844545000000000006e-04 2.723447999999999841e-03 8.655636999999999880e-04
1.609158000000000073e-03 2.513206999999999941e-03 8.667050999999999835e-04
2.778940000000000143e-03 2.088923999999999816e-03 2.207541999999999838e-03
1.818193999999999973e-03 1.628614999999999924e-03 8.967965000000000051e-04
1.175877000000000085e-03 2.737713000000000126e-03 8.254042999999999537e-04
1.875686000000000107e-03 7.226017000000000377e-04 8.366715999999999737e-04
1.426785999999999929e-04 1.973269000000000151e-03 8.307110000000000362e-04
1.329047000000000084e-03 1.193690000000000072e-03 8.259323999999999529e-04
2.400241000000000006e-03 5.927630999999999829e-04 8.605032999999999779e-04
2.440776999999999877e-03 1.833435000000000013e-03 8.427124999999999720e-04
2.458365000000000116e-03 2.514648999999999877e-03 2.219027000000000152e-03
2.830602000000000205e-03 4.595054999999999799e-04 2.189107999999999939e-03
2.374054999999999915e-03 1.916263000000000081e-03 2.621609999999999913e-03
8.740485999999999785e-04 1.787051999999999911e-03 9.461326000000000154e-04
2.629311999999999969e-03 1.493455000000000086e-03 9.468179999999999869e-04
1.674244999999999987e-03 2.188993000000000189e-03 2.617528000000000042e-03
2.086169000000000131e-03 1.238170000000000026e-03 9.506176000000000513e-04
3.001998000000000080e-03 2.075388000000000059e-03 2.953688999999999794e-03
1.501750000000000064e-06 9.306502999999999824e-04 5.261553000000000410e-04
3.001998000000000080e-03 2.644825999999999861e-03 1.507787000000000016e-03
1.501750000000000064e-06 2.545466000000000135e-03 1.653624000000000023e-03
1.501750000000000064e-06 2.299970000000000139e-03 1.983570999999999945e-03
1.501750000000000064e-06 1.728317000000000048e-03 2.168557000000000210e-03
3.001998000000000080e-03 1.800345999999999978e-03 4.637873000000000039e-04
1.501750000000000064e-06 5.721619000000000487e-04 2.791306999999999816e-03
1.216447999999999965e-03 2.363724000000000207e-03 1.321569999999999993e-03
1.850122999999999959e-03 1.663905999999999935e-03 1.866674999999999932e-03
2.943400000000000096e-03 2.438871999999999915e-03 2.039346000000000041e-03
2.194057000000000125e-03 1.321840000000000070e-04 1.697008000000000067e-03
1.186351999999999893e-03 1.192420000000000025e-03 6.292272999999999920e-04
2.568037000000000228e-04 2.999108999999999803e-03 2.973764999999999742e-04
7.057924999999999616e-04 1.150310000000000091e-03 2.751176000000000142e-03
2.025872000000000176e-03 1.021159999999999906e-03 1.105318000000000099e-03
2.037552000000000200e-03 2.862365999999999869e-03 4.385409999999999742e-04
6.667469999999999777e-04 1.668771000000000100e-03 1.390589999999999925e-03
1.373747999999999940e-03 1.871211000000000011e-03 2.231630999999999979e-03
2.263461000000000032e-03 1.848652000000000108e-03 7.048755000000000515e-04
2.314442999999999796e-03 2.718166999999999957e-04 8.152046000000000249e-04
2.558952000000000188e-03 2.955255999999999747e-04 7.099969000000000462e-04
2.192255000000000104e-04 2.716918999999999931e-03 8.302102999999999480e-04
1.859135999999999948e-03 1.969713999999999959e-04 6.746061000000000462e-04
4.055024999999999754e-04 8.891398000000000010e-04 6.752378999999999543e-04
2.311197000000000078e-03 2.803766999999999978e-03 8.272178999999999730e-04
6.953143000000000387e-04 2.926579999999999807e-03 8.272181000000000412e-04
2.500431999999999915e-03 1.914736999999999906e-03 6.868481999999999539e-04
9.804005999999999658e-04 8.338011999999999681e-04 6.925667999999999842e-04
9.355926999999999777e-04 1.069216000000000003e-03 7.910916999999999732e-04
3.204324000000000256e-04 2.473059000000000108e-03 7.730595000000000478e-04
1.659087000000000062e-03 1.050924999999999971e-04 2.632316999999999903e-03
8.695222999999999538e-04 1.199898000000000024e-03 7.730689000000000007e-04
1.908394000000000106e-03 1.440508000000000066e-03 2.629316000000000032e-03
7.250301000000000228e-04 1.102253999999999994e-03 7.373732000000000029e-04
1.681660000000000023e-04 2.758711000000000062e-03 7.496417999999999485e-04
1.689128999999999934e-03 1.635736000000000048e-03 7.430451999999999717e-04
1.485231000000000051e-03 2.776742999999999920e-03 7.478415000000000193e-04
2.362270999999999989e-03 1.085067000000000059e-05 1.048190999999999967e-03
2.906220000000000157e-03 1.878939000000000043e-03 2.882098999999999946e-03
1.432639000000000091e-03 6.259716000000000021e-04 1.083016000000000013e-03
1.659104000000000004e-03 4.490238000000000020e-04 2.704648999999999942e-03
7.671384999999999533e-04 6.445843000000000145e-04 1.014010000000000085e-03
1.937226999999999916e-03 1.158095999999999952e-03 1.019441999999999961e-03
2.671286000000000146e-03 1.280649000000000023e-03 1.005224999999999999e-03
1.726981999999999953e-03 1.743270000000000106e-03 1.004335999999999987e-03
1.922539999999999926e-04 1.431175000000000025e-03 1.010356000000000014e-03
1.893371000000000030e-03 2.307631000000000092e-03 1.038038999999999932e-03
2.855073000000000073e-03 2.293496999999999810e-03 1.028693999999999919e-03
6.156610999999999388e-05 8.454763999999999812e-04 1.028706000000000108e-03
2.207602999999999822e-03 1.317358999999999935e-03 1.139809999999999999e-03
6.925558000000000278e-04 8.307977000000000027e-04 2.704977999999999810e-03
8.127883000000000460e-04 4.023535999999999825e-06 1.154840000000000077e-03
2.485077999999999940e-03 5.796455000000000054e-04 1.155093000000000049e-03
1.968548999999999993e-03 1.486666000000000040e-04 1.145507000000000036e-03
2.350231999999999842e-03 5.511421999999999762e-04 1.151846999999999897e-03
2.534726999999999965e-04 1.524027000000000064e-03 1.148855999999999966e-03
8.214572000000000063e-04 6.289108999999999759e-04 1.097522000000000081e-03
2.214843000000000194e-03 7.433700999999999590e-04 1.100548999999999928e-03
9.280513999999999691e-04 1.695462999999999918e-03 1.099310999999999951e-03
8.272164000000000036e-04 6.037034999999999874e-06 1.122132999999999985e-03
8.421503000000000539e-04 4.688423000000000292e-05 1.121793999999999960e-03
2.616078999999999887e-03 1.707479000000000028e-03 2.605542000000000188e-03
4.484674000000000017e-04 2.215071999999999788e-03 2.896863999999999863e-03
6.604695999999999690e-05 1.305027999999999961e-03 9.175691999999999833e-04
1.850185999999999975e-03 2.203066000000000052e-03 8.995357999999999739e-04
1.515255000000000074e-03 3.135147000000000021e-04 9.080069000000000291e-04
1.099450000000000053e-04 5.872089999999999949e-04 8.454924000000000163e-04
7.103272000000000318e-04 2.428579000000000154e-03 8.725122000000000520e-04
8.334704000000000288e-04 1.268983999999999911e-03 8.722715999999999716e-04
7.283526000000000236e-04 2.187720000000000203e-03 8.604997999999999770e-04
8.559710999999999470e-05 1.614385000000000082e-03 2.890862000000000119e-03
2.960192999999999852e-03 1.587904999999999915e-03 9.701004000000000268e-04
2.806774000000000161e-03 1.338058999999999950e-03 9.929838000000000726e-04
1.351275000000000035e-04 6.036735000000000538e-04 9.896478000000000219e-04
2.296167999999999907e-03 1.442935999999999915e-03 9.986673000000000598e-04
6.316782999999999860e-04 7.436177000000000412e-04 9.806434999999999631e-04
1.563322000000000019e-03 1.737524999999999964e-03 9.295885000000000259e-04
2.097696999999999930e-03 2.192584999999999933e-03 9.239082000000000457e-04
2.745612999999999830e-04 1.450660000000000100e-03 9.566190000000000240e-04
1.071078999999999955e-03 2.675166999999999996e-03 2.892340000000000189e-03
2.195527999999999976e-03 2.536463000000000086e-03 9.443386999999999918e-04
1.900062000000000105e-03 1.157599000000000041e-03 9.416121000000000170e-04
1.073773999999999996e-03 2.463807000000000150e-03 2.619021999999999930e-03
1.344067000000000005e-03 7.298205000000000100e-04 2.420261000000000103e-04
1.180265999999999911e-03 1.764601999999999881e-04 2.612744999999999868e-04
1.815945999999999923e-03 1.698478999999999918e-03 2.600456000000000230e-04
2.102750000000000018e-04 3.991509999999999668e-06 2.688135000000000242e-04
4.097279999999999911e-04 2.161595000000000096e-03 2.658097000000000107e-04
2.355175000000000096e-04 2.013516999999999824e-03 2.625667999999999947e-04
2.281141999999999892e-03 1.125143000000000107e-03 2.658148000000000151e-04
5.199461999999999991e-05 5.901921000000000510e-04 2.552675000000000018e-04
2.584509000000000025e-03 2.233098000000000201e-03 1.787042000000000025e-04
2.195588999999999961e-03 6.067369999999999881e-04 1.907159000000000014e-04
3.785959999999999917e-05 2.111978999999999994e-04 2.210872000000000065e-04
1.488477999999999893e-03 1.650666999999999976e-03 2.267493999999999944e-04
3.318867000000000084e-04 2.524190999999999848e-03 2.204937000000000129e-04
7.383561000000000236e-05 2.413316999999999893e-03 2.030661999999999973e-04
2.031854999999999946e-03 1.221244000000000019e-03 3.291963999999999980e-04
2.933240000000000153e-03 2.650332999999999942e-03 2.965959000000000217e-03
1.734511999999999903e-03 1.619830999999999962e-03 3.171992000000000106e-04
2.503168000000000060e-03 8.061903000000000255e-04 3.496581999999999924e-04
5.779151999999999857e-04 6.277014999999999938e-04 3.393655000000000087e-04
1.561789999999999966e-03 4.048610000000000358e-06 2.971975999999999871e-03
9.608196000000000325e-05 1.203450000000000006e-03 2.808252000000000231e-04
2.748172000000000115e-03 2.260123000000000167e-03 2.971966999999999838e-03
2.133438999999999995e-03 2.632582999999999972e-03 2.745700000000000224e-04
1.269228000000000066e-03 6.216944999999999546e-04 2.792954999999999960e-04
1.836310999999999976e-03 1.725519000000000011e-03 3.033234999999999903e-04
1.626723000000000058e-03 2.662606999999999995e-03 3.084141999999999786e-04
2.221335000000000063e-03 9.532739000000000143e-04 2.931616999999999752e-04
7.944183999999999968e-04 2.062239999999999907e-03 5.555721999999999863e-05
2.383259999999999892e-03 2.988496999999999790e-04 5.857426999999999713e-05
3.784109999999999926e-04 9.566188999999999899e-04 3.720959999999999692e-05
1.166534000000000104e-03 2.018321999999999911e-03 4.628938999999999694e-05
9.443325999999999717e-04 1.503241999999999903e-03 2.995662999999999972e-03
3.878848000000000170e-04 7.112845000000000235e-04 7.511754000000000315e-05
1.557868999999999921e-03 5.721902999999999755e-04 7.982704999999999662e-05
1.614025999999999959e-03 1.693723000000000114e-04 6.157616000000000576e-05
2.898346999999999903e-03 6.475069000000000397e-04 6.759534000000000256e-05
1.820091000000000027e-03 1.892234999999999924e-03 4.041367999999999928e-06
5.000783999999999655e-04 2.416073999999999826e-03 4.374943000000000373e-06
2.698308999999999864e-03 1.722781000000000052e-03 5.976964999999999787e-06
6.638034999999999812e-04 2.251705000000000113e-03 4.053805999999999791e-06
6.264779000000000484e-04 1.211908999999999946e-03 1.083686000000000012e-05
1.305008999999999987e-03 2.872851000000000050e-03 4.044480000000000281e-06
1.282464000000000087e-03 2.706122999999999949e-03 3.816116999999999601e-06
4.129771000000000071e-04 2.365004999999999885e-03 6.037034999999999874e-06
3.804990000000000173e-04 2.326197999999999808e-03 2.999653000000000128e-03
2.025532999999999934e-03 8.120981999999999897e-04 4.025835999999999786e-06
9.401255999999999762e-04 9.205908000000000493e-04 3.429353000000000165e-05
2.282359999999999879e-04 7.646270999999999624e-04 1.651549000000000067e-05
1.113353000000000086e-03 8.608341000000000257e-04 2.999129000000000118e-03
3.787372999999999830e-05 8.226958999999999509e-05 2.285622999999999851e-05
2.554763999999999855e-05 2.942263999999999990e-03 1.396600000000000012e-04
1.083960000000000037e-05 2.595510999999999890e-04 1.342085999999999876e-04
5.811616999999999825e-04 2.855081000000000199e-03 1.363539000000000092e-04
3.198718000000000026e-04 1.833640000000000096e-03 1.723712999999999873e-04
1.986813999999999941e-03 8.839619999999999639e-04 1.636906999999999945e-04
2.900208999999999947e-03 6.234828000000000202e-04 9.908546999999999646e-05
1.758798000000000002e-03 2.988482000000000096e-04 9.786280999999999485e-05
2.909216999999999966e-03 2.542215999999999920e-03 2.989986000000000033e-03
3.709426000000000151e-04 1.259967999999999982e-03 2.992672999999999948e-03
9.446059000000000356e-04 2.130729000000000043e-03 8.261308999999999612e-05
1.034376000000000045e-03 3.736058000000000000e-04 2.992980000000000119e-03
9.142443000000000314e-04 2.575757000000000133e-03 1.216539999999999977e-04
1.422487000000000057e-03 1.809597999999999936e-03 1.156347000000000061e-04
2.823260000000000179e-03 2.052552000000000022e-03 5.604192000000000028e-04
1.406806000000000029e-03 1.761542999999999963e-03 5.646880000000000389e-04
1.946238000000000091e-03 6.085526999999999647e-04 5.664870999999999926e-04
2.569484999999999825e-03 1.214678999999999976e-03 2.649116999999999878e-03
1.088762999999999970e-03 1.256631000000000024e-03 2.647346999999999981e-03
1.196887999999999902e-03 1.872919000000000016e-03 5.778527999999999573e-04
1.938758999999999968e-03 5.361249000000000006e-04 5.135685000000000076e-04
2.227100000000000087e-03 2.254140999999999870e-03 5.165719999999999730e-04
1.097794000000000027e-03 1.527280000000000000e-03 5.426936000000000043e-04
2.960205999999999948e-03 2.303654000000000032e-03 5.393763999999999677e-04
2.795009000000000209e-03 1.997296999999999875e-03 5.393858999999999546e-04
7.013259999999999460e-04 4.072279999999999845e-04 5.423866999999999751e-04
3.033535000000000171e-06 2.018381999999999989e-03 5.496704999999999950e-04
2.136976999999999974e-03 2.999448999999999952e-03 5.315895000000000169e-04
1.569573000000000105e-03 2.278403999999999933e-03 5.346529999999999512e-04
1.647751999999999941e-03 2.070654999999999805e-03 2.650258999999999861e-03
2.882197999999999878e-03 2.530436999999999964e-03 2.938348999999999822e-03
6.847679999999999869e-04 1.121802000000000086e-03 6.504978999999999709e-04
2.004586999999999949e-03 1.674198000000000006e-03 6.478156999999999579e-04
1.860342000000000072e-03 7.013063999999999843e-04 6.346899000000000030e-04
1.805072999999999921e-03 1.712294999999999909e-04 6.787609999999999477e-04
2.402769999999999819e-03 1.970326000000000109e-03 6.682816000000000494e-04
4.490084999999999888e-04 1.016434000000000087e-03 6.547929999999999766e-04
3.889532000000000015e-04 2.247790999999999852e-03 2.644819999999999983e-03
1.635392999999999960e-03 6.740271999999999626e-04 6.067369999999999881e-04
1.614624000000000051e-03 1.433840999999999935e-03 5.931906999999999718e-04
1.866681000000000026e-03 5.237739999999999627e-04 5.959472999999999854e-04
1.370843999999999969e-03 4.630562000000000068e-05 5.962009000000000536e-04
1.932422000000000046e-03 1.501780000000000085e-03 5.961907999999999704e-04
2.632232999999999882e-03 1.311036999999999923e-03 2.929578999999999864e-03
1.400816999999999948e-03 1.876012999999999943e-03 6.292316999999999745e-04
1.049728999999999897e-03 1.161408000000000058e-03 6.117743999999999613e-04
1.877156999999999958e-03 5.488971000000000475e-04 6.150010000000000025e-04
1.495713000000000077e-03 2.914906000000000094e-03 3.921948999999999878e-04
2.173281999999999905e-03 2.201535000000000124e-03 3.976232999999999916e-04
7.881683000000000005e-04 1.693758000000000123e-04 4.156548000000000035e-04
9.220444000000000383e-04 8.665161000000000434e-04 4.219819000000000196e-04
1.194221000000000085e-03 1.817226000000000073e-04 3.616849000000000106e-04
2.359808000000000131e-03 3.585848999999999894e-04 3.865043000000000189e-04
1.929748999999999918e-03 4.493532000000000060e-04 3.925172999999999900e-04
1.693943999999999962e-03 4.370353999999999797e-04 2.961421000000000105e-03
2.805239000000000170e-03 3.006504000000000039e-05 2.698653000000000076e-03
2.435807999999999810e-03 8.007564999999999692e-04 4.818097999999999825e-04
6.337085000000000331e-04 1.766027999999999999e-03 4.790796000000000269e-04
1.323044000000000000e-03 5.526739999999999604e-04 4.790347999999999828e-04
1.881693000000000037e-03 2.503405000000000213e-03 4.727948999999999954e-04
2.982505999999999786e-03 1.698484000000000105e-03 5.000805999999999567e-04
6.892966999999999627e-04 1.099251000000000091e-03 4.926040000000000019e-04
2.254439000000000009e-03 2.197048000000000056e-03 4.986110000000000412e-04
2.491385999999999948e-03 2.192584999999999933e-03 4.998405000000000469e-04
1.297481999999999976e-03 1.518505000000000072e-03 4.973255000000000210e-04
1.930078999999999909e-03 5.211128999999999891e-04 4.970791999999999485e-04
1.998515000000000187e-03 2.801328999999999972e-03 4.937462999999999791e-04
2.929908000000000165e-03 2.548128000000000198e-03 2.950931999999999861e-03
7.057924999999999616e-04 2.482731000000000174e-03 4.444879999999999903e-04
1.890703000000000088e-03 1.699950999999999893e-03 4.490230000000000003e-04
1.958252000000000170e-03 4.583661000000000159e-04 4.517177999999999732e-04
5.060919999999999785e-04 2.143327999999999900e-03 4.456853000000000203e-04
2.389603000000000126e-03 2.261604999999999865e-03 4.373552999999999968e-04
2.368266999999999855e-03 1.030169999999999957e-03 4.640525000000000162e-04
8.547443000000000488e-04 2.094944999999999967e-03 2.656345999999999968e-03
4.583809000000000212e-04 1.362343000000000017e-03 4.553695999999999981e-04
8.980465000000000761e-06 2.686636999999999966e-03 2.656597000000000125e-03
2.385944000000000086e-03 2.251131999999999873e-03 4.550310999999999809e-04
4.670445000000000174e-04 2.214813999999999845e-03 2.026179999999999821e-03
4.547827000000000054e-04 1.611377999999999899e-03 2.031619000000000133e-03
2.004840999999999828e-03 2.163467999999999988e-03 2.018381999999999989e-03
2.871316000000000059e-03 1.968539000000000053e-03 2.041218000000000025e-03
5.180990999999999808e-04 4.249837000000000016e-04 1.992829000000000215e-03
6.712683999999999578e-04 1.157610000000000106e-03 2.774056000000000004e-03
4.880700000000000077e-04 2.481299000000000178e-04 2.771051000000000070e-03
2.813027999999999969e-03 2.812779000000000060e-03 2.011403000000000149e-03
2.593537999999999833e-03 2.833810999999999882e-03 2.114494000000000182e-03
8.659533000000000291e-04 7.358275000000000492e-04 2.759044999999999900e-03
2.328869999999999812e-03 1.667089999999999924e-04 2.713669000000000150e-03
2.182033999999999797e-03 2.139994000000000098e-03 2.103621999999999870e-03
9.265796999999999879e-04 1.173208000000000020e-03 2.518096000000000050e-03
6.682787000000000362e-04 7.911662000000000078e-04 2.755721999999999946e-03
2.142667000000000009e-03 1.617142000000000015e-03 2.142751999999999938e-03
2.371273000000000131e-03 1.791576999999999927e-03 2.516903000000000022e-03
2.518434999999999858e-03 1.839647000000000027e-03 2.755963000000000163e-03
1.955248000000000142e-03 1.256701999999999949e-03 2.075388000000000059e-03
2.895403999999999860e-03 2.348766999999999869e-03 2.059594000000000095e-03
6.265590999999999825e-04 8.034494000000000531e-04 2.764172999999999977e-03
2.394954999999999827e-03 6.733797999999999661e-05 2.761714000000000183e-03
2.521423999999999974e-03 2.668610999999999987e-03 1.860349000000000074e-03
4.700624999999999942e-04 2.275456999999999827e-03 2.538888999999999903e-03
2.372734999999999948e-03 2.501946000000000118e-03 1.853101000000000010e-03
6.829661999999999799e-04 8.860024000000000198e-04 2.785993000000000063e-03
3.166072999999999934e-04 1.524598000000000056e-03 1.863684999999999908e-03
2.897121999999999805e-03 2.593525000000000170e-03 1.815612000000000085e-03
2.485718999999999949e-03 2.695627999999999826e-03 1.815608999999999930e-03
2.000300999999999902e-03 2.674627000000000168e-03 1.815624999999999965e-03
1.992821999999999996e-03 1.662438999999999931e-03 1.839658000000000092e-03
6.427190000000000377e-04 6.748403000000000040e-04 2.791750999999999868e-03
2.855154999999999846e-03 2.584854000000000145e-03 1.830880000000000007e-03
2.515447000000000082e-03 2.557724999999999842e-03 1.832105000000000105e-03
1.407459000000000010e-03 1.167185000000000054e-03 1.941779000000000031e-03
3.874815000000000204e-04 8.261497000000000567e-05 1.953757999999999884e-03
1.766027999999999999e-03 7.707277000000000442e-04 2.779745000000000132e-03
1.268643999999999978e-03 2.446096000000000034e-03 1.939018999999999942e-03
1.170194000000000052e-03 2.356234999999999927e-03 1.935737999999999999e-03
1.252489999999999984e-03 2.296736000000000177e-03 1.965237999999999794e-03
2.488066000000000149e-03 2.617561000000000020e-03 1.964258999999999884e-03
8.247922000000000413e-04 2.563816000000000012e-03 1.968472000000000190e-03
1.623644999999999949e-03 1.232606999999999930e-03 1.907192000000000045e-03
2.485646000000000209e-03 2.481835999999999851e-03 1.884692000000000095e-03
4.955474999999999984e-04 1.214726000000000065e-04 1.880221000000000062e-03
2.479713000000000143e-03 2.563160999999999998e-03 1.922209999999999934e-03
2.584844000000000204e-03 2.674363999999999821e-03 1.908729000000000068e-03
1.178863000000000046e-03 3.709221000000000176e-04 1.911392999999999946e-03
2.458365000000000116e-03 3.195428000000000266e-04 2.536455999999999867e-03
9.503560999999999996e-04 2.492605000000000168e-04 2.362509999999999957e-03
2.887867000000000125e-03 2.082678000000000133e-03 2.494076999999999926e-03
1.585817999999999907e-03 1.847136999999999998e-04 2.386281000000000079e-03
7.684157000000000433e-05 1.126281999999999934e-03 2.725935999999999984e-03
1.215467000000000023e-03 7.195818000000000093e-04 2.374277000000000158e-03
1.549273000000000100e-04 1.924078000000000073e-03 2.497656000000000008e-03
8.875397000000000364e-04 2.361999999999999950e-03 2.325878999999999881e-03
3.587209000000000166e-04 2.537927000000000152e-03 2.414784000000000114e-03
2.644328999999999950e-03 8.547488999999999911e-04 2.725684999999999827e-03
1.457703999999999988e-03 4.145129999999999800e-04 2.726740000000000066e-03
1.584345000000000024e-03 4.877387999999999862e-04 2.401294999999999905e-03
2.507993000000000028e-04 2.251121000000000025e-03 2.418988999999999862e-03
2.698897999999999922e-03 1.246343999999999870e-04 2.206318000000000081e-03
4.687539000000000115e-05 2.472824000000000202e-03 2.203055000000000204e-03
6.367119999999999985e-04 9.010800999999999924e-04 2.746903000000000192e-03
1.494476000000000008e-03 8.211259000000000049e-04 2.205822999999999985e-03
2.180627999999999885e-04 1.776575000000000073e-03 2.207541999999999838e-03
2.256881000000000078e-03 1.853129000000000018e-03 2.182294999999999895e-03
1.636825999999999971e-04 1.753093999999999963e-03 2.284731999999999822e-03
1.383111999999999927e-03 1.614638000000000054e-03 2.734438999999999967e-03
8.277863999999999795e-04 2.275472000000000172e-03 2.250882999999999964e-03
2.608791000000000061e-03 4.745230000000000238e-04 1.377352999999999997e-03
2.853024999999999810e-04 2.299425999999999814e-03 1.383457999999999953e-03
2.764402999999999912e-03 2.683633999999999846e-03 1.368094000000000037e-03
2.058884999999999882e-03 2.562500000000000216e-04 1.377434000000000080e-03
1.006203000000000002e-03 1.148837999999999899e-03 2.842265000000000069e-03
2.617545000000000201e-03 5.388851000000000491e-04 2.839482999999999851e-03
2.788743000000000211e-03 2.554479000000000125e-03 1.386110999999999984e-03
2.407313999999999808e-03 1.183348999999999989e-03 1.341053999999999944e-03
1.519214999999999921e-04 1.020017999999999923e-03 1.350321000000000030e-03
2.722425000000000105e-03 2.509178999999999837e-03 1.353070999999999961e-03
3.525967999999999984e-04 2.343892000000000198e-03 1.355518999999999908e-03
1.893462999999999960e-03 1.551861999999999990e-03 1.473232000000000100e-03
1.785581000000000060e-03 1.396627000000000003e-04 1.458207999999999900e-03
2.041204000000000022e-03 3.256363000000000183e-04 1.451634999999999948e-03
1.908746999999999918e-03 1.602598000000000000e-03 1.462673999999999962e-03
1.948318000000000098e-03 1.560668999999999989e-03 1.461208000000000081e-03
9.959089000000000830e-04 1.916263000000000081e-03 1.458436999999999928e-03
1.761313999999999935e-03 3.273514999999999845e-04 1.461758000000000068e-03
5.376565000000000250e-04 1.980461000000000200e-03 1.485226000000000081e-03
1.104030999999999893e-03 1.272312000000000052e-03 1.482571999999999926e-03
2.375738000000000068e-03 5.403295999999999978e-05 1.482487999999999905e-03
2.076910999999999861e-03 2.040880000000000125e-03 1.483698999999999999e-03
1.395378000000000070e-03 1.208665000000000043e-03 1.408610999999999934e-03
1.554314999999999907e-03 2.999686000000000106e-03 1.413479000000000037e-03
1.518597999999999910e-03 2.232844999999999795e-03 1.413469000000000097e-03
1.036158000000000050e-04 6.830407000000000145e-04 1.449196000000000034e-03
1.572351999999999951e-03 4.820747999999999808e-04 1.440438999999999956e-03
6.791152000000000332e-05 1.392379000000000012e-03 1.433842999999999967e-03
2.907358000000000078e-03 1.323055999999999972e-03 1.212170000000000044e-03
4.865970000000000169e-04 2.533702999999999997e-03 1.212250000000000003e-03
1.037448000000000059e-03 8.247925000000000352e-04 2.862304999999999884e-03
2.308519000000000196e-03 2.091608999999999916e-03 1.244941000000000060e-03
2.725130999999999994e-03 1.914731000000000028e-03 1.245309999999999907e-03
1.545631000000000001e-03 1.725502999999999976e-03 1.175620999999999958e-03
2.275469000000000016e-03 2.164016999999999850e-03 1.159380999999999910e-03
8.815310999999999937e-04 1.552779000000000008e-03 2.871316000000000059e-03
1.923746999999999957e-03 2.782992000000000191e-03 1.199652000000000053e-03
1.007438000000000040e-03 1.095098999999999986e-03 2.867090000000000090e-03
2.208514999999999871e-03 1.351888000000000057e-05 1.299248000000000026e-03
7.881020999999999773e-04 2.050461999999999858e-03 1.299349999999999897e-03
2.392613000000000031e-03 1.395458000000000028e-03 1.299009000000000058e-03
3.484359999999999823e-04 2.144206000000000118e-04 2.852070999999999860e-03
1.154515999999999962e-03 2.623551999999999915e-03 1.320596999999999960e-03
1.259778000000000026e-03 2.489344000000000105e-03 1.324574000000000020e-03
2.319870999999999826e-03 3.154083999999999734e-05 1.323036999999999998e-03
1.043386000000000096e-03 2.380530000000000059e-03 1.251209999999999996e-03
1.899723999999999987e-03 2.170028000000000061e-03 2.857591000000000037e-03
7.880918000000000428e-04 1.055717000000000070e-03 1.256970000000000049e-03
4.053838000000000336e-05 1.965227999999999853e-03 1.284322000000000068e-03
1.993079000000000031e-03 2.122305000000000112e-03 1.287326000000000095e-03
2.845574000000000020e-03 2.712594000000000138e-04 1.277988999999999991e-03
1.231735000000000024e-04 9.731641000000000293e-04 2.806771000000000005e-03
6.806226999999999980e-04 7.013225000000000535e-04 2.806426999999999793e-03
1.380691999999999987e-03 2.908892000000000162e-03 1.674780000000000062e-03
8.695064999999999869e-04 1.430920000000000022e-03 2.803437000000000203e-03
2.376941999999999944e-03 2.034868000000000007e-03 1.704159999999999920e-03
1.295991000000000027e-03 1.081289999999999942e-03 1.707231999999999934e-03
3.084841000000000167e-06 5.901802000000000046e-04 2.803523999999999947e-03
1.126390000000000036e-04 8.314957999999999952e-05 1.692460999999999922e-03
1.875686000000000107e-03 1.641162999999999953e-03 1.701484000000000069e-03
2.790980000000000197e-03 9.036149999999999738e-04 1.675922999999999953e-03
2.144529000000000053e-03 5.932135999999999746e-04 1.647154999999999973e-03
2.164572000000000024e-03 1.364084000000000000e-04 1.647419999999999917e-03
3.300845999999999804e-05 1.575336000000000097e-03 1.632149000000000056e-03
2.194052000000000155e-03 6.189058000000000536e-05 1.639880999999999934e-03
5.196355000000000158e-04 7.418944999999999490e-04 2.555241000000000196e-03
8.454849999999999866e-04 2.322956000000000153e-03 1.650428000000000008e-03
2.809766000000000000e-03 2.186518000000000142e-03 1.650416000000000036e-03
1.499918000000000041e-03 2.692889999999999867e-03 1.758547000000000061e-03
1.812943999999999927e-03 9.626217000000000064e-04 1.794921000000000103e-03
1.732989000000000101e-03 9.629474999999999753e-04 1.800841999999999981e-03
2.755708999999999850e-03 2.139446000000000143e-03 1.788841999999999906e-03
9.748814999999999868e-04 2.395293000000000162e-03 2.545471000000000105e-03
9.508416000000000003e-04 4.520266999999999796e-04 1.718031999999999979e-03
2.857825999999999943e-03 2.431327000000000054e-03 1.752557999999999980e-03
1.217573000000000006e-03 1.636876999999999907e-03 1.748006999999999990e-03
2.515692999999999836e-03 7.737312000000000096e-04 1.743196999999999932e-03
1.917733000000000024e-03 1.154845999999999954e-03 1.545628999999999970e-03
2.957514999999999970e-03 2.655063999999999948e-03 1.540764999999999930e-03
1.077005999999999927e-03 2.062237000000000185e-03 1.547987000000000017e-03
1.006142000000000017e-03 2.884620000000000066e-03 1.561789999999999966e-03
2.086251999999999811e-03 1.484377999999999902e-04 1.563649999999999979e-03
5.535867000000000305e-04 8.007542999999999779e-04 1.569328999999999950e-03
9.293400999999999962e-04 1.060205000000000045e-03 2.818787000000000115e-03
1.524275999999999973e-03 1.049716999999999924e-03 1.566324999999999922e-03
1.249426000000000096e-03 9.173230000000000533e-04 1.554548999999999905e-03
2.503758999999999933e-03 3.171075000000000196e-04 2.572497999999999885e-03
1.866355000000000097e-03 1.273454000000000036e-03 1.506516999999999969e-03
2.299188000000000186e-03 1.920468999999999857e-05 2.828052000000000170e-03
1.441650000000000049e-03 8.518125999999999563e-04 1.521283999999999918e-03
2.100948999999999959e-03 6.487259999999999685e-04 1.530286000000000059e-03
1.537762000000000026e-03 3.183409999999999799e-04 1.526709000000000009e-03
8.034361999999999971e-04 2.239439000000000186e-03 1.590602999999999895e-03
2.411841000000000072e-03 5.814200999999999528e-04 1.591884999999999915e-03
1.163858000000000037e-03 2.118980999999999816e-03 1.617060000000000025e-03
2.503402000000000058e-03 1.954017000000000167e-03 1.581017000000000099e-03
2.462839999999999994e-03 8.284009000000000598e-05 1.572084999999999975e-03
1.286758000000000042e-03 2.212079000000000042e-03 1.575334999999999973e-03
1.501750000000000064e-06 1.259967999999999982e-03 2.092278999999999840e-03
3.001998000000000080e-03 2.985508999999999906e-03 6.022043999999999835e-04
3.001998000000000080e-03 1.188143999999999919e-03 1.010678000000000097e-03
1.501750000000000064e-06 1.348540999999999976e-03 8.968023999999999571e-04
3.001998000000000080e-03 1.937257000000000009e-04 1.974800999999999987e-03
3.001998000000000080e-03 2.626900000000000155e-03 1.554557000000000031e-03
3.001998000000000080e-03 1.486701999999999902e-03 5.826489999999999708e-04
1.501750000000000064e-06 5.075614999999999684e-04 2.783002000000000132e-03
3.001998000000000080e-03 5.826489999999999708e-04 2.254125000000000052e-03
1.501750000000000064e-06 2.554134999999999912e-03 2.762060000000000209e-03
1.458036000000000011e-03 1.408965999999999994e-03 3.001998000000000080e-03
1.911799999999999958e-03 3.001998000000000080e-03 2.316860999999999920e-03
8.439384000000000512e-04 1.501750000000000064e-06 1.243408000000000100e-03
1.672871999999999944e-03 5.525681999999999859e-04 1.501750000000000064e-06
1.320992000000000000e-03 3.117478000000000038e-06 1.501750000000000064e-06
2.354713999999999939e-03 1.501750000000000064e-06 1.063375999999999991e-03
2.974966999999999803e-03 3.001998000000000080e-03 2.760764000000000187e-03
5.498211999999999934e-04 2.390605000000000074e-03 3.001998000000000080e-03
1.930707000000000039e-03 1.984276000000000095e-03 1.501750000000000064e-06
2.278155000000000024e-03 1.501750000000000064e-06 1.049723000000000019e-03
1.273164999999999930e-03 3.517357000000000144e-04 1.501750000000000064e-06
1.781105999999999965e-03 1.794590999999999895e-03 3.001998000000000080e-03
2.224542999999999833e-03 1.792928000000000056e-03 1.501750000000000064e-06
9.884729999999999125e-04 1.501750000000000064e-06 2.627740999999999844e-03
2.176993999999999804e-03 1.475039000000000038e-03 3.001998000000000080e-03
5.403066000000000422e-04 6.818319999999999459e-04 1.501750000000000064e-06
7.015149999999999403e-05 7.511754000000000315e-05 1.501750000000000064e-06
2.296176999999999940e-03 2.674616999999999793e-03 1.501750000000000064e-06
2.334772000000000149e-03 1.501750000000000064e-06 1.299468999999999928e-03
2.262159000000000132e-03 3.001998000000000080e-03 1.159047000000000072e-03
4.956074999999999673e-04 2.140009999999999916e-03 1.501750000000000064e-06
1.463228000000000011e-03 1.501750000000000064e-06 2.777191999999999942e-03
2.928412000000000246e-04 7.888726000000000202e-04 1.501750000000000064e-06
3.238547000000000149e-04 1.501750000000000064e-06 1.932296000000000014e-03
1.091759999999999996e-03 8.394782000000000155e-04 3.001998000000000080e-03
1.444652999999999953e-03 1.812617999999999998e-03 1.501750000000000064e-06
1.705958000000000040e-03 2.247663000000000005e-03 3.001998000000000080e-03
7.163306000000000361e-04 1.501750000000000064e-06 2.890868999999999904e-03
1.434619999999999949e-03 1.501750000000000064e-06 7.661967000000000430e-04
2.212078000000000134e-03 1.392121999999999978e-03 1.501750000000000064e-06
2.216060000000000165e-03 2.794757000000000144e-03 3.001998000000000080e-03
2.188049999999999978e-03 1.718305999999999957e-03 1.501750000000000064e-06
9.135874000000000208e-04 1.501750000000000064e-06 1.208899999999999949e-03
2.898901000000000169e-03 1.501750000000000064e-06 2.719670999999999894e-03
5.060896999999999531e-04 2.855283000000000126e-03 1.501750000000000064e-06
1.516736999999999990e-03 1.404592000000000080e-03 3.001998000000000080e-03
1.691000999999999919e-03 2.791296999999999875e-03 1.501750000000000064e-06
1.631946000000000004e-03 5.075614999999999684e-04 1.501750000000000064e-06
8.574992000000000248e-04 1.314026000000000039e-03 3.001998000000000080e-03
2.117771999999999970e-03 1.209886999999999985e-03 1.501750000000000064e-06
5.961946999999999993e-04 2.072115000000000133e-04 1.144302999999999943e-03
1.204434000000000103e-03 8.109149000000000175e-04 2.285633000000000022e-03
1.177342000000000059e-03 2.381745000000000216e-03 9.400654000000000475e-04
1.528812000000000053e-03 1.576867999999999933e-03 1.024224000000000011e-03
1.216447999999999965e-03 2.269165999999999978e-03 1.072913999999999899e-03
1.183348999999999989e-03 2.856298000000000170e-03 2.937453000000000026e-03
5.675866000000000114e-04 2.042707999999999959e-04 1.138356999999999997e-03
4.486927000000000146e-04 1.943234000000000064e-03 2.893054999999999845e-03
1.153373999999999979e-03 2.462900000000000072e-03 9.640933999999999875e-04
2.198658000000000036e-03 1.249808999999999946e-04 1.678921000000000103e-03
1.440811000000000121e-04 5.937120999999999631e-04 1.302839999999999988e-03
2.084509000000000015e-03 1.210331000000000037e-03 9.033493000000000078e-04
6.517091999999999503e-04 7.739159000000000012e-04 2.753503000000000027e-03
4.493532000000000060e-04 2.171600000000000093e-03 4.025387999999999753e-04
2.958565999999999822e-04 9.310549000000000429e-04 1.432700000000000076e-03
1.261530999999999981e-03 2.650561000000000063e-03 6.000190999999999554e-04
2.447822000000000105e-03 5.436034999999999869e-04 1.462734999999999947e-03
1.204372999999999902e-03 1.231735000000000024e-04 1.501780000000000085e-03
2.287683999999999898e-03 4.575462999999999937e-05 1.399580000000000095e-03
1.561869999999999925e-03 2.817313000000000109e-03 1.881171000000000058e-03
8.124742999999999809e-04 3.987617999999999740e-04 4.624930000000000187e-04
1.502049999999999891e-04 1.981619999999999909e-03 2.796212000000000177e-03
2.603311999999999987e-03 4.784953999999999792e-04 1.321569999999999993e-03
6.567889999999999623e-04 8.334964000000000045e-04 2.738478999999999827e-03
3.949493999999999900e-04 2.191024000000000183e-03 1.567122000000000003e-03
9.776392000000000502e-04 1.207366000000000082e-03 2.849150999999999854e-03
6.747940000000000448e-04 7.575588999999999544e-04 2.842850999999999972e-03
1.193887000000000030e-03 8.319996000000000292e-04 1.393663999999999971e-03
2.958478000000000063e-03 2.440345999999999922e-03 1.178879999999999989e-03
2.412487000000000052e-03 2.814315999999999866e-03 1.841182999999999926e-03
2.801571000000000096e-03 2.449389000000000167e-03 2.905908999999999923e-03
2.682091000000000162e-03 7.806095999999999402e-05 9.610854000000000055e-04
1.925279000000000009e-03 1.315566999999999908e-03 1.909057000000000028e-03
1.785600999999999942e-03 3.558920000000000139e-04 8.397950999999999853e-04
2.233637000000000122e-03 4.430241000000000127e-04 3.597100999999999901e-04
2.222619999999999804e-03 2.282629999999999902e-03 4.794042000000000203e-04
3.844179999999999776e-04 8.454946000000000076e-04 1.291804999999999874e-04
1.510730000000000059e-03 1.924259999999999903e-03 4.031610000000000250e-04
9.266498000000000399e-04 1.189355999999999920e-03 1.587878000000000032e-03
1.224524000000000001e-04 6.878315000000000297e-04 1.445670000000000028e-03
1.871211000000000011e-03 4.986110000000000412e-04 5.406000000000000215e-04
2.475599000000000202e-03 4.375486999999999736e-04 1.350087000000000032e-03
2.567962000000000022e-03 8.728441999999999668e-04 3.934885000000000054e-04
2.575472000000000091e-03 9.941886000000000039e-04 1.642945000000000039e-03
2.754178999999999829e-03 1.833301999999999978e-03 2.758721999999999910e-03
2.296185000000000066e-03 1.489766000000000007e-03 1.997891999999999810e-03
2.441814999999999958e-03 1.347048999999999903e-03 7.291474000000000046e-04
2.092646999999999888e-04 6.510662000000000177e-04 8.875244000000000232e-04
1.380900000000000009e-03 2.679092000000000105e-03 2.801100999999999851e-03
1.713541999999999973e-03 7.737825999999999461e-05 2.842802000000000176e-03
2.233100999999999923e-03 1.440178000000000074e-03 1.672979999999999910e-03
2.115174999999999954e-03 1.929238000000000112e-04 1.102253999999999994e-03
8.410101000000000339e-04 2.049546000000000180e-03 8.839736000000000165e-04
1.271393999999999910e-04 2.581510999999999875e-03 2.204598999999999795e-03
2.373735000000000081e-03 2.559858000000000250e-04 1.429696000000000048e-03
2.451288999999999834e-04 1.081289999999999942e-03 1.336804999999999884e-04
2.242105999999999787e-03 2.400773000000000143e-03 1.513793999999999947e-03
2.972764000000000136e-03 2.594994000000000207e-03 1.521273000000000070e-03
2.732488999999999838e-03 6.261739000000000324e-04 1.590353000000000079e-03
1.820816000000000058e-03 1.664894000000000096e-03 3.874214999999999972e-04
2.437339000000000172e-03 2.069441999999999896e-03 1.864009999999999929e-03
1.680971999999999978e-03 1.760080999999999929e-03 1.012209999999999933e-03
3.874815000000000204e-04 1.952575000000000122e-04 1.671682000000000072e-03
2.830228999999999970e-04 2.643050000000000087e-03 1.494242000000000009e-03
2.275165000000000000e-03 2.255143999999999834e-05 1.445389999999999956e-03
1.341584000000000049e-03 2.827795000000000135e-03 1.301215000000000097e-03
1.772034999999999930e-03 4.205200000000000192e-04 8.530241000000000039e-04
1.061733999999999942e-03 4.438223999999999945e-04 3.001998000000000080e-03
2.059712000000000001e-03 2.057396999999999980e-04 3.001998000000000080e-03
1.546772000000000077e-03 1.833985999999999906e-03 1.501750000000000064e-06
1.575341000000000068e-03 1.826097999999999957e-03 1.501750000000000064e-06
7.256848000000000421e-04 2.491408999999999985e-03 2.998994999999999959e-03
9.333851999999999687e-04 2.766920999999999877e-03 7.700689000000000362e-04
6.134050000000000266e-04 2.001833000000000171e-03 1.501750000000000064e-06
1.990621000000000144e-03 1.993158999999999990e-03 1.501750000000000064e-06
1.271177000000000071e-03 3.001998000000000080e-03 7.007825000000000078e-04
2.471178000000000090e-03 2.302995999999999863e-03 3.001998000000000080e-03
1.410465000000000069e-03 2.808241999999999856e-03 6.893102000000000127e-04
2.670808000000000210e-03 9.569449000000000271e-04 1.186381999999999986e-04
3.206724999999999897e-04 2.536455999999999867e-03 6.885104999999999871e-04
1.855185999999999988e-03 1.890172999999999983e-03 3.001998000000000080e-03
2.142190999999999887e-03 2.360052999999999977e-03 8.009675000000000388e-04
1.860684999999999943e-03 2.739221999999999924e-03 3.001998000000000080e-03
1.471017999999999935e-03 1.926753000000000016e-03 1.224511999999999975e-04
2.443345999999999886e-03 2.526646000000000013e-03 8.060861999999999802e-04
3.709321999999999923e-04 1.020223000000000007e-03 3.001998000000000080e-03
3.825863000000000202e-04 1.051194999999999994e-03 3.001998000000000080e-03
6.863019000000000367e-04 1.094775999999999996e-03 6.979800999999999887e-04
2.993785000000000109e-03 1.262972000000000010e-03 7.884195000000000092e-04
1.433355999999999996e-03 1.556782999999999952e-03 7.887384000000000105e-04
1.342595000000000030e-03 9.145657000000000179e-04 7.887543000000000115e-04
1.403602000000000105e-03 8.995538999999999662e-04 3.001998000000000080e-03
1.148839000000000023e-03 8.454851999999999463e-04 3.001998000000000080e-03
2.010843000000000005e-03 1.501750000000000064e-06 1.152887999999999998e-04
1.352735000000000092e-03 1.800598000000000042e-03 3.001998000000000080e-03
2.218084999999999848e-03 3.408972000000000131e-04 1.501750000000000064e-06
1.254773999999999950e-03 1.870212999999999910e-03 6.952959000000000526e-04
2.617550000000000172e-03 1.293007000000000097e-03 7.944284000000000458e-04
3.363619999999999891e-04 1.430822999999999904e-03 3.001998000000000080e-03
1.533300000000000027e-03 1.825147999999999961e-04 4.955985000000000289e-05
9.978615000000000141e-04 2.044205999999999801e-03 7.659147000000000481e-05
1.872652999999999948e-03 3.409016999999999755e-04 5.222868000000000221e-05
2.944137999999999790e-03 2.085591999999999828e-03 7.201437000000000420e-04
2.541658999999999932e-03 1.036917999999999954e-03 5.102946000000000050e-05
1.827293999999999924e-03 1.181835999999999911e-03 4.955774999999999829e-05
2.518975000000000120e-03 2.112961999999999913e-03 4.957032999999999741e-05
5.090910000000000357e-04 8.060785999999999906e-04 3.372216999999999836e-05
7.043356999999999656e-04 1.097789000000000056e-03 7.171458999999999603e-04
1.249651000000000006e-04 1.473240000000000010e-03 4.275572999999999662e-05
2.974155000000000028e-03 2.506410000000000148e-03 2.915235999999999869e-03
1.104500999999999947e-04 1.506250999999999901e-03 4.054725000000000045e-05
3.611393999999999867e-04 2.319259000000000164e-03 6.003995999999999834e-05
2.272956000000000022e-03 1.807407000000000024e-03 7.256715999999999861e-04
1.253973000000000023e-03 2.870648999999999857e-03 6.511003999999999436e-05
6.532524000000000273e-04 2.455709999999999837e-03 6.456403000000000261e-05
1.831834999999999920e-04 1.959424999999999882e-03 2.918454999999999921e-03
1.553515000000000104e-03 6.759552000000000160e-05 6.838540000000000428e-05
1.386115000000000047e-03 8.613108999999999869e-04 7.381825000000000496e-04
1.740528000000000084e-03 1.641394999999999920e-03 5.857449999999999967e-05
2.479413000000000190e-03 7.580459999999999586e-04 6.003995999999999834e-05
2.972760999999999980e-03 1.232936999999999922e-03 9.717680999999999837e-06
2.557469000000000148e-03 1.491242999999999952e-03 4.505249999999999767e-06
1.471684999999999920e-03 1.033908000000000049e-03 7.673941999999999786e-04
2.131325999999999794e-03 5.811771999999999555e-04 7.681892999999999534e-04
4.034509000000000034e-04 2.345034000000000181e-03 1.271771999999999993e-05
1.631868000000000077e-03 2.331079999999999914e-04 1.650543999999999896e-05
1.805804999999999954e-03 2.065652999999999923e-04 1.705402999999999840e-05
1.308815999999999972e-03 2.215080999999999821e-03 7.621894999999999842e-04
4.575594000000000292e-05 6.076944999999999802e-05 1.732520999999999874e-05
4.820617000000000131e-04 6.156875000000000238e-04 2.920551999999999870e-03
1.235140999999999930e-03 2.476920000000000077e-03 1.501750000000000064e-06
1.737510000000000053e-03 6.570696000000000219e-04 7.703977000000000524e-04
2.557479999999999996e-03 2.452017999999999819e-03 1.501750000000000064e-06
1.818085000000000100e-03 2.769923999999999997e-03 7.673873000000000109e-04
2.919371999999999939e-03 2.105483999999999915e-03 7.508449999999999847e-04
2.590190999999999934e-03 2.477833000000000032e-04 3.207153000000000158e-05
9.836402000000001034e-04 2.228566999999999874e-03 7.587238999999999746e-04
2.097593000000000027e-03 7.463799999999999588e-06 8.807318999999999489e-05
9.160812000000000273e-05 1.413172000000000083e-03 2.915711999999999991e-03
2.268334999999999796e-03 1.434172000000000051e-03 7.561888000000000333e-04
3.859412000000000107e-04 2.336018000000000035e-03 1.952866999999999949e-05
1.808076999999999948e-03 1.515253000000000043e-03 5.325948000000000054e-04
1.920412000000000030e-03 5.027605000000000528e-04 5.336537999999999829e-04
6.415814000000000369e-04 2.425927999999999993e-04 3.589121999999999820e-04
1.768365999999999948e-03 1.571527999999999987e-03 3.559160999999999922e-04
2.777270000000000086e-03 2.136990000000000070e-03 5.391216999999999581e-04
1.398932999999999991e-03 1.615188999999999948e-03 5.429331000000000348e-04
2.747507000000000161e-03 2.938911000000000214e-03 3.447047000000000067e-04
1.464206000000000014e-03 5.511421999999999762e-04 5.421335000000000433e-04
2.477190000000000208e-03 2.201535000000000124e-03 5.353219999999999680e-04
2.165493000000000105e-03 1.218747999999999967e-03 2.960285000000000000e-03
2.700848999999999958e-03 2.282689999999999979e-03 3.799426999999999969e-04
3.684634999999999798e-04 2.881858000000000163e-03 5.249077000000000430e-04
1.278791000000000042e-03 8.146406999999999607e-04 5.241049999999999702e-04
1.983276999999999870e-03 2.524780999999999814e-03 5.241078999999999833e-04
5.759807000000000468e-04 1.827627000000000071e-03 3.717419000000000127e-04
7.673940000000000188e-04 1.136854000000000076e-03 5.639697000000000156e-04
2.843607000000000166e-03 7.275441000000000330e-04 3.108578999999999769e-04
1.684933000000000004e-03 6.352401999999999832e-04 3.213444999999999995e-04
1.361288999999999902e-03 1.525080000000000055e-03 5.579428999999999465e-04
2.821254000000000036e-03 2.067890000000000179e-03 5.623563999999999950e-04
3.679202000000000015e-04 2.608539999999999904e-03 3.075180999999999856e-04
1.065535999999999957e-03 1.602357999999999907e-03 5.646880000000000389e-04
2.178221000000000150e-03 1.424350999999999916e-03 3.063869999999999788e-04
1.395107999999999938e-03 2.716666999999999867e-03 3.326913000000000244e-04
2.598720000000000110e-03 1.186257999999999985e-04 5.503360000000000109e-04
9.986636999999999164e-04 1.767569000000000085e-03 5.489562000000000348e-04
1.298675999999999910e-03 1.908703000000000092e-03 5.473437999999999958e-04
1.169059000000000070e-03 5.233033000000000216e-04 3.356864999999999784e-04
7.440799999999999639e-05 1.651225999999999996e-03 3.408962999999999772e-04
1.852455999999999938e-03 1.340264000000000082e-03 3.408974000000000270e-04
2.794757000000000144e-03 2.161819000000000154e-03 5.451352000000000454e-04
2.784275000000000118e-03 2.185046999999999857e-03 5.451116999999999465e-04
7.039681000000000540e-04 9.506077000000000363e-04 5.446153999999999492e-04
2.699441999999999814e-03 1.543500999999999912e-04 3.250730999999999760e-04
1.595557000000000052e-03 6.862997000000000455e-04 3.326887000000000052e-04
1.727718000000000049e-03 5.271142000000000362e-04 3.310904000000000039e-04
1.267447000000000105e-03 7.982274000000000140e-04 5.511421999999999762e-04
1.823823000000000024e-03 1.571797999999999902e-03 4.782427999999999809e-04
1.649889000000000086e-03 6.953461999999999664e-04 4.340031000000000054e-04
1.501750000000000064e-06 2.467377000000000199e-03 4.790581999999999935e-04
2.516903000000000022e-03 1.967996999999999976e-03 4.768471999999999837e-04
1.850857999999999930e-03 1.625591999999999922e-03 4.394765999999999929e-04
3.769391999999999773e-04 1.744335999999999977e-03 4.768619999999999890e-04
1.899714000000000047e-03 1.453256999999999900e-04 4.405672000000000125e-04
1.559496000000000059e-03 4.370264999999999805e-04 4.414845000000000249e-04
1.859862000000000104e-03 1.704818000000000089e-03 4.246500999999999748e-04
9.380932000000000463e-05 3.001998000000000080e-03 4.805899999999999777e-04
1.343273000000000080e-03 2.767372000000000148e-03 4.279923000000000256e-04
1.869678999999999959e-03 1.650427000000000101e-03 4.610371999999999843e-04
1.854661000000000070e-03 1.576151999999999935e-03 4.685760000000000077e-04
2.481585000000000128e-03 2.542463000000000015e-03 4.708563000000000136e-04
1.714968000000000091e-03 7.489369999999999751e-04 4.649826000000000024e-04
8.026332000000000388e-04 4.099776999999999762e-04 4.722532000000000205e-04
2.479915999999999978e-03 2.933724999999999875e-03 4.692403999999999738e-04
2.321016999999999872e-03 1.380911999999999982e-03 4.490305999999999898e-04
5.811771999999999555e-04 1.575659999999999995e-03 3.971301000000000215e-04
1.730713000000000043e-03 1.557315000000000088e-03 3.974334000000000157e-04
2.961726000000000246e-04 1.127006000000000058e-03 3.979440999999999903e-04
2.764721999999999839e-03 5.421316999999999716e-04 5.090948999999999561e-04
1.109806999999999981e-03 7.531875999999999849e-04 5.090932000000000270e-04
2.410308999999999802e-03 2.757182999999999856e-03 5.053889999999999685e-04
7.970869000000000001e-04 2.614538000000000018e-03 3.955103999999999868e-04
2.911093999999999921e-03 2.539463999999999957e-03 2.957271999999999939e-03
1.486701999999999902e-03 1.954571999999999907e-03 3.949601999999999865e-04
1.781044999999999981e-03 4.408150999999999801e-04 5.087590000000000124e-04
1.880881999999999953e-03 5.082856000000000180e-04 5.022908000000000190e-04
1.169331000000000016e-03 2.050684000000000100e-03 5.025179000000000494e-04
1.978609000000000097e-03 5.066244999999999603e-04 5.147672999999999529e-04
1.501750000000000064e-06 6.737509999999999940e-04 3.919567000000000211e-04
1.010678000000000097e-03 2.863853999999999879e-03 5.098960999999999511e-04
2.418083999999999869e-04 5.338306999999999845e-05 3.916241999999999900e-04
3.886157999999999800e-04 2.624365999999999938e-03 4.163306000000000081e-04
1.687272999999999985e-03 1.587883999999999910e-03 4.156674999999999975e-04
5.087409000000000202e-04 2.150476000000000124e-03 4.219984000000000083e-04
2.926924999999999926e-03 2.503750999999999807e-03 2.945274999999999803e-03
1.248266999999999953e-03 1.893717999999999964e-03 4.902660999999999781e-04
1.692471999999999987e-03 1.023508999999999921e-03 5.015545000000000376e-04
1.431977000000000076e-03 2.297563999999999878e-04 5.000752999999999926e-04
3.100603000000000170e-04 1.680447000000000060e-03 2.926106999999999840e-03
3.048578000000000138e-04 1.874213999999999915e-03 1.922539999999999926e-04
2.570966000000000050e-03 2.262811999999999896e-03 1.907303000000000058e-04
3.001998000000000080e-03 9.506077000000000363e-04 1.907350000000000094e-04
7.343468999999999604e-04 2.674616999999999793e-03 1.915406999999999939e-04
6.502683999999999895e-04 2.259775999999999799e-03 1.727016000000000000e-04
2.363062999999999882e-03 6.076709000000000234e-05 6.562865000000000192e-04
1.477028000000000021e-03 1.340721999999999921e-03 1.735065000000000099e-04
2.515948000000000056e-03 2.412769999999999845e-03 1.795102999999999879e-04
3.206753000000000229e-04 2.118956999999999872e-03 6.524585000000000280e-04
2.200062999999999932e-03 1.501750000000000064e-06 1.961951000000000081e-04
2.626570999999999854e-03 1.448852999999999946e-03 2.092759000000000134e-04
2.623556999999999886e-03 6.232272000000000289e-04 2.084026999999999961e-04
1.830114000000000090e-03 2.913364999999999792e-03 2.928382000000000207e-03
2.371256999999999879e-03 2.598027000000000257e-04 2.177536999999999951e-04
1.018884999999999973e-03 2.484587999999999814e-03 6.292332000000000524e-04
1.662426000000000051e-03 1.142872000000000072e-03 6.385670999999999665e-04
2.176027999999999990e-03 1.431175000000000025e-03 2.981777000000000125e-03
1.410178999999999903e-03 2.727868999999999954e-03 6.376920000000000331e-04
2.823968999999999958e-03 2.250797000000000127e-03 2.928382000000000207e-03
2.620018999999999907e-03 2.337417999999999961e-03 6.780891000000000262e-04
5.256124999999999757e-05 3.469055000000000077e-04 1.339936999999999975e-04
1.839644000000000088e-03 1.809609000000000001e-03 6.824905999999999941e-04
2.097931999999999835e-03 1.502450999999999917e-03 1.693578000000000000e-04
2.711466999999999957e-03 9.514115000000000506e-04 2.986981000000000098e-03
2.863034999999999886e-03 2.966757999999999895e-03 1.516688999999999939e-04
1.280993000000000019e-03 1.296010000000000001e-03 1.490150000000000090e-04
2.544668999999999837e-03 1.203705000000000009e-03 6.660726999999999967e-04
1.386115000000000047e-03 1.596692000000000033e-03 6.667469999999999777e-04
6.562554999999999647e-04 2.425660000000000056e-03 1.541300999999999967e-04
1.887699999999999968e-03 5.038825000000000465e-04 5.893759000000000367e-04
4.373412999999999932e-04 1.926215999999999909e-03 2.696171000000000244e-04
2.848830000000000112e-03 1.903076999999999980e-03 2.688276000000000077e-04
1.208398999999999948e-04 2.845798999999999985e-03 5.833776999999999626e-04
2.626550999999999973e-03 1.404540000000000074e-04 6.000120000000000280e-04
1.401113999999999962e-03 2.008373999999999836e-03 5.995357000000000203e-04
1.746193999999999958e-03 7.764046999999999832e-04 5.991981999999999647e-04
1.527280000000000000e-03 1.806583000000000060e-03 2.666122000000000153e-04
1.501750000000000064e-06 5.593437000000000365e-04 2.691565000000000038e-04
1.903518000000000094e-03 5.451352000000000454e-04 5.969948999999999785e-04
1.695476000000000014e-03 1.549101999999999901e-03 2.936513999999999986e-04
2.118161999999999823e-03 6.412475000000000163e-04 2.963683000000000268e-04
1.175870000000000084e-03 1.662436999999999899e-03 2.961676000000000000e-04
1.710492999999999996e-03 1.657236999999999990e-03 2.838428000000000262e-04
2.594322999999999942e-03 2.134341000000000103e-03 2.868204999999999756e-04
2.944917000000000021e-03 2.056217999999999848e-03 2.305619000000000125e-04
9.520794000000000175e-04 2.043881999999999904e-03 2.305701999999999969e-04
2.109506999999999995e-04 2.296176000000000033e-03 6.216944999999999546e-04
1.644938999999999993e-03 6.499356000000000187e-04 6.262594000000000233e-04
2.604065000000000026e-03 5.046179999999999720e-04 2.493204999999999857e-04
2.980973999999999950e-03 2.347244999999999974e-03 6.055445000000000228e-04
3.589182000000000223e-04 2.429128999999999924e-03 2.568086999999999931e-04
3.499077000000000177e-04 2.406513999999999789e-03 2.567946999999999895e-04
8.760487999999999869e-04 2.967427999999999819e-03 6.112023999999999539e-04
8.930182000000000484e-04 1.287809999999999910e-03 6.108784999999999823e-04
1.982999000000000046e-03 1.657229999999999988e-03 6.120156000000000294e-04
2.590505999999999798e-03 2.452697000000000210e-03 2.974955999999999955e-03
1.986009999999999859e-03 5.421099000000000187e-04 6.112115000000000213e-04
1.352281000000000099e-03 2.361728999999999912e-03 2.055898000000000014e-03
1.314829999999999905e-03 1.989818999999999876e-03 2.065237000000000149e-03
9.033462999999999606e-04 1.366577000000000113e-04 2.051359999999999902e-03
4.763774000000000242e-04 2.209879000000000097e-03 2.043881999999999904e-03
1.440178000000000074e-03 1.699950999999999893e-03 2.046542000000000153e-03
2.905885999999999886e-03 1.470219999999999947e-03 2.052892000000000172e-03
1.056529000000000062e-03 4.734968999999999761e-05 2.092741999999999866e-03
7.148630000000000435e-04 1.569861000000000086e-03 2.088934000000000190e-03
4.276732999999999902e-04 2.076599000000000153e-03 2.070591000000000098e-03
1.058191999999999900e-03 2.875508000000000144e-03 2.004829000000000073e-03
2.986981000000000098e-03 1.427373999999999917e-03 2.009311000000000170e-03
9.205726999999999487e-04 9.317702000000000189e-04 2.007823000000000160e-03
2.714016000000000085e-03 2.589728999999999816e-03 2.772199999999999838e-03
2.383617000000000201e-03 1.983812000000000162e-03 1.984150000000000063e-03
1.022164000000000102e-03 1.562786999999999944e-03 2.034883999999999825e-03
2.041218999999999933e-03 1.295996999999999904e-03 2.031868000000000042e-03
1.073748999999999927e-03 1.055195999999999999e-03 2.031859999999999916e-03
1.157849000000000074e-03 1.501750000000000064e-06 2.043076000000000007e-03
9.355862000000000379e-04 9.211070000000000021e-04 2.040085000000000075e-03
2.602533000000000190e-03 1.127813000000000079e-03 2.023669999999999983e-03
2.510895999999999875e-03 3.001998000000000080e-03 2.026680999999999795e-03
6.592682000000000316e-04 1.293810000000000055e-03 2.766921999999999784e-03
8.244669999999999516e-04 1.380916999999999952e-03 2.181239000000000181e-03
5.781620000000000118e-04 6.376375000000000424e-05 2.166213000000000166e-03
6.667469999999999777e-04 9.055552000000000133e-04 2.752366999999999921e-03
1.023023999999999982e-03 2.863841000000000216e-03 2.161010000000000101e-03
6.614728000000000274e-04 8.725322999999999673e-04 2.754178999999999829e-03
2.004825000000000010e-03 3.160656000000000186e-04 2.188881000000000160e-03
2.513898999999999995e-03 1.857982999999999900e-03 2.747235000000000215e-03
6.076739999999999963e-04 8.248161999999999855e-04 2.747502000000000191e-03
1.694668999999999993e-03 1.704486000000000065e-03 2.212612000000000086e-03
1.187899000000000073e-03 1.572332000000000070e-03 2.190717000000000012e-03
5.481378000000000292e-04 1.788583999999999964e-03 2.191053000000000098e-03
1.164656999999999932e-03 1.758536999999999904e-03 2.117436999999999792e-03
2.830790000000000129e-03 1.373293000000000040e-03 2.128341000000000174e-03
2.758701000000000122e-03 1.308029000000000049e-03 2.126447999999999967e-03
4.091731999999999943e-04 2.031536999999999926e-03 2.107754999999999785e-03
1.443182000000000102e-03 7.343675000000000463e-04 2.103949999999999831e-03
2.797770000000000205e-03 1.719489000000000043e-03 2.112956999999999943e-03
2.614541000000000174e-03 2.823979999999999806e-03 2.107766999999999974e-03
1.971469999999999907e-03 1.121011000000000099e-03 2.146535000000000196e-03
1.764556000000000024e-03 3.622553999999999943e-04 2.155011000000000079e-03
6.172191999999999739e-04 2.593530000000000141e-03 2.139970000000000153e-03
1.501750000000000064e-06 2.175224999999999815e-03 2.137333999999999849e-03
1.223925999999999964e-03 4.009587999999999802e-04 2.139181999999999889e-03
6.945112999999999721e-04 7.223362000000000315e-04 2.792554999999999951e-03
1.032237000000000085e-03 2.806771999999999913e-03 1.821623000000000079e-03
2.754239999999999813e-03 1.591161000000000008e-03 1.830959999999999966e-03
1.513068999999999916e-03 5.353260000000000310e-04 1.809609000000000001e-03
1.827630999999999917e-03 3.105296000000000228e-04 1.858470000000000087e-03
1.511727999999999943e-03 2.385484000000000215e-03 1.850836000000000018e-03
1.875696999999999955e-03 1.639880999999999934e-03 1.857665000000000097e-03
2.052898000000000049e-03 1.658900999999999952e-03 1.839644000000000088e-03
2.399796000000000020e-05 1.465006000000000034e-03 1.762354999999999955e-03
1.285527999999999975e-03 1.772034999999999930e-03 1.763489000000000029e-03
1.972598999999999794e-03 9.839747999999999290e-04 1.764532999999999987e-03
1.567796999999999897e-03 2.905092000000000178e-03 1.770560000000000016e-03
1.888233999999999919e-03 2.938113000000000009e-03 1.758533999999999965e-03
1.106451999999999956e-03 1.699289000000000095e-03 1.803277000000000048e-03
2.557467999999999807e-03 2.529918999999999831e-03 1.800586999999999977e-03
2.410315000000000114e-03 2.477198999999999807e-03 1.800264999999999895e-03
1.344066000000000097e-03 1.800050999999999995e-03 1.777382000000000094e-03
1.383118999999999928e-03 2.783095000000000187e-03 1.788613000000000095e-03
2.592979999999999938e-03 6.757574999999999823e-04 1.788585000000000088e-03
1.376300999999999913e-03 1.195363000000000068e-03 1.929748999999999918e-03
2.914365999999999832e-03 2.703119999999999828e-03 1.932752000000000038e-03
6.682787000000000362e-04 6.997855000000000308e-04 2.775203999999999865e-03
1.157052999999999901e-03 2.360049999999999822e-03 1.960317999999999956e-03
1.154506999999999929e-03 3.354319999999999828e-04 1.956781999999999792e-03
2.148989999999999928e-03 1.344066000000000097e-03 1.957578000000000183e-03
2.932110999999999832e-03 2.429137999999999957e-03 1.964983999999999915e-03
2.127979999999999802e-03 1.885228000000000077e-03 1.961989999999999828e-03
8.154489999999999916e-04 1.269968000000000002e-05 1.893687999999999925e-03
2.266134999999999851e-03 2.050225000000000138e-03 1.889891000000000097e-03
8.217880999999999797e-04 2.252173000000000028e-05 1.890696000000000087e-03
1.824625999999999982e-03 1.442839999999999921e-03 1.869671999999999957e-03
2.648115999999999838e-03 2.537249000000000101e-03 1.870481000000000010e-03
7.106562000000000079e-04 9.407546000000000137e-05 1.866674999999999932e-03
2.371236999999999998e-03 2.842011000000000190e-03 1.865143000000000096e-03
4.970791999999999485e-04 1.696278999999999973e-03 1.863674000000000060e-03
1.816415000000000043e-03 2.112427999999999962e-03 1.876017999999999913e-03
1.827653999999999954e-03 1.676654999999999986e-03 1.876016000000000098e-03
1.048190999999999967e-03 2.221068999999999995e-03 1.872329999999999958e-03
2.402112000000000084e-03 7.529115000000000503e-04 1.919932000000000062e-03
2.272145000000000154e-03 2.893872000000000024e-03 1.920402999999999997e-03
8.643051000000000336e-04 2.743713000000000055e-03 1.921533000000000008e-03
2.170919000000000144e-05 2.938923999999999877e-03 1.906516000000000027e-03
2.674953999999999787e-03 2.386295999999999990e-03 1.909256000000000017e-03
1.114268000000000073e-03 1.434715999999999943e-03 1.903252000000000025e-03
1.933086000000000092e-03 1.657901999999999943e-03 2.539458999999999987e-03
6.439265999999999480e-04 8.739884000000000498e-04 2.711452000000000046e-03
2.484591999999999877e-03 1.973269000000000151e-03 2.543269999999999819e-03
2.010843000000000005e-03 1.623391999999999977e-03 2.545125999999999986e-03
1.283201999999999997e-03 1.779584999999999978e-03 2.710658999999999812e-03
9.325839000000000481e-04 1.193084000000000072e-03 2.527437999999999907e-03
1.299814000000000047e-03 5.713591000000000503e-04 2.579300000000000082e-03
1.523468999999999952e-03 1.992020000000000162e-03 2.577032999999999841e-03
2.551149999999999859e-03 2.766193000000000124e-03 2.551485000000000038e-03
1.839301000000000000e-03 1.501750000000000064e-06 2.569493999999999858e-03
2.935366999999999924e-03 2.063374000000000198e-03 2.474913999999999933e-03
2.783546999999999931e-03 2.331880000000000151e-03 2.470705000000000123e-03
1.178298999999999948e-04 2.774533000000000034e-03 2.470915000000000177e-03
1.182679999999999973e-03 2.891396000000000070e-03 2.482041999999999842e-03
2.686633999999999810e-03 2.331418999999999939e-03 2.483204000000000140e-03
2.063374000000000198e-03 2.010038000000000016e-03 2.480187999999999924e-03
3.559330999999999888e-04 2.394948000000000042e-03 2.502620000000000105e-03
7.928939000000000082e-04 7.268170000000000446e-04 2.713661999999999932e-03
2.752706000000000163e-03 2.260934999999999941e-03 2.488048999999999990e-03
1.263496000000000020e-03 2.890072000000000040e-03 2.491408000000000077e-03
9.869784000000000369e-04 9.844480999999999978e-04 2.656261000000000039e-03
1.522804999999999905e-03 5.052888999999999861e-04 2.642377000000000007e-03
6.866313000000000407e-04 8.244606999999999717e-04 2.686631000000000088e-03
5.571407000000000442e-04 4.738174999999999744e-05 2.680634999999999789e-03
1.019694000000000026e-03 2.593511000000000167e-03 2.687438999999999800e-03
2.354713999999999939e-03 1.502049999999999891e-04 2.690690999999999829e-03
6.742856999999999670e-04 4.197960999999999837e-04 2.671078999999999815e-03
3.537184999999999982e-04 2.121973000000000088e-03 2.671274999999999865e-03
1.691695000000000004e-04 1.235956999999999984e-03 2.670819000000000058e-03
3.048551999999999946e-04 8.398039999999999845e-04 2.600335000000000060e-03
8.304564999999999864e-04 2.341227999999999886e-03 2.587514999999999867e-03
1.668444000000000047e-03 2.391258000000000001e-04 2.591322000000000070e-03
6.863102999999999738e-04 7.305576999999999731e-04 2.595053999999999850e-03
2.293980000000000151e-03 1.214912999999999974e-03 2.596520000000000165e-03
8.307953000000000516e-04 2.320204000000000190e-03 2.590848000000000196e-03
2.164029000000000039e-03 1.367287999999999924e-03 2.590849000000000103e-03
2.491377999999999822e-03 1.890703000000000088e-03 2.639374999999999794e-03
2.828601000000000032e-03 1.736570999999999945e-05 2.700848000000000051e-03
2.153478999999999810e-03 1.169876999999999940e-03 2.615360000000000167e-03
2.131782000000000035e-03 1.187885999999999977e-03 2.624092000000000178e-03
1.129691000000000023e-04 1.218721000000000084e-03 2.621348999999999815e-03
3.001998000000000080e-03 1.798129000000000090e-03 2.701991999999999849e-03
2.011644999999999840e-03 1.635069999999999970e-03 2.287163999999999951e-03
9.183728999999999634e-04 2.492203000000000127e-03 2.293975000000000181e-03
1.280995999999999958e-03 1.784049000000000008e-03 2.733215000000000210e-03
1.172866999999999963e-03 1.067713999999999989e-03 2.303654000000000032e-03
2.990535999999999802e-03 1.618855999999999897e-03 2.304379000000000063e-03
1.953120000000000030e-05 1.779573999999999913e-03 2.230896999999999915e-03
9.000829999999999812e-04 7.335529999999999612e-04 2.743696999999999803e-03
2.040868999999999843e-03 5.669671999999999950e-04 2.218415000000000057e-03
2.142994000000000062e-03 1.836629999999999903e-03 2.223749000000000125e-03
2.252625000000000138e-05 1.752564999999999982e-03 2.223292999999999884e-03
9.626249000000000134e-04 1.323048000000000063e-03 2.226282999999999908e-03
1.645011999999999896e-04 1.778765000000000077e-03 2.221079999999999843e-03
2.544658999999999897e-03 3.807479000000000007e-04 2.223290000000000162e-03
3.176737000000000007e-04 1.073739999999999894e-03 2.262332000000000145e-03
1.406321000000000090e-03 5.085585000000000539e-04 2.244309999999999795e-03
9.986494000000000273e-04 2.501212000000000053e-03 2.238576999999999841e-03
1.415344000000000020e-03 8.845177999999999765e-04 2.242113000000000005e-03
8.451685999999999704e-04 1.931947000000000048e-03 2.251930000000000077e-03
1.631559999999999944e-04 1.811806000000000007e-03 2.247311000000000100e-03
6.458360000000000283e-05 2.694109000000000087e-03 2.409506999999999968e-03
1.539636999999999950e-03 1.565526999999999934e-03 2.414117999999999820e-03
2.327712000000000119e-04 4.812549000000000059e-04 2.415510000000000053e-03
5.443237000000000075e-04 2.938117999999999980e-03 2.401312999999999972e-03
7.970981999999999503e-04 2.173032000000000089e-03 2.404302000000000088e-03
2.521442000000000041e-03 7.359823999999999891e-05 2.448554999999999829e-03
2.611009000000000073e-03 1.404136000000000056e-03 2.426150000000000181e-03
1.975335999999999845e-03 4.129884999999999915e-04 2.425664000000000119e-03
1.169331000000000016e-03 2.163225999999999864e-03 2.730151000000000105e-03
5.233037999999999752e-04 2.929919999999999920e-03 2.332218000000000051e-03
2.109960000000000134e-03 6.240345000000000440e-04 2.376932000000000003e-03
2.114434000000000105e-03 1.797594999999999922e-03 2.383268999999999926e-03
2.812433000000000034e-03 1.497244999999999913e-03 2.729474999999999870e-03
2.782741000000000034e-03 8.124395999999999658e-04 2.729490000000000215e-03
6.947754999999999686e-04 7.824117000000000224e-04 2.728682000000000069e-03
4.348150999999999969e-04 2.037863000000000001e-03 2.365255000000000135e-03
2.238786999999999895e-03 1.883164000000000105e-03 1.140628000000000085e-03
8.861908000000000534e-05 9.454052000000000332e-04 1.148039000000000004e-03
1.653453999999999948e-03 1.041534999999999981e-04 1.136021999999999987e-03
1.449985999999999896e-03 2.593499999999999885e-03 1.154847999999999986e-03
4.280026000000000143e-04 1.872673999999999953e-03 1.155645999999999974e-03
1.830622999999999972e-03 1.931949999999999987e-03 1.076759000000000049e-03
1.809075000000000049e-03 1.718705999999999966e-03 1.085407000000000038e-03
9.896480999999999074e-04 2.533454999999999995e-03 1.079758000000000107e-03
1.052730999999999893e-03 1.091778999999999970e-03 2.875040000000000148e-03
9.781740000000000573e-04 1.092300000000000042e-03 2.875850000000000108e-03
6.142157000000000085e-04 1.365085999999999947e-03 1.109799000000000072e-03
2.530463000000000157e-03 1.045188000000000063e-03 1.110129000000000064e-03
2.197587999999999885e-03 7.005047000000000357e-04 1.108990000000000019e-03
1.374917000000000023e-03 2.200872999999999892e-03 1.119135000000000052e-03
9.287829000000000484e-04 1.708302999999999992e-03 1.116611999999999900e-03
1.792397000000000044e-03 2.740690999999999961e-03 2.876650000000000127e-03
2.345040000000000058e-03 5.953844999999999710e-04 1.097443999999999937e-03
1.398930000000000052e-03 1.548300000000000067e-03 1.101593000000000103e-03
2.371265999999999912e-03 1.262637000000000048e-03 1.269781999999999899e-03
6.953343999999999541e-04 7.914165000000000349e-04 2.858629000000000118e-03
7.794036000000000063e-04 1.034706000000000037e-03 1.269513000000000108e-03
2.820991000000000123e-03 2.797759999999999830e-03 1.265974999999999913e-03
7.013352000000000475e-04 7.643907000000000132e-04 2.861367999999999984e-03
1.204434000000000103e-03 1.568998000000000051e-03 1.254495999999999910e-03
1.656445000000000096e-03 1.915264000000000072e-03 1.250639999999999911e-03
2.127990000000000177e-03 4.965482000000000446e-04 1.254749000000000099e-03
1.231135000000000063e-04 2.822322999999999846e-03 1.251764000000000045e-03
2.580713000000000104e-03 2.656933000000000211e-03 1.289194999999999924e-03
2.528255000000000086e-03 4.940758000000000172e-04 1.298221000000000010e-03
2.898377000000000050e-04 1.685253000000000041e-05 1.299547999999999979e-03
2.269142999999999941e-03 5.120991999999999775e-04 1.293819000000000089e-03
1.653097999999999981e-03 2.185633000000000085e-04 2.866841000000000181e-03
2.845807000000000111e-03 2.939731000000000115e-03 1.200433000000000099e-03
1.893705000000000084e-03 2.650589000000000070e-03 1.199364000000000072e-03
6.562716999999999596e-04 7.065205999999999657e-04 2.867646000000000171e-03
1.088760000000000032e-03 1.950778999999999925e-03 1.190887999999999973e-03
4.595054999999999799e-04 2.802296000000000127e-03 1.226382999999999944e-03
2.059699999999999812e-03 1.310694999999999959e-03 2.860496000000000132e-03
4.872642000000000162e-04 2.538661000000000216e-03 1.241946999999999973e-03
1.711028000000000071e-03 2.056234000000000100e-03 1.242754999999999901e-03
1.501750000000000064e-06 1.229932999999999894e-03 1.220916000000000059e-03
1.513734000000000086e-03 1.755550999999999943e-03 1.220907000000000025e-03
2.546272000000000032e-03 5.000827000000000223e-04 8.995481999999999740e-04
2.845485999999999936e-03 2.335221000000000172e-03 9.003462999999999961e-04
2.917102999999999884e-03 1.824621000000000012e-03 8.837362000000000516e-04
2.316402999999999865e-03 1.013664000000000058e-03 8.763211999999999608e-04
3.001998000000000080e-03 6.832961999999999717e-04 8.860024000000000198e-04
9.754418000000000160e-04 1.190539999999999914e-03 2.896907000000000214e-03
9.678228999999999999e-04 1.137624999999999964e-03 2.896063999999999843e-03
6.975148999999999716e-04 1.766027999999999999e-03 9.322523999999999785e-04
9.025517000000000479e-04 2.217268000000000103e-03 8.304678999999999707e-04
2.055896000000000199e-03 2.383277000000000052e-03 8.356394000000000278e-04
1.283999999999999985e-03 9.481512000000000100e-04 8.162497999999999585e-04
1.308013000000000014e-03 8.927362000000000535e-04 8.189890000000000017e-04
1.534093000000000045e-03 1.094432000000000000e-03 8.121048999999999976e-04
1.670625999999999925e-03 1.161661999999999938e-03 8.124332999999999859e-04
2.866505000000000095e-03 1.427815000000000030e-03 8.124453999999999921e-04
1.211113999999999897e-03 2.695311000000000148e-03 8.192486999999999816e-04
2.076919999999999895e-03 1.227734999999999981e-03 8.643173999999999996e-04
1.276452000000000023e-04 1.470221000000000071e-03 8.695140999999999764e-04
1.629398999999999908e-03 2.516238999999999976e-03 8.665001000000000083e-04
2.911884999999999907e-03 2.858380000000000209e-03 2.902351000000000063e-03
7.703977000000000524e-04 2.281688999999999939e-03 1.007995000000000028e-03
2.347241999999999818e-03 3.153675000000000261e-05 1.001666000000000015e-03
2.217283000000000014e-03 5.004259999999999958e-04 9.953436000000000835e-04
1.272794999999999959e-03 3.001998000000000080e-03 1.002201999999999997e-03
1.755543000000000034e-03 7.076618000000000014e-04 1.001666999999999922e-03
1.710492999999999996e-03 1.722507000000000075e-03 1.048190999999999967e-03
2.085932999999999884e-03 1.576837000000000095e-04 1.056056000000000095e-03
4.227934000000000032e-04 1.977805000000000014e-03 2.881528999999999861e-03
1.371920999999999904e-04 1.038047999999999966e-03 1.051255000000000071e-03
2.887062000000000135e-03 1.738058999999999915e-03 1.038510000000000084e-03
1.149648999999999983e-03 1.143366000000000044e-03 1.034718000000000009e-03
1.839633000000000023e-03 2.385472000000000026e-03 9.574390999999999588e-04
2.485395999999999959e-03 1.614395000000000023e-03 2.890075000000000196e-03
8.927409000000000299e-04 1.794585000000000017e-03 9.761073999999999576e-04
9.851179000000000706e-04 1.116133000000000056e-03 2.890868999999999904e-03
2.251994000000000042e-05 5.836459999999999478e-04 2.817983000000000033e-03
1.529760999999999925e-03 4.505249999999999767e-06 1.576155000000000091e-03
1.518269000000000042e-03 2.507922000000000211e-04 1.566335999999999987e-03
2.836241000000000196e-03 1.021159999999999906e-03 1.570800000000000017e-03
1.376307000000000008e-03 1.416125999999999973e-03 1.565526999999999934e-03
8.599566000000000328e-04 3.874214999999999972e-04 1.569667000000000067e-03
7.057924999999999616e-04 7.794192000000000134e-04 2.816588000000000078e-03
9.119040999999999822e-04 5.331211999999999670e-04 1.525073000000000054e-03
2.203868999999999793e-03 1.658905999999999868e-04 2.825592000000000034e-03
2.995995999999999902e-03 2.607734999999999914e-03 1.506254999999999964e-03
2.319652000000000172e-03 2.273220999999999966e-04 1.516324000000000101e-03
1.499459999999999986e-03 3.203899000000000070e-04 1.515265999999999922e-03
2.129422000000000172e-03 2.207513999999999831e-03 1.531348000000000084e-03
1.598830000000000086e-03 2.933713000000000119e-03 1.545301000000000010e-03
1.545301000000000010e-03 1.989318000000000119e-04 1.551316000000000066e-03
1.481420000000000002e-03 2.403100000000000082e-04 1.545340999999999989e-03
1.518269000000000042e-03 2.606075000000000015e-04 1.530815999999999948e-03
1.563329000000000021e-03 2.439812000000000079e-04 1.533293999999999933e-03
1.595555000000000020e-03 1.824621999999999919e-03 1.536625999999999921e-03
1.816410999999999980e-03 1.656422999999999967e-03 1.705279999999999990e-03
3.454500000000000214e-05 6.074023999999999699e-04 2.803233000000000027e-03
1.106453999999999988e-03 1.425161000000000093e-03 1.706686000000000010e-03
2.269143999999999849e-03 1.435642999999999902e-03 1.689474999999999961e-03
1.691662999999999934e-03 1.951772999999999990e-05 1.683461999999999936e-03
2.172232999999999976e-03 1.640879000000000035e-03 1.739700999999999964e-03
1.980007000000000208e-03 1.782579000000000065e-03 1.745727000000000086e-03
8.553035000000000282e-04 1.034706000000000037e-03 2.801103000000000100e-03
9.904488999999999828e-04 1.115464999999999946e-03 2.799971000000000057e-03
5.335716000000000195e-05 2.511881000000000096e-03 1.723308999999999909e-03
8.094378999999999637e-04 4.043103000000000040e-04 1.716499999999999927e-03
2.511206000000000093e-04 3.919567000000000211e-04 1.719180999999999964e-03
1.278782000000000009e-03 1.768098999999999973e-03 1.725184999999999956e-03
1.707490000000000093e-03 2.649783000000000173e-03 1.726981999999999953e-03
2.811969000000000100e-03 2.305986999999999794e-03 1.638417999999999992e-03
7.193335000000000137e-04 2.431332999999999932e-03 1.639941000000000012e-03
2.334066999999999959e-05 1.550502999999999951e-03 1.637606000000000001e-03
3.306853999999999967e-05 2.528916999999999884e-03 1.647166999999999945e-03
1.073764000000000055e-03 2.836805999999999876e-03 1.644400000000000072e-03
5.211193000000000032e-04 1.431704999999999913e-03 1.626393999999999973e-03
2.452040999999999856e-03 5.947230000000000181e-04 1.618855999999999897e-03
9.451362000000000261e-04 1.612176000000000104e-03 1.634880000000000014e-03
2.324010999999999959e-03 8.780090000000000160e-05 2.812778000000000153e-03
2.935121000000000171e-03 2.652798000000000048e-03 1.665114000000000091e-03
2.179833999999999852e-03 1.549951000000000096e-04 1.672918999999999925e-03
1.918051999999999951e-03 1.672005999999999970e-03 1.677455000000000005e-03
2.043350000000000201e-03 5.421316999999999716e-04 2.810115000000000182e-03
2.787945000000000007e-03 9.055464000000000482e-04 1.652632000000000016e-03
2.185855000000000003e-03 2.846405000000000202e-04 1.503255999999999907e-03
2.578509000000000096e-03 2.090720999999999866e-04 2.845816000000000144e-03
1.959798999999999916e-03 1.103791999999999924e-03 1.362083999999999951e-03
2.620554000000000199e-03 5.323107999999999789e-04 1.365447000000000102e-03
2.278497999999999895e-03 4.135447000000000320e-05 1.365090999999999917e-03
2.974974999999999929e-03 2.500441999999999856e-03 1.362893000000000004e-03
1.274631000000000028e-03 1.876035000000000072e-03 2.846607000000000130e-03
2.966584999999999990e-04 2.390083999999999785e-03 1.350077999999999999e-03
3.807853000000000014e-05 2.417816999999999894e-04 1.355756000000000062e-03
2.772199999999999838e-03 2.622025000000000050e-03 1.354609000000000108e-03
7.009813999999999629e-04 4.922262000000000002e-05 1.368101000000000039e-03
2.016833999999999901e-03 2.763519999999999996e-04 1.373026999999999971e-03
2.224091999999999996e-03 1.516561999999999999e-04 1.379304000000000033e-03
2.731682999999999941e-03 2.682831000000000105e-03 1.376302999999999945e-03
6.240246999999999548e-04 1.099251000000000091e-03 1.373291000000000008e-03
2.209875999999999941e-03 3.318676000000000004e-04 1.374100999999999968e-03
2.268809000000000103e-03 1.018508000000000041e-05 1.320037999999999941e-03
1.587899999999999945e-03 2.996008999999999999e-03 1.316696000000000012e-03
2.554464000000000214e-03 4.880520999999999753e-04 1.316232000000000079e-03
3.319212999999999894e-04 4.249952000000000200e-04 2.851831999999999891e-03
1.452535000000000024e-03 2.289361000000000174e-03 1.302030999999999935e-03
2.494431999999999986e-03 7.944256999999999925e-04 1.301679000000000030e-03
2.202724999999999995e-03 1.501750000000000064e-06 1.307489999999999911e-03
2.914092999999999978e-03 2.620554000000000199e-03 1.338587999999999931e-03
2.137789000000000182e-03 6.103998999999999493e-04 1.338053000000000072e-03
1.779573999999999913e-03 8.340059999999999835e-04 2.849618999999999850e-03
2.761188999999999831e-03 2.640768999999999842e-03 1.344069999999999944e-03
2.706834999999999884e-03 1.714030999999999975e-03 1.341090000000000077e-03
9.634233999999999550e-04 1.238944000000000070e-03 2.848826000000000049e-03
9.731641000000000293e-04 1.170664000000000080e-03 2.833266000000000083e-03
2.316666000000000211e-03 1.148276000000000049e-04 1.464741000000000090e-03
2.795559999999999885e-03 4.673693000000000248e-04 1.472685000000000053e-03
2.289845999999999895e-03 1.044515999999999945e-04 1.474688000000000040e-03
2.284973000000000039e-03 3.974365000000000021e-05 1.449524999999999902e-03
1.882495000000000088e-03 3.717406000000000031e-04 1.460399999999999936e-03
2.299714000000000012e-03 1.831437999999999903e-03 1.489766000000000007e-03
7.846145999999999806e-04 1.474024999999999901e-03 1.494775000000000053e-03
3.808720999999999748e-05 5.759784999999999471e-04 2.828329999999999993e-03
2.380600999999999984e-03 1.035513000000000058e-03 1.496710000000000054e-03
3.001998000000000080e-03 2.884063000000000078e-03 2.836271000000000018e-03
1.028699000000000106e-03 1.124007999999999908e-03 2.836805999999999876e-03
1.268431999999999893e-03 1.814084000000000096e-03 2.837628000000000025e-03
2.797744999999999919e-03 2.433526999999999999e-03 1.410961000000000073e-03
1.038515999999999962e-03 9.257433000000000241e-04 2.839776999999999926e-03
3.821437000000000119e-04 5.399420999999999951e-04 1.396597000000000073e-03
2.724868000000000082e-03 2.455361000000000089e-03 1.400327999999999946e-03
2.269479999999999935e-03 3.153675000000000261e-05 2.839803000000000119e-03
2.308193000000000050e-03 5.858562999999999900e-05 2.840343999999999855e-03
2.461367999999999803e-03 1.449996999999999961e-03 1.397802000000000072e-03
1.939294000000000044e-03 1.558123000000000017e-03 1.434975000000000009e-03
1.501750000000000064e-06 2.150476000000000124e-03 1.442375999999999988e-03
1.022359999999999935e-03 1.205904999999999954e-03 2.833801999999999849e-03
2.765524000000000107e-03 2.442825999999999938e-03 1.435702999999999979e-03
9.874528000000000472e-04 1.113602999999999902e-03 2.835274000000000041e-03
2.875495000000000047e-03 2.484608000000000129e-03 1.419162999999999978e-03
1.257759999999999911e-03 9.350555000000000195e-04 1.431172000000000086e-03
2.980495999999999797e-04 2.373468000000000105e-03 1.425157999999999937e-03
-1.000000000000000078e-15 1.501750000000000047e-03 1.501750000000000047e-03
