-1,8223,1926
-1,8224,1400
-1,8225,3316
-1,8226,1124
-1,8227,5498
-1,8228,3228
-1,8229,572
-1,8230,1735
-1,8231,235
-1,8232,3994
-1,8233,777
-1,8234,1825
-1,8235,887
-1,8236,3225
-1,8237,7306
-1,8238,5686
-1,8239,4982
-1,8240,4490
-1,8241,4561
-1,8242,6207
-1,8243,6870
-1,8244,3184
-1,8245,970
-1,8246,3017
-1,8247,5936
-1,8248,874
-1,8249,139
-1,8250,6830
-1,8251,3779
-1,8252,7856
-1,8253,3584
-1,8254,2271
-1,8255,4315
-1,8256,1619
-1,8257,1781
-1,8258,948
-1,8259,3722
-1,8260,321
-1,8261,6317
-1,8262,2753
-1,8263,637
-1,8264,762
-1,8265,5245
-1,8266,2022
-1,8267,6170
-1,8268,5791
-1,8269,7808
-1,8270,1063
-1,8271,5618
-1,8272,3723
-1,8273,1247
-1,8274,3588
-1,8275,2458
-1,8276,7779
-1,8277,5617
-1,8278,207
-1,8279,4936
-1,8280,5220
-1,8281,1960
-1,8282,1536
-1,8283,7172
-1,8284,5867
-1,8285,7330
-1,8286,5831
-1,8287,192
-1,8288,778
-1,8289,3504
-1,8290,522
-1,8291,1699
-1,8292,1887
-1,8293,2606
-1,8294,964
-1,8295,1038
-1,8296,5790
-1,8297,6151
-1,8298,1209
-1,8299,706
-1,8300,5792
-1,8301,2644
-1,8302,3586
-1,8303,1739
-1,8304,5683
-1,8305,3842
-1,8306,1259
-1,8307,1530
-1,8308,1696
-1,8309,1745
-1,8310,3026
-1,8311,6153
-1,8312,6018
-1,8313,1060
-1,8314,10
-1,8315,5322
-1,8316,5017
-1,8317,5774
-1,8318,6319
-1,8319,5621
-1,8320,2693
-1,8321,6452
-1,8322,7552
-1,8323,2503
-1,8324,5681
-1,8325,5813
-1,8326,1295
-1,8327,3414
-1,8328,5315
-1,8329,6777
-1,8330,6747
-1,8331,1416
-1,8332,1075
-1,8333,4451
-1,8334,4950
-1,8335,985
-1,8336,2605
-1,8337,540
-1,8338,2296
-1,8339,1875
-1,8340,5814
-1,8341,1569
-1,8342,278
-1,8343,5154
-1,8344,2784
-1,8345,660
-1,8346,5625
-1,8347,675
-1,8348,1646
-1,8349,60
-1,8350,2162
-1,8351,3721
-1,8352,1546
-1,8353,3415
-1,8354,8082
-1,8355,3677
-1,8356,6157
-1,8357,692
-1,8358,5545
-1,8359,3679
-1,8360,182
-1,8361,3745
-1,8362,437
-1,8363,2398
-1,8364,6320
-1,8365,504
-1,8366,863
-1,8367,493
-1,8368,482
-1,8369,5479
-1,8370,6458
-1,8371,6925
-1,8372,512
-1,8373,390
-1,8374,1428
-1,8375,6373
-1,8376,1618
-1,8377,5770
-1,8378,8216
-1,8379,4729
-1,8380,4725
-1,8381,794
-1,8382,3181
-1,8383,2217
-1,8384,284
-1,8385,1903
-1,8386,500
-1,8387,761
-1,8388,5153
-1,8389,6761
-1,8390,5623
-1,8391,6321
-1,8392,4802
-1,8393,57
-1,8394,6316
-1,8395,4145
-1,8396,7174
-1,8397,335
-1,8398,318
-1,8399,2758
-1,8400,3534
-1,8401,429
-1,8402,5903
-1,8403,6155
-1,8404,199
-1,8405,1016
-1,8406,1319
-1,8407,2027
-1,8408,5318
-1,8409,320
-1,8410,148
-1,8411,4589
-1,8412,1636
-1,8413,5496
-1,8414,4692
-1,8415,6760
-1,8416,119
-1,8417,363
-1,8418,558
-1,8419,4404
-1,8420,6198
-1,8421,5667
-1,8422,7962
-1,8423,4314
-1,8424,6225
-1,8425,2969
-1,8426,4156
-1,8427,6756
-1,8428,1325
-1,8429,3587
-1,8430,6762
-1,8431,6152
-1,8432,1766
-1,8433,7175
-1,8434,1717
-1,8435,2349
-1,8436,1328
-1,8437,2029
-1,8438,1986
-1,8439,2581
-1,8440,5461
-1,8441,4727
-1,8442,4126
-1,8443,3310
-1,8444,7549
-1,8445,6457
-1,8446,2274
-1,8447,7176
-1,8448,4720
-1,8449,7919
-1,8450,6315
-1,8451,3037
-1,8452,79
-1,8453,4726
-1,8454,8012
-1,8455,1637
-1,8456,6755
-1,8457,1041
-1,8458,1455
-1,8459,95
-1,8460,7064
-1,8461,5685
-1,8462,6700
-1,8463,1181
-1,8464,2315
-1,8465,646
-1,8466,1616
-1,8467,1504
-1,8468,5011
-1,8469,1453
-1,8470,981
-1,8471,710
-1,8472,2228
-1,8473,2214
-1,8474,4104
-1,8475,5615
-1,8476,4649
-1,8477,30
-1,8478,1273
-1,8479,6376
-1,8480,4801
-1,8481,3013
-1,8482,3585
-1,8483,4452
-1,8484,4028
-1,8485,1700
-1,8486,922
-1,8487,3946
-1,8488,2158
-1,8489,3678
-1,8490,1180
-1,8491,5909
-1,8492,4489
-1,8493,5684
-1,8494,5340
-1,8495,1452
-1,8496,3019
-1,8497,5954
-1,8498,4488
-1,8499,190
-1,8500,3311
-1,8501,1105
-1,8502,3186
-1,8503,645
-1,8504,4368
-1,8505,2876
-1,8506,1904
-1,8507,4256
-1,8508,7380
-1,8509,1337
-1,8510,143
-1,8511,1970
-1,8512,5616
-1,8513,3144
-1,8514,3778
-1,8515,4723
-1,8516,2885
-1,8517,7558
-1,8518,624
-1,8519,7556
-1,8520,7178
-1,8521,3985
-1,8522,33
-1,8523,1617
-1,8524,7508
-1,8525,6459
-1,8526,4896
-1,8527,436
-1,8528,509
-1,8529,5321
-1,8530,2212
-1,8531,6710
-1,8532,161
-1,8533,7123
-1,8534,2235
-1,8535,6757
-1,8536,256
-1,8537,5101
-1,8538,3728
-1,8539,5104
-1,8540,6505
-1,8541,6662
-1,8542,6040
1400,8543,3316
3184,8544,5686
1781,8545,6317
762,8546,1619
948,8547,2753
637,8548,5618
139,8549,1781
1781,8550,5617
207,8551,762
1063,8552,3588
1699,8553,7330
964,8554,2606
778,8555,1739
706,8556,2644
522,8557,1696
1259,8558,1739
3026,8559,3586
1060,8560,1696
5322,8561,7552
2503,8562,5813
3414,8563,5813
10,8564,3414
1060,8565,1075
985,8566,4950
540,8567,660
437,8568,493
493,8569,3679
1428,8570,5770
7174,8571,8155
3534,8572,4802
318,8573,335
57,8574,761
119,8575,6760
1319,8576,4404
4589,8577,5667
57,8578,119
320,8579,2969
320,8580,6762
1325,8581,4088
2581,8582,5461
2228,8583,4649
30,8584,646
1273,8585,2158
1700,8586,3013
3019,8587,3186
2876,8588,3311
1452,8589,1970
33,8590,624
2885,8591,7123
436,8592,509
777,8593,5498
970,8594,6207
874,8595,4490
1825,8596,3779
777,8597,2271
3779,8598,6830
874,8599,1619
3017,8600,3722
1063,8601,3722
762,8602,5618
192,8603,3723
1960,8604,3723
762,8605,1536
2458,8606,5617
192,8607,1063
522,8608,5867
778,8609,1699
207,8610,2644
5683,8611,5792
1259,8612,5683
10,8613,1699
1745,8614,5322
1060,8615,1530
2693,8616,6452
10,8617,540
1416,8618,2784
1646,8619,5154
1875,8620,5814
60,8621,2296
3415,8622,5154
660,8623,3677
493,8624,863
692,8625,5479
504,8626,6925
482,8627,2217
504,8628,3181
3534,8629,7174
363,8630,4692
57,8631,6198
363,8632,1636
3587,8633,4314
57,8634,2349
3310,8635,5461
1986,8636,4727
1637,8637,2274
4726,8638,5011
1181,8639,5685
1616,8640,2315
646,8641,1616
1455,8642,4649
2214,8643,3585
710,8644,2158
1453,8645,4489
710,8646,1180
5340,8647,5684
190,8648,4488
1105,8649,1904
645,8650,1970
2885,8651,3144
1617,8652,3778
33,8653,3985
4896,8654,5321
33,8655,5104
139,8656,7779
948,8657,7330
1887,8658,3586
964,8659,2644
1530,8660,3586
6018,8661,6153
2296,8662,4950
10,8663,1569
278,8664,660
863,8665,2784
1875,8666,2162
1976,8667,3721
182,8668,3679
504,8669,5770
390,8670,1618
2217,8671,4729
2027,8672,5496
199,8673,4314
148,8674,5496
320,8675,6225
1325,8676,6762
119,8677,1766
6225,8678,7175
2274,8679,2581
30,8680,710
4028,8681,4801
1180,8682,2158
30,8683,1180
922,8684,1452
3678,8685,4368
7178,8686,7508
7508,8687,8119
1400,8688,3225
2271,8689,2753
2711,8690,3723
1960,8691,3504
3504,8692,5792
1038,8693,3747
5621,8694,6452
181,8695,4451
1295,8696,2605
692,8697,2162
437,8698,863
60,8699,482
863,8700,3679
761,8701,4725
2758,8702,8154
429,8703,2758
199,8704,320
2969,8705,7175
1325,8706,7919
2274,8707,5002
7064,8708,8012
1181,8709,2315
981,8710,1504
1453,8711,5615
1504,8712,5684
1273,8713,4488
922,8714,1970
1904,8715,7178
6459,8716,7556
509,8717,1970
6505,8718,6662
777,8719,2753
572,8720,1781
1536,8721,5618
1209,8722,1745
1546,8723,3798
482,8724,5767
6113,8725,6761
57,8726,500
318,8727,2027
284,8728,4589
5667,8729,7962
2349,8730,6315
4801,8731,5263
1264,8732,4452
645,8733,1264
7508,8734,8139
6459,8735,6710
2235,8736,2885
572,8737,3184
5621,8738,6217
2520,8739,5315
2605,8740,5625
6157,8741,6935
2398,8742,3677
500,8743,1618
1016,8744,6316
5318,8745,7929
794,8746,1636
119,8747,5318
2969,8748,6225
1325,8749,4126
95,8750,3013
1947,8751,5011
1181,8752,4452
3019,8753,4489
645,8754,1982
3985,8755,5616
7178,8756,7556
1617,8757,2212
161,8758,6710
1825,8759,1926
321,8760,948
706,8761,6319
182,8762,6157
60,8763,182
1976,8764,2162
3522,8765,4725
493,8766,1843
3784,8767,4145
4589,8768,7962
320,8769,1325
1003,8770,3587
501,8771,1041
3019,8772,5263
1180,8773,4381
1904,8774,8139
3728,8775,5104
4982,8776,7305
970,8777,7265
3414,8778,6326
7514,8779,8154
320,8780,6155
8012,8781,8016
1947,8782,4028
3013,8783,3585
190,8784,1273
3590,8785,3678
3590,8786,4368
645,8787,1222
7178,8788,8139
6710,8789,8203
925,8790,1617
2147,8791,5321
2147,8792,6505
777,8793,887
207,8794,2606
1209,8795,1960
201,8796,2644
7235,8797,7552
2092,8798,5814
60,8799,2605
2296,8800,6935
3534,8801,8155
794,8802,4692
1319,8803,4156
1986,8804,6152
5461,8805,5667
1455,8806,4720
1504,8807,6376
1222,8808,1982
8119,8809,8203
1400,8810,1926
1400,8811,3779
5936,8812,6526
192,8813,2711
948,8814,3890
1862,8815,5790
3677,8816,7499
512,8817,6320
1618,8818,6131
1538,8819,3181
761,8820,3522
199,8821,8147
199,8822,1319
2969,8823,4126
4726,8824,7443
1041,8825,4726
1947,8826,4801
99,8827,2885
6710,8828,6948
2034,8829,6757
874,8830,6526
3615,8831,3779
14,8832,3414
1070,8833,1295
512,8834,675
4925,8835,6373
57,8836,7929
4156,8837,4404
1466,8838,1986
3310,8839,5002
1732,8840,6700
3144,8841,6128
6459,8842,6948
161,8843,7556
2170,8844,3994
1934,8845,3184
4561,8846,7262
1756,8847,2271
3615,8848,5245
1247,8849,5245
321,8850,5220
778,8851,2049
270,8852,1696
1745,8853,7235
3268,8854,6747
60,8855,6935
1075,8856,3324
1903,8857,4925
504,8858,1538
1428,8859,1903
1041,8860,5011
4887,8861,4970
2147,8862,2235
970,8863,6526
1756,8864,2753
762,8865,1570
3000,8866,6151
1209,8867,3747
1259,8868,5792
10,8869,14
1875,8870,1897
5393,8871,8174
794,8872,2681
168,8873,320
95,8874,6755
79,8875,5685
5954,8876,7380
6948,8877,7556
161,8878,6948
7304,8879,7727
874,8880,970
1530,8881,3255
181,8882,1259
2693,8883,4774
4950,8884,7220
182,8885,985
278,8886,675
182,8887,6935
5228,8888,6733
119,8889,1265
79,8890,1328
79,8891,1466
2595,8892,4104
710,8893,1732
2901,8894,4256
98,8895,3225
1708,8896,3017
207,8897,874
522,8898,1781
1887,8899,3026
1696,8900,6525
1060,8901,6525
181,8902,5681
1897,8903,5625
3415,8904,5393
51,8905,794
1903,8906,2190
148,8907,1402
558,8908,2029
4304,8909,4726
1041,8910,1947
1337,8911,5340
1222,8912,3590
1934,8913,3584
1619,8914,7262
1887,8915,2458
1569,8916,3721
390,8917,1976
512,8918,3324
482,8919,3915
5767,8920,7010
1428,8921,3534
429,8922,5623
1717,8923,4404
2581,8924,4751
1180,8925,3231
2147,8926,7123
572,8927,1735
98,8928,4315
3588,8929,5257
964,8930,1118
207,8931,706
201,8932,964
1060,8933,6447
692,8934,2185
4675,8935,5545
182,8936,863
4589,8937,5260
4727,8938,5689
4304,8939,7443
95,8940,3037
95,8941,969
501,8942,1273
6376,8943,8026
443,8944,3946
1222,8945,1264
1105,8946,6074
3024,8947,4896
139,8948,7268
2520,8949,5843
270,8950,2503
1060,8951,5843
335,8952,2027
2969,8953,4088
1265,8954,1766
948,8955,3366
1247,8956,3215
1063,8957,5257
144,8958,3704
3000,8959,3842
270,8960,522
1060,8961,2520
985,8962,4587
2784,8963,4376
2190,8964,4925
4729,8965,5228
1428,8966,4925
335,8967,1843
148,8968,2027
1319,8969,1717
4156,8970,4751
4088,8971,4126
609,8972,2214
3019,8973,4163
3019,8974,5954
3186,8975,3475
256,8976,5101
321,8977,3366
3017,8978,7768
1075,8979,6675
1569,8980,4675
692,8981,1071
2581,8982,2997
1181,8983,1264
4603,8984,5954
99,8985,3144
53,8986,2271
1781,8987,3704
1781,8988,3255
1960,8989,5779
2520,8990,3026
486,8991,1646
168,8992,1325
143,8993,3946
2901,8994,3475
99,8995,2235
33,8996,3644
5511,8997,6170
1038,8998,1247
192,8999,3504
1070,9000,7235
863,9001,4376
1071,9002,6886
51,9003,5393
917,9004,3585
3019,9005,3475
143,9006,256
624,9007,4885
572,9008,1934
491,9009,874
53,9010,1756
970,9011,2022
1862,9012,5220
2678,9013,6326
2201,9014,2296
51,9015,2681
1428,9016,2190
3488,9017,3784
199,9018,5903
1016,9019,2039
168,9020,558
1328,9021,1466
30,9022,1616
443,9023,4104
4163,9024,5263
2034,9025,2147
1735,9026,3142
4982,9027,5447
4315,9028,7275
3017,9029,4227
1038,9030,3215
192,9031,6628
522,9032,3704
706,9033,3000
270,9034,6018
675,9035,1122
6131,9036,6886
504,9037,512
6733,9038,6745
719,9039,5153
284,9040,1319
148,9041,5816
558,9042,1016
1325,9043,2029
969,9044,2228
1264,9045,4025
917,9046,1700
30,9047,4381
3590,9048,4970
509,9049,3078
887,9050,3228
1735,9051,1934
2170,9052,7268
874,9053,1373
2503,9054,6326
4774,9055,7220
558,9056,1325
2997,9057,3310
1455,9058,2595
1041,9059,4304
79,9060,304
609,9061,922
609,9062,1452
725,9063,3231
272,9064,572
2049,9065,3890
1553,9066,1887
10,9067,660
278,9068,2678
5228,9069,6745
1402,9070,1986
1328,9071,1986
1766,9072,2636
2381,9073,5002
1504,9074,7977
161,9075,2876
436,9076,7737
1548,9077,3316
491,9078,1619
637,9079,2698
201,9080,1416
2503,9081,2678
985,9082,3854
794,9083,2694
719,9084,2027
320,9085,5912
1636,9086,4692
2810,9087,4751
79,9088,95
1637,9089,3837
981,9090,5002
443,9091,4649
1181,9092,5582
645,9093,7433
321,9094,2654
1210,9095,2711
2458,9096,5885
3890,9097,5878
1646,9098,3274
1646,9099,3745
3488,9100,5767
1732,9101,1801
1453,9102,2208
981,9103,1337
917,9104,1105
3475,9105,4163
2756,9106,2876
161,9107,2756
139,9108,2654
2022,9109,6382
201,9110,706
1122,9111,6675
278,9112,1185
2681,9113,3745
1843,9114,7476
2810,9115,4156
4381,9116,4919
235,9117,491
1210,9118,1247
637,9119,3215
1536,9120,3000
1295,9121,2201
3854,9122,4587
985,9123,3611
1897,9124,2866
863,9125,3611
60,9126,8043
1546,9127,3069
500,9128,2446
390,9129,4237
284,9130,5260
1986,9131,6479
1466,9132,3770
79,9133,3770
981,9134,2381
304,9135,1181
30,9136,1732
2208,9137,8026
1360,9138,4028
925,9139,2203
925,9140,2786
98,9141,7275
5885,9142,7786
778,9143,1595
2520,9144,2850
512,9145,2190
794,9146,3643
1003,9147,5343
725,9148,2158
2876,9149,2950
99,9150,1222
624,9151,2402
3078,9152,6040
1400,9153,1548
3228,9154,4243
144,9155,321
144,9156,4936
192,9157,1259
1122,9158,6447
954,9159,1075
954,9160,3798
1071,9161,2162
863,9162,4547
719,9163,3784
759,9164,1265
2810,9165,4456
363,9166,2905
1801,9167,2029
922,9168,5582
3669,9169,3728
1124,9170,1708
1934,9171,5447
1781,9172,1841
6062,9173,7786
172,9174,1038
3026,9175,4908
4908,9176,5843
1060,9177,3358
486,9178,5934
1976,9179,2092
437,9180,1514
1265,9181,5392
558,9182,2039
1986,9183,2600
2349,9184,2499
1422,9185,4088
1328,9186,2499
645,9187,922
2203,9188,3475
1970,9189,7502
436,9190,4841
388,9191,3228
491,9192,1373
1756,9193,5257
5885,9194,6062
3611,9195,4587
486,9196,3274
1875,9197,5907
1569,9198,6624
1372,9199,3798
6745,9200,7476
3522,9201,5541
482,9202,4413
318,9203,7031
429,9204,2039
2924,9205,5260
1422,9206,4126
1325,9207,1422
4603,9208,4884
2402,9209,4885
1825,9210,4592
2201,9211,4774
3854,9212,4774
3611,9213,3854
1416,9214,5934
1122,9215,2678
2092,9216,5907
660,9217,2257
1897,9218,2185
7476,9219,7638
320,9220,5395
429,9221,1265
759,9222,1766
981,9223,3310
1455,9224,5085
214,9225,6206
272,9226,2170
2654,9227,5530
4936,9228,6178
675,9229,4422
278,9230,2257
284,9231,2093
794,9232,3824
334,9233,1319
57,9234,1978
558,9235,1766
1003,9236,1717
4649,9237,5085
1264,9238,8005
1105,9239,2415
1264,9240,1982
190,9241,2901
2638,9242,3985
624,9243,2590
2402,9244,3644
2034,9245,3728
3366,9246,5530
139,9247,144
1699,9248,1862
150,9249,1960
1038,9250,4753
1070,9251,2866
181,9252,1569
1976,9253,5907
863,9254,7638
1843,9255,7638
2564,9256,7031
2228,9257,2950
1273,9258,6794
143,9259,2950
645,9260,8005
33,9261,5249
99,9262,7737
1708,9263,7709
4243,9264,5530
321,9265,6178
2049,9266,5257
1210,9267,5779
144,9268,6178
3255,9269,7851
540,9270,1441
482,9271,1253
1265,9272,2758
57,9273,1590
4304,9274,5343
1455,9275,2905
2595,9276,2905
4304,9277,5412
1504,9278,2208
1732,9279,4083
710,9280,4083
4603,9281,7977
609,9282,1105
2590,9283,2901
99,9284,436
33,9285,3669
1206,9286,6340
1825,9287,3348
1841,9288,5511
207,9289,1373
192,9290,1960
1209,9291,3928
1070,9292,3928
1075,9293,7127
1071,9294,1976
512,9295,877
2694,9296,7509
1422,9297,2969
587,9298,981
1264,9299,5582
2772,9300,2876
53,9301,5498
887,9302,4243
1247,9303,3615
98,9304,1210
1553,9305,5885
1699,9306,5878
1595,9307,1699
150,9308,1209
181,9309,892
1745,9310,8101
4587,9311,7245
2092,9312,3268
660,9313,1441
51,9314,3415
1372,9315,3069
1428,9316,5385
2694,9317,3643
651,9318,1636
168,9319,2969
1003,9320,4456
4126,9321,5343
79,9322,609
190,9323,1360
917,9324,2415
1970,9325,2342
7707,9326,7709
214,9327,235
214,9328,491
139,9329,272
53,9330,4227
150,9331,5779
1745,9332,3928
1122,9333,2503
1075,9334,4422
675,9335,5489
51,9336,2694
199,9337,334
2997,9338,4213
95,9339,5689
2381,9340,2997
1360,9341,1947
3590,9342,4072
3024,9343,4702
1206,9344,1548
98,9345,6682
53,9346,777
53,9347,98
3329,9348,3890
3329,9349,5878
1862,9350,2726
1060,9351,7206
10,9352,7160
3611,9353,7245
863,9354,7609
51,9355,1514
182,9356,1253
6692,9357,7638
1843,9358,4092
1843,9359,6692
284,9360,720
1454,9361,2027
363,9362,651
3837,9363,4213
30,9364,2355
1926,9365,1942
1708,9366,7707
388,9367,2170
150,9368,1247
2726,9369,5031
2850,9370,3358
1070,9371,3268
504,9372,6928
500,9373,2758
500,9374,5392
2997,9375,4751
1328,9376,3016
5412,9377,7652
1732,9378,7052
30,9379,7448
30,9380,4970
4603,9381,5178
139,9382,572
970,9383,1373
5031,9384,6178
1862,9385,5031
1511,9386,3000
201,9387,3537
486,9388,2534
6624,9389,6936
278,9390,3196
168,9391,1016
1720,9392,4692
138,9393,1402
4213,9394,4456
1003,9395,4304
1422,9396,4797
2402,9397,2590
214,9398,6286
491,9399,6633
1511,9400,1536
1259,9401,2254
1745,9402,2254
1060,9403,4147
486,9404,3464
482,9405,2459
2398,9406,4012
3522,9407,4413
335,9408,719
1016,9409,4012
148,9410,1190
2810,9411,2997
3652,9412,4126
981,9413,2495
725,9414,6794
1970,9415,2338
1210,9416,2175
53,9417,5257
1536,9418,1936
1118,9419,3537
4908,9420,5786
706,9421,5432
634,9422,1416
181,9423,2092
1071,9424,2185
482,9425,7459
57,9426,2446
318,9427,1190
1190,9428,5816
95,9429,3770
2555,9430,2901
99,9431,2147
1735,9432,4868
3215,9433,4301
2698,9434,3215
321,9435,1862
1118,9436,1660
270,9437,2726
2076,9438,2503
1514,9439,4376
2810,9440,4213
1041,9441,3652
7052,9442,8018
1982,9443,4841
436,9444,6595
1487,9445,5511
1487,9446,6062
207,9447,6497
150,9448,1210
1553,9449,6062
582,9450,1247
181,9451,2254
2534,9452,3274
1441,9453,1569
634,9454,4376
208,9455,2185
437,9456,4547
1164,9457,1185
504,9458,5309
334,9459,3534
4681,9460,5912
1590,9461,2499
190,9462,2555
190,9463,2638
2638,9464,5249
2034,9465,3024
2212,9466,2786
3142,9467,4868
53,9468,1124
3,9469,1934
3348,9470,4592
2175,9471,3615
5432,9472,7238
201,9473,4367
2201,9474,8112
14,9475,2678
877,9476,954
208,9477,3915
1164,9478,2398
1253,9479,2459
1658,9480,1986
1801,9481,4797
501,9482,722
1947,9483,2208
1222,9484,3032
2772,9485,2950
161,9486,1105
491,9487,1570
1458,9488,3366
1570,9489,1936
207,9490,1118
2254,9491,3268
10,9492,892
3854,9493,4154
634,9494,1514
2063,9495,5228
2093,9496,3069
1003,9497,4213
4797,9498,5357
2381,9499,2495
1732,9500,2355
4381,9501,6149
2756,9502,2772
645,9503,2342
99,9504,4072
1570,9505,4592
321,9506,1458
5062,9507,6192
3215,9508,4753
144,9509,270
859,9510,3255
270,9511,4147
201,9512,2534
954,9513,2850
3196,9514,5489
60,9515,208
211,9516,390
3824,9517,6264
1422,9518,3652
2636,9519,8018
7052,9520,8025
501,9521,4372
414,9522,2228
4919,9523,6149
53,9524,887
5031,9525,5976
1660,9526,3519
4367,9527,4942
208,9528,7459
208,9529,1071
863,9530,1816
1720,9531,3643
645,9532,7993
3024,9533,3911
2034,9534,5601
624,9535,2209
5294,9536,5530
1247,9537,1492
698,9538,5062
2726,9539,5976
144,9540,2726
3537,9541,4367
1060,9542,1122
2678,9543,7147
14,9544,278
211,9545,6936
4547,9546,6950
2063,9547,6692
2564,9548,3824
199,9549,5395
1978,9550,5392
2039,9551,2129
5260,9552,5531
2924,9553,5531
168,9554,2029
1422,9555,2029
2499,9556,3016
2740,9557,3770
3231,9558,3911
925,9559,2209
2654,9560,4097
6192,9561,7095
1441,9562,4815
1514,9563,3464
6159,9564,6692
1428,9565,2093
558,9566,2129
820,9567,2636
820,9568,8018
722,9569,5357
95,9570,917
30,9571,1855
609,9572,917
1988,9573,4702
2212,9574,2213
1708,9575,5344
3,9576,6613
970,9577,6834
144,9578,2654
3,9579,5511
1118,9580,3519
1122,9581,7147
60,9582,2866
390,9583,3814
2446,9584,5541
1732,9585,8025
3837,9586,5412
2203,9587,2209
33,9588,1267
3,9589,1841
1046,9590,1841
172,9591,582
144,9592,522
172,9593,3747
3519,9594,4367
1514,9595,4547
5309,9596,6928
4237,9597,4777
820,9598,2029
30,9599,4919
143,9600,443
2212,9601,5568
1492,9602,3615
2049,9603,2255
1060,9604,7154
2951,9605,3854
2951,9606,4154
3268,9607,7217
332,9608,3611
1538,9609,2620
2208,9610,3837
2209,9611,2590
3669,9612,7714
827,9613,887
3366,9614,5294
98,9615,2175
522,9616,5259
3578,9617,5786
954,9618,4422
954,9619,1372
211,9620,1976
877,9621,5130
5309,9622,5876
3488,9623,5975
6014,9624,6264
284,9625,6400
284,9626,5531
138,9627,1190
1590,9628,2600
2499,9629,3653
1988,9630,4919
645,9631,3546
3911,9632,4702
161,9633,2415
1557,9634,2203
3,9635,1487
3329,9636,5082
150,9637,1745
4048,9638,7206
1122,9639,2076
14,9640,2257
208,9641,3522
1466,9642,1658
2499,9643,3408
820,9644,1732
2208,9645,5412
2208,9646,4603
6,9647,917
1124,9648,5632
53,9649,1708
144,9650,4097
1599,9651,2698
2049,9652,3329
1595,9653,2255
634,9654,3464
1441,9655,5906
211,9656,6964
500,9657,4777
284,9658,3008
1455,9659,4086
95,9660,1779
2208,9661,6553
1732,9662,5415
304,9663,5582
304,9664,609
2638,9665,3059
3257,9666,4243
6425,9667,6872
2698,9668,4301
3255,9669,5567
1511,9670,3535
172,9671,3928
892,9672,1595
108,9673,429
1003,9674,5457
6,9675,969
1288,9676,1337
3669,9677,4867
1206,9678,6384
3,9679,572
98,9680,3615
1492,9681,4301
3358,9682,3578
486,9683,3693
504,9684,3196
1164,9685,1538
2063,9686,2459
1428,9687,6550
334,9688,6204
335,9689,1190
500,9690,1440
7446,9691,8018
304,9692,922
1855,9693,3032
1557,9694,2209
2610,9695,5249
4027,9696,6810
1492,9697,6075
207,9698,1459
2726,9699,5200
1646,9700,4842
1441,9701,2398
504,9702,1164
284,9703,334
1717,9704,5650
499,9705,820
469,9706,4213
414,9707,5085
1406,9708,4083
95,9709,609
1360,9710,2555
2590,9711,2610
970,9712,3346
2698,9713,6075
1458,9714,1862
192,9715,6396
2850,9716,3578
3358,9717,3755
60,9718,792
278,9719,1257
719,9720,2063
651,9721,1720
2600,9722,3016
469,9723,2997
1041,9724,4653
2355,9725,4083
725,9726,4372
2034,9727,3911
2034,9728,7714
161,9729,5074
161,9730,3709
925,9731,4946
53,9732,150
144,9733,1046
144,9734,7865
150,9735,3928
181,9736,5906
1720,9737,3824
3911,9738,6149
53,9739,6396
698,9740,6192
144,9741,5259
2169,9742,4753
3578,9743,4048
6774,9744,7646
14,9745,2076
332,9746,4587
1008,9747,1122
1016,9748,6982
2039,9749,5189
1440,9750,1978
2740,9751,3653
2772,9752,4418
99,9753,1042
2213,9754,5243
53,9755,5632
4097,9756,5294
1536,9757,5978
5976,9758,7865
358,9759,1595
257,9760,1553
2254,9761,5206
3578,9762,3755
1758,9763,7217
1070,9764,1758
954,9765,6473
1008,9766,7147
675,9767,5323
1848,9768,2564
429,9769,2129
759,9770,2129
95,9771,4086
820,9772,7446
99,9773,1988
3346,9774,6834
1599,9775,3348
1458,9776,4097
2255,9777,3329
4147,9778,7193
2598,9779,3358
208,9780,2446
108,9781,4237
335,9782,549
2620,9783,4681
651,9784,6014
1555,9785,1717
1003,9786,1555
725,9787,2490
4163,9788,5992
2098,9789,2338
4875,9790,7714
3,9791,3142
272,9792,388
491,9793,1579
954,9794,5130
1533,9795,6950
1016,9796,4498
719,9797,5975
1265,9798,6226
168,9799,1422
190,9800,2490
2034,9801,4875
1267,9802,4867
4868,9803,5516
1599,9804,1942
1553,9805,3255
957,9806,3255
1553,9807,4048
3464,9808,3693
1257,9809,3196
670,9810,1071
1441,9811,2257
2564,9812,2607
108,9813,1440
287,9814,429
759,9815,2983
2636,9816,2983
2740,9817,3016
3653,9818,4792
501,9819,6836
161,9820,4418
1942,9821,5888
3257,9822,5294
1458,9823,5082
4815,9824,6792
208,9825,904
1016,9826,2620
108,9827,287
287,9828,2129
1406,9829,4372
414,9830,969
3032,9831,5718
2362,9832,5178
2034,9833,3649
3228,9834,5439
53,9835,6357
1046,9836,5259
43,9837,144
859,9838,957
208,9839,2866
792,9840,2866
877,9841,5876
2459,9842,5975
199,9843,3916
651,9844,1190
2118,9845,2905
95,9846,1658
3652,9847,4653
5415,9848,7446
725,9849,4083
3649,9850,3911
1267,9851,3644
3,9852,6882
698,9853,1660
43,9854,7865
859,9855,4147
614,9856,1122
182,9857,2951
504,9858,3916
1590,9859,1978
831,9860,1658
1267,9861,2610
5243,9862,5568
3709,9863,6468
827,9864,3257
1458,9865,5886
192,9866,592
957,9867,4048
14,9868,270
3755,9869,7193
486,9870,4842
720,9871,3069
831,9872,2600
1360,9873,5992
725,9874,3911
143,9875,2013
5294,9876,7260
4147,9877,5964
257,9878,3578
724,9879,1070
182,9880,332
3464,9881,6938
2607,9882,4092
30,9883,5415
414,9884,2950
2362,9885,3005
1988,9886,3911
4841,9887,6596
3,9888,4868
5567,9889,7120
172,9890,2169
270,9891,1153
51,9892,4842
1533,9893,1816
3850,9894,6550
1190,9895,1848
2499,9896,5387
6,9897,8028
2362,9898,4884
143,9899,1058
1557,9900,3005
6430,9901,7302
214,9902,1082
1459,9903,1936
150,9904,582
257,9905,4048
14,9906,5200
4367,9907,5436
10,9908,358
2598,9909,3755
1008,9910,2076
1441,9911,1692
4842,9912,6938
168,9913,2620
759,9914,6226
499,9915,558
1249,9916,2810
1863,9917,2029
4213,9918,6940
2208,9919,2921
3408,9920,3626
1984,9921,2495
587,9922,1984
30,9923,2411
1817,9924,2342
99,9925,5853
388,9926,2174
1942,9927,6430
859,9928,5259
405,9929,4048
1122,9930,4926
211,9931,6792
2350,9932,4547
2459,9933,4413
3814,9934,4777
549,9935,719
199,9936,2715
199,9937,1555
30,9938,593
304,9939,3626
6836,9940,7441
5718,9941,6971
1288,9942,2213
1058,9943,2013
161,9944,2098
256,9945,1058
4867,9946,4875
491,9947,3861
706,9948,5978
257,9949,957
859,9950,4048
181,9951,1758
614,9952,1008
208,9953,792
181,9954,211
108,9955,4777
722,9956,1406
30,9957,7078
4372,9958,5972
587,9959,1288
2013,9960,2772
1557,9961,5397
3257,9962,5439
3,9963,7184
4592,9964,5303
1553,9965,7120
10,9966,1692
2449,9967,3693
199,9968,6204
287,9969,759
2921,9970,4653
3408,9971,4792
820,9972,5415
4083,9973,4372
2008,9974,4027
1548,9975,5888
881,9976,1206
388,9977,5117
491,9978,1082
3984,9979,7810
706,9980,1459
957,9981,1553
182,9982,1816
2093,9983,3850
2899,9984,4681
1190,9985,1454
3,9986,5516
214,9987,3861
3936,9988,6507
2169,9989,3535
9,9990,706
372,9991,4842
1533,9992,2350
2330,9993,2810
1422,9994,4987
138,9995,1779
3080,9996,4086
6,9997,95
609,9998,5310
2013,9999,2950
2415,10000,5561
5632,10001,5798
3,10002,272
1579,10003,1936
1936,10004,5978
257,10005,405
2254,10006,2859
9,10007,201
168,10008,975
95,10009,831
414,10010,4086
609,10011,1797
2950,10012,5083
1261,10013,2555
2147,10014,6134
2008,10015,5074
1942,10016,5030
2455,10017,7654
1082,10018,1579
1570,10019,5303
1459,10020,1579
859,10021,1046
9,10022,1511
3537,10023,5436
14,10024,1008
1533,10025,4547
4092,10026,4370
51,10027,2564
1848,10028,8149
168,10029,1863
138,10030,1658
1555,10031,4987
917,10032,5463
1408,10033,2342
1914,10034,2638
2610,10035,3833
98,10036,881
53,10037,592
405,10038,957
614,10039,3755
614,10040,4926
1008,10041,1257
1164,10042,2257
879,10043,2810
2330,10044,2997
2749,10045,2921
6933,10046,6971
725,10047,2411
1042,10048,4072
190,10049,1914
1548,10050,2455
2076,10051,4926
201,10052,634
954,10053,1231
2449,10054,2534
504,10055,1257
2350,10056,4092
720,10057,2249
4628,10058,5189
1249,10059,5650
2330,10060,2924
6721,10061,6933
49,10062,4072
2358,10063,5568
1082,10064,3346
582,10065,1492
1511,10066,4840
358,10067,5200
892,10068,2782
211,10069,6946
2350,10070,2607
877,10071,6169
1848,10072,2607
2620,10073,2899
2749,10074,5457
2355,10075,2411
304,10076,620
760,10077,3032
30,10078,49
2213,10079,2362
4159,10080,4875
3444,10081,6468
14,10082,358
332,10083,4154
372,10084,2449
182,10085,1956
1164,10086,5746
879,10087,6940
820,10088,2983
79,10089,4167
274,10090,609
304,10091,1408
917,10092,5561
2342,10093,3546
1914,10094,2610
1103,10095,5632
827,10096,5439
2745,10097,4097
1153,10098,5964
201,10099,694
201,10100,2449
634,10101,3693
634,10102,1384
1257,10103,5746
720,10104,2093
334,10105,2249
549,10106,1190
2306,10107,3016
1436,10108,2740
2603,10109,2648
79,10110,274
1988,10111,4306
734,10112,6596
99,10113,1607
99,10114,6134
2745,10115,5294
172,10116,3801
1231,10117,2598
877,10118,3850
1164,10119,2369
211,10120,427
877,10121,7662
549,10122,2607
108,10123,4558
5189,10124,5768
2306,10125,2740
722,10126,1863
30,10127,820
2648,10128,7078
1360,10129,6573
443,10130,2013
1747,10131,3059
1103,10132,5798
98,10133,2942
144,10134,4052
53,10135,5388
1936,10136,6077
3,10137,5567
14,10138,1133
2063,10139,5975
1720,10140,4525
1779,10141,3080
79,10142,1436
603,10143,7441
6,10144,414
2590,10145,5397
4159,10146,4867
2346,10147,2590
1492,10148,7797
1458,10149,2153
9,10150,1459
3029,10151,5436
2254,10152,4437
792,10153,2201
334,10154,2691
3408,10155,3864
2173,10156,2772
1747,10157,3911
653,10158,2209
6430,10159,7581
388,10160,6578
53,10161,5529
1458,10162,6205
3,10163,1046
1511,10164,2169
2859,10165,4437
954,10166,1336
877,10167,2290
51,10168,8071
1190,10169,4265
759,10170,6893
587,10171,4424
620,10172,1408
161,10173,2264
2590,10174,3833
2346,10175,6413
827,10176,2500
758,10177,3257
2818,10178,3936
3346,10179,3984
53,10180,5720
2175,10181,2892
9,10182,3535
1153,10183,4926
634,10184,2449
372,10185,2534
1008,10186,5323
1957,10187,5309
2063,10188,4370
51,10189,4525
720,10190,2151
2151,10191,2249
222,10192,2208
5310,10193,7994
2490,10194,4353
1280,10195,3546
1914,10196,3833
1267,10197,4159
3936,10198,5388
1458,10199,2745
592,10200,5206
2782,10201,2859
3873,10202,4926
2951,10203,3573
10,10204,6698
332,10205,1533
1119,10206,1253
3850,10207,7662
4558,10208,4628
879,10209,1249
593,10210,6893
1568,10211,2118
1436,10212,2306
1261,10213,3005
1261,10214,3833
6134,10215,7818
2008,10216,2098
2818,10217,5388
592,10218,2255
2076,10219,3873
10,10220,1593
792,10221,3573
208,10222,670
975,10223,2715
2208,10224,6573
1427,10225,6430
43,10226,826
1133,10227,5200
465,10228,2076
3140,10229,7613
138,10230,1454
1555,10231,2749
2070,10232,5242
1378,10233,2648
1797,10234,5561
2213,10235,5332
3444,10236,5608
6394,10237,6430
827,10238,5529
272,10239,6033
1427,10240,1599
3,10241,5761
1458,10242,2818
181,10243,4348
904,10244,1119
2249,10245,2691
1440,10246,7407
603,10247,1360
603,10248,2490
1261,10249,5992
2209,10250,6413
734,10251,4749
53,10252,1103
827,10253,7819
144,10254,826
9,10255,4840
2255,10256,2782
358,10257,1133
3801,10258,3939
465,10259,3873
332,10260,2951
986,10261,2257
6889,10262,8173
147,10263,2446
549,10264,1454
287,10265,4628
499,10266,1863
469,10267,879
593,10268,2083
2355,10269,6868
95,10270,882
2213,10271,3247
1988,10272,3649
99,10273,7818
758,10274,2174
1579,10275,4308
104,10276,1372
51,10277,2350
199,10278,5609
1555,10279,2314
1568,10280,3080
4792,10281,8020
609,10282,882
760,10283,1280
2264,10284,5463
49,10285,4306
4421,10286,5243
214,10287,3046
1427,10288,6394
1427,10289,1942
2455,10290,2942
53,10291,1719
2169,10292,3351
592,10293,2782
405,10294,859
1153,10295,3873
2394,10296,4498
4628,10297,5768
1720,10298,3204
651,10299,7582
2314,10300,2749
1436,10301,4167
49,10302,3911
1782,10303,4418
881,10304,2455
881,10305,2942
4840,10306,6077
465,10307,1153
792,10308,1956
1384,10309,1533
792,10310,904
104,10311,720
108,10312,7407
651,10313,4265
367,10314,820
820,10315,2083
593,10316,2648
754,10317,5561
1914,10318,2482
1267,10319,1914
2500,10320,3257
7308,10321,7819
758,10322,5117
272,10323,7267
2745,10324,4052
5303,10325,6077
150,10326,2892
358,10327,7827
792,10328,3939
465,10329,614
113,10330,181
6891,10331,7452
1119,10332,7613
2620,10333,4099
287,10334,4558
168,10335,499
831,10336,2306
820,10337,6715
414,10338,4869
603,10339,5972
1042,10340,4306
161,10341,2008
592,10342,2859
1441,10343,5333
6891,10344,7461
1119,10345,3140
147,10346,208
2457,10347,2620
398,10348,1848
2330,10349,6092
3658,10350,4653
30,10351,2083
1797,10352,7994
2013,10353,6585
161,10354,8185
1747,10355,4159
1357,10356,2098
1602,10357,3346
3418,10358,3861
614,10359,1153
1715,10360,1816
1253,10361,1715
1164,10362,5383
879,10363,6092
6,10364,3991
6,10365,882
2490,10366,7992
2209,10367,2346
5853,10368,7697
5658,10369,5720
2255,10370,3325
310,10371,7678
1153,10372,7201
670,10373,724
792,10374,5728
208,10375,5728
2607,10376,7005
549,10377,4370
905,10378,2600
651,10379,2118
879,10380,2330
1406,10381,6868
1261,10382,2482
1357,10383,1817
1806,10384,2590
6578,10385,6811
6394,10386,6865
5529,10387,7308
758,10388,4052
3805,10389,4052
2892,10390,3263
172,10391,571
14,10392,1153
332,10393,391
2350,10394,6905
3916,10395,4099
199,10396,2611
2715,10397,2899
2151,10398,3008
398,10399,651
1590,10400,5059
6,10401,1779
1747,10402,3926
3078,10403,4749
2745,10404,3805
1046,10405,5761
1153,10406,4138
1336,10407,2598
1758,10408,6499
14,10409,851
1758,10410,6943
208,10411,724
3004,10412,4370
168,10413,438
367,10414,1863
3080,10415,3650
2198,10416,8020
2173,10417,5083
1357,10418,3078
310,10419,859
614,10420,1336
372,10421,3010
5383,10422,5746
576,10423,3850
334,10424,3774
199,10425,4221
879,10426,2749
367,10427,722
2603,10428,3626
2224,10429,3626
5535,10430,6573
49,10431,2411
1817,10432,5310
49,10433,725
4353,10434,7992
2358,10435,4421
6817,10436,7818
1157,10437,4159
2358,10438,6461
6033,10439,7870
3418,10440,5303
230,10441,5303
230,10442,2169
1459,10443,3294
257,10444,5465
358,10445,2153
1153,10446,7678
332,10447,5716
1533,10448,6904
2611,10449,5609
3332,10450,5768
2306,10451,2600
197,10452,1360
1280,10453,1408
197,10454,1261
2173,10455,2264
1333,10456,2098
1817,10457,2372
3512,10458,5024
881,10459,1811
7869,10460,7870
1579,10461,6034
1458,10462,3325
592,10463,5658
150,10464,538
1119,10465,1715
211,10466,5333
208,10467,6555
3864,10468,5059
1771,10469,1984
603,10470,3658
222,10471,4424
1004,10472,1261
53,10473,3168
6205,10474,6308
358,10475,1755
43,10476,1133
1336,10477,2290
51,10478,3010
334,10479,2151
1454,10480,1924
2118,10481,6221
587,10482,1771
1557,10483,4521
734,10484,6749
2098,10485,2995
758,10486,4711
1427,10487,6865
881,10488,1589
3168,10489,3936
1492,10490,4282
1755,10491,2153
43,10492,1755
9,10493,634
465,10494,1008
208,10495,3140
147,10496,3814
1029,10497,1848
2715,10498,4221
1568,10499,4265
2083,10500,6715
274,10501,882
725,10502,4353
2471,10503,5332
1607,10504,7697
6811,10505,7710
6394,10506,7287
3861,10507,6034
3418,10508,4308
592,10509,718
571,10510,3351
1758,10511,3803
51,10512,1384
2369,10513,5383
199,10514,3774
138,10515,1924
1640,10516,4987
30,10517,3170
5604,10518,6868
1408,10519,1963
197,10520,2482
2222,10521,2264
1456,10522,3046
2500,10523,5024
5030,10524,6864
3984,10525,6367
4840,10526,5303
230,10527,3351
9,10528,5716
1533,10529,4548
147,10530,670
2691,10531,3337
2151,10532,3774
138,10533,1054
1978,10534,3372
831,10535,2721
442,10536,760
603,10537,4353
1004,10538,3833
1042,10539,3081
1557,10540,4309
5030,10541,7284
6865,10542,7287
53,10543,1589
1602,10544,6367
1589,10545,2942
3,10546,7751
698,10547,2094
2153,10548,3325
358,10549,2255
2793,10550,3801
9,10551,332
2369,10552,4099
2369,10553,4593
4498,10554,4593
168,10555,287
905,10556,1590
2224,10557,2603
3650,10558,4394
1195,10559,1406
882,10560,4167
4356,10561,4869
443,10562,4869
274,10563,1797
3926,10564,4353
1357,10565,2995
734,10566,2372
2372,10567,4749
2358,10568,2471
792,10569,5239
851,10570,1692
1384,10571,4548
1257,10572,2641
904,10573,5728
1434,10574,5333
2369,10575,4507
1816,10576,3004
1440,10577,1442
1590,10578,3372
722,10579,1640
593,10580,2603
4356,10581,4394
5014,10582,7981
1408,10583,1817
2362,10584,3783
2471,10585,4421
1607,10586,1929
734,10587,7313
826,10588,5761
1719,10589,3263
694,10590,3029
2793,10591,3939
1231,10592,4454
1593,10593,4348
14,10594,237
14,10595,986
5044,10596,6905
427,10597,3814
2611,10598,3438
720,10599,4317
334,10600,3438
108,10601,1442
1190,10602,6410
443,10603,4356
5535,10604,6478
6478,10605,7437
442,10606,1378
3275,10607,7992
754,10608,2222
1806,10609,2346
3512,10610,4711
1661,10611,1719
614,10612,5364
792,10613,1361
1384,10614,3010
986,10615,1692
427,10616,1434
2350,10617,5302
51,10618,1848
585,10619,5609
108,10620,5471
4525,10621,6104
1249,10622,3008
287,10623,5329
1436,10624,2416
222,10625,7437
49,10626,3170
197,10627,7981
2013,10628,3713
3275,10629,4353
1050,10630,3649
4749,10631,7684
1103,10632,1811
43,10633,6308
957,10634,1143
1133,10635,1755
14,10636,43
14,10637,465
3803,10638,6499
237,10639,1008
427,10640,2085
651,10641,7416
5014,10642,5535
2482,10643,7341
1004,10644,2482
1058,10645,7492
1283,10646,5030
1942,10647,7635
1942,10648,6864
1082,10649,3264
431,10650,2892
5658,10651,7782
405,10652,4138
571,10653,3801
2149,10654,4437
113,10655,211
104,10656,954
427,10657,670
1848,10658,7661
585,10659,2715
975,10660,2899
287,10661,438
905,10662,5059
2721,10663,3991
2362,10664,4828
2098,10665,4981
1456,10666,6394
1427,10667,7287
1283,10668,1942
1427,10669,7635
1082,10670,5948
1579,10671,4076
230,10672,4282
230,10673,4840
1661,10674,5401
592,10675,1719
538,10676,582
851,10677,986
1361,10678,5728
576,10679,2290
2006,10680,2063
2691,10681,3438
975,10682,2686
2330,10683,2378
3658,10684,6614
49,10685,1050
1357,10686,2372
653,10687,2346
4749,10688,7685
6864,10689,7284
1283,10690,7635
1283,10691,6864
998,10692,1602
1427,10693,3418
1046,10694,7811
2094,10695,4068
2892,10696,5401
3,10697,5465
4138,10698,5364
332,10699,508
4091,10700,4099
104,10701,576
2394,10702,4593
3337,10703,3438
2457,10704,4593
1054,10705,1924
1984,10706,2070
274,10707,1436
6,10708,3650
754,10709,1333
1929,10710,7313
1267,10711,2723
53,10712,4894
6218,10713,7760
1599,10714,4282
718,10715,1719
9,10716,694
2782,10717,5503
571,10718,2793
234,10719,1336
904,10720,1715
986,10721,6953
576,10722,3337
438,10723,975
1114,10724,2749
154,10725,5535
1817,10726,1963
760,10727,1042
1607,10728,3081
3861,10729,5894
53,10730,1432
1589,10731,4894
5761,10732,6218
405,10733,5364
208,10734,1450
1715,10735,1956
6904,10736,8210
1957,10737,4091
2394,10738,4264
2085,10739,4558
138,10740,1039
3650,10741,6174
419,10742,1914
1806,10743,2723
1206,10744,1283
1206,10745,3478
6476,10746,7869
1719,10747,4894
592,10748,601
3939,10749,5239
234,10750,1231
332,10751,4302
724,10752,1450
4099,10753,7623
3438,10754,3774
2306,10755,2676
593,10756,4765
2198,10757,2224
154,10758,3658
21,10759,4869
197,10760,5014
1797,10761,6558
442,10762,1042
2173,10763,3525
1050,10764,1747
1806,10765,4309
7684,10766,7685
2455,10767,3478
1589,10768,3263
826,10769,6218
1579,10770,4770
582,10771,2892
1532,10772,3325
592,10773,3531
230,10774,5428
859,10775,2453
694,10776,829
237,10777,465
113,10778,1441
372,10779,903
147,10780,427
5233,10781,6657
3864,10782,4562
2603,10783,4562
469,10784,1984
1378,10785,2603
4353,10786,6569
1280,10787,2596
2723,10788,7299
1283,10789,7284
1143,10790,7751
718,10791,3531
1153,10792,3326
3326,10793,4138
1539,10794,3939
14,10795,434
829,10796,2449
3197,10797,3573
1384,10798,4302
5302,10799,8210
1957,10800,2054
2611,10801,3774
398,10802,4265
620,10803,2224
49,10804,5604
3275,10805,3926
3247,10806,4826
7723,10807,7739
998,10808,1561
4711,10809,5024
310,10810,7111
2094,10811,3294
957,10812,2453
358,10813,601
14,10814,6288
2314,10815,2365
469,10816,2070
6,10817,21
4421,10818,5091
2485,10819,3444
5024,10820,5475
1602,10821,2200
431,10822,582
718,10823,7782
1008,10824,6304
113,10825,5333
2641,10826,5383
1084,10827,1816
680,10828,2369
1510,10829,4593
1510,10830,2394
147,10831,1442
905,10832,2676
443,10833,4658
2596,10834,4461
4521,10835,4826
3466,10836,4421
1589,10837,1719
2745,10838,6544
1346,10839,5465
3325,10840,4110
3351,10841,7195
571,10842,7195
576,10843,1957
831,10844,2207
2198,10845,3864
1914,10846,3275
1042,10847,4549
2500,10848,5475
1456,10849,7287
2818,10850,5518
826,10851,7811
602,10852,1755
230,10853,7195
1153,10854,3956
711,10855,724
4302,10856,4548
51,10857,903
331,10858,3774
4221,10859,4586
1935,10860,2378
760,10861,2596
419,10862,7341
3783,10863,6067
2471,10864,4826
1747,10865,8111
2471,10866,5091
653,10867,987
1602,10868,3264
9,10869,391
3072,10870,4348
4548,10871,5044
113,10872,1434
1303,10873,1434
398,10874,7661
2151,10875,2949
419,10876,3275
1607,10877,4549
2471,10878,3247
7298,10879,7723
5894,10880,5948
602,10881,2153
465,10882,6288
1336,10883,4172
576,10884,2054
1303,10885,4507
103,10886,438
2060,10887,3008
2070,10888,2378
1195,10889,6614
222,10890,5014
419,10891,3926
4826,10892,5091
2995,10893,4981
1456,10894,4294
1103,10895,1376
2200,10896,3264
1941,10897,2892
6299,10898,6904
1434,10899,4264
2085,10900,4264
2457,10901,7623
1510,10902,2457
2394,10903,3332
2083,10904,2843
1782,10905,2173
197,10906,1004
3466,10907,5091
4294,10908,7287
6859,10909,7635
6544,10910,7259
9,10911,3294
582,10912,1496
829,10913,3737
598,10914,2149
538,10915,1539
3939,10916,4287
2290,10917,6107
287,10918,6791
199,10919,331
3864,10920,5546
49,10921,367
1304,10922,1817
3081,10923,4549
1304,10924,2995
4068,10925,4770
538,10926,1661
592,10927,1896
405,10928,2453
2149,10929,3803
801,10930,2449
711,10931,3803
670,10932,1450
104,10933,6285
4099,10934,7017
1510,10935,4099
51,10936,7661
2151,10937,2857
3390,10938,7416
222,10939,4828
1333,10940,1817
1304,10941,4981
1427,10942,4294
1283,10943,6859
1427,10944,6859
431,10945,3478
310,10946,826
43,10947,310
2453,10948,3326
633,10949,4172
724,10950,4287
237,10951,986
1692,10952,8046
1510,10953,7623
108,10954,3954
2686,10955,4586
3372,10956,5233
6648,10957,7912
154,10958,603
154,10959,197
603,10960,2981
1304,10961,1333
4309,10962,5870
1782,10963,4500
5815,10964,7298
1432,10965,3168
2661,10966,6218
230,10967,3418
601,10968,5503
465,10969,633
372,10970,799
724,10971,1361
39,10972,3010
2006,10973,3004
879,10974,1935
236,10975,469
222,10976,236
443,10977,3237
4521,10978,4828
718,10979,3168
431,10980,4615
5428,10981,7195
937,10982,1692
6285,10983,8078
1303,10984,4264
4091,10985,7017
2457,10986,2899
2857,10987,2949
1249,10988,2060
331,10989,1249
2207,10990,2721
3702,10991,4394
1881,10992,3170
603,10993,1195
49,10994,5443
3783,10995,4693
419,10996,2482
1157,10997,4879
1707,10998,3168
230,10999,431
234,11000,4454
508,11001,1956
39,11002,1384
986,11003,4507
680,11004,4507
1964,11005,2085
585,11006,2611
2085,11007,3332
331,11008,5027
1054,11009,2207
1279,11010,1568
2416,11011,2676
7134,11012,7912
3247,11013,3315
4521,11014,6067
1429,11015,4828
197,11016,870
987,11017,3466
2995,11018,4864
3742,11019,3805
826,11020,3866
3294,11021,4770
358,11022,434
372,11023,3737
3072,11024,3803
147,11025,4442
1500,11026,1715
1500,11027,5029
306,11028,593
236,11029,1114
306,11030,2083
4461,11031,4549
419,11032,1004
987,11033,4521
987,11034,5091
6877,11035,7612
2054,11036,4091
2006,11037,5029
549,11038,3004
196,11039,549
331,11040,2365
3702,11041,6174
3327,11042,4461
870,11043,1004
1456,11044,5894
4076,11045,4770
858,11046,1593
670,11047,4442
1084,11048,2006
1084,11049,3004
51,11050,539
2611,11051,4221
2060,11052,2949
1249,11053,5027
306,11054,499
1114,11055,2365
2198,11056,5546
274,11057,2416
3702,11058,4658
3046,11059,3138
3168,11060,4894
718,11061,4894
957,11062,1010
571,11063,7340
4287,11064,5239
104,11065,234
1640,11066,7134
274,11067,2281
367,11068,2843
620,11069,1378
49,11070,1042
2596,11071,4549
7606,11072,8111
4879,11073,5882
3055,11074,6672
4500,11075,6672
2248,11076,4711
3,11077,1409
5401,11078,7379
1361,11079,4287
1084,11080,1715
5544,11081,7661
6648,11082,7134
154,11083,222
2372,11084,3327
2500,11085,4709
3325,11086,6271
4110,11087,6271
1661,11088,2392
1153,11089,4941
598,11090,5503
405,11091,4454
4169,11092,5239
937,11093,8046
1361,11094,1450
647,11095,1029
1500,11096,2006
208,11097,4596
331,11098,4221
1114,11099,3446
442,11100,3170
49,11101,1881
6,11102,2173
1152,11103,1963
1004,11104,1806
1058,11105,2485
1929,11106,3327
3036,11107,5373
230,11108,3459
3742,11109,6877
1532,11110,3531
3223,11111,4110
1010,11112,2453
134,11113,5428
405,11114,4551
2793,11115,4169
711,11116,2149
9,11117,1254
391,11118,3197
39,11119,903
2641,11120,2829
904,11121,3563
3954,11122,5471
1029,11123,1190
871,11124,1924
1039,11125,1054
5329,11126,7383
6,11127,1054
154,11128,1114
1058,11129,3172
2008,11130,3276
758,11131,6257
1707,11132,7849
2476,11133,5518
431,11134,3459
3742,11135,7612
1046,11136,1409
43,11137,1596
2793,11138,3197
1303,11139,1510
539,11140,7661
2040,11141,2899
398,11142,3204
975,11143,1853
398,11144,871
2060,11145,5027
879,11146,5890
2825,11147,3650
882,11148,2721
1042,11149,2986
1429,11150,6883
758,11151,1132
1132,11152,4052
4466,11153,5518
1532,11154,4466
1532,11155,6271
1010,11156,1143
3322,11157,3326
1133,11158,2064
113,11159,937
5569,11160,6304
2641,11161,4091
196,11162,2006
1853,11163,2686
1300,11164,5233
3431,11165,4658
274,11166,620
222,11167,1498
1806,11168,4118
538,11169,2392
465,11170,3191
391,11171,508
607,11172,7017
4264,11173,5169
2085,11174,5169
3004,11175,7042
1964,11176,3332
331,11177,3446
4335,11178,5712
2603,11179,5751
1771,11180,4693
3783,11181,4828
415,11182,1811
415,11183,3478
1432,11184,1707
1427,11185,3459
1719,11186,2003
9,11187,134
1596,11188,3956
694,11189,6332
1539,11190,4169
508,11191,3197
1715,11192,3563
1300,11193,3372
2365,11194,2632
4560,11195,5712
49,11196,2843
1771,11197,2750
1152,11198,2372
2469,11199,4500
1456,11200,3138
1283,11201,4463
415,11202,1589
1719,11203,3806
1941,11204,4615
1143,11205,1346
4454,11206,4551
799,11207,801
647,11208,5044
3004,11209,3129
103,11210,3332
905,11211,5546
197,11212,603
274,11213,507
507,11214,1963
5815,11215,7292
3,11216,3036
758,11217,6881
415,11218,1941
230,11219,4308
310,11220,3866
2094,11221,2511
2453,11222,3322
6107,11223,6195
1902,11224,6299
680,11225,1303
2054,11226,2611
287,11227,7955
398,11228,3390
1279,11229,3390
1300,11230,6114
4335,11231,4560
274,11232,2198
274,11233,1484
1004,11234,4118
2222,11235,3055
419,11236,6586
301,11237,1561
2038,11238,2476
1376,11239,1589
2094,11240,2200
718,11241,2003
434,11242,2064
598,11243,3072
6107,11244,6641
576,11245,6641
104,11246,2703
2703,11247,4317
108,11248,7955
2164,11249,2676
7382,11250,7879
6,11251,2207
882,11252,2281
882,11253,1484
3705,11254,3713
870,11255,4118
2248,11256,5677
2038,11257,2248
1427,11258,3799
3,11259,1010
3806,11260,7379
1941,11261,2392
1143,11262,2453
405,11263,2095
5569,11264,6195
6641,11265,8080
104,11266,3146
108,11267,1964
398,11268,1039
2825,11269,3702
593,11270,5751
1195,11271,5404
49,11272,94
1050,11273,2986
1157,11274,5400
2751,11275,5475
3264,11276,4910
2200,11277,3878
4188,11278,4770
1496,11279,4615
602,11280,2660
134,11281,571
2793,11282,5068
6195,11283,6641
6641,11284,7480
2829,11285,6195
2664,11286,8078
6195,11287,7480
647,11288,5302
1964,11289,5413
3438,11290,6508
3204,11291,4874
2164,11292,2416
367,11293,3990
21,11294,3237
3713,11295,6773
1132,11296,2661
2511,11297,3294
694,11298,771
43,11299,3956
538,11300,3330
3326,11301,4469
3085,11302,6195
576,11303,3085
208,11304,2915
427,11305,5413
585,11306,2054
1964,11307,3954
1568,11308,3925
154,11309,2365
21,11310,3702
2232,11311,2596
2485,11312,3172
1929,11313,3736
876,11314,1157
3276,11315,4864
1283,11316,2351
6257,11317,6881
1346,11318,5653
602,11319,4110
1896,11320,3330
3737,11321,6281
933,11322,4302
2006,11323,4743
398,11324,7425
905,11325,1093
1935,11326,5890
593,11327,1300
2070,11328,2403
1640,11329,2125
944,11330,2264
2372,11331,2685
230,11332,1352
4169,11333,5068
4575,11334,5364
134,11335,3197
391,11336,1254
937,11337,4579
113,11338,858
2829,11339,5569
3129,11340,7042
585,11341,2040
2686,11342,5019
1935,11343,2060
1935,11344,2070
4277,11345,5546
3237,11346,3705
1152,11347,2596
4879,11348,5400
1602,11349,4578
513,11350,2038
415,11351,431
310,11352,1046
538,11353,1496
1133,11354,2660
799,11355,829
858,11356,937
56,11357,5989
607,11358,4091
1029,11359,5544
196,11360,1924
1300,11361,5751
1640,11362,4236
760,11363,4056
6,11364,944
987,11365,1429
802,11366,3055
3276,11367,7728
4294,11368,6035
2200,11369,4578
513,11370,1707
3799,11371,4463
328,11372,1427
230,11373,328
602,11374,3742
43,11375,602
1352,11376,1496
538,11377,711
680,11378,986
1902,11379,5044
539,11380,1029
208,11381,2377
51,11382,4835
2611,11383,6589
331,11384,4586
2198,11385,4277
3237,11386,3431
1456,11387,6035
4862,11388,5815
4862,11389,6257
3538,11390,3742
9,11391,230
1143,11392,2095
3956,11393,4941
2095,11394,2453
2030,11395,2064
633,11396,4575
711,11397,1542
39,11398,799
2829,11399,3085
1450,11400,4442
3954,11401,5413
103,11402,1510
4343,11403,4586
398,11404,3925
2164,11405,4127
2207,11406,4127
3990,11407,4236
4693,11408,6867
2750,11409,3315
301,11410,3264
328,11411,3459
2611,11412,6508
1442,11413,3954
1093,11414,5546
2416,11415,4277
3431,11416,3702
94,11417,1195
444,11418,1378
419,11419,876
3327,11420,3736
1427,11421,3895
2661,11422,3866
3742,11423,7813
602,11424,7375
2655,11425,6332
39,11426,933
3085,11427,7480
3085,11428,6641
3085,11429,8080
113,11430,427
147,11431,2915
3954,11432,4445
103,11433,2394
2632,11434,3902
3702,11435,4560
1195,11436,2125
2222,11437,3656
1283,11438,5711
1811,11439,3595
1117,11440,1561
2094,11441,3878
310,11442,2453
1596,11443,4941
801,11444,829
237,11445,434
2377,11446,2915
331,11447,6589
3446,11448,6560
2125,11449,3902
1484,11450,2281
3237,11451,5218
3705,11452,5218
442,11453,4056
197,11454,1498
419,11455,2981
3783,11456,6528
507,11457,3952
1589,11458,3595
2476,11459,3538
1376,11460,4894
601,11461,3223
434,11462,4579
3563,11463,4218
1084,11464,1902
2915,11465,3001
1303,11466,7469
1300,11467,6096
2981,11468,4197
4693,11469,4799
1304,11470,3952
1152,11471,3327
1506,11472,2469
771,11473,1392
65,11474,601
134,11475,391
234,11476,4573
801,11477,2655
208,11478,4442
56,11479,670
576,11480,3146
2915,11481,4596
3343,11482,5169
1442,11483,4445
103,11484,1964
82,11485,2857
196,11486,871
4874,11487,7425
2750,11488,4693
1429,11489,1498
754,11490,3656
197,11491,1429
944,11492,2222
1243,11493,3315
2986,11494,4338
4338,11495,4879
4879,11496,5282
653,11497,2150
4864,11498,5484
2351,11499,4463
4308,11500,6080
602,11501,7813
602,11502,3223
134,11503,230
571,11504,1352
1596,11505,2030
829,11506,6281
1629,11507,2829
1500,11508,2108
2108,11509,5029
398,11510,4804
3390,11511,4335
1039,11512,3925
1039,11513,5210
507,11514,620
944,11515,3656
415,11516,4463
1376,11517,1432
1941,11518,3806
1352,11519,4615
4551,11520,4573
234,11521,3061
3085,11522,5569
2940,11523,3129
585,11524,607
3954,11525,7044
2949,11526,6975
331,11527,2949
154,11528,4888
5404,11529,6030
6371,11530,6867
94,11531,2981
2232,11532,4056
3172,11533,6773
2806,11534,2995
4741,11535,7292
6819,11536,7593
5711,11537,7705
1376,11538,3595
1409,11539,2661
7375,11540,7813
1392,11541,2511
65,11542,358
56,11543,3072
508,11544,956
1500,11545,3001
147,11546,2377
1774,11547,2394
147,11548,8157
336,11549,6975
1279,11550,4335
2125,11551,4236
444,11552,5751
754,11553,3952
1306,11554,4549
3276,11555,5484
4294,11556,5711
43,11557,4520
65,11558,3223
3191,11559,4941
694,11560,1207
405,11561,4575
405,11562,3061
711,11563,828
508,11564,1084
208,11565,6902
1029,11566,3129
94,11567,4236
4338,11568,5282
987,11569,2150
4709,11570,5004
2832,11571,3531
538,11572,4137
2030,11573,3191
1865,11574,4551
858,11575,4579
39,11576,372
360,11577,508
360,11578,3563
2915,11579,4442
2108,11580,3001
647,11581,3129
3887,11582,5169
336,11583,6508
4888,11584,5404
274,11585,1695
6,11586,3656
3315,11587,6528
1238,11588,2986
2837,11589,3736
2806,11590,4864
5004,11591,5645
1132,11592,3742
3878,11593,4188
3806,11594,7088
3330,11595,4137
598,11596,858
2498,11597,2655
956,11598,1361
680,11599,1510
2377,11600,4596
1510,11601,1774
1964,11602,3887
104,11603,1685
331,11604,2060
2632,11605,5019
1039,11606,7386
1093,11607,6096
2125,11608,2363
4693,11609,6371
6528,11610,7047
2986,11611,5282
2685,11612,2806
6035,11613,7574
554,11614,998
1456,11615,2408
3277,11616,3538
230,11617,6080
602,11618,4520
829,11619,4954
4575,11620,4590
633,11621,4590
828,11622,3072
234,11623,2664
39,11624,647
1303,11625,5217
1500,11626,4743
336,11627,576
196,11628,4743
344,11629,1881
2750,11630,4799
1152,11631,2232
2762,11632,4338
4709,11633,6651
1376,11634,6813
299,11635,4169
391,11636,2444
1029,11637,1765
2207,11638,4133
4127,11639,4133
1279,11640,4560
21,11641,2234
2363,11642,4888
154,11643,6030
1152,11644,2685
1050,11645,5282
2723,11646,7566
4741,11647,4862
1117,11648,3138
301,11649,1117
405,11650,5965
299,11651,956
360,11652,956
2825,11653,5210
94,11654,367
3431,11655,4560
4111,11656,8035
2363,11657,5404
442,11658,444
154,11659,5131
3315,11660,7047
2543,11661,4862
328,11662,3799
4575,11663,5965
391,11664,4818
2915,11665,4218
519,11666,539
336,11667,2054
103,11668,1774
4874,11669,5488
82,11670,2060
2159,11671,4127
367,11672,4704
2403,11673,4111
236,11674,4181
154,11675,4181
1878,11676,3431
1484,11677,1695
197,11678,4197
419,11679,478
1306,11680,3327
513,11681,2751
1117,11682,1456
3,11683,4324
1144,11684,2392
1865,11685,2095
598,11686,2266
1450,11687,1974
2664,11688,3146
1434,11689,5217
2108,11690,4743
196,11691,2108
82,11692,1935
2825,11693,4560
306,11694,344
1771,11695,8029
197,11696,5131
870,11697,1979
998,11698,5827
4483,11699,5004
4136,11700,4466
828,11701,1542
39,11702,7605
986,11703,2647
937,11704,4434
208,11705,4218
104,11706,2773
1039,11707,4833
2234,11708,2825
2281,11709,4166
326,11710,1771
3172,11711,5229
802,11712,1506
1626,11713,5711
2248,11714,2543
1432,11715,3484
1409,11716,4324
4188,11717,4910
2094,11718,5916
9,11719,1751
3223,11720,4136
2003,11721,2832
2660,11722,3223
4469,11723,4590
147,11724,368
743,11725,5413
3343,11726,3887
331,11727,6508
1442,11728,5564
1093,11729,3372
1197,11730,4560
344,11731,2843
326,11732,2750
4799,11733,6371
49,11734,1238
1148,11735,3705
1238,11736,1306
2319,11737,5400
3878,11738,5916
602,11739,1710
1710,11740,2660
2095,11741,2258
4743,11742,7533
1774,11743,3887
351,11744,1935
2057,11745,4277
2234,11746,5210
1498,11747,4493
3172,11748,6860
554,11749,5827
5711,11750,6035
2248,11751,3700
1558,11752,2038
3799,11753,3895
1707,11754,3484
1318,11755,1589
1010,11756,1409
43,11757,5968
2915,11758,6902
1084,11759,2336
607,11760,1629
1685,11761,2773
7035,11762,7037
1765,11763,4804
871,11764,4804
154,11765,913
236,11766,3446
326,11767,8029
4693,11768,5783
326,11769,6371
3656,11770,3933
2150,11771,5458
4615,11772,4837
1865,11773,4497
237,11774,2582
680,11775,1629
519,11776,647
196,11777,2940
2108,11778,7533
1853,11779,2040
1197,11780,3431
5783,11781,8029
326,11782,4693
1878,11783,5218
49,11784,6087
3733,11785,6142
2150,11786,4118
4483,11787,6813
415,11788,1318
1352,11789,4837
9,11790,1392
4497,11791,4573
4169,11792,6739
3085,11793,3287
1347,11794,7469
1685,11795,2703
2159,11796,4133
1093,11797,4277
4799,11798,5783
478,11799,2981
1050,11800,3856
2625,11801,6819
1626,11802,2351
4685,11803,4862
1558,11804,2248
2511,11805,4188
310,11806,3322
4165,11807,4941
801,11808,1207
434,11809,2541
2444,11810,4818
56,11811,828
937,11812,2647
427,11813,743
585,11814,4343
2159,11815,2164
4704,11816,7908
197,11817,419
3952,11818,6681
3736,11819,4571
2316,11820,3138
1751,11821,6080
1144,11822,2003
65,11823,2660
538,11824,2717
3695,11825,5068
1361,11826,2847
196,11827,3642
2005,11828,7037
2167,11829,5019
1093,11830,2057
4560,11831,7899
326,11832,4799
944,11833,2872
3856,11834,6961
478,11835,6961
419,11836,6961
1979,11837,4118
3276,11838,6820
2150,11839,7566
2408,11840,7574
5004,11841,5327
5327,11842,6651
554,11843,4578
415,11844,6610
951,11845,4076
3277,11846,4136
951,11847,1751
1143,11848,1410
2433,11849,3330
2064,11850,2541
3061,11851,4497
237,11852,3287
1084,11853,4743
1054,11854,5161
913,11855,2632
351,11856,2403
2164,11857,4166
2363,11858,6030
2232,11859,2587
5229,11860,5913
1433,11861,3036
1913,11862,3595
1376,11863,3484
6840,11864,7795
1485,11865,1596
65,11866,858
2582,11867,3191
56,11868,113
1347,11869,1774
539,11870,1765
2040,11871,3715
326,11872,5783
1148,11873,3172
527,11874,3878
602,11875,4136
65,11876,598
828,11877,2266
1015,11878,4835
1442,11879,1876
331,11880,2167
82,11881,351
49,11882,344
1341,11883,5218
1341,11884,3705
322,11885,7047
1304,11886,6411
3595,11887,6878
3,11888,671
1376,11889,1418
2095,11890,5965
4590,11891,5965
2498,11892,3559
633,11893,3287
1948,11894,2664
196,11895,2864
4860,11896,5488
871,11897,4833
1279,11898,4546
507,11899,1152
1132,11900,4685
1761,11901,3895
2258,11902,4590
771,11903,4954
1542,11904,1974
234,11905,2704
7599,11906,7605
1084,11907,2940
196,11908,5161
4270,11909,5564
3372,11910,4270
2430,11911,3446
913,11912,2430
3938,11913,7899
326,11914,4111
1484,11915,2182
322,11916,4799
478,11917,3856
507,11918,6681
1506,11919,5913
2319,11920,2724
513,11921,5327
538,11922,2433
299,11923,6739
39,11924,7599
607,11925,3715
82,11926,1685
2040,11927,4632
585,11928,4632
154,11929,1030
1306,11930,2837
671,11931,4324
2067,11932,2661
1346,11933,5262
1254,11934,3559
113,11935,743
680,11936,3715
49,11937,772
94,11938,5254
1238,11939,4056
2232,11940,4953
322,11941,1429
876,11942,2928
987,11943,5458
527,11944,5916
230,11945,1751
1079,11946,4579
1629,11947,3085
680,11948,5217
1510,11949,3715
336,11950,1685
3681,11951,5231
1695,11952,4166
6860,11953,6862
3952,11954,7905
1304,11955,7905
870,11956,1129
876,11957,3856
3172,11958,5818
671,11959,7307
1045,11960,6878
1318,11961,1941
6414,11962,7273
1132,11963,2067
328,11964,911
2661,11965,4322
1828,11966,2511
4165,11967,4972
2704,11968,3061
360,11969,1193
3642,11970,4743
103,11971,3887
1094,11972,1853
2167,11973,2430
276,11974,2159
344,11975,772
21,11976,1148
478,11977,2769
3952,11978,6538
2724,11979,2762
310,11980,2649
2660,11981,4501
1084,11982,1234
113,11983,3343
336,11984,1087
336,11985,585
871,11986,3997
1442,11987,3681
2181,11988,3925
2057,11989,2300
21,11990,1918
326,11991,6734
507,11992,2182
2469,11993,3040
2751,11994,7672
671,11995,1433
415,11996,4295
230,11997,911
1485,11998,4520
2258,11999,3322
933,12000,2444
3085,12001,3962
113,12002,5571
56,12003,368
1234,12004,2940
871,12005,1765
398,12006,3551
3681,12007,5862
3938,12008,4335
1300,12009,7132
4181,12010,5998
1918,12011,2234
94,12012,2125
5032,12013,5783
1238,12014,4953
2407,12015,3172
2407,12016,5229
1312,12017,2485
554,12018,5147
163,12019,5327
415,12020,3410
771,12021,1828
65,12022,1896
1352,12023,3695
109,12024,933
1193,12025,3001
2915,12026,5527
2164,12027,6901
1030,12028,4181
326,12029,5032
2769,12030,3856
6538,12031,7905
3952,12032,7444
3952,12033,6411
1129,12034,1979
3276,12035,3486
163,12036,5004
671,12037,2625
2351,12038,5693
2387,12039,3322
1539,12040,2961
1366,12041,4434
3085,12042,5507
1234,12043,1902
3343,12044,4914
2108,12045,3254
585,12046,3960
1279,12047,3938
3446,12048,7918
2825,12049,3938
4111,12050,6234
6681,12051,7444
876,12052,4202
987,12053,3843
2625,12054,5143
483,12055,1117
301,12056,554
1941,12057,4470
1352,12058,2717
3003,12059,4137
4590,12060,6446
1542,12061,5917
360,12062,2336
1087,12063,3146
2377,12064,5527
4412,12065,4804
1250,12066,4133
2159,12067,4166
6,12068,276
49,12069,5254
1238,12070,6087
1429,12071,1800
1506,12072,3040
1519,12073,4483
1596,12074,4697
2064,12075,4501
2030,12076,2541
1327,12077,3695
237,12078,723
2444,12079,7140
109,12080,2444
1366,12081,1434
2915,12082,8180
1193,12083,2108
1347,12084,3343
2940,12085,3642
2773,12086,5359
1015,12087,6970
5488,12088,6970
1250,12089,2159
1197,12090,4335
1197,12091,3938
913,12092,1030
1695,12093,2300
326,12094,5384
620,12095,966
3227,12096,4197
7401,12097,7905
4202,12098,5282
1243,12099,1714
1558,12100,3700
4697,12101,5968
1572,12102,2095
56,12103,1974
1876,12104,2005
336,12105,3960
103,12106,1094
1996,12107,2800
966,12108,1695
1341,12109,1878
197,12110,3227
3952,12111,6083
2407,12112,6862
2225,12113,2685
5484,12114,6818
163,12115,513
951,12116,4910
1144,12117,4880
1010,12118,1410
1539,12119,2717
134,12120,1327
134,12121,7247
937,12122,1079
336,12123,1351
1030,12124,5998
5384,12125,6234
4197,12126,4939
6894,12127,7905
802,12128,6327
3895,12129,5693
1828,12130,2094
65,12131,2266
2336,12132,4743
375,12133,4445
3960,12134,4632
103,12135,375
236,12136,2139
4704,12137,6428
444,12138,844
1353,12139,4953
1243,12140,2229
2837,12141,4571
301,12142,483
1913,12143,3410
1048,12144,1117
2012,12145,3538
1318,12146,4470
4322,12147,6424
743,12148,4914
5359,12149,7039
550,12150,871
306,12151,5570
236,12152,6150
2300,12153,4166
1778,12154,2363
2363,12155,4939
1242,12156,1498
2182,12157,3467
6538,12158,6808
1714,12159,3733
483,12160,2316
911,12161,1751
538,12162,3003
828,12163,1375
1254,12164,2953
633,12165,6146
1974,12166,8052
2704,12167,5848
1629,12168,6930
113,12169,5216
5216,12170,5571
368,12171,1594
368,12172,2005
2005,12173,2894
1853,12174,4296
236,12175,6234
154,12176,2363
344,12177,844
419,12178,5438
6538,12179,7966
1129,12180,4499
3952,12181,6894
876,12182,4505
328,12183,1761
951,12184,4188
4295,12185,4837
1188,12186,4136
1572,12187,2258
723,12188,3287
3287,12189,3962
958,12190,2847
1594,12191,2377
336,12192,708
708,12193,1087
2800,12194,4833
3681,12195,5607
1093,12196,3565
6612,12197,7918
507,12198,966
1353,12199,2232
6538,12200,6541
6538,12201,6894
5129,12202,6466
6894,12203,7401
6894,12204,7009
1800,12205,2150
3843,12206,5458
2316,12207,2408
1519,12208,1913
1438,12209,2351
2998,12210,3484
2649,12211,6424
1710,12212,4501
1485,12213,1710
9,12214,1762
771,12215,1796
801,12216,2442
234,12217,5848
113,12218,1366
2430,12219,6612
1300,12220,3753
6150,12221,7918
4493,12222,6734
2229,12223,2750
2769,12224,5254
6083,12225,6538
3952,12226,7966
6808,12227,6894
802,12228,3486
5830,12229,6818
2150,12230,2192
1045,12231,1318
951,12232,2511
1485,12233,5968
9,12234,2302
1392,12235,1796
2387,12236,4165
2582,12237,4972
2461,12238,2647
607,12239,4846
453,12240,1347
368,12241,743
3715,12242,4288
2864,12243,3254
82,12244,3556
4546,12245,4860
379,12246,2164
351,12247,6234
236,12248,326
322,12249,5032
4910,12250,7742
680,12251,5553
1366,12252,5217
1876,12253,2894
331,12254,1351
2841,12255,4546
1279,12256,2841
2139,12257,6234
6,12258,2872
478,12259,5438
944,12260,2407
322,12261,1243
6333,12262,7009
1913,12263,4588
4685,12264,7823
1318,12265,3410
1045,12266,1913
1048,12267,1761
328,12268,4993
1366,12269,1764
2703,12270,7039
103,12271,4288
4270,12272,4943
344,12273,4385
276,12274,1996
5998,12275,6150
1197,12276,1878
6541,12277,7966
6538,12278,7622
7401,12279,7611
322,12280,3843
2837,12281,4577
4685,12282,7713
4470,12283,4880
65,12284,2832
65,12285,2541
1254,12286,4112
113,12287,1162
4846,12288,5507
1625,12289,8180
2703,12290,5359
82,12291,6664
3551,12292,3997
379,12293,6901
3681,12294,5570
1300,12295,4943
3718,12296,7132
21,12297,4654
6083,12298,6541
6894,12299,7622
7412,12300,7942
5129,12301,5818
1306,12302,2439
6121,12303,8076
911,12304,1761
4837,12305,4993
4114,12306,4880
1188,12307,1710
2498,12308,4112
3559,12309,4112
1764,12310,2647
39,12311,1382
1685,12312,3859
331,12313,6664
3467,12314,6083
6541,12315,7622
3952,12316,7902
1800,12317,4499
6894,12318,7611
1979,12319,2192
6823,12320,7713
4685,12321,7847
483,12322,1048
951,12323,7742
4295,12324,4993
4590,12325,5225
134,12326,7140
39,12327,801
647,12328,3075
519,12329,3075
1351,12330,6664
3565,12331,3753
7444,12332,7966
7444,12333,7902
6411,12334,6894
6333,12335,6795
802,12336,4612
1714,12337,3843
5830,12338,7139
5140,12339,5830
2543,12340,7294
1144,12341,4773
1254,12342,3095
2582,12343,6254
109,12344,647
1193,12345,2336
2703,12346,3859
351,12347,2139
326,12348,2139
444,12349,966
6083,12350,6808
1306,12351,1353
6808,12352,7622
6411,12353,7902
1979,12354,3082
163,12355,3484
1132,12356,2012
2649,12357,2729
1485,12358,2729
1410,12359,5262
1207,12360,1796
2961,12361,3623
723,12362,2582
39,12363,7135
723,12364,6930
607,12365,7038
197,12366,1129
6083,12367,7966
2407,12368,2872
6548,12369,7622
1306,12370,7897
7611,12371,7942
6894,12372,7902
2439,12373,2762
2351,12374,2441
989,12375,1418
911,12376,5634
1410,12377,2258
2258,12378,2505
757,12379,2030
1079,12380,2461
113,12381,3603
1948,12382,2016
743,12383,5216
453,12384,1366
3859,12385,5359
3551,12386,4546
1030,12387,6150
966,12388,2182
6,12389,4745
1148,12390,2407
6541,12391,6548
6548,12392,7966
7444,12393,7900
6894,12394,7395
7611,12395,7921
7139,12396,7625
2319,12397,3904
1626,12398,2441
4322,12399,4904
2717,12400,4114
65,12401,4501
757,12402,4165
1375,12403,3003
1787,12404,3603
1234,12405,3620
844,12406,3718
1242,12407,4493
2872,12408,7991
802,12409,944
2225,12410,7387
6894,12411,7625
2439,12412,2724
1540,12413,1558
1710,12414,3277
3260,12415,4837
1207,12416,2498
3715,12417,5116
1389,12418,4412
101,12419,344
94,12420,1778
1778,12421,4939
17,12422,2872
1979,12423,6939
987,12424,1800
1834,12425,2408
1438,12426,5277
527,12427,1828
1352,12428,7335
1352,12429,7686
134,12430,1762
299,12431,958
743,12432,3021
1094,12433,3715
2167,12434,4607
2181,12435,2800
379,12436,1250
379,12437,2057
2677,12438,6150
94,12439,4939
6541,12440,6808
2225,12441,7897
7921,12442,7942
4612,12443,8076
6121,12444,6522
6522,12445,7139
5732,12446,6270
1503,12447,1558
1188,12448,3277
1804,12449,7361
2266,12450,6393
858,12451,8091
134,12452,2444
858,12453,1787
1847,12454,6146
360,12455,4852
647,12456,1999
196,12457,550
3960,12458,5713
331,12459,5713
3753,12460,4943
276,12461,1250
913,12462,1524
1030,12463,1524
3227,12464,6535
5438,12465,6535
6541,12466,7987
6894,12467,7406
6121,12468,7921
4612,12469,6121
6522,12470,8076
7139,12471,8061
1338,12472,2625
3410,12473,5987
554,12474,941
483,12475,6670
2012,12476,5594
4295,12477,6082
951,12478,1828
3277,12479,3692
1365,12480,4880
134,12481,281
2953,12482,3095
3095,12483,4112
3623,12484,3738
1079,12485,1787
39,12486,2651
958,12487,1625
331,12488,4607
4943,12489,5607
4385,12490,5570
444,12491,3265
379,12492,2300
21,12493,978
6541,12494,7222
1306,12495,2225
17,12496,802
7503,12497,7942
2225,12498,2837
2928,12499,3082
1312,12500,4920
134,12501,1826
757,12502,1596
508,12503,1006
1948,12504,1950
1810,12505,2773
2377,12506,3456
1094,12507,4288
1015,12508,4412
375,12509,1442
94,12510,2009
6808,12511,7138
6808,12512,8040
6548,12513,7902
6944,12514,7611
2225,12515,6917
7406,12516,7902
6894,12517,7921
6121,12518,7503
7009,12519,8061
1800,12520,2192
93,12521,7847
911,12522,1048
1710,12523,3692
281,12524,911
2433,12525,3003
9,12526,475
2498,12527,5777
1999,12528,3075
1810,12529,5359
2973,12530,3254
3960,12531,4296
70,12532,5161
2430,12533,2677
1030,12534,2677
619,12535,2300
966,12536,2300
7222,12537,7987
6548,12538,6808
7611,12539,8040
876,12540,2975
1238,12541,4202
7625,12542,8061
423,12543,6424
951,12544,7329
281,12545,328
3741,12546,5634
3148,12547,4497
5507,12548,6674
103,12549,866
1015,12550,1389
3681,12551,4385
1238,12552,5112
6548,12553,7222
7503,12554,7921
7625,12555,8125
7009,12556,8125
2504,12557,2724
3486,12558,5140
1574,12559,5143
1834,12560,3895
1418,12561,2998
1804,12562,2998
3714,12563,6146
2847,12564,3738
4846,12565,6674
2470,12566,2864
2470,12567,3642
331,12568,5926
3321,12569,5564
2057,12570,5286
478,12571,2009
478,12572,2975
6548,12573,6894
5737,12574,6939
6548,12575,7406
802,12576,2407
8,12577,4202
7625,12578,8064
1438,12579,2441
1710,12580,7098
65,12581,6393
2347,12582,3695
1162,12583,3603
1625,12584,2377
993,12585,1876
5488,12586,5824
3265,12587,3753
193,12588,2300
978,12589,1918
3467,12590,7997
1238,12591,7093
1129,12592,1800
2407,12593,5129
8,12594,1238
6522,12595,7625
4920,12596,7586
4114,12597,7335
2387,12598,4697
2961,12599,5917
1974,12600,4905
1950,12601,5848
1764,12602,6954
1121,12603,3254
2800,12604,6684
351,12605,6927
3291,12606,6428
3323,12607,4939
3888,12608,4745
1129,12609,4374
6944,12610,7921
6894,12611,8125
6121,12612,7625
1312,12613,2407
1519,12614,4588
239,12615,3410
527,12616,941
989,12617,1045
951,12618,3740
2012,12619,3692
1710,12620,5594
6082,12621,7365
6424,12622,7372
423,12623,2649
281,12624,1826
65,12625,4659
1144,12626,2433
2433,12627,4773
2832,12628,5324
7686,12629,7706
757,12630,1485
1847,12631,1948
2847,12632,4905
336,12633,1810
2894,12634,3456
607,12635,3960
4860,12636,7953
101,12637,772
444,12638,1680
2769,12639,2975
7185,12640,7387
2225,12641,7185
17,12642,2407
4612,12643,7503
4612,12644,6522
671,12645,6274
2832,12646,5266
3260,12647,7365
4773,12648,5324
2649,12649,4697
475,12650,1207
2461,12651,5025
2847,12652,3623
109,12653,2938
1079,12654,1366
2647,12655,6954
458,12656,1366
453,12657,458
94,12658,533
772,12659,962
4745,12660,7997
3467,12661,6548
6659,12662,7222
3195,12663,6548
3195,12664,7406
4612,12665,5023
8061,12666,8125
8061,12667,8064
163,12668,1418
1744,12669,6670
1108,12670,1433
989,12671,1144
423,12672,4904
2302,12673,3741
3714,12674,5225
1777,12675,5553
109,12676,1234
56,12677,3021
2703,12678,3556
2181,12679,2841
94,12680,1068
966,12681,3467
2872,12682,3907
6548,12683,8040
202,12684,1979
1744,12685,3740
3449,12686,4114
4497,12687,6803
2448,12688,5216
2336,12689,2470
2188,12690,3565
3227,12691,3323
2182,12692,3594
6,12693,2755
1353,12694,2587
1834,12695,2316
2961,12696,3003
633,12697,3714
134,12698,1006
1087,12699,4846
4005,12700,5116
1810,12701,3859
336,12702,8153
196,12703,2531
2188,12704,3753
5570,12705,7883
3718,12706,4943
507,12707,3811
6894,12708,6944
202,12709,1129
1503,12710,7294
163,12711,1519
2202,12712,4659
65,12713,2202
1392,12714,2302
1207,12715,4176
299,12716,2847
2647,12717,4135
109,12718,2651
39,12719,2666
1087,12720,2016
453,12721,5116
375,12722,743
82,12723,3859
1609,12724,5713
70,12725,2800
1250,12726,6684
3265,12727,5286
276,12728,797
3467,12729,3594
428,12730,7093
3195,12731,3467
6655,12732,7138
7054,12733,7921
2504,12734,3904
671,12735,1338
989,12736,5670
134,12737,2953
109,12738,5304
1594,12739,3349
1389,12740,7953
70,12741,4228
3265,12742,3565
1524,12743,1778
3888,12744,7997
17,12745,2755
6944,12746,8040
1883,12747,5129
2975,12748,3082
2633,12749,6521
110,12750,4993
4470,12751,6082
7205,12752,7706
1207,12753,4377
134,12754,2938
262,12755,723
299,12756,5008
2651,12757,2666
3565,12758,5286
966,12759,1680
2067,12760,6274
1826,12761,3260
65,12762,1990
65,12763,1821
271,12764,743
1389,12765,3551
1609,12766,4296
379,12767,2218
2057,12768,2218
1030,12769,2357
533,12770,1068
1879,12771,2724
1318,12772,3701
3701,12773,4470
1804,12774,5266
1710,12775,2729
2729,12776,6184
1710,12777,1990
1375,12778,2961
1327,12779,2347
1207,12780,3095
1799,12781,2442
519,12782,833
1566,12783,2005
607,12784,4171
1953,12785,2841
2057,12786,3430
193,12787,619
1030,12788,1242
322,12789,1242
6247,12790,6535
1494,12791,2407
1312,12792,3040
4179,12793,6082
1365,12794,3449
450,12795,1392
1299,12796,1410
1375,12797,2035
299,12798,1006
109,12799,4852
109,12800,3941
607,12801,1371
368,12802,1566
2800,12803,4834
1953,12804,2181
1996,12805,3528
913,12806,2677
325,12807,1030
978,12808,1878
6,12809,797
1148,12810,5525
202,12811,2192
1883,12812,7586
1312,12813,1494
671,12814,7822
1188,12815,2202
744,12816,1796
744,12817,1392
3882,12818,4697
475,12819,2302
1787,12820,1821
958,12821,2646
1999,12822,3941
109,12823,1999
1625,12824,2646
453,12825,4005
833,12826,1015
1094,12827,4171
1609,12828,4607
1197,12829,1918
268,12830,619
533,12831,772
978,12832,4654
3195,12833,6659
7921,12834,8125
2439,12835,3633
93,12836,1503
6274,12837,7822
1470,12838,2998
1188,12839,4659
2717,12840,6511
1447,12841,2541
828,12842,2035
56,12843,1162
1584,12844,4852
1584,12845,2336
1234,12846,2321
1121,12847,2470
1810,12848,4528
453,12849,866
271,12850,375
3374,12851,4296
2181,12852,3551
2218,12853,3430
6361,12854,6404
1449,12855,1996
1778,12856,3323
2192,12857,7670
1761,12858,3370
1409,12859,3570
5860,12860,7372
2729,12861,5860
2035,12862,6393
3788,12863,5777
1764,12864,4135
1382,12865,4838
1121,12866,2973
1094,12867,3374
1524,12868,2357
3082,12869,5737
1338,12870,1574
176,12871,951
3003,12872,6511
2387,12873,5225
475,12874,3095
1447,12875,7241
723,12876,5821
3738,12877,5917
1847,12878,3148
958,12879,5008
1052,12880,1366
1382,12881,2666
2448,12882,5571
1015,12883,4345
550,12884,4834
1242,12885,2357
326,12886,1242
3980,12887,6535
322,12888,1659
183,12889,1913
176,12890,911
1572,12891,4433
65,12892,1447
2347,12893,2621
2541,12894,6148
1162,12895,5571
4846,12896,6094
708,12897,1351
379,12898,619
1242,12899,4374
1353,12900,3373
2439,12901,4577
6280,12902,6519
1540,12903,4761
671,12904,6343
450,12905,2511
2442,12906,5980
39,12907,1799
262,12908,3287
1366,12909,4135
2321,12910,3620
4005,12911,4764
550,12912,5289
3374,12913,4171
2800,12914,3119
2841,12915,3929
2755,12916,3888
554,12917,2533
1761,12918,1834
1318,12919,3891
110,12920,3370
2387,12921,3882
1693,12922,2433
1693,12923,3003
550,12924,596
351,12925,6361
2755,12926,4745
1680,12927,2587
2587,12928,3811
3373,12929,3633
8,12930,3904
1048,12931,1834
110,12932,3260
4659,12933,5266
1710,12934,3690
771,12935,4983
2621,12936,7205
475,12937,1762
2347,12938,3623
2111,12939,3714
828,12940,2563
1777,12941,4004
458,12942,2448
424,12943,1594
1067,12944,1094
82,12945,2887
101,12946,3291
276,12947,1449
1680,12948,3811
5112,12949,6797
1507,12950,1800
183,12951,1519
941,12952,3476
451,12953,2067
3449,12954,7755
56,12955,2563
1162,12956,2448
4838,12957,6626
4764,12958,6109
550,12959,3620
1023,12960,3718
268,12961,4745
832,12962,1129
2633,12963,2975
1507,12964,2192
1714,12965,4061
239,12966,4018
475,12967,3741
1566,12968,3456
4345,12969,5289
70,12970,4834
1953,12971,3551
2188,12972,3321
2887,12973,6361
3430,12974,5286
1023,12975,4385
193,12976,444
2009,12977,3323
3227,12978,5924
832,12979,5737
483,12980,2041
110,12981,4179
1560,12982,1828
110,12983,1826
2953,12984,3388
2461,12985,4135
833,12986,1382
348,12987,607
1121,12988,1193
1351,12989,1609
844,12990,1023
1778,12991,4651
797,12992,1449
844,12993,4784
797,12994,4654
1837,12995,3082
17,12996,5023
802,12997,2985
93,12998,1338
183,12999,1045
1410,13000,3570
450,13001,744
281,13002,1762
757,13003,3690
1327,13004,2621
757,13005,1447
3788,13006,4377
1052,13007,1787
1382,13008,6626
6094,13009,6674
743,13010,4196
993,13011,3321
1401,13012,2677
962,13013,5112
202,13014,832
2633,13015,4505
1470,13016,1804
4179,13017,4470
830,13018,2302
3882,13019,6184
3395,13020,5225
4176,13021,4377
6148,13022,8104
1948,13023,5477
2016,13024,5477
109,13025,6949
958,13026,8062
1382,13027,2918
1371,13028,4846
5500,13029,6561
325,13030,1242
844,13031,1680
1800,13032,3935
1494,13033,1883
1879,13034,3633
2504,13035,4006
941,13036,5149
3487,13037,3740
258,13038,3692
110,13039,281
1365,13040,1693
475,13041,1796
1656,13042,3623
833,13043,2918
1193,13044,6576
1401,13045,1524
326,13046,4247
3323,13047,4651
428,13048,6869
1312,13049,2877
627,13050,671
1744,13051,3487
1108,13052,1410
830,13053,3741
1847,13054,1950
299,13055,4907
6480,13056,6626
4066,13057,6674
348,13058,1371
348,13059,1087
368,13060,8202
1625,13061,3160
596,13062,4834
254,13063,3938
1449,13064,4654
101,13065,962
2769,13066,5669
1148,13067,7056
8,13068,1879
1503,13069,2012
258,13070,2012
110,13071,1438
423,13072,5860
2729,13073,2934
2505,13074,3882
1656,13075,2347
1799,13076,5980
3788,13077,4161
4907,13078,5008
348,13079,4846
178,13080,2188
1449,13081,1918
1068,13082,2009
2009,13083,3980
322,13084,3935
6642,13085,6944
17,13086,2985
2451,13087,4577
744,13088,771
1796,13089,4983
3095,13090,5304
1052,13091,1162
1371,13092,4004
2973,13093,3160
2470,13094,2790
1351,13095,2736
978,13096,4691
832,13097,6247
2975,13098,4858
163,13099,1540
627,13100,6343
4179,13101,5610
110,13102,7755
2004,13103,3095
1006,13104,1035
299,13105,1035
4066,13106,6094
2321,13107,3958
1566,13108,8202
424,13109,1566
607,13110,7543
308,13111,2005
2080,13112,3556
101,13113,1023
2000,13114,5525
55,13115,428
6828,13116,7982
163,13117,4761
2573,13118,3701
1365,13119,3701
423,13120,6184
771,13121,1560
744,13122,4983
1006,13123,5008
7498,13124,8062
2016,13125,6089
1584,13126,2321
3857,13127,4005
607,13128,6119
308,13129,993
271,13130,3607
2943,13131,3321
1953,13132,3929
6361,13133,6965
3980,13134,5924
1353,13135,2914
2439,13136,2451
4761,13137,7282
1804,13138,3802
1447,13139,1990
1584,13140,6576
2764,13141,2973
2531,13142,4228
3753,13143,6341
1148,13144,2000
5525,13145,6738
5023,13146,5244
1503,13147,5515
423,13148,991
450,13149,1560
1410,13150,3333
110,13151,3449
991,13152,2505
1990,13153,2202
1990,13154,3690
1327,13155,2988
1382,13156,1799
262,13157,6085
1584,13158,2938
1777,13159,4135
2646,13160,7498
1087,13161,4066
2321,13162,6949
6576,13163,6885
178,13164,993
844,13165,6341
325,13166,1401
2357,13167,3945
1680,13168,3594
2225,13169,2914
239,13170,3891
451,13171,5860
258,13172,1710
176,13173,830
1560,13174,4983
2505,13175,4433
134,13176,2988
1573,13177,2918
424,13178,3349
1217,13179,1625
348,13180,708
2764,13181,3456
254,13182,3929
351,13183,5837
3323,13184,3945
2009,13185,8030
55,13186,962
295,13187,2587
239,13188,4484
239,13189,6551
353,13190,1433
911,13191,3370
2067,13192,7801
1188,13193,3802
989,13194,1365
951,13195,7792
1447,13196,6148
2004,13197,5304
927,13198,1950
3620,13199,3958
271,13200,866
178,13201,1335
5524,13202,7982
1507,13203,1659
483,13204,2533
6750,13205,7282
4761,13206,6750
1438,13207,3370
627,13208,2067
627,13209,3570
989,13210,4513
3635,13211,5008
1950,13212,2527
5008,13213,5174
2016,13214,6085
708,13215,1810
3944,13216,4345
254,13217,1197
326,13218,1583
1341,13219,2000
2000,13220,7056
183,13221,239
3370,13222,5939
991,13223,3570
1693,13224,3449
2004,13225,4377
1799,13226,4161
1006,13227,3635
1584,13228,3635
662,13229,2646
4066,13230,6085
453,13231,3857
1121,13232,2790
178,13233,3456
1918,13234,7117
325,13235,326
428,13236,5669
6738,13237,7056
17,13238,3907
176,13239,1048
951,13240,1744
911,13241,5939
423,13242,451
1828,13243,6416
423,13244,2934
1693,13245,7049
662,13246,3349
1121,13247,1584
1999,13248,3620
240,13249,2531
5824,13250,7948
530,13251,2218
70,13252,1250
1524,13253,7450
1583,13254,4247
4651,13255,8030
1680,13256,3088
3088,13257,3811
1744,13258,3476
451,13259,1503
258,13260,1503
951,13261,7619
991,13262,3333
1299,13263,4433
1787,13264,6379
1799,13265,7223
268,13266,3594
163,13267,5105
1048,13268,2041
768,13269,1761
451,13270,2934
2505,13271,4439
1327,13272,4734
46,13273,6148
2938,13274,7228
3635,13275,5174
240,13276,3958
833,13277,3944
708,13278,1731
1389,13279,4345
1335,13280,2973
3119,13281,3528
1068,13282,4651
295,13283,844
2009,13284,6439
2975,13285,4429
2533,13286,3476
627,13287,1108
7619,13288,7792
3137,13289,4176
1465,13290,2111
1622,13291,1847
1799,13292,7231
1371,13293,6094
240,13294,2790
1389,13295,3944
1335,13296,2764
271,13297,308
530,13298,1335
5824,13299,7950
3216,13300,3607
1445,13301,2218
322,13302,346
2801,13303,5266
65,13304,2801
757,13305,4700
1821,13306,6138
3137,13307,3788
70,13308,2531
596,13309,3119
3119,13310,3566
2327,13311,3528
3291,13312,4686
6341,13313,7898
2880,13314,3195
8,13315,2504
1659,13316,6442
93,13317,842
842,13318,1503
258,13319,1540
1560,13320,6416
830,13321,7792
1299,13322,1572
2195,13323,3148
2004,13324,3788
723,13325,5596
4907,13326,5174
56,13327,424
7948,13328,7950
3528,13329,3566
533,13330,3213
1341,13331,3396
4429,13332,4858
4920,13333,6463
475,13334,3949
149,13335,4983
2961,13336,7240
1217,13337,3160
3374,13338,3530
1680,13339,6732
2587,13340,3088
1834,13341,5205
1045,13342,4350
830,13343,7619
441,13344,2646
348,13345,4066
1625,13346,5418
1556,13347,1566
178,13348,1445
1023,13349,3371
844,13350,7898
2755,13351,4285
2914,13352,3373
4018,13353,5288
627,13354,1311
258,13355,1475
258,13356,3802
258,13357,1634
1447,13358,3690
475,13359,744
2035,13360,5710
1821,13361,5905
262,13362,4004
615,13363,4764
103,13364,3667
1609,13365,3530
1895,13366,2887
193,13367,3430
2594,13368,4784
1068,13369,3213
4858,13370,6439
1879,13371,5185
17,13372,5244
2633,13373,4429
862,13374,5523
163,13375,6841
149,13376,1560
2202,13377,2251
65,13378,6383
1847,13379,5663
1035,13380,2938
4066,13381,6089
833,13382,3751
1121,13383,1217
615,13384,5500
2764,13385,3160
596,13386,1389
271,13387,3216
3371,13388,3607
844,13389,4524
862,13390,1837
163,13391,183
258,13392,2934
5589,13393,5980
1035,13394,2988
262,13395,1465
1672,13396,7228
1622,13397,5477
271,13398,5093
5077,13399,7117
2575,13400,3980
295,13401,3088
258,13402,451
2573,13403,3891
110,13404,5610
3312,13405,5266
3632,13406,7049
65,13407,7073
4913,13408,7240
2111,13409,5596
109,13410,3388
723,13411,6787
1799,13412,7232
3592,13413,4196
612,13414,1067
82,13415,1585
103,13416,3452
325,13417,2272
1449,13418,2327
978,13419,5077
268,13420,4285
3594,13421,4285
2000,13422,6738
17,13423,1312
862,13424,2633
4577,13425,7597
5073,13426,6750
768,13427,2441
163,13428,4911
163,13429,1470
1475,13430,3802
1826,13431,3123
1375,13432,4913
3395,13433,5702
1672,13434,3388
3529,13435,4907
262,13436,4066
308,13437,1556
1585,13438,2736
1644,13439,2009
832,13440,1837
3521,13441,4061
1507,13442,5819
5073,13443,5515
5149,13444,5429
2573,13445,4350
527,13446,5963
1804,13447,3312
3882,13448,4319
2035,13449,4796
4796,13450,5710
1821,13451,6145
245,13452,3941
1777,13453,3857
1609,13454,7422
654,13455,2188
1250,13456,2628
533,13457,8024
71,13458,533
844,13459,3490
169,13460,1644
8,13461,428
2451,13462,2914
1659,13463,3521
183,13464,3089
2573,13465,5610
290,13466,1108
176,13467,281
2961,13468,4622
808,13469,2004
6138,13470,6145
1672,13471,2938
109,13472,5003
299,13473,3529
458,13474,1052
348,13475,6089
424,13476,1556
550,13477,8124
3452,13478,3667
1585,13479,7961
1754,13480,5837
2272,13481,5837
71,13482,3291
71,13483,8024
6439,13484,7378
2439,13485,3124
5939,13486,6309
1470,13487,4513
1634,13488,3690
110,13489,4757
2934,13490,3882
1693,13491,3632
130,13492,1382
262,13493,1371
3857,13494,4574
4528,13495,4746
833,13496,2502
1895,13497,5837
101,13498,2594
193,13499,731
1680,13500,5822
3594,13501,4945
941,13502,1744
1311,13503,3570
1365,13504,4640
2035,13505,6383
1762,13506,2988
2035,13507,2563
299,13508,843
1371,13509,4066
2918,13510,3751
1017,13511,2321
5852,13512,6119
1810,13513,2736
3667,13514,5093
3216,13515,3371
70,13516,2628
1023,13517,4011
254,13518,2327
1407,13519,1449
71,13520,101
1449,13521,4691
797,13522,4691
5822,13523,6732
202,13524,1507
1540,13525,4911
798,13526,1108
1470,13527,3312
290,13528,3333
830,13529,3949
3912,13530,4700
1693,13531,4622
1572,13532,2391
424,13533,662
1217,13534,2646
2502,13535,3944
550,13536,4462
276,13537,1407
254,13538,5077
2792,13539,3396
5244,13540,5403
1494,13541,2165
3497,13542,5288
183,13543,5105
3487,13544,5513
991,13545,1311
2801,13546,3312
1656,13547,2621
1672,13548,2988
1622,13549,5663
46,13550,1777
2321,13551,3761
56,13552,2109
1953,13553,3684
2188,13554,4473
1401,13555,6767
1449,13556,6744
731,13557,4524
978,13558,3272
3421,13559,4858
3124,13560,4006
6460,13561,6463
176,13562,3740
4911,13563,6841
2934,13564,3912
65,13565,1858
6138,13566,7167
1572,13567,2195
2195,13568,2391
5905,13569,6145
1465,13570,5596
3881,13571,4161
2666,13572,6213
816,13573,6119
1199,13574,1389
3566,13575,3684
4011,13576,4686
1883,13577,7046
6642,13578,6731
2451,13579,2957
1659,13580,3177
353,13581,1574
281,13582,3123
1228,13583,1990
2202,13584,3385
3882,13585,4700
5710,13586,6138
1799,13587,3137
441,13588,5174
348,13589,448
453,13590,3975
3175,13591,3944
308,13592,3216
654,13593,2943
193,13594,268
978,13595,3396
428,13596,3213
2880,13597,3088
346,13598,1507
2439,13599,6625
202,13600,1170
2533,13601,5513
239,13602,2821
1744,13603,2692
2801,13604,4513
149,13605,450
673,13606,4439
2621,13607,7203
327,13608,3395
2391,13609,5663
3857,13610,5940
3035,13611,3456
1953,13612,3993
1680,13613,3338
3088,13614,3338
17,13615,5524
2418,13616,2914
240,13617,4458
3667,13618,4095
1585,13619,2080
3371,13620,4717
3490,13621,4524
55,13622,2594
1644,13623,7378
1883,13624,2792
1312,13625,5612
202,13626,862
4310,13627,4484
258,13628,4911
989,13629,6250
673,13630,991
65,13631,3385
5905,13632,7167
2563,13633,4796
1162,13634,5905
46,13635,6787
109,13636,3761
2527,13637,3220
348,13638,816
448,13639,816
448,13640,6119
550,13641,5053
5953,13642,6767
1583,13643,2272
3176,13644,4651
4691,13645,5077
268,13646,4039
4039,13647,4285
1242,13648,6046
6731,13649,7391
3177,13650,3521
941,13651,2692
149,13652,744
2934,13653,4700
3632,13654,7203
615,13655,4574
630,13656,3935
3421,13657,4429
1494,13658,5612
2877,13659,2985
627,13660,798
2934,13661,4271
290,13662,7871
3882,13663,4271
1228,13664,3690
1035,13665,1081
6145,13666,7167
2111,13667,5702
5663,13668,5702
1465,13669,1622
612,13670,5500
654,13671,4717
2357,13672,2845
169,13673,3513
3513,13674,3945
3338,13675,5822
5403,13676,7391
17,13677,3451
1311,13678,3830
991,13679,3830
258,13680,2251
2251,13681,3385
3690,13682,3912
1509,13683,1821
843,13684,1656
927,13685,2527
441,13686,1584
1217,13687,2764
2080,13688,3097
254,13689,7878
193,13690,5336
2327,13691,6744
2357,13692,6364
2914,13693,2964
555,13694,7391
555,13695,6731
3124,13696,7486
3124,13697,5480
163,13698,697
239,13699,3089
1438,13700,6691
1475,13701,4911
673,13702,3333
475,13703,808
1777,13704,4851
816,13705,1371
1445,13706,2188
1754,13707,2640
1068,13708,3176
2000,13709,2792
2418,13710,3088
17,13711,5403
555,13712,5403
8,13713,5185
370,13714,3370
2251,13715,3312
673,13716,4433
1447,13717,8092
1858,13718,5710
5905,13719,8117
1035,13720,1672
130,13721,1799
46,13722,4004
70,13723,4458
3530,13724,4457
612,13725,3452
3530,13726,3696
1609,13727,3696
308,13728,2943
1585,13729,1895
325,13730,1895
295,13731,4524
832,13732,2575
6350,13733,6523
6529,13734,7046
2165,13735,5612
3124,13736,6625
768,13737,3497
93,13738,1191
1228,13739,1634
4319,13740,4439
7167,13741,8117
1080,13742,1622
1017,13743,1584
240,13744,1017
240,13745,2186
1483,13746,5852
615,13747,1483
866,13748,3592
2736,13749,3097
4285,13750,4997
5403,13751,8013
7391,13752,8013
3124,13753,5185
768,13754,6455
370,13755,768
451,13756,1191
893,13757,951
176,13758,3949
1228,13759,1447
6145,13760,8117
662,13761,843
448,13762,1731
3097,13763,4746
2764,13764,4040
178,13765,1741
70,13766,530
1445,13767,4473
283,13768,1401
1583,13769,3442
295,13770,6498
2792,13771,7046
2964,13772,3685
6731,13773,8013
17,13774,2877
183,13775,4310
353,13776,798
3089,13777,4350
830,13778,893
2035,13779,2087
1081,13780,1656
1465,13781,5961
441,13782,662
1584,13783,2186
245,13784,1017
56,13785,3634
3975,13786,5500
1298,13787,5852
1585,13788,2640
2845,13789,7436
1644,13790,2575
3685,13791,3919
2792,13792,6529
3919,13793,5185
176,13794,6309
281,13795,2454
1634,13796,3912
4757,13797,7872
3632,13798,4757
4622,13799,4913
1052,13800,5905
130,13801,6213
1017,13802,3761
424,13803,6678
3975,13804,5940
193,13805,654
17,13806,2000
428,13807,3421
2000,13808,2165
3333,13809,5966
744,13810,2096
2111,13811,5961
2195,13812,3199
2004,13813,3881
2004,13814,5003
245,13815,1573
3975,13816,4574
3592,13817,3634
271,13818,5196
3216,13819,5157
308,13820,5157
1401,13821,5953
71,13822,3213
137,13823,346
3338,13824,5988
555,13825,6523
555,13826,8013
5205,13827,5851
842,13828,3098
258,13829,361
163,13830,408
1475,13831,2289
327,13832,4319
475,13833,2096
1622,13834,3292
441,13835,843
130,13836,3751
1204,13837,6089
245,13838,3549
424,13839,916
1217,13840,5418
1908,13841,2327
71,13842,4011
378,13843,2165
378,13844,5612
2985,13845,3451
8,13846,5534
93,13847,7316
697,13848,4911
1858,13849,3385
525,13850,3137
1799,13851,7128
3881,13852,5003
3881,13853,5572
3220,13854,3292
458,13855,1266
348,13856,1204
4458,13857,5053
70,13858,7015
4686,13859,5076
530,13860,7887
254,13861,946
137,13862,326
55,13863,295
17,13864,797
1644,13865,2643
1772,13866,2000
8,13867,5480
2533,13868,3162
2891,13869,5205
163,13870,4859
239,13871,3033
408,13872,1470
46,13873,4700
843,13874,3529
109,13875,2744
1573,13876,3175
245,13877,3175
2413,13878,3975
4559,13879,4691
797,13880,4039
55,13881,3685
3088,13882,3457
555,13883,6350
2165,13884,6529
3487,13885,4576
842,13886,1191
1213,13887,2251
3855,13888,3949
3123,13889,4734
1035,13890,3529
927,13891,3199
1006,13892,3957
2502,13893,4299
2272,13894,3442
2845,13895,3513
295,13896,3457
2418,13897,3457
202,13898,630
3497,13899,7301
5073,13900,7314
768,13901,2821
4435,13902,4640
1213,13903,1228
3163,13904,4271
46,13905,8092
525,13906,5589
1544,13907,8117
2563,13908,7230
3549,13909,5572
396,13910,1584
4004,13911,6342
2764,13912,7637
1298,13913,4457
596,13914,4033
316,13915,5953
731,13916,3490
268,13917,2066
5822,13918,6353
6353,13919,6498
4911,13920,7864
1540,13921,7864
2573,13922,4435
176,13923,893
149,13924,525
808,13925,1672
1217,13926,1395
1389,13927,5506
2736,13928,6397
1551,13929,3684
1445,13930,5336
848,13931,1407
4691,13932,7430
428,13933,2757
1772,13934,2165
5296,13935,5429
2082,13936,4757
3632,13937,4622
2988,13938,4124
327,13939,5702
1035,13940,2432
1266,13941,5940
4033,13942,4462
316,13943,1609
1023,13944,4717
283,13945,5953
295,13946,6353
428,13947,2643
2473,13948,2573
4985,13949,6250
176,13950,2454
2801,13951,5066
475,13952,3855
2391,13953,3199
1052,13954,1509
4121,13955,8056
441,13956,1395
441,13957,1217
3175,13958,4585
240,13959,5342
848,13960,1908
55,13961,3490
6498,13962,7970
169,13963,2643
3338,13964,3457
2914,13965,3457
17,13966,2165
2278,13967,2957
1340,13968,3124
3580,13969,6691
258,13970,2075
3123,13971,5084
327,13972,673
2585,13973,4622
2004,13974,3259
2004,13975,3137
109,13976,3549
179,13977,3176
169,13978,3176
6353,13979,7394
55,13980,3919
2423,13981,2451
1340,13982,2451
4034,13983,5963
258,13984,4079
991,13985,3163
3163,13986,4319
1544,13987,4121
1080,13988,3292
130,13989,6947
462,13990,2109
118,13991,1731
4462,13992,6451
4095,13993,5196
1335,13994,2746
3452,13995,4620
7887,13996,7894
1023,13997,4731
3566,13998,5835
5988,13999,7394
17,14000,2046
2643,14001,3421
195,14002,2964
1507,14003,4100
5105,14004,5232
2692,14005,5296
580,14006,798
4640,14007,4816
110,14008,1709
2840,14009,3385
2082,14010,3632
1858,14011,2840
5003,14012,5060
1204,14013,3220
3175,14014,4299
448,14015,1298
3035,14016,7637
866,14017,5253
866,14018,2413
4642,14019,5342
5822,14020,5988
395,14021,2880
2123,14022,5185
3451,14023,5766
1752,14024,4310
803,14025,5513
183,14026,1752
2821,14027,3580
1709,14028,3123
327,14029,7671
3137,14030,4948
2004,14031,4948
7230,14032,8056
396,14033,3957
1266,14034,1777
662,14035,916
2502,14036,2537
4717,14037,4731
268,14038,3034
394,14039,4945
3272,14040,4559
2757,14041,3213
5988,14042,7970
862,14043,868
3898,14044,5851
697,14045,4859
353,14046,580
290,14047,798
110,14048,3580
3312,14049,5592
2251,14050,4142
1693,14051,3664
5326,14052,5933
1368,14053,2988
1603,14054,4622
462,14055,2563
816,14056,6342
3592,14057,5448
2502,14058,3751
424,14059,4101
612,14060,2413
70,14061,5053
612,14062,6976
1199,14063,3993
254,14064,1961
16,14065,1895
254,14066,3424
4945,14067,5822
195,14068,295
395,14069,555
25,14070,3521
2041,14071,3898
3098,14072,5049
1191,14073,3098
2821,14074,3033
5280,14075,7354
46,14076,1684
1603,14077,4913
808,14078,3259
1672,14079,2432
46,14080,1509
1266,14081,4851
6342,14082,6679
2186,14083,4234
1483,14084,4574
245,14085,4168
5053,14086,7524
308,14087,2051
316,14088,3696
5067,14089,5076
173,14090,346
2418,14091,6559
2891,14092,5851
4350,14093,6843
1081,14094,5933
475,14095,3259
525,14096,4948
4168,14097,4462
137,14098,325
71,14099,2757
2123,14100,3919
6559,14101,7534
2957,14102,8194
25,14103,3177
183,14104,4582
2944,14105,6513
149,14106,4034
748,14107,1858
2082,14108,4622
1603,14109,2082
4101,14110,6678
4168,14111,5053
4033,14112,6451
118,14113,6397
70,14114,194
283,14115,316
8,14116,4429
555,14117,6359
4508,14118,5966
2087,14119,4796
2,14120,262
462,14121,8056
3035,14122,4101
2764,14123,6118
4269,14124,8159
615,14125,1298
530,14126,4642
1961,14127,3993
1445,14128,5931
4473,14129,5931
654,14130,4731
71,14131,3176
731,14132,5822
2643,14133,3213
378,14134,1686
72,14135,2877
803,14136,2041
5049,14137,7314
361,14138,7864
176,14139,370
748,14140,1990
1672,14141,1933
1080,14142,3199
396,14143,3761
2109,14144,3634
1395,14145,2443
6132,14146,7524
2746,14147,4040
1609,14148,5464
3696,14149,5464
1609,14150,3485
329,14151,5157
1908,14152,5835
179,14153,283
946,14154,3396
3457,14155,5988
346,14156,6036
2957,14157,6722
4310,14158,5151
768,14159,2891
5066,14160,5466
4816,14161,5097
327,14162,1684
1228,14163,1509
327,14164,5961
46,14165,4851
3634,14166,4269
240,14167,2512
2051,14168,4432
1298,14169,5464
884,14170,1199
308,14171,586
1199,14172,1961
4620,14173,5076
2807,14174,7019
16,14175,2305
1895,14176,2305
1023,14177,4438
195,14178,3457
17,14179,1772
6559,14180,8195
555,14181,3451
2957,14182,7624
2123,14183,3124
17,14184,72
2957,14185,8090
1340,14186,7286
3089,14187,3561
451,14188,4536
5066,14189,5592
1709,14190,5326
2176,14191,3292
3035,14192,6118
612,14193,615
3743,14194,5196
2807,14195,3119
295,14196,731
727,14197,2643
727,14198,1644
2957,14199,8195
6559,14200,8051
2278,14201,8090
3124,14202,7286
361,14203,7314
893,14204,2944
110,14205,2473
1149,14206,4757
665,14207,830
1709,14208,5933
46,14209,1228
808,14210,1933
1603,14211,1656
3975,14212,4839
2551,14213,4033
884,14214,3993
654,14215,8017
1908,14216,2699
1686,14217,2165
8051,14218,8118
2957,14219,8089
8090,14220,8118
1340,14221,2423
3039,14222,3162
1291,14223,3497
4511,14224,4859
2692,14225,4034
2840,14226,4142
1368,14227,3123
3259,14228,4948
2087,14229,2585
2391,14230,4128
462,14231,4121
130,14232,1573
396,14233,2186
118,14234,448
1389,14235,2551
2736,14236,3485
394,14237,4997
3338,14238,3499
2575,14239,5945
8,14240,2123
2123,14241,2964
202,14242,3313
862,14243,3313
3497,14244,4132
2922,14245,3162
5144,14246,5296
1475,14247,3347
5007,14248,5933
1933,14249,3407
883,14250,927
2432,14251,3957
396,14252,4234
1266,14253,5448
2468,14254,3097
3743,14255,4095
1961,14256,3424
1339,14257,3442
4039,14258,5382
2792,14259,7572
6559,14260,8219
7145,14261,8118
7145,14262,8051
2278,14263,8089
1170,14264,4100
2922,14265,3039
4859,14266,5232
354,14267,3162
852,14268,3033
361,14269,1475
1311,14270,4536
2096,14271,3259
4101,14272,6118
2413,14273,5253
71,14274,6958
362,14275,4011
71,14276,6027
193,14277,394
797,14278,4866
2828,14279,4039
169,14280,727
6559,14281,8146
6722,14282,8195
1752,14283,5151
1634,14284,2075
673,14285,3739
748,14286,2840
2087,14287,2794
2191,14288,2432
883,14289,3199
1672,14290,3583
1672,14291,5060
1017,14292,3657
441,14293,546
2109,14294,2908
1741,14295,3035
596,14296,884
55,14297,71
173,14298,2845
7624,14299,8194
852,14300,5151
803,14301,4576
1149,14302,4816
2391,14303,5637
2911,14304,3137
1465,14305,8049
130,14306,3881
1266,14307,1472
916,14308,2109
329,14309,2112
612,14310,2571
530,14311,945
2979,14312,4620
3424,14313,4503
425,14314,654
394,14315,731
2828,14316,4997
832,14317,3682
7624,14318,8195
697,14319,7699
361,14320,5049
2518,14321,2692
265,14322,5592
265,14323,5066
327,14324,3739
130,14325,2911
1472,14326,4851
1204,14327,5176
4432,14328,5595
612,14329,5734
2571,14330,6993
2112,14331,5067
2656,14332,4620
5835,14333,6895
1895,14334,3458
7455,14335,8219
7455,14336,8195
2423,14337,8194
2423,14338,7624
1291,14339,4132
4034,14340,5144
408,14341,5592
3580,14342,5280
2473,14343,3580
265,14344,4513
3828,14345,5063
4124,14346,6645
1709,14347,5007
1858,14348,2794
1025,14349,3529
396,14350,1017
5448,14351,7467
4746,14352,7531
2551,14353,6451
2413,14354,3743
5196,14355,5595
1741,14356,2746
1585,14357,2862
885,14358,2628
169,14359,2845
173,14360,7523
55,14361,195
2289,14362,5592
3561,14363,4435
1709,14364,2082
1368,14365,4124
1509,14366,1822
1204,14367,2176
494,14368,816
4432,14369,5253
2310,14370,4642
945,14371,2746
194,14372,1381
1916,14373,5835
137,14374,983
137,14375,173
6722,14376,7455
2423,14377,2957
408,14378,4511
370,14379,3580
1213,14380,4142
1544,14381,1822
2,14382,1465
441,14383,1025
816,14384,1483
1266,14385,7467
308,14386,4663
2051,14387,2112
2656,14388,5076
2640,14389,3874
2066,14390,2828
731,14391,4162
2423,14392,6722
8,14393,868
2278,14394,7145
1340,14395,5102
215,14396,2891
330,14397,1191
408,14398,2289
3561,14399,6843
2239,14400,4435
290,14401,7809
662,14402,2689
546,14403,1395
2423,14404,8195
8051,14405,8219
7145,14406,8219
2,14407,8049
118,14408,1204
2908,14409,3634
1547,14410,4299
2051,14411,4663
1389,14412,2609
2080,14413,2617
973,14414,1741
55,14415,3772
7455,14416,8146
2586,14417,3682
2586,14418,3313
7145,14419,7455
7488,14420,8051
2278,14421,8118
852,14422,1291
176,14423,2831
265,14424,4985
1213,14425,2075
1149,14426,2239
3163,14427,7833
2,14428,46
396,14429,2744
1601,14430,2176
4839,14431,6209
308,14432,789
2310,14433,2746
2183,14434,3696
1961,14435,4503
316,14436,2305
1908,14437,1916
2538,14438,4405
71,14439,362
17,14440,1686
7145,14441,7488
868,14442,2586
354,14443,3039
361,14444,697
354,14445,5296
1215,14446,3089
893,14447,4576
3407,14448,4124
1025,14449,2432
396,14450,3583
1025,14451,3957
916,14452,2908
6209,14453,7467
2112,14454,5595
945,14455,2310
1199,14456,2609
530,14457,1138
2640,14458,5627
1551,14459,1916
2828,14460,5382
4117,14461,4866
1713,14462,2757
3457,14463,3499
3266,14464,3309
697,14465,5232
3163,14466,3830
3664,14467,5097
3828,14468,4508
149,14469,665
1933,14470,3855
3407,14471,4961
1081,14472,1368
2191,14473,4961
843,14474,1156
2744,14475,5060
494,14476,1483
6209,14477,7024
884,14478,2609
530,14479,1381
848,14480,3034
2066,14481,3034
983,14482,988
7022,14483,7455
2423,14484,7022
2123,14485,2423
7455,14486,7488
354,14487,5144
697,14488,2293
3739,14489,4508
1081,14490,5007
4128,14491,5637
462,14492,705
130,14493,505
1556,14494,4663
586,14495,1741
885,14496,2807
71,14497,2842
1551,14498,5335
3874,14499,7901
4866,14500,5382
17,14501,3272
4511,14502,4582
2293,14503,4511
3580,14504,6028
2840,14505,7765
748,14506,1228
102,14507,1603
1544,14508,2794
2,14509,1601
441,14510,6278
612,14511,3433
2551,14512,2609
16,14513,3485
973,14514,2746
586,14515,973
586,14516,654
654,14517,6771
848,14518,6895
362,14519,4438
425,14520,731
3934,14521,7455
215,14522,768
408,14523,2293
3830,14524,6059
42,14525,3163
2096,14526,3218
1368,14527,2191
505,14528,1573
3743,14529,5595
586,14530,789
973,14531,1445
1356,14532,8022
3973,14533,5382
55,14534,3266
6036,14535,7989
630,14536,6652
2423,14537,7455
176,14538,1448
4079,14539,5124
327,14540,3831
1544,14541,2087
705,14542,1544
709,14543,5060
200,14544,240
1547,14545,4585
2183,14546,5464
2112,14547,2656
945,14548,1445
329,14549,654
1916,14550,5335
193,14551,2538
953,14552,3272
1772,14553,6852
2123,14554,5102
7455,14555,8206
6359,14556,7481
7488,14557,8206
1113,14558,3451
361,14559,5226
2289,14560,2293
2518,14561,2944
265,14562,408
893,14563,4275
3253,14564,3828
149,14565,3703
327,14566,1293
3739,14567,3831
3218,14568,3259
2744,14569,3549
1547,14570,2502
2413,14571,5847
3634,14572,4663
1146,14573,3035
1146,14574,2746
329,14575,4438
2046,14576,2828
3272,14577,5360
2423,14578,8217
3934,14579,7022
72,14580,5766
72,14581,5775
215,14582,4132
6059,14583,6211
141,14584,3259
883,14585,5637
118,14586,5176
1483,14587,4839
329,14588,4731
2272,14589,5938
555,14590,5766
2278,14591,8206
202,14592,1648
1113,14593,1921
290,14594,1049
665,14595,4275
1228,14596,2075
5063,14597,7060
843,14598,3903
2109,14599,4855
1547,14600,2537
16,14601,2862
945,14602,973
1138,14603,2628
2272,14604,3251
425,14605,4405
169,14606,6027
3617,14607,4162
195,14608,4162
173,14609,7989
17,14610,555
555,14611,8209
1648,14612,3313
3451,14613,5775
580,14614,1049
1149,14615,5097
665,14616,3703
102,14617,1081
1081,14618,3903
709,14619,3881
1080,14620,1601
396,14621,3657
4101,14622,5776
118,14623,7531
1417,14624,2594
71,14625,1713
7022,14626,8217
2278,14627,7455
72,14628,7315
198,14629,3098
370,14630,2831
3253,14631,4508
1368,14632,5007
141,14633,808
709,14634,808
245,14635,1547
2021,14636,2807
885,14637,1138
3251,14638,7901
3251,14639,3874
3973,14640,4866
3266,14641,3772
2518,14642,4034
2840,14643,6753
3253,14644,6203
2,14645,327
705,14646,2087
2432,14647,3583
2571,14648,7958
2305,14649,3458
283,14650,2305
1023,14651,1417
630,14652,6036
3543,14653,7315
803,14654,2922
354,14655,2518
198,14656,1191
1448,14657,2454
5466,14658,7761
665,14659,3218
883,14660,2639
2,14661,1080
709,14662,5764
901,14663,927
1911,14664,5506
194,14665,885
316,14666,2635
179,14667,316
71,14668,1852
1339,14669,3874
3192,14670,4866
727,14671,1032
402,14672,630
195,14673,2123
8,14674,7142
3543,14675,5969
215,14676,1399
1215,14677,3561
2243,14678,5097
1228,14679,2868
1025,14680,5452
11,14681,7496
200,14682,2186
3035,14683,5776
2438,14684,7922
2571,14685,5734
1138,14686,1381
16,14687,316
325,14688,4281
946,14689,2699
394,14690,3499
1772,14691,4416
2423,14692,2712
1632,14693,8209
893,14694,2831
872,14695,1933
2304,14696,3664
1080,14697,4128
709,14698,2744
2438,14699,3485
2862,14700,7922
596,14701,2021
5627,14702,7885
2640,14703,7885
3424,14704,7882
425,14705,4731
169,14706,1032
2616,14707,3499
3934,14708,8206
555,14709,1113
1686,14710,3543
1170,14711,5141
535,14712,2473
1146,14713,4101
1994,14714,2512
2656,14715,2979
2571,14716,2979
3424,14717,6102
210,14718,6036
210,14719,630
378,14720,2178
2423,14721,4375
564,14722,4582
1080,14723,2639
1785,14724,4121
3035,14725,3514
3251,14726,3458
71,14727,3628
2699,14728,3192
1385,14729,4117
555,14730,2046
195,14731,1107
402,14732,3682
1113,14733,5766
25,14734,4100
72,14735,7666
215,14736,2821
102,14737,2082
709,14738,3549
121,14739,5734
2438,14740,2862
1961,14741,2256
3874,14742,7885
2305,14743,4281
3251,14744,5938
946,14745,1908
394,14746,2066
55,14747,3889
3499,14748,3617
1772,14749,2526
1113,14750,5775
6389,14751,6753
1377,14752,2794
748,14753,1822
2191,14754,3903
462,14755,4855
916,14756,3845
1266,14757,6209
118,14758,5250
4663,14759,4876
2699,14760,3913
195,14761,3889
1032,14762,5754
1340,14763,4375
198,14764,5226
748,14765,1509
2689,14766,6278
546,14767,6278
2908,14768,3845
1547,14769,4014
2656,14770,6402
1385,14771,2828
72,14772,3543
872,14773,2454
1149,14774,2082
748,14775,2868
1377,14776,2087
1368,14777,4961
2615,14778,2911
884,14779,2256
2842,14780,2979
6102,14781,7882
362,14782,1417
137,14783,1356
17,14784,2526
1632,14785,5247
872,14786,1448
286,14787,2454
1224,14788,5007
3002,14789,6197
46,14790,847
505,14791,3549
687,14792,916
4839,14793,7530
121,14794,2571
854,14795,5627
1031,14796,1339
193,14797,7104
1713,14798,3309
394,14799,395
630,14800,7254
1107,14801,2123
5213,14802,5873
302,14803,2821
2293,14804,3762
893,14805,1448
4205,14806,4508
1167,14807,3218
1377,14808,6389
1156,14809,2689
194,14810,2021
1138,14811,1830
68,14812,945
55,14813,1713
2526,14814,4416
1032,14815,2586
2123,14816,5295
564,14817,1752
370,14818,3030
286,14819,5084
286,14820,4124
2868,14821,3002
2056,14822,2911
130,14823,2056
996,14824,1266
2413,14825,4222
2571,14826,2882
1339,14827,3251
3074,14828,4866
71,14829,3532
1385,14830,2046
953,14831,5360
2616,14832,3617
2831,14833,3030
265,14834,3561
42,14835,6197
687,14836,1156
118,14837,8156
1381,14838,1830
329,14839,425
1916,14840,6363
953,14841,1842
4162,14842,7322
17,14843,378
893,14844,1823
3893,14845,4536
2199,14846,3561
265,14847,2199
1448,14848,2831
774,14849,4275
665,14850,774
977,14851,2075
883,14852,3629
2627,14853,4839
4876,14854,5776
1298,14855,2440
2413,14856,4929
1547,14857,1911
2468,14858,2617
884,14859,1911
854,14860,2617
194,14861,2807
3458,14862,3874
731,14863,4224
173,14864,1356
55,14865,4958
55,14866,4298
402,14867,2586
72,14868,1113
564,14869,1215
2473,14870,3967
3399,14871,4142
1224,14872,2082
1544,14873,1785
1146,14874,1395
200,14875,1994
3776,14876,4663
2468,14877,8156
3433,14878,4646
68,14879,1138
16,14880,3458
3074,14881,3973
5247,14882,5597
195,14883,2712
402,14884,1648
697,14885,3762
361,14886,3795
286,14887,872
2356,14888,2585
3657,14889,6124
118,14890,4080
1350,14891,2310
1916,14892,6440
2807,14893,6363
179,14894,2635
1417,14895,4958
1842,14896,4416
3772,14897,4298
2712,14898,3934
265,14899,2243
2243,14900,2304
2,14901,1684
3903,14902,6717
573,14903,3583
916,14904,2386
812,14905,7003
1147,14906,2551
615,14907,2882
121,14908,615
2112,14909,5574
16,14910,2438
2635,14911,2842
179,14912,2842
848,14913,3913
433,14914,946
394,14915,3839
731,14916,3505
395,14917,2046
378,14918,3468
3347,14919,3399
309,14920,1933
847,14921,8077
1785,14922,8077
847,14923,1472
1204,14924,1601
546,14925,1146
1350,14926,2443
973,14927,1631
945,14928,1631
1916,14929,4503
2842,14930,5441
179,14931,1356
992,14932,3309
727,14933,992
1554,14934,2586
25,14935,210
302,14936,1215
893,14937,4871
535,14938,2239
1213,14939,3399
673,14940,1803
309,14941,4961
1544,14942,3207
2,14943,11
462,14944,1785
245,14945,505
200,14946,6124
1266,14947,2627
570,14948,1994
121,14949,2882
3251,14950,4580
425,14951,1417
3074,14952,3192
1107,14953,3772
2616,14954,5597
803,14955,1823
2944,14956,4871
265,14957,5456
2454,14958,7799
265,14959,7326
2777,14960,4205
3253,14961,3831
245,14962,2706
3776,14963,4876
2112,14964,7934
1911,14965,2256
2183,14966,2882
848,14967,3973
1713,14968,3266
251,14969,2046
251,14970,395
2278,14971,4956
868,14972,3435
580,14973,3355
3347,14974,5635
535,14975,1149
102,14976,2356
2615,14977,5764
570,14978,2310
570,14979,1381
6102,14980,6644
5360,14981,6955
2178,14982,4416
7303,14983,7583
803,14984,4251
5124,14985,7094
1149,14986,3273
1167,14987,1933
2127,14988,2868
1293,14989,1684
996,14990,1785
2051,14991,3922
1116,14992,2656
316,14993,824
283,14994,824
1916,14995,6644
4102,14996,6102
3839,14997,7104
89,14998,137
173,14999,210
2616,15000,5247
2178,15001,2526
378,15002,2526
8,15003,5295
2289,15004,3762
2863,15005,3399
535,15006,3967
2243,15007,5456
286,15008,1933
200,15009,3657
3514,15010,4876
570,15011,1830
2979,15012,4220
179,15013,824
848,15014,885
3192,15015,5360
195,15016,2547
1686,15017,2526
4375,15018,4956
852,15019,1215
2383,15020,2518
3795,15021,4079
286,15022,7799
102,15023,4411
141,15024,709
573,15025,709
2056,15026,2615
11,15027,1472
11,15028,494
1911,15029,6978
1116,15030,3743
16,15031,3392
1490,15032,3617
2547,15033,3889
1713,15034,3307
17,15035,5222
1107,15036,4298
697,15037,6193
198,15038,3924
2863,15039,3795
42,15040,5124
3703,15041,4667
977,15042,2868
171,15043,525
546,15044,1998
4855,15045,6210
3776,15046,6432
4646,15047,5123
854,15048,2438
121,15049,2635
17,15050,2768
3266,15051,3307
395,15052,2616
3543,15053,5807
408,15054,4696
3629,15055,4485
748,15056,2127
3922,15057,7003
2551,15058,4444
3871,15059,8140
194,15060,1147
884,15061,1937
329,15062,7964
2656,15063,3238
848,15064,3074
402,15065,5754
210,15066,402
395,15067,1632
3030,15068,3942
42,15069,7094
665,15070,4667
1204,15071,7493
2386,15072,4262
3776,15073,3845
5574,15074,7934
5012,15075,5123
1852,15076,2979
885,15077,2812
1916,15078,3377
3628,15079,5441
3251,15080,4281
68,15081,848
1021,15082,1356
1417,15083,4224
55,15084,4224
3505,15085,6401
89,15086,988
1842,15087,2178
1686,15088,5807
6470,15089,7583
1921,15090,6470
3473,15091,3851
198,15092,330
286,15093,644
1149,15094,1224
1293,15095,2777
748,15096,1493
1493,15097,1822
916,15098,3776
789,15099,3514
316,15100,3392
316,15101,5668
425,15102,2538
1648,15103,5141
3355,15104,3851
361,15105,3782
2400,15106,3967
1293,15107,1803
3218,15108,4752
2,15109,5078
1080,15110,5470
1025,15111,2191
1083,15112,1601
764,15113,2051
586,15114,2478
789,15115,2478
1916,15116,1961
3074,15117,3913
1385,15118,3973
953,15119,3192
3266,15120,4298
354,15121,3920
803,15122,2944
42,15123,1803
102,15124,1224
687,15125,2689
11,15126,1204
789,15127,3871
854,15128,1031
2662,15129,2842
2635,15130,2662
1852,15131,3628
433,15132,953
5222,15133,6955
1032,15134,5106
198,15135,3893
1177,15136,2831
5124,15137,5313
1065,15138,1368
141,15139,4752
3867,15140,6717
573,15141,2191
1601,15142,4129
709,15143,4020
118,15144,1155
2627,15145,4222
2183,15146,5377
1641,15147,2183
3889,15148,4224
3639,15149,4380
5106,15150,5754
2293,15151,2452
580,15152,3360
1177,15153,3030
3253,15154,4485
3567,15155,4752
141,15156,3567
3455,15157,4411
705,15158,1329
1083,15159,2639
396,15160,4185
1147,15161,2021
2438,15162,2617
1852,15163,4220
1031,15164,3874
68,15165,2538
1356,15166,4281
983,15167,1339
173,15168,4198
1340,15169,2031
7303,15170,7691
353,15171,3473
872,15172,1564
2243,15173,3273
687,15174,2386
996,15175,2627
2021,15176,6592
1399,15177,4251
697,15178,2990
215,15179,3942
535,15180,644
1167,15181,1564
2309,15182,3703
748,15183,1358
2,15184,7607
141,15185,2615
705,15186,3207
2,15187,1083
901,15188,1155
194,15189,4771
1021,15190,3441
1385,15191,6514
1032,15192,8034
2507,15193,3934
1632,15194,3934
868,15195,1554
1113,15196,6470
1823,15197,4251
2293,15198,4696
893,15199,4772
3893,15200,5313
1368,15201,3867
1785,15202,3207
245,15203,4020
400,15204,494
1146,15205,4262
11,15206,5250
615,15207,7545
329,15208,764
121,15209,4220
1852,15210,3238
586,15211,1631
3532,15212,3808
4380,15213,4958
1049,15214,3360
3629,15215,3663
2145,15216,3657
245,15217,6697
996,15218,4222
200,15219,1350
1147,15220,4444
1937,15221,6592
7419,15222,7943
1916,15223,6524
433,15224,2900
1356,15225,2808
3367,15226,4298
1803,15227,2777
1293,15228,5078
3455,15229,3867
2689,15230,5576
462,15231,916
11,15232,2440
570,15233,6496
570,15234,4771
5902,15235,7943
1916,15236,7944
5668,15237,5902
425,15238,586
362,15239,7909
1021,15240,2808
2900,15241,3913
169,15242,3808
1107,15243,3367
2507,15244,2712
2031,15245,4375
2452,15246,3042
3561,15247,6267
42,15248,977
546,15249,5576
1641,15250,2882
945,15251,6496
4220,15252,5012
1961,15253,3043
1830,15254,2812
848,15255,3602
433,15256,4102
1713,15257,3771
3920,15258,4093
3762,15259,4696
3831,15260,7158
553,15261,1025
1785,15262,2787
11,15263,400
1116,15264,5574
329,15265,5574
824,15266,5668
1339,15267,4580
848,15268,2900
997,15269,1842
17,15270,490
1340,15271,5295
774,15272,4667
3703,15273,3800
3800,15274,4752
102,15275,3455
847,15276,1785
764,15277,3871
1937,15278,2021
1116,15279,3238
5902,15280,7419
1272,15281,4281
1385,15282,6233
3505,15283,5845
1648,15284,3435
3344,15285,6267
302,15286,3967
42,15287,3002
42,15288,1293
1025,15289,2059
1998,15290,5452
120,15291,916
546,15292,2277
11,15293,847
546,15294,1350
1547,15295,4779
121,15296,2662
23,15297,329
1820,15298,3874
988,15299,7978
997,15300,2526
992,15301,4552
1823,15302,3942
120,15303,462
2945,15304,4929
121,15305,5012
1031,15306,1820
16,15307,1820
885,15308,3602
3602,15309,5758
2900,15310,3377
496,15311,3628
1272,15312,1356
1385,15313,3074
68,15314,6514
169,15315,3441
992,15316,3771
997,15317,5222
8,15318,6039
361,15319,5311
385,15320,3355
2944,15321,7256
1215,15322,6267
2383,15323,4093
774,15324,1448
2370,15325,5470
309,15326,573
2639,15327,3429
2639,15328,5470
505,15329,2056
4014,15330,7616
2697,15331,4646
412,15332,615
1641,15333,5377
68,15334,4153
2420,15335,3639
6776,15336,7691
6470,15337,6776
2944,15338,6713
385,15339,3893
1177,15340,1448
5456,15341,7081
1420,15342,4205
1358,15343,3207
705,15344,4037
6697,15345,7616
4014,15346,6697
2697,15347,4929
121,15348,6009
23,15349,425
2900,15350,5758
848,15351,2713
1417,15352,2732
68,15353,6233
185,15354,394
3042,15355,4420
1177,15356,2400
1803,15357,3436
1316,15358,3399
1167,15359,3567
2,15360,7601
1272,15361,3251
169,15362,3361
89,15363,210
1939,15364,2526
4696,15365,7860
1316,15366,2863
3399,15367,7323
1149,15368,7183
11,15369,4129
1430,15370,2386
4014,15371,4779
4222,15372,6263
2438,15373,4009
16,15374,1272
3839,15375,8010
1356,15376,4198
1385,15377,5193
72,15378,490
564,15379,4420
2990,15380,6193
803,15381,1184
286,15382,6575
3800,15383,4667
171,15384,3800
546,15385,7626
2945,15386,4222
2682,15387,6496
945,15388,2682
362,15389,7907
2547,15390,4224
4267,15391,5222
2178,15392,6322
2079,15393,3468
3468,15394,5460
330,15395,3473
2304,15396,2878
309,15397,3567
1377,15398,1493
2370,15399,5078
2191,15400,5858
891,15401,2056
2059,15402,5576
118,15403,7493
2145,15404,2706
11,15405,996
1729,15406,3845
1729,15407,3776
3922,15408,6263
3514,15409,5881
121,15410,1641
1641,15411,3392
854,15412,4009
1830,15413,4771
3043,15414,7893
1649,15415,8010
1490,15416,1649
3532,15417,3771
3942,15418,5493
2328,15419,3762
1448,15420,2974
748,15421,3471
2145,15422,4185
687,15423,1430
812,15424,3922
1474,15425,1631
5441,15426,5504
810,15427,4153
3074,15428,6233
1364,15429,5845
1713,15430,2420
25,15431,456
1107,15432,3574
25,15433,7604
2031,15434,3412
3468,15435,5807
1177,15436,2974
2,15437,1358
4185,15438,4383
462,15439,8065
11,15440,426
2706,15441,4020
200,15442,546
2945,15443,6263
764,15444,3922
1116,15445,2945
3236,15446,4220
824,15447,2662
3361,15448,3441
2507,15449,6568
735,15450,2507
2031,15451,4956
1632,15452,6242
1377,15453,2356
3903,15454,4861
1329,15455,2356
118,15456,581
824,15457,5902
289,15458,1631
198,15459,3782
2383,15460,2671
2671,15461,4093
309,15462,1167
1824,15463,3455
573,15464,4604
1785,15465,4037
1146,15466,2738
2697,15467,2945
1031,15468,4009
68,15469,289
923,15470,3074
3361,15471,3808
2547,15472,5845
1364,15473,1490
735,15474,1632
490,15475,5807
330,15476,4567
564,15477,2452
535,15478,3344
2863,15479,5121
3429,15480,3663
1824,15481,3867
2382,15482,3207
3671,15483,4262
200,15484,2145
1649,15485,3839
496,15486,3532
810,15487,1649
923,15488,3192
3401,15489,5106
1554,15490,3401
25,15491,89
198,15492,385
1448,15493,6282
180,15494,265
3831,15495,4648
709,15496,5272
2440,15497,5377
570,15498,2682
6514,15499,7434
2420,15500,3307
89,15501,456
8,15502,3574
2371,15503,3795
265,15504,5836
1420,15505,2777
1224,15506,3354
141,15507,891
996,15508,5215
2627,15509,5215
194,15510,1889
1852,15511,4806
5758,15512,7920
3042,15513,4318
353,15514,4017
198,15515,6677
2328,15516,2990
564,15517,2199
1676,15518,2199
2371,15519,5313
1676,15520,3344
977,15521,5121
1420,15522,4485
1293,15523,8099
171,15524,891
812,15525,2787
2386,15526,3121
546,15527,5520
2105,15528,2617
412,15529,6009
824,15530,1021
1272,15531,2808
3367,15532,3574
1107,15533,2031
2452,15534,4696
1177,15535,5493
2323,15536,2639
553,15537,1998
426,15538,4129
812,15539,1729
1937,15540,4643
4785,15541,4806
3628,15542,4806
1668,15543,2900
1385,15544,1545
3782,15545,5311
2863,15546,3782
2671,15547,7355
141,15548,309
3867,15549,4861
891,15550,2615
4383,15551,5272
1998,15552,7626
1430,15553,4262
764,15554,5557
3236,15555,3238
23,15556,362
496,15557,4806
68,15558,7600
395,15559,735
354,15560,3064
803,15561,5638
1177,15562,1981
180,15563,4696
2370,15564,8099
2706,15565,5272
11,15566,7179
1430,15567,3121
400,15568,412
1350,15569,1736
1820,15570,4009
1916,15571,4643
621,15572,3377
621,15573,2900
2713,15574,3602
4380,15575,6838
1545,15576,5193
1064,15577,4198
907,15578,2400
774,15579,1564
2,15580,1293
1824,15581,2059
120,15582,1329
120,15583,687
847,15584,3970
709,15585,2706
1430,15586,3671
5012,15587,5472
1911,15588,5005
756,15589,1830
121,15590,824
362,15591,2152
1490,15592,2616
8,15593,3110
4956,15594,6329
803,15595,3064
215,15596,1161
377,15597,3360
2356,15598,5199
2323,15599,3429
2,15600,7603
2627,15601,2697
5881,15602,5919
329,15603,5557
121,15604,7420
953,15605,997
1545,15606,2768
1823,15607,4087
302,15608,1981
535,15609,3781
3273,15610,3781
3663,15611,4362
2370,15612,3429
200,15613,570
1911,15614,2869
764,15615,7526
1482,15616,2478
756,15617,2682
1412,15618,1916
496,15619,5504
68,15620,394
402,15621,3630
3110,15622,3574
1939,15623,5460
72,15624,3835
564,15625,1491
2990,15626,5311
1263,15627,5311
1676,15628,3781
42,15629,2371
1316,15630,7323
4629,15631,4752
102,15632,7068
102,15633,5199
4037,15634,5409
2146,15635,2706
6968,15636,7526
1116,15637,6417
1937,15638,5005
1116,15639,5514
1277,15640,3238
1961,15641,4515
824,15642,7420
824,15643,4782
433,15644,997
6095,15645,6322
490,15646,1939
198,15647,312
215,15648,1981
1263,15649,2328
302,15650,535
286,15651,1065
1293,15652,4494
2,15653,2127
1358,15654,2033
4604,15655,5858
553,15656,2059
505,15657,891
1155,15658,4526
245,15659,1405
2945,15660,6256
2812,15661,5114
198,15662,7729
6186,15663,6677
302,15664,3344
3436,15665,4312
1420,15666,4312
2878,15667,3273
644,15668,3354
1224,15669,2878
2878,15670,4415
1493,15671,3471
553,15672,4604
1785,15673,5731
4037,15674,5731
1168,15675,1729
764,15676,812
6256,15677,6417
1116,15678,1277
329,15679,5514
1412,15680,4643
244,15681,4380
244,15682,2547
1554,15683,4352
114,15684,312
6574,15685,7844
4772,15686,6311
1263,15687,2863
2127,15688,4427
2878,15689,7068
1065,15690,4861
2789,15691,4861
1083,15692,4526
3877,15693,4383
687,15694,3217
1430,15695,3217
1147,15696,1889
121,15697,4712
16,15698,1836
496,15699,1186
185,15700,7434
217,15701,251
25,15702,1537
1419,15703,3435
1823,15704,5108
5251,15705,6311
1236,15706,2371
377,15707,1420
1803,15708,3049
774,15709,2036
4362,15710,4485
4861,15711,5858
4129,15712,4526
11,15713,6898
996,15714,2787
1736,15715,2682
1474,15716,3676
2732,15717,6581
1364,15718,2547
1939,15719,5235
3473,15720,4119
1491,15721,7844
2199,15722,3541
1316,15723,7815
4494,15724,4648
2059,15725,2277
11,15726,1047
1350,15727,7536
2732,15728,6838
3401,15729,3630
72,15730,6418
1130,15731,1554
5797,15732,6039
3473,15733,7712
1161,15734,1981
774,15735,5914
644,15736,907
1564,15737,6301
403,15738,709
141,15739,403
578,15740,1785
1155,15741,4392
546,15742,8221
2105,15743,3601
289,15744,2812
735,15745,750
8,15746,8172
2528,15747,7729
4865,15748,5493
2974,15749,6282
3049,15750,3436
774,15751,4134
1167,15752,2036
4362,15753,4648
337,15754,1377
6898,15755,7494
11,15756,7494
11,15757,117
1155,15758,3853
1155,15759,2105
2105,15760,4212
1354,15761,4643
1528,15762,2662
824,15763,2718
4806,15764,5504
621,15765,1668
1668,15766,4311
330,15767,7297
1665,15768,2990
114,15769,6677
3541,15770,4696
2328,15771,4696
198,15772,380
180,15773,7815
286,15774,7776
1564,15775,7055
573,15776,4339
11,15777,3970
1168,15778,3121
1482,15779,3676
22,15780,4153
997,15781,3581
3281,15782,4267
997,15783,5235
2507,15784,2517
198,15785,2528
114,15786,198
248,15787,1823
2452,15788,3541
4865,15789,7278
1184,15790,2671
385,15791,1236
4057,15792,4772
6007,15793,7068
102,15794,6007
309,15795,1065
578,15796,1358
3877,15797,4185
2068,15798,4037
3853,15799,4080
2945,15800,6417
764,15801,6968
1474,15802,3470
23,15803,2478
776,15804,1272
185,15805,217
992,15806,2839
1578,15807,4420
4567,15808,5331
581,15809,1155
117,15810,400
659,15811,2945
1736,15812,2738
6255,15813,6256
6255,15814,6417
1116,15815,6256
2662,15816,4712
2718,15817,4782
824,15818,1508
1021,15819,1508
2839,15820,4552
48,15821,210
2031,15822,4831
5638,15823,7569
1665,15824,4318
2528,15825,4567
3471,15826,7695
2878,15827,3354
42,15828,2904
2382,15829,5409
426,15830,581
1116,15831,6255
4408,15832,4771
2597,15833,4782
2276,15834,7984
1545,15835,6136
684,15836,735
354,15837,4105
2974,15838,4865
180,15839,1316
7752,15840,7776
1377,15841,4157
1329,15842,5199
1891,15843,1998
200,15844,1998
1155,15845,3601
659,15846,2697
4878,15847,5005
2682,15848,3470
1412,15849,4515
3602,15850,3754
22,15851,810
1184,15852,3064
2328,15853,2452
1028,15854,8221
1405,15855,4779
764,15856,2827
2105,15857,2927
412,15858,2697
6256,15859,8150
1813,15860,3236
824,15861,5033
1034,15862,3839
6136,15863,7971
89,15864,1064
774,15865,4800
4051,15866,4415
286,15867,309
1493,15868,2171
1824,15869,2789
400,15870,996
717,15871,2146
1018,15872,4212
2945,15873,8150
6255,15874,7930
6417,15875,7930
1116,15876,5651
5514,15877,5651
1034,15878,1649
1490,15879,6015
735,15880,2616
735,15881,2517
1939,15882,5442
8,15883,8207
1184,15884,5251
5251,15885,5914
102,15886,3091
4464,15887,4526
117,15888,996
717,15889,2706
2945,15890,6780
2869,15891,5005
1363,15892,5005
1354,15893,1889
4053,15894,5557
4515,15895,5005
2597,15896,3392
4311,15897,4668
2768,15898,3281
210,15899,1064
1490,15900,6853
72,15901,3389
3790,15902,5797
3064,15903,5638
4087,15904,7569
2243,15905,2532
171,15906,2309
1377,15907,4164
2356,15908,4157
2356,15909,6537
120,15910,6959
3121,15911,3217
2068,15912,2787
400,15913,5538
659,15914,5215
2738,15915,3750
2738,15916,7507
5929,15917,6780
5929,15918,6417
4515,15919,4878
2597,15920,7418
923,15921,997
6015,15922,6853
3307,15923,7969
48,15924,1648
6821,15925,7712
3858,15926,4312
5836,15927,7368
907,15928,7752
42,15929,7051
1736,15930,3750
2697,15931,4075
5929,15932,8150
6256,15933,7930
1147,15934,1354
2210,15935,4785
1528,15936,4712
2713,15937,3754
188,15938,496
1021,15939,2110
68,15940,5052
1665,15941,2328
377,15942,385
377,15943,4312
2199,15944,5556
6283,15945,6301
1420,15946,4494
78,15947,2127
337,15948,1329
5199,15949,5358
412,15950,7548
6417,15951,8150
4053,15952,5514
756,15953,4408
873,15954,5114
2713,15955,4668
923,15956,1545
3128,15957,3307
490,15958,5278
8172,15959,8207
312,15960,380
180,15961,1263
6301,15962,6314
3436,15963,4638
2323,15964,8107
1155,15965,2367
2367,15966,3853
412,15967,3023
1813,15968,4712
1545,15969,7971
5442,15970,6095
3110,15971,5740
2452,15972,4214
380,15973,2371
1225,15974,2671
1316,15975,7766
102,15976,963
2,15977,78
120,15978,5358
3970,15979,6960
2406,15980,3671
1028,15981,7536
1482,15982,5919
7930,15983,8150
1147,15984,1363
1031,15985,4935
3043,15986,3673
1820,15987,1992
873,15988,3754
23,15989,2732
923,15990,1668
3307,15991,4552
3110,15992,8009
4552,15993,8009
1939,15994,2529
684,15995,6329
1184,15996,4105
4134,15997,5914
1225,15998,6058
171,15999,774
4051,16000,4157
2171,16001,3471
400,16002,7548
3750,16003,7507
756,16004,3470
1277,16005,2210
244,16006,2732
496,16007,3361
3107,16008,6418
3401,16009,4759
3389,16010,3835
302,16011,1161
2328,16012,4214
243,16013,2878
243,16014,4415
2036,16015,4629
764,16016,5874
764,16017,6256
1482,16018,3102
2152,16019,2210
791,16020,1272
185,16021,5052
185,16022,1545
5291,16023,6095
251,16024,3107
248,16025,4087
4057,16026,4134
1236,16027,3049
774,16028,7096
977,16029,2766
1224,16030,5840
2033,16031,2171
4604,16032,5486
553,16033,5486
11,16034,4464
1405,16035,3517
5929,16036,7930
121,16037,1380
23,16038,2152
1186,16039,3771
217,16040,1490
4267,16041,5278
48,16042,2705
1491,16043,2199
6283,16044,6314
644,16045,2148
4362,16046,5769
3836,16047,4629
1377,16048,6537
337,16049,2382
1329,16050,5358
1582,16051,2059
553,16052,1891
2068,16053,6959
1430,16054,4441
2145,16055,2146
400,16056,4990
170,16057,1736
5928,16058,5929
6255,16059,6979
4053,16060,5651
2597,16061,5825
997,16062,3281
3412,16063,5190
6812,16064,7297
1505,16065,2452
1184,16066,4087
3335,16067,6301
3335,16068,7055
6782,16069,8094
2,16070,2904
2370,16071,3118
2171,16072,2382
578,16073,3970
2440,16074,4990
4444,16075,4791
233,16076,2738
570,16077,1613
1031,16078,4570
3673,16079,4515
1528,16080,7877
1667,16081,6057
2732,16082,3079
244,16083,2420
385,16084,3858
180,16085,3541
3049,16086,3858
2974,16087,6162
5914,16088,7086
6314,16089,7096
42,16090,2766
1065,16091,8095
2,16092,3970
11,16093,4140
1363,16094,2869
764,16095,6979
1363,16096,4878
3673,16097,4870
1186,16098,1667
2732,16099,6057
244,16100,3079
997,16101,1750
1750,16102,5235
5291,16103,5442
1491,16104,1578
2528,16105,5331
302,16106,896
180,16107,2328
2974,16108,5947
6162,16109,6314
42,16110,3049
3335,16111,6283
42,16112,1870
2634,16113,4392
2425,16114,4392
5181,16115,6222
1028,16116,5520
2440,16117,4849
2927,16118,4212
5929,16119,6255
4075,16120,5472
1018,16121,6072
1613,16122,4408
1412,16123,4878
1528,16124,4806
1545,16125,5052
25,16126,485
2428,16127,5108
5556,16128,7368
2323,16129,2634
2068,16130,4334
4303,16131,5356
1028,16132,3671
873,16133,4408
23,16134,810
997,16135,1885
490,16136,2539
1130,16137,1419
180,16138,4214
302,16139,907
7096,16140,7362
6314,16141,7362
5782,16142,7766
1564,16143,2419
2171,16144,4164
553,16145,2789
1582,16146,2277
2827,16147,5928
233,16148,1482
2276,16149,3052
248,16150,2428
3270,16151,3471
1065,16152,3591
141,16153,733
184,16154,996
1147,16155,4791
6979,16156,7930
233,16157,3676
1380,16158,2597
433,16159,1885
3771,16160,5974
3581,16161,5291
2768,16162,5278
48,16163,1419
2031,16164,4148
1130,16165,6429
1505,16166,4318
2104,16167,2199
5914,16168,6639
6283,16169,7362
4800,16170,6058
1316,16171,5782
243,16172,2532
498,16173,4427
6782,16174,8095
120,16175,4334
233,16176,7507
5197,16177,5929
5197,16178,7930
22,16179,289
2808,16180,5033
622,16181,2808
622,16182,2110
251,16183,683
1130,16184,4352
385,16185,4119
180,16186,5556
6639,16187,7086
498,16188,977
4443,16189,4629
4629,16190,4631
309,16191,4472
1824,16192,5840
2789,16193,2813
1824,16194,3084
200,16195,1028
1018,16196,3601
2241,16197,5919
1018,16198,2927
22,16199,23
1667,16200,2279
622,16201,1064
89,16202,3052
3281,16203,5278
251,16204,2015
89,16205,4550
4105,16206,7563
3731,16207,4017
2428,16208,4057
42,16209,3621
3836,16210,4631
3471,16211,5450
1065,16212,4472
6358,16213,6703
1155,16214,7664
2146,16215,3765
1405,16216,4791
1147,16217,3765
233,16218,3750
3023,16219,5221
23,16220,3102
1272,16221,2580
185,16222,1649
2839,16223,4352
2079,16224,2529
1263,16225,4778
377,16226,1910
6058,16227,7086
2036,16228,4443
171,16229,3836
2171,16230,5450
3591,16231,8095
5409,16232,5563
3023,16233,5472
23,16234,3676
791,16235,1836
1528,16236,4785
433,16237,4930
22,16238,1034
2058,16239,4105
1505,16240,4214
4312,16241,7787
4443,16242,4631
460,16243,3091
2425,16244,7148
412,16245,4990
1836,16246,6072
1274,16247,3470
1992,16248,4935
3208,16249,3673
4712,16250,5020
810,16251,1034
2566,16252,3987
1364,16253,3171
1263,16254,6032
5501,16255,6058
2036,16256,2419
243,16257,4051
4051,16258,5287
963,16259,4415
1043,16260,4494
2323,16261,5591
403,16262,733
5486,16263,6703
2406,16264,2414
5197,16265,7937
289,16266,1274
4785,16267,5163
289,16268,2854
23,16269,2332
3128,16270,5974
2839,16271,3128
3307,16272,4382
1750,16273,5291
4119,16274,4249
1676,16275,1951
243,16276,5556
286,16277,5414
4157,16278,5287
1824,16279,2813
2323,16280,4850
2425,16281,6712
4378,16282,4441
996,16283,4215
1028,16284,2406
1363,16285,3517
170,16286,3750
1836,16287,2597
1528,16288,1813
2718,16289,7876
188,16290,1528
68,16291,185
2015,16292,2768
2079,16293,5442
4148,16294,5190
1728,16295,3790
1665,16296,6212
3541,16297,4214
2671,16298,3472
286,16299,1763
733,16300,3836
2323,16301,6712
2634,16302,4850
1613,16303,1889
1412,16304,3208
683,16305,750
3412,16306,4148
4800,16307,7345
337,16308,5358
659,16309,4215
2992,16310,4053
1528,16311,5163
2713,16312,4449
1339,16313,3132
496,16314,2521
48,16315,3630
684,16316,4831
1537,16317,2705
5125,16318,6058
180,16319,7758
1420,16320,4537
4279,16321,5563
184,16322,5731
3518,16323,4464
717,16324,1405
5197,16325,6979
531,16326,5472
2902,16327,6990
2865,16328,6072
364,16329,1354
217,16330,1649
818,16331,1545
3110,16332,3576
3987,16333,4352
1134,16334,2517
3790,16335,7693
1184,16336,3472
2148,16337,5414
1043,16338,5769
337,16339,6537
460,16340,3084
553,16341,5348
1028,16342,2277
426,16343,4140
1380,16344,4849
1018,16345,2508
4570,16346,4935
1412,16347,2619
1885,16348,4930
292,16349,1490
217,16350,292
217,16351,683
896,16352,1578
1981,16353,3115
180,16354,606
1236,16355,4150
2766,16356,7050
3270,16357,5450
120,16358,146
2367,16359,3601
48,16360,1064
456,16361,468
2015,16362,3107
4119,16363,5331
837,16364,7787
1703,16365,2371
5782,16366,7075
498,16367,3270
337,16368,4279
1363,16369,1405
2927,16370,4570
233,16371,3470
2902,16372,5221
1836,16373,2865
531,16374,1813
188,16375,1508
185,16376,818
48,16377,4759
385,16378,2528
1225,16379,5125
5258,16380,5782
4800,16381,5125
2532,16382,7758
243,16383,5287
171,16384,733
78,16385,498
3591,16386,4472
2789,16387,5486
900,16388,5181
146,16389,4334
1018,16390,2574
1613,16391,3448
1277,16392,5100
2077,16393,3754
873,16394,4449
622,16395,776
312,16396,385
4134,16397,4289
2371,16398,4150
693,16399,4638
1920,16400,4800
180,16401,7102
4035,16402,4164
5742,16403,6703
2,16404,8055
1891,16405,5348
11,16406,1091
184,16407,2068
1022,16408,7664
1405,16409,3496
659,16410,4075
170,16411,756
1002,16412,4870
68,16413,2462
449,16414,776
2276,16415,3614
485,16416,2313
114,16417,4506
385,16418,562
4057,16419,4289
837,16420,3858
498,16421,2766
2237,16422,5450
127,16423,5591
717,16424,4303
170,16425,3448
1018,16426,4570
1836,16427,2508
997,16428,2760
89,16429,468
1537,16430,2313
4778,16431,6701
1184,16432,2428
562,16433,4119
54,16434,6833
18,16435,2428
5501,16436,6639
171,16437,1920
243,16438,963
4035,16439,5287
2237,16440,3270
2813,16441,3591
127,16442,3118
460,16443,5358
2,16444,578
426,16445,1022
1047,16446,1623
5874,16447,8123
531,16448,3023
2307,16449,2718
621,16450,1412
1667,16451,2152
622,16452,5033
2839,16453,3987
3987,16454,5691
4352,16455,5691
1728,16456,6778
4778,16457,6032
693,16458,3049
1763,16459,5414
2532,16460,4035
243,16461,4035
3118,16462,5591
1582,16463,3084
184,16464,2382
1168,16465,2026
426,16466,5512
3601,16467,5512
1168,16468,5874
2574,16469,2865
22,16470,1274
1339,16471,1342
621,16472,6520
791,16473,5033
1490,16474,2517
244,16475,3171
524,16476,1728
1981,16477,5784
385,16478,7763
733,16479,4631
2277,16480,3758
1877,16481,2367
117,16482,4990
23,16483,2992
621,16484,2077
1386,16485,4668
923,16486,2760
165,16487,490
4778,16488,6020
3115,16489,6646
924,16490,1263
4531,16491,5501
2532,16492,7846
1679,16493,2171
403,16494,4339
1769,16495,4441
1769,16496,3217
146,16497,1168
233,16498,2406
1126,16499,2902
2902,16500,5020
2713,16501,8021
3576,16502,4382
4759,16503,5522
1537,16504,7647
524,16505,4148
1161,16506,1650
896,16507,1491
114,16508,380
896,16509,4475
385,16510,2601
924,16511,6032
650,16512,2766
6668,16513,7348
5414,16514,7716
963,16515,1224
1582,16516,4378
6719,16517,8123
2073,16518,2927
439,16519,764
1992,16520,2508
756,16521,2854
873,16522,3680
2279,16523,3079
750,16524,5508
2428,16525,3821
302,16526,853
5125,16527,5501
1920,16528,5125
2419,16529,3335
2634,16530,3518
4626,16531,4849
756,16532,3448
2718,16533,5033
1528,16534,4046
68,16535,4449
1134,16536,3171
2354,16537,4148
1313,16538,1505
1184,16539,4531
18,16540,3720
907,16541,1971
180,16542,7745
1920,16543,5501
537,16544,1420
3270,16545,7348
1582,16546,5348
1009,16547,1836
1009,16548,2508
1508,16549,2307
289,16550,2462
4930,16551,6520
1386,16552,1668
750,16553,6024
2058,16554,6386
6352,16555,6701
4089,16556,6701
4089,16557,4778
1161,16558,5416
302,16559,5416
7102,16560,7319
4339,16561,5742
4441,16562,6716
900,16563,1891
1022,16564,4984
717,16565,3765
3211,16566,4140
2241,16567,6719
1613,16568,5918
2992,16569,3102
7415,16570,7940
2307,16571,5020
2210,16572,5163
1992,16573,2580
185,16574,4504
3576,16575,7449
4550,16576,7647
1134,16577,4831
2528,16578,6194
1313,16579,1491
1225,16580,6863
243,16581,606
2419,16582,4289
2419,16583,2557
4035,16584,7846
232,16585,337
127,16586,4850
127,16587,2634
7151,16588,7189
2521,16589,2566
1501,16590,2566
292,16591,683
4089,16592,6352
4778,16593,6352
302,16594,4475
1951,16595,3823
286,16596,1971
2557,16597,4443
2734,16598,3118
2813,16599,3084
3011,16600,8055
184,16601,578
1189,16602,2210
621,16603,1386
1987,16604,2539
4506,16605,4602
1184,16606,2058
54,16607,3472
2104,16608,3823
4537,16609,7676
2734,16610,5591
117,16611,5172
659,16612,1975
2481,16613,5874
233,16614,2414
145,16615,412
412,16616,967
1342,16617,3132
449,16618,3614
2110,16619,4679
2517,16620,3111
5522,16621,5691
6020,16622,6352
4089,16623,6032
54,16624,1184
180,16625,7319
2532,16626,4122
4464,16627,4984
2026,16628,3217
1028,16629,7473
2367,16630,4467
3601,16631,4467
2241,16632,2414
2574,16633,3211
371,16634,1885
2287,16635,3079
1501,16636,5985
292,16637,2517
3111,16638,6422
456,16639,485
1161,16640,5784
3472,16641,4531
243,16642,3823
243,16643,4996
1224,16644,2148
4151,16645,4472
4279,16646,8059
460,16647,1769
145,16648,4990
200,16649,470
717,16650,4791
967,16651,4849
1002,16652,1363
364,16653,2619
3208,16654,5911
371,16655,923
2797,16656,3052
2521,16657,5974
1501,16658,2521
1615,16659,6453
1480,16660,4382
566,16661,3107
1134,16662,2204
248,16663,1650
498,16664,7853
2148,16665,2650
127,16666,3518
145,16667,1975
170,16668,1028
1189,16669,5163
1189,16670,1667
188,16671,2110
1034,16672,1525
1064,16673,1078
1480,16674,3128
377,16675,4357
3096,16676,4289
2419,16677,3720
650,16678,5258
907,16679,2148
4035,16680,7072
4019,16681,4472
403,16682,1175
117,16683,145
1002,16684,2619
5033,16685,6807
3132,16686,3614
776,16687,1078
89,16688,1552
1750,16689,2539
1606,16690,2705
2428,16691,4186
2018,16692,3731
4089,16693,4602
4531,16694,4957
4957,16695,5501
5501,16696,7817
537,16697,4537
6426,16698,7348
1920,16699,2419
146,16700,8059
1769,16701,4378
982,16702,2425
117,16703,1623
145,16704,1047
717,16705,814
184,16706,4215
439,16707,685
1380,16708,4626
1126,16709,1380
2854,16710,6923
2287,16711,2332
622,16712,1078
3576,16713,5468
244,16714,2354
292,16715,3111
292,16716,6422
1130,16717,6324
6352,16718,6708
18,16719,248
1225,16720,4957
835,16721,7319
243,16722,4122
733,16723,1175
146,16724,4279
2634,16725,3797
1028,16726,6716
184,16727,659
3417,16728,5512
3750,16729,4881
1126,16730,2718
1508,16731,4679
3171,16732,4999
684,16733,2204
1355,16734,4809
4778,16735,6875
837,16736,1910
693,16737,837
5742,16738,6135
184,16739,2171
184,16740,5563
1028,16741,3758
146,16742,2026
233,16743,2241
659,16744,5433
233,16745,1274
2210,16746,7880
188,16747,4046
3576,16748,4532
1184,16749,5234
4289,16750,5501
4035,16751,7688
460,16752,1224
733,16753,2570
6135,16754,7211
426,16755,4984
5197,16756,5433
364,16757,5918
1528,16758,2307
1480,16759,2521
1490,16760,1525
1501,16761,5657
1501,16762,3987
251,16763,3515
292,16764,750
48,16765,1606
2313,16766,3735
1665,16767,7584
5416,16768,5784
460,16769,963
2813,16770,4151
5512,16771,6492
1613,16772,3765
2833,16773,2865
449,16774,2580
244,16775,2279
1750,16776,1987
2015,16777,3515
2204,16778,3111
6049,16779,6194
385,16780,2466
606,16781,2104
1127,16782,1951
650,16783,1703
3720,16784,4289
835,16785,7102
2766,16786,3621
2,16787,4047
3518,16788,4984
184,16789,685
170,16790,470
439,16791,2481
2508,16792,4471
1009,16793,1992
3208,16794,4967
2854,16795,7913
188,16796,1501
244,16797,1480
217,16798,818
566,16799,3389
5366,16800,5508
4249,16801,4601
1313,16802,2104
853,16803,1127
1236,16804,4502
180,16805,2090
537,16806,1910
5287,16807,7688
2813,16808,5219
814,16809,900
3417,16810,6492
1018,16811,4471
1850,16812,2992
364,16813,3680
873,16814,6923
2462,16815,4449
622,16816,4679
4186,16817,5234
4089,16818,6020
2104,16819,2663
5287,16820,5352
470,16821,1613
1380,16822,6764
531,16823,1528
3841,16824,4449
2797,16825,3614
1987,16826,2015
3826,16827,4532
1130,16828,6261
3096,16829,3821
3335,16830,3720
1523,16831,2532
171,16832,2937
1022,16833,3518
142,16834,146
142,16835,685
412,16836,4373
2619,16837,3012
2077,16838,3012
791,16839,1009
1189,16840,1528
622,16841,3158
449,16842,2797
566,16843,2015
2058,16844,5234
6020,16845,6708
4089,16846,6875
1127,16847,4475
6032,16848,6875
380,16849,924
2359,16850,4150
2090,16851,5258
1870,16852,3621
1763,16853,4019
1523,16854,4035
2,16855,2612
982,16856,3797
1877,16857,2496
426,16858,3542
142,16859,184
2406,16860,4881
4626,16861,6764
2462,16862,7913
1508,16863,5676
1437,16864,1667
23,16865,2287
244,16866,2332
48,16867,2368
221,16868,244
3066,16869,3987
2015,16870,7439
5784,16871,5941
4957,16872,5125
1225,16873,6214
1657,16874,4019
127,16875,2734
1582,16876,4635
982,16877,2496
115,16878,1028
1623,16879,3542
1028,16880,7540
4140,16881,4819
1028,16882,4881
531,16883,4373
371,16884,1386
1728,16885,4532
6261,16886,6324
896,16887,1355
180,16888,4613
1043,16889,2734
498,16890,1679
2,16891,3011
3518,16892,4047
3244,16893,4467
1178,16894,2241
756,16895,3524
1078,16896,1552
2079,16897,4701
2466,16898,2601
3758,16899,4635
3758,16900,5122
117,16901,369
115,16902,2414
145,16903,1623
233,16904,4881
170,16905,233
2854,16906,6445
4679,16907,5676
524,16908,3576
1728,16909,3826
485,16910,4550
524,16911,2354
485,16912,2809
1981,16913,2106
1920,16914,4957
1523,16915,7072
498,16916,2237
733,16917,1160
1150,16918,7211
23,16919,1334
1126,16920,2307
791,16921,4740
4740,16922,5033
449,16923,3132
2152,16924,3079
3079,16925,6219
1292,16926,2521
1134,16927,1831
1728,16928,2374
683,16929,5508
6871,16930,6875
4531,16931,5202
606,16932,6665
1657,16933,4472
1877,16934,4467
3244,16935,7006
6140,16936,6260
1145,16937,3102
413,16938,5100
22,16939,157
188,16940,1292
1292,16941,1501
2374,16942,3826
4089,16943,7682
693,16944,1870
1523,16945,4122
311,16946,2557
1523,16947,5287
1523,16948,7688
1091,16949,2612
146,16950,2397
819,16951,1769
5039,16952,5172
3542,16953,4819
142,16954,2481
1018,16955,1688
1018,16956,4152
3448,16957,3524
449,16958,6215
1954,16959,4930
449,16960,3492
1034,16961,2332
2287,16962,6219
485,16963,3474
5183,16964,6261
2601,16965,5789
1236,16966,2601
924,16967,7803
537,16968,837
2148,16969,7721
2612,16970,3011
4047,16971,4984
2496,16972,3797
115,16973,2026
1528,16974,4229
873,16975,7913
2152,16976,4690
2539,16977,5398
1831,16978,2204
566,16979,5796
1355,16980,4475
6352,16981,6704
4089,16982,6704
6020,16983,6871
3813,16984,4357
562,16985,5789
127,16986,1043
426,16987,3707
76,16988,200
1688,16989,2073
233,16990,1178
233,16991,1145
413,16992,7880
873,16993,2462
1552,16994,2797
217,16995,1525
1750,16996,5901
1501,16997,3066
1750,16998,3964
4602,16999,7682
114,17000,2466
896,17001,7825
18,17002,3821
2106,17003,3115
835,17004,4613
1495,17005,6426
2650,17006,3345
963,17007,4636
1706,17008,2237
4215,17009,5630
1363,17010,6399
1009,17011,2865
1002,17012,4967
1750,17013,4044
683,17014,5366
248,17015,1925
5234,17016,5697
931,17017,5234
931,17018,3821
853,17019,1951
537,17020,693
1154,17021,4996
963,17022,5446
2265,17023,3417
184,17024,5630
967,17025,4819
1688,17026,4152
1386,17027,2077
217,17028,4805
1501,17029,2379
681,17030,6049
1650,17031,1925
2601,17032,4600
2106,17033,4992
3115,17034,4992
3096,17035,5202
3621,17036,4776
1920,17037,2937
1523,17038,1706
819,17039,4635
4,17040,1028
3417,17041,4467
873,17042,3524
818,17043,3515
468,17044,2778
114,17045,2546
2466,17046,2546
6200,17047,7682
18,17048,931
2148,17049,3345
3621,17050,7053
1043,17051,7208
1891,17052,2561
3542,17053,3707
145,17054,967
2073,17055,3244
4373,17056,6260
22,17057,2287
371,17058,2760
66,17059,4999
221,17060,5468
683,17061,3515
566,17062,683
2018,17063,4601
963,17064,2650
1523,17065,5352
3011,17066,4807
3687,17067,4635
146,17068,5119
3687,17069,3758
426,17070,2265
967,17071,4626
1386,17072,1912
622,17073,4342
66,17074,3171
1127,17075,2663
117,17076,6201
1975,17077,5630
1688,17078,3244
1975,17079,4373
701,17080,1363
1145,17081,1178
157,17082,2462
1189,17083,1437
4504,17084,4805
1987,17085,4989
1750,17086,5942
562,17087,681
6704,17088,7682
2663,17089,7825
7636,17090,7803
6208,17091,6419
2570,17092,4822
232,17093,460
127,17094,3797
1623,17095,2189
717,17096,8135
364,17097,1002
1508,17098,3256
1615,17099,2379
3474,17100,3735
440,17101,1355
377,17102,3813
1703,17103,2690
4625,17104,7721
76,17105,814
184,17106,4200
717,17107,8130
76,17108,470
1688,17109,3417
170,17110,1274
1992,17111,2754
3158,17112,4740
2287,17113,4690
1650,17114,2544
562,17115,2466
6200,17116,6704
1313,17117,7266
380,17118,4600
380,17119,1703
2090,17120,4613
5352,17121,5446
232,17122,5446
1175,17123,6137
232,17124,2397
115,17125,819
369,17126,5039
4,17127,2414
6491,17128,8134
2025,17129,4471
413,17130,531
1145,17131,1334
23,17132,1850
188,17133,3579
2462,17134,2939
818,17135,4504
2015,17136,4989
681,17137,4601
2544,17138,5941
2106,17139,5941
3096,17140,3547
1495,17141,2090
1374,17142,4151
1499,17143,4047
2561,17144,5122
115,17145,146
3244,17146,4924
1178,17147,2414
823,17148,2077
2917,17149,3132
157,17150,7445
3158,17151,3492
1525,17152,4557
2374,17153,3066
629,17154,4550
6825,17155,6875
837,17156,5301
7004,17157,8134
4,17158,1178
1178,17159,2481
383,17160,4242
23,17161,4690
188,17162,1431
4044,17163,5901
606,17164,786
2359,17165,2690
1592,17166,3720
2650,17167,4636
78,17168,2875
5427,17169,6137
1091,17170,5664
4471,17171,6516
1126,17172,7926
565,17173,1009
756,17174,2434
157,17175,6445
2754,17176,6215
1292,17177,7972
371,17178,4044
524,17179,4300
537,17180,1202
1763,17181,3818
2650,17182,6336
1495,17183,2237
1679,17184,2237
78,17185,1645
3084,17186,3297
2570,17187,3296
1769,17188,2397
3211,17189,6287
818,17190,4989
2015,17191,7986
3547,17192,5202
18,17193,4978
2630,17194,3335
1154,17195,3345
4807,17196,5039
1499,17197,4984
995,17198,2574
823,17199,3680
413,17200,1189
2797,17201,4877
292,17202,1000
2778,17203,2809
48,17204,629
606,17205,7266
2,17206,4064
1582,17207,3297
369,17208,6201
8121,17209,8135
2025,17210,4152
188,17211,3901
4989,17212,7986
100,17213,650
311,17214,1160
127,17215,982
5664,17216,6201
145,17217,7475
7542,17218,8130
6491,17219,8135
4881,17220,7535
7004,17221,8121
4626,17222,4819
701,17223,6399
470,17224,3448
3012,17225,4242
2152,17226,5694
1437,17227,3290
818,17228,6220
1615,17229,2368
485,17230,1591
5398,17231,7136
2562,17232,3813
786,17233,2663
18,17234,3096
454,17235,1236
693,17236,4502
100,17237,1703
1763,17238,4517
1920,17239,4402
498,17240,6740
4019,17241,5219
1679,17242,1901
232,17243,7602
3011,17244,3221
1091,17245,2189
2189,17246,3542
2044,17247,5630
3450,17248,6616
3450,17249,8130
531,17250,813
1126,17251,5236
1145,17252,1850
4242,17253,4967
3579,17254,4229
1342,17255,2754
188,17256,1106
1000,17257,4557
1750,17258,6101
48,17259,6831
1809,17260,5301
54,17261,5202
4043,17262,4957
534,17263,6419
2,17264,3203
3221,17265,4807
184,17266,4807
819,17267,3687
4,17268,115
6491,17269,7004
4626,17270,6287
659,17271,685
470,17272,6806
531,17273,5747
5236,17274,7926
565,17275,2833
3927,17276,4471
1189,17277,3290
292,17278,4557
3826,17279,4300
1780,17280,2374
471,17281,1831
629,17282,1606
1606,17283,4226
896,17284,3083
1313,17285,2663
562,17286,1809
6510,17287,6740
1657,17288,5338
2,17289,4698
717,17290,7542
6491,17291,8121
233,17292,1262
383,17293,1954
2939,17294,6220
1987,17295,2760
3964,17296,4044
524,17297,6506
48,17298,4226
1313,17299,3334
5697,17300,7698
1809,17301,7351
498,17302,4123
1679,17303,1706
1374,17304,5219
3297,17305,5219
184,17306,1600
3379,17307,5563
1874,17308,2496
900,17309,1289
676,17310,717
4,17311,4881
967,17312,4373
5433,17313,5747
6806,17314,7924
3927,17315,6335
1334,17316,4545
2307,17317,2429
1009,17318,1562
1189,17319,3901
1106,17320,1292
1480,17321,4239
3066,17322,7972
2409,17323,4989
1750,17324,5560
3111,17325,5162
683,17326,2971
1355,17327,3083
1925,17328,2544
1313,17329,6563
243,17330,805
4793,17331,7053
1160,17332,4402
3297,17333,5201
3965,17334,5201
184,17335,1901
1675,17336,3758
184,17337,2044
3417,17338,4688
6616,17339,7542
7004,17340,8133
701,17341,6491
3571,17342,6399
618,17343,3012
23,17344,4545
622,17345,1615
2409,17346,7986
3515,17347,5054
48,17348,4191
4893,17349,7698
1505,17350,2134
1374,17351,2920
127,17352,4064
4,17353,5122
2189,17354,3707
717,17355,3450
4,17356,233
565,17357,2025
364,17358,3285
1126,17359,2429
2917,17360,6469
629,17361,3474
2809,17362,3540
454,17363,2601
693,17364,4231
704,17365,1150
146,17366,7484
676,17367,814
6344,17368,8135
4,17369,170
813,17370,1975
659,17371,4944
1126,17372,4373
1334,17373,1850
157,17374,2939
1437,17375,5694
4448,17376,4877
2379,17377,2822
2106,17378,2544
534,17379,2734
460,17380,5584
146,17381,203
76,17382,2561
2265,17383,3219
145,17384,369
369,17385,2044
1975,17386,2044
6344,17387,8121
1145,17388,1798
565,17389,4471
618,17390,4967
618,17391,4242
1189,17392,5369
3899,17393,4740
1562,17394,3492
371,17395,1954
2287,17396,3508
2760,17397,5701
1987,17398,5560
221,17399,2354
566,17400,2971
165,17401,7136
440,17402,2544
2544,17403,2925
3547,17404,4978
853,17405,1154
2937,17406,5773
1495,17407,1706
3875,17408,5427
2920,17409,5219
2612,17410,5664
819,17411,1137
1022,17412,1877
1022,17413,3219
1877,17414,4688
2044,17415,4200
76,17416,676
995,17417,3417
4,17418,7535
6491,17419,8133
439,17420,2492
3579,17421,3646
818,17422,5374
5643,17423,5697
896,17424,3334
248,17425,7288
2546,17426,4600
1202,17427,6223
650,17428,6064
1383,17429,4636
1239,17430,8096
1874,17431,3797
6344,17432,7013
6344,17433,6491
920,17434,8120
967,17435,5236
3492,17436,5943
3841,17437,4250
66,17438,1831
1439,17439,1750
3166,17440,5367
2546,17441,3166
440,17442,853
2106,17443,2925
18,17444,7784
162,17445,1175
127,17446,1499
1675,17447,5122
184,17448,203
369,17449,7475
2073,17450,4924
701,17451,1002
383,17452,4967
157,17453,2434
2846,17454,4690
2287,17455,5521
5521,17456,6219
221,17457,4239
468,17458,4223
2466,17459,3166
454,17460,2359
2359,17461,4776
1920,17462,2236
2099,17463,4625
311,17464,5338
3296,17465,4822
920,17466,4853
701,17467,3571
4944,17468,5747
1850,17469,4545
22,17470,1334
22,17471,1760
873,17472,1457
1987,17473,2409
2106,17474,3053
1971,17475,3053
152,17476,537
1657,17477,4517
1374,17478,3965
1675,17479,3965
995,17480,4152
3450,17481,3571
6969,17482,7932
2939,17483,3841
471,17484,7594
4701,17485,7274
1505,17486,1894
2663,17487,3334
1870,17488,4698
2875,17489,3203
232,17490,5584
460,17491,4273
1150,17492,2722
1675,17493,3687
814,17494,6259
4853,17495,8133
995,17496,2265
995,17497,1688
1178,17498,1798
1850,17499,2492
4471,17500,7618
1912,17501,4250
2287,17502,6729
2379,17503,3066
3862,17504,5183
2546,17505,5367
1894,17506,2134
454,17507,4600
5859,17508,6164
1225,17509,2835
1592,17510,2630
2088,17511,3345
982,17512,1874
676,17513,7477
6491,17514,8136
2045,17515,3927
531,17516,4229
2429,17517,3256
755,17518,1912
579,17519,818
1066,17520,2368
3793,17521,6831
1426,17522,3813
1495,17523,6064
3203,17524,4793
1657,17525,2920
1675,17526,5201
3379,17527,7484
704,17528,1289
1150,17529,1289
4,17530,2561
685,17531,6116
813,17532,4944
3256,17533,3899
2917,17534,3491
579,17535,2939
2687,17536,8027
1716,17537,6219
371,17538,1770
1066,17539,1615
1276,17540,1552
2204,17541,5162
7668,17542,7669
2018,17543,2562
1971,17544,2088
4776,17545,4793
835,17546,1495
1870,17547,4793
5212,17548,7248
1289,17549,4699
3139,17550,3707
6344,17551,8136
685,17552,4944
4,17553,1262
5236,17554,6501
1002,17555,3285
1274,17556,2434
413,17557,5369
2287,17558,2687
449,17559,3491
579,17560,4504
1437,17561,4239
818,17562,7018
1078,17563,1276
3964,17564,6101
2897,17565,3964
471,17566,2354
681,17567,3906
562,17568,3166
1809,17569,3813
5301,17570,6223
606,17571,835
2088,17572,3818
3818,17573,4517
1495,17574,4123
2099,17575,3345
1411,17576,5219
1901,17577,5212
2,17578,626
2496,17579,4195
900,17580,4699
470,17581,676
3777,17582,4396
413,17583,1850
531,17584,3482
449,17585,2917
1615,17586,4342
66,17587,1525
972,17588,1480
1092,17589,2368
2589,17590,6545
2897,17591,6101
1127,17592,5492
1426,17593,1809
380,17594,454
2690,17595,7332
1154,17596,5995
2236,17597,4402
1706,17598,2061
1137,17599,3687
1874,17600,4195
369,17601,5664
1877,17602,4195
1141,17603,5236
594,17604,3448
594,17605,3524
1126,17606,1141
468,17607,1591
3793,17608,4191
3474,17609,4583
931,17610,5643
537,17611,7106
3909,17612,4517
127,17613,534
1374,17614,2722
1675,17615,6931
686,17616,1499
4,17617,1137
3219,17618,4688
76,17619,7477
565,17620,3777
823,17621,3012
823,17622,3640
3899,17623,5920
2846,17624,3508
371,17625,6229
5374,17626,5378
3474,17627,3697
5812,17628,7274
5859,17629,6284
693,17630,1905
805,17631,1383
1512,17632,1679
1374,17633,1657
1512,17634,1901
142,17635,5096
142,17636,6743
3777,17637,6501
1342,17638,2917
5431,17639,5943
1106,17640,1437
371,17641,7432
6533,17642,7440
3491,17643,4448
1780,17644,4300
4191,17645,4400
4937,17646,5859
2061,17647,5212
162,17648,2860
162,17649,3296
203,17650,3379
686,17651,1022
995,17652,2025
364,17653,3280
2045,17654,7932
3482,17655,5369
618,17656,823
1562,17657,2754
2917,17658,5846
1431,17659,2659
1750,17660,2479
1439,17661,7136
853,17662,5492
1959,17663,4978
100,17664,2690
1523,17665,2770
100,17666,2875
1722,17667,5446
3139,17668,3219
6259,17669,7477
676,17670,3450
565,17671,6765
5585,17672,5920
449,17673,5431
1437,17674,2687
2687,17675,3508
1770,17676,1954
1525,17677,4116
1248,17678,1276
2379,17679,2589
221,17680,1831
2971,17681,5054
566,17682,1439
4231,17683,4776
1523,17684,1722
3203,17685,4698
232,17686,2061
1600,17687,3221
1675,17688,6292
1565,17689,2612
2265,17690,3139
2695,17691,4924
701,17692,5089
4952,17693,5694
755,17694,5701
1716,17695,5521
449,17696,938
1276,17697,1591
2479,17698,5560
1780,17699,3066
5054,17700,5378
2204,17701,5763
1462,17702,4893
440,17703,3083
1809,17704,2562
454,17705,562
4937,17706,6284
454,17707,4231
650,17708,7118
1702,17709,4517
311,17710,1702
146,17711,657
4195,17712,8183
701,17713,920
1850,17714,6041
413,17715,4545
22,17716,4330
2687,17717,5521
1292,17718,2822
165,17719,1439
2106,17720,5274
562,17721,5991
6815,17722,6861
693,17723,3106
1901,17724,3379
686,17725,3139
142,17726,203
115,17727,142
115,17728,5096
701,17729,3794
3571,17730,3794
439,17731,834
1342,17732,5846
1292,17733,2659
972,17734,4300
165,17735,2897
5859,17736,6815
1154,17737,2088
2930,17738,5338
5107,17739,5747
2429,17740,3899
3901,17741,4830
1431,17742,3646
3640,17743,4250
2659,17744,3409
629,17745,1591
566,17746,6066
2301,17747,4226
3613,17748,5643
2018,17749,3906
4698,17750,7155
1657,17751,2930
232,17752,5212
1565,17753,3221
4699,17754,6259
2119,17755,6344
1178,17756,4718
1141,17757,4626
2379,17758,3113
965,17759,2971
629,17760,2437
2663,17761,3832
4937,17762,7774
1202,17763,4916
3379,17764,6098
657,17765,2397
5096,17766,6743
4756,17767,6743
2695,17768,8132
1457,17769,3640
1431,17770,3256
2846,17771,4952
2760,17772,6141
4400,17773,6536
454,17774,2690
1959,17775,4043
1411,17776,2920
1901,17777,6098
115,17778,2397
35,17779,2561
6116,17780,8137
3285,17781,6977
1126,17782,3899
1912,17783,3640
1248,17784,1552
3697,17785,4583
3334,17786,3832
562,17787,7280
1809,17788,5179
1202,17789,5179
4916,17790,5301
835,17791,2770
805,17792,7343
805,17793,5995
534,17794,4064
157,17795,4116
1292,17796,3409
1000,17797,3675
2301,17798,2437
4937,17799,5274
1867,17800,4231
6591,17801,6815
2088,17802,3909
2141,17803,2875
174,17804,1160
311,17805,3875
626,17806,3203
704,17807,2722
3221,17808,5437
704,17809,2860
1178,17810,4756
3280,17811,3450
979,17812,4373
967,17813,979
834,17814,5107
1141,17815,6501
2822,17816,3409
66,17817,5162
3540,17818,3553
1426,17819,3906
18,17820,5444
152,17821,7106
1411,17822,1657
127,17823,2317
203,17824,657
2189,17825,3423
4,17826,6126
131,17827,3219
3848,17828,4688
701,17829,3285
1145,17830,7423
1274,17831,1588
1342,17832,2858
3899,17833,6093
129,17834,6729
2820,17835,4342
1000,17836,2486
48,17837,2589
48,17838,939
3334,17839,5899
1349,17840,6856
1349,17841,1809
380,17842,2390
562,17843,1867
6591,17844,7092
2875,17845,3060
1383,17846,1722
1411,17847,2099
4064,17848,4268
600,17849,2397
1169,17850,3687
35,17851,1675
369,17852,1565
439,17853,4718
1588,17854,2434
1189,17855,6231
75,17856,4239
2437,17857,3697
54,17858,1462
440,17859,5492
18,17860,7774
1592,17861,2236
100,17862,124
2141,17863,4123
1239,17864,2099
7155,17865,8102
127,17866,686
1022,17867,1874
35,17868,76
5723,17869,6259
995,17870,3848
813,17871,2044
6974,17872,6977
1274,17873,1760
3491,17874,3981
4448,17875,5803
1651,17876,1925
1239,17877,3297
232,17878,339
600,17879,4273
4,17880,76
672,17881,2044
2935,17882,3579
3613,17883,7724
5892,17884,7289
1635,17885,4231
152,17886,1905
115,17887,5037
676,17888,5723
369,17889,813
995,17890,2695
4718,17891,4756
840,17892,3927
464,17893,3899
1716,17894,2687
3568,17895,5162
939,17896,2301
471,17897,524
165,17898,5900
1426,17899,2562
1959,17900,2236
1383,17901,5995
1160,17902,2931
2,17903,4268
2860,17904,3875
1091,17905,1499
131,17906,1022
672,17907,813
2097,17908,6229
1615,17909,3409
2589,17910,3113
3303,17911,4400
3540,17912,4583
6601,17913,7596
18,17914,2838
6815,17915,7092
6512,17916,6815
5781,17917,7092
3053,17918,5781
3909,17919,7342
1635,17920,3106
1239,17921,1411
565,17922,3959
413,17923,2100
823,17924,1457
2935,17925,3482
449,17926,2834
579,17927,751
629,17928,3829
3862,17929,6536
6512,17930,7092
3462,17931,3818
1512,17932,4123
2,17933,4173
1169,17934,1675
626,17935,1565
2637,17936,3379
531,17937,1608
1334,17938,3689
2820,17939,5585
2820,17940,3158
66,17941,4116
1066,17942,2589
1439,17943,6066
3105,17944,3334
54,17945,523
786,17946,6832
3547,17947,5407
6385,17948,6815
1905,17949,4916
2630,17950,5396
1702,17951,7866
534,17952,3106
152,17953,534
2141,17954,3060
534,17955,4268
1645,17956,5437
617,17957,3296
35,17958,4699
840,17959,2045
2429,17960,2642
618,17961,3510
22,17962,4419
2820,17963,3256
1912,17964,6620
157,17965,1260
579,17966,1260
2409,17967,2479
1307,17968,4223
1307,17969,2778
454,17970,3665
4231,17971,4672
982,17972,2317
3296,17973,6246
35,17974,1289
2119,17975,3794
4944,17976,5715
2463,17977,2492
2935,17978,4830
2834,17979,5846
3640,17980,6620
3491,17981,5803
66,17982,1716
623,17983,5378
66,17984,3568
3568,17985,3675
2971,17986,4235
165,17987,6066
3105,17988,6297
440,17989,2925
54,17990,5850
931,17991,5850
1349,17992,1426
18,17993,5859
2099,17994,3462
1137,17995,5037
3959,17996,4396
464,17997,6093
22,17998,3533
477,17999,5431
129,18000,1716
2409,18001,7212
1439,18002,2479
939,18003,3829
524,18004,4384
471,18005,4414
853,18006,2177
4453,18007,5991
18,18008,4937
853,18009,3815
5859,18010,6385
2835,18011,4518
6815,18012,7778
100,18013,2390
1635,18014,4672
7342,18015,7866
2931,18016,3875
174,18017,3296
162,18018,8044
1262,18019,2674
470,18020,594
594,18021,1281
531,18022,3262
2429,18023,3646
477,18024,2754
2858,18025,5846
105,18026,383
105,18027,1954
2834,18028,2917
2917,18029,7079
2822,18030,5678
1307,18031,4583
4115,18032,7724
3665,18033,4453
6650,18034,6726
6385,18035,6512
1154,18036,3201
1169,18037,3297
339,18038,657
1600,18039,2637
1798,18040,4718
3571,18041,6977
5431,18042,5552
1106,18043,5064
157,18044,5550
2834,18045,3491
2410,18046,2659
579,18047,2002
4116,18048,4468
1066,18049,1092
221,18050,6485
939,18051,3793
54,18052,5892
6385,18053,7778
1202,18054,3659
5995,18055,7834
409,18056,2770
534,18057,8102
982,18058,2579
1091,18059,4618
35,18060,6126
369,18061,5264
2044,18062,5264
920,18063,2119
1760,18064,7423
823,18065,5281
157,18066,3533
3158,18067,5269
1431,18068,5284
2659,18069,2820
66,18070,129
623,18071,7018
1780,18072,4384
2268,18073,3334
5781,18074,6512
5396,18075,6385
311,18076,2630
124,18077,4793
413,18078,1102
1588,18079,1760
288,18080,1292
221,18081,1716
75,18082,221
1000,18083,4563
440,18084,2292
1426,18085,3847
1349,18086,7280
3665,18087,5991
18,18088,6385
6512,18089,7778
1867,18090,1905
1959,18091,1968
124,18092,1635
1512,18093,1645
3379,18094,5661
203,18095,2637
447,18096,1798
1281,18097,1588
157,18098,4979
477,18099,1562
1562,18100,5431
1793,18101,2917
5435,18102,5701
1092,18103,1276
623,18104,2409
3613,18105,4115
454,18106,1867
2770,18107,6726
174,18108,2236
1512,18109,1600
3848,18110,4293
5107,18111,5715
2100,18112,6231
129,18113,4330
579,18114,6044
5898,18115,6141
5435,18116,6141
288,18117,972
629,18118,1092
2897,18119,4747
3862,18120,4194
40,18121,3906
931,18122,3613
523,18123,931
2141,18124,2263
534,18125,3051
1239,18126,8097
232,18127,600
2722,18128,2844
369,18129,4189
936,18130,3571
2463,18131,6041
1269,18132,6093
2867,18133,5585
4952,18134,5502
477,18135,5552
2834,18136,3981
75,18137,1106
4468,18138,4563
2479,18139,7996
972,18140,1780
471,18141,6485
965,18142,4235
4115,18143,5892
3166,18144,3665
786,18145,5026
1349,18146,4916
2683,18147,3053
1592,18148,1959
162,18149,2931
626,18150,4173
2044,18151,2311
936,18152,3794
3422,18153,5107
1102,18154,2492
701,18155,3041
413,18156,834
1608,18157,3262
1457,18158,1871
1793,18159,5803
2120,18160,3409
1831,18161,3099
3058,18162,3675
18,18163,2065
1968,18164,2065
1867,18165,4672
232,18166,1722
162,18167,174
626,18168,1645
345,18169,1499
1565,18170,4618
676,18171,2422
813,18172,979
979,18173,1141
2935,18174,3646
22,18175,3165
129,18176,3508
755,18177,5435
938,18178,1248
221,18179,972
1307,18180,1591
1780,18181,3558
1462,18182,5892
1925,18183,3548
3189,18184,5492
454,18185,2855
2177,18186,2925
2390,18187,3971
232,18188,6253
3027,18189,3203
704,18190,2844
439,18191,6723
1760,18192,3533
2820,18193,2867
629,18194,1307
3568,18195,5763
523,18196,5850
728,18197,2925
100,18198,454
311,18199,2930
1722,18200,6253
127,18201,3988
203,18202,2044
131,18203,3848
3544,18204,4293
995,18205,1669
5925,18206,6785
1141,18207,2642
565,18208,1269
2608,18209,3510
1871,18210,4979
3405,18211,5920
2820,18212,5269
1106,18213,5207
623,18214,2002
2486,18215,4563
221,18216,3099
288,18217,1780
4038,18218,4583
2065,18219,2838
18,18220,7757
1383,18221,2421
600,18222,1239
6527,18223,7660
1901,18224,7660
127,18225,2579
4120,18226,5715
565,18227,1562
464,18228,2429
105,18229,618
2805,18230,2935
3165,18231,3533
4419,18232,5261
129,18233,4419
288,18234,5678
2897,18235,6857
3815,18236,5492
4518,18237,5407
3749,18238,7791
2088,18239,2683
1592,18240,4673
1868,18241,2236
152,18242,2317
534,18243,3027
345,18244,4268
3041,18245,5089
823,18246,1345
1457,18247,3306
477,18248,2834
623,18249,2486
1307,18250,4038
1662,18251,2855
4937,18252,7757
1867,18253,5991
640,18254,2099
1383,18255,8097
1645,18256,3060
1901,18257,6527
76,18258,2422
920,18259,8142
447,18260,2463
1262,18261,1760
1588,18262,1871
2805,18263,5284
755,18264,2097
751,18265,755
938,18266,1276
3303,18267,3558
1439,18268,4747
471,18269,3214
1959,18270,4673
1702,18271,2930
6495,18272,6527
250,18273,1600
1262,18274,3308
3689,18275,4070
604,18276,6240
2100,18277,3482
2410,18278,5284
1106,18279,2410
7,18280,2820
5435,18281,5898
3113,18282,3558
474,18283,5204
1383,18284,3086
311,18285,2931
4476,18286,7124
4476,18287,5661
250,18288,1565
3300,18289,5723
2025,18290,3279
1760,18291,3308
2805,18292,3646
4606,18293,6620
3981,18294,4238
221,18295,3214
690,18296,2437
4482,18297,5900
5204,18298,5800
3166,18299,3575
2065,18300,5407
534,18301,4762
4,18302,35
115,18303,1219
1262,18304,3961
3516,18305,3959
477,18306,565
464,18307,1269
352,18308,1457
2867,18309,3405
3697,18310,4328
1894,18311,3105
1349,18312,3847
2816,18313,2838
2065,18314,2816
3201,18315,3815
626,18316,3027
162,18317,617
600,18318,5037
115,18319,1158
676,18320,5908
2674,18321,3961
1760,18322,3165
5502,18323,7906
3640,18324,4606
105,18325,6330
1343,18326,1439
40,18327,1426
2562,18328,5365
1349,18329,5991
6495,18330,7660
127,18331,3756
1874,18332,4623
2044,18333,4388
920,18334,1359
4,18335,1219
4120,18336,5022
1859,18337,2695
1219,18338,4756
470,18339,5380
834,18340,5022
1760,18341,2246
1588,18342,3533
1269,18343,1562
751,18344,2002
75,18345,5207
2486,18346,3661
3058,18347,3568
1780,18348,4426
5115,18349,5763
3553,18350,4038
939,18351,7585
40,18352,3847
2855,18353,3575
6847,18354,7757
2263,18355,2799
1635,18356,3051
409,18357,7207
6495,18358,8109
162,18359,741
1137,18360,1169
920,18361,6696
5715,18362,5748
413,18363,5839
1106,18364,2888
5372,18365,5803
2002,18366,6044
1770,18367,2890
3189,18368,3832
18,18369,6847
5026,18370,6726
600,18371,2421
369,18372,4769
1359,18373,2119
936,18374,3280
1894,18375,5703
2930,18376,3068
1169,18377,2844
3686,18378,5037
131,18379,1669
2311,18380,4120
936,18381,2119
834,18382,1102
979,18383,1608
3959,18384,4067
2463,18385,3689
1102,18386,5839
557,18387,823
2763,18388,2935
352,18389,579
5269,18390,5828
66,18391,2303
3558,18392,4426
2897,18393,7648
3568,18394,5115
3303,18395,4194
454,18396,3365
1349,18397,4453
1349,18398,1867
3659,18399,5330
1854,18400,2061
2317,18401,5148
1600,18402,3860
3262,18403,3422
3262,18404,4455
840,18405,2858
464,18406,3405
2846,18407,5261
1260,18408,4468
6517,18409,7358
4414,18410,4787
3613,18411,5285
4115,18412,6378
18,18413,3548
5026,18414,7858
18,18415,4332
2177,18416,2683
124,18417,4672
1702,18418,4379
640,18419,3201
2317,18420,3988
1512,18421,1854
1086,18422,1645
6527,18423,7216
1512,18424,3860
127,18425,472
657,18426,4476
35,18427,1169
3423,18428,4618
2119,18429,4209
4,18430,2674
1141,18431,1807
1141,18432,3229
1588,18433,5613
2530,18434,2834
75,18435,4952
2890,18436,5898
62,18437,2479
931,18438,2816
18,18439,487
5026,18440,5955
18,18441,6306
1968,18442,5405
1702,18443,2393
1411,18444,3283
6495,18445,7216
1565,18446,4189
131,18447,4293
1102,18448,2463
2463,18449,4070
1269,18450,4067
4070,18451,5839
1794,18452,2858
157,18453,2516
7,18454,5269
629,18455,1541
62,18456,1439
62,18457,4747
440,18458,4073
4673,18459,5405
1722,18460,5880
1086,18461,3060
626,18462,3060
4189,18463,4769
1669,18464,3710
1588,18465,3308
1457,18466,2578
3533,18467,5613
1793,18468,5372
471,18469,4108
18,18470,7775
2065,18471,5405
7796,18472,7812
1959,18473,5405
409,18474,2799
2463,18475,5839
2578,18476,3306
231,18477,3165
755,18478,4606
75,18479,1716
1248,18480,1464
2303,18481,3058
2890,18482,6857
965,18483,3661
4194,18484,5806
1894,18485,7717
2838,18486,4217
1662,18487,2101
2101,18488,2855
2292,18489,3189
2855,18490,3365
2972,18491,5955
2065,18492,4332
3393,18493,3815
4065,18494,5026
2930,18495,7730
3756,18496,3988
5661,18497,8109
339,18498,4476
80,18499,704
1489,18500,3300
2311,18501,4388
105,18502,2608
5142,18503,6330
1770,18504,5142
1066,18505,2120
66,18506,3099
1066,18507,3113
404,18508,4384
2683,18509,3393
152,18510,4002
345,18511,472
617,18512,741
600,18513,3686
2579,18514,4623
4,18515,2422
672,18516,2311
1859,18517,3710
3280,18518,3668
4,18519,1281
840,18520,1794
2516,18521,4979
2429,18522,5362
2097,18523,5306
938,18524,5552
440,18525,728
487,18526,3548
5330,18527,5363
640,18528,2683
311,18529,7665
2931,18530,7665
626,18531,1086
250,18532,4189
1345,18533,3306
557,18534,618
105,18535,2097
3133,18536,5269
5552,18537,5828
7,18538,2120
664,18539,2120
3113,18540,4710
3303,18541,4662
404,18542,3303
1426,18543,3807
4332,18544,7775
2177,18545,3393
1725,18546,3971
640,18547,3462
409,18548,1722
174,18549,349
2844,18550,8108
3756,18551,5148
1859,18552,2275
2422,18553,5908
3422,18554,5748
3229,18555,4067
565,18556,5717
3689,18557,4113
604,18558,4113
2763,18559,2805
3133,18560,5828
2097,18561,4928
404,18562,5806
1894,18563,6266
1725,18564,2263
1702,18565,7730
1239,18566,4763
3988,18567,4002
5380,18568,5908
672,18569,5748
3229,18570,3959
477,18571,3812
129,18572,1425
5043,18573,5372
221,18574,3966
288,18575,679
4038,18576,4328
4787,18577,5800
3105,18578,7717
640,18579,2088
152,18580,3356
1854,18581,7216
2579,18582,3756
250,18583,626
115,18584,4199
131,18585,1724
3668,18586,5908
1520,18587,1588
3133,18588,3405
129,18589,231
2867,18590,3302
105,18591,4928
352,18592,1260
1464,18593,5043
75,18594,3966
728,18595,2177
4332,18596,6306
4332,18597,6826
44,18598,5363
1868,18599,1968
1512,18600,4280
741,18601,2931
35,18602,2844
557,18603,1345
340,18604,4070
2410,18605,2888
1793,18606,2530
66,18607,1425
66,18608,2509
221,18609,5346
2816,18610,4217
2972,18611,3189
18,18612,6826
3749,18613,4379
640,18614,3086
409,18615,3206
69,18616,2317
2931,18617,5849
131,18618,686
642,18619,686
2275,18620,4293
4,18621,594
3308,18622,7521
352,18623,1871
604,18624,4419
75,18625,1581
5138,18626,5365
4379,18627,7854
3462,18628,4023
2930,18629,2931
657,18630,2803
1158,18631,4199
131,18632,2275
3007,18633,3279
1269,18634,5717
834,18635,2100
2888,18636,5064
623,18637,3661
2509,18638,3099
404,18639,972
404,18640,1780
939,18641,4710
40,18642,4754
728,18643,3548
6306,18644,6826
1497,18645,2835
1722,18646,3206
5070,18647,7665
1169,18648,3283
69,18649,5148
3860,18650,4280
3300,18651,7468
4067,18652,5717
340,18653,2100
2805,18654,3302
783,18655,5261
1139,18656,2890
288,18657,664
1767,18658,4414
3786,18659,4038
3575,18660,3665
1349,18661,3807
100,18662,1725
4023,18663,4379
1722,18664,3230
80,18665,1489
642,18666,3423
1011,18667,2422
594,18668,4738
3668,18669,5380
672,18670,3422
1669,18671,3279
1221,18672,1807
2834,18673,3977
2763,18674,2888
2345,18675,4468
679,18676,1780
474,18677,965
3068,18678,4023
1722,18679,5110
4002,18680,4762
3068,18681,3283
69,18682,3756
1859,18683,2360
1724,18684,3516
2010,18685,3306
2608,18686,3041
288,18687,2410
2509,18688,4108
1767,18689,4787
3548,18690,3670
2101,18691,3365
2065,18692,4788
12,18693,1349
454,18694,2284
4909,18695,5410
600,18696,1192
920,18697,4331
1359,18698,4331
231,18699,604
111,18700,2763
3302,18701,5362
477,18702,2623
2888,18703,5207
3661,18704,7417
1681,18705,2292
1681,18706,3189
63,18707,5407
2972,18708,3212
4673,18709,7804
1722,18710,5191
1239,18711,3283
1169,18712,1239
80,18713,741
4,18714,1169
131,18715,642
1011,18716,3300
834,18717,4455
129,18718,783
1139,18719,2479
679,18720,972
1651,18721,3670
5419,18722,7311
3365,18723,3796
44,18724,5330
2630,18725,4669
2263,18726,2559
3051,18727,5696
345,18728,686
4209,18729,7468
4738,18730,5380
1724,18731,3127
3229,18732,3516
129,18733,1581
129,18734,480
1260,18735,2345
3099,18736,5346
679,18737,3558
2903,18738,3661
4062,18739,4235
62,18740,4482
2916,18741,4482
487,18742,1651
12,18743,3807
392,18744,4065
232,18745,3230
2931,18746,5070
80,18747,5849
617,18748,1136
741,18749,1136
4,18750,3397
447,18751,1219
3961,18752,6494
340,18753,5502
1871,18754,2516
1464,18755,4238
480,18756,1716
323,18757,1066
679,18758,4426
2903,18759,3058
40,18760,5138
2962,18761,5407
1867,18762,1928
282,18763,345
2802,18764,3860
1359,18765,7463
249,18766,4120
5578,18767,7041
594,18768,2086
979,18769,3422
1269,18770,3229
477,18771,3364
755,18772,5306
2002,18773,4597
62,18774,5150
1575,18775,4426
1575,18776,3558
1767,18777,5115
1767,18778,4108
4217,18779,5419
728,18780,2542
3283,18781,4763
2179,18782,2931
250,18783,3860
1169,18784,1192
2637,18785,2802
2771,18786,3686
250,18787,4769
936,18788,2774
594,18789,2010
3308,18790,6984
661,18791,2608
2100,18792,7025
464,18793,5362
783,18794,1581
7,18795,1092
3105,18796,5801
4115,18797,7725
2816,18798,5419
63,18799,2962
2390,18800,3796
44,18801,3807
1663,18802,2177
1663,18803,3749
1635,18804,1928
2559,18805,2799
3206,18806,5880
409,18807,5191
2844,18808,4160
249,18809,2311
2086,18810,4738
2588,18811,3422
3041,18812,4327
936,18813,1345
834,18814,2588
3007,18815,5717
938,18816,2623
2530,18817,4238
7,18818,938
1793,18819,4238
7,18820,1066
3214,18821,5346
4662,18822,4710
4194,18823,5270
40,18824,1349
2141,18825,2559
2421,18826,5110
339,18827,6168
936,18828,6296
3007,18829,4067
834,18830,7025
75,18831,817
381,18832,755
7,18833,2867
5142,18834,6837
2890,18835,5150
690,18836,939
4217,18837,5285
669,18838,1349
1907,18839,2141
1219,18840,1220
979,18841,2798
2608,18842,6296
4455,18843,4780
105,18844,661
1529,18845,4113
7,18846,3405
381,18847,751
288,18848,2560
679,18849,1575
972,18850,4656
404,18851,1575
669,18852,1867
551,18853,6412
2835,18854,2962
1773,18855,3393
2626,18856,3749
2799,18857,3940
152,18858,7732
1086,18859,6005
3027,18860,5256
69,18861,4002
1489,18862,5817
447,18863,1220
3397,18864,6494
1861,18865,3516
1269,18866,5580
1425,18867,2303
62,18868,1343
1142,18869,2268
12,18870,44
3201,18871,3233
912,18872,4909
349,18873,5410
35,18874,2422
1221,18875,3229
7,18876,3133
474,18877,8191
474,18878,5115
939,18879,5270
6266,18880,7291
1662,18881,6045
2284,18882,3365
1469,18883,4762
1158,18884,2771
1359,18885,6241
249,18886,4388
1011,18887,1943
3127,18888,3516
1281,18889,1520
1520,18890,6984
464,18891,495
340,18892,5088
474,18893,703
2101,18894,6175
135,18895,3393
912,18896,1868
2626,18897,4379
5410,18898,7338
3319,18899,4023
4695,18900,5110
3230,18901,5191
2179,18902,2930
1907,18903,6005
2802,18904,4280
4623,18905,5146
6454,18906,8138
3308,18907,7520
3007,18908,3812
2763,18909,3302
1260,18910,2516
323,18911,664
623,18912,1098
3235,18913,4108
3214,18914,3235
3214,18915,4108
62,18916,2916
1898,18917,5703
135,18918,2177
409,18919,4821
1907,18920,2559
1907,18921,4280
1854,18922,7157
386,18923,600
203,18924,249
2422,18925,4738
2360,18926,5841
1281,18927,7520
2560,18928,3302
1307,18929,3130
4038,18930,5785
3214,18931,5562
3214,18932,4346
2101,18933,2318
40,18934,3807
523,18935,2668
1110,18936,3648
2742,18937,3051
1345,18938,2010
2893,18939,4606
352,18940,381
2509,18941,6238
323,18942,939
914,18943,4328
4346,18944,5145
347,18945,487
3749,18946,6847
3212,18947,4065
392,18948,3233
1868,18949,7338
2421,18950,4695
1854,18951,4280
339,18952,1860
1158,18953,2803
1011,18954,1489
1608,18955,7956
1516,18956,2246
495,18957,1269
2516,18958,2959
75,18959,480
5150,18960,6391
679,18961,3619
2509,18962,3235
135,18963,1773
124,18964,1725
409,18965,2559
2579,18966,5299
1011,18967,5817
447,18968,5578
447,18969,4113
1529,18970,5088
755,18971,869
623,18972,4597
1575,18973,4662
4108,18974,6019
63,18975,2816
135,18976,1681
1851,18977,3648
545,18978,3940
595,18979,4763
2331,18980,7632
1807,18981,1861
2010,18982,2086
2642,18983,5772
1794,18984,3977
3364,18985,5580
817,18986,2888
105,18987,125
125,18988,4928
323,18989,3619
1307,18990,3883
3214,18991,5006
4328,18992,8057
487,18993,3670
6412,18994,7777
124,18995,259
3206,18996,5191
1854,18997,4821
250,18998,5505
250,18999,3357
249,19000,3357
3279,19001,5841
1871,19002,2552
111,19003,4780
105,19004,869
1092,19005,5467
939,19006,1229
2668,19007,2962
1110,19008,1851
912,19009,1497
1469,19010,7732
652,19011,2393
80,19012,2179
80,19013,1136
1860,19014,2803
203,19015,714
672,19016,4769
1943,19017,4209
1669,19018,2124
1694,19019,3127
936,19020,6653
3133,19021,3364
1260,19022,4608
938,19023,4817
323,19024,4710
4656,19025,5562
92,19026,5562
1767,19027,6019
2292,19028,2719
4182,19029,5703
1230,19030,3575
595,19031,640
349,19032,2331
1854,19033,1907
4719,19034,8048
2802,19035,8047
4209,19036,4584
1943,19037,2774
131,19038,2124
2774,19039,3668
672,19040,3025
3961,19041,4940
557,19042,7925
4780,19043,4848
2578,19044,2893
3133,19045,5580
2530,19046,3977
288,19047,2888
7,19048,323
3099,19049,5440
1767,19050,2509
92,19051,4656
1767,19052,5224
2318,19053,6045
3271,19054,7725
2719,19055,2896
1110,19056,1898
1725,19057,1909
6653,19058,7925
3812,19059,3977
480,19060,783
1464,19061,3153
92,19062,4346
135,19063,728
459,19064,5407
3749,19065,4669
409,19066,7840
652,19067,2179
37,19068,6168
1086,19069,5505
686,19070,6775
203,19071,6910
2588,19072,3025
1221,19073,1861
1221,19074,3516
834,19075,5923
4455,19076,4522
4848,19077,5772
557,19078,869
381,19079,2893
664,19080,3619
323,19081,1229
404,19082,4656
5224,19083,6019
690,19084,914
2047,19085,4217
2542,19086,6789
551,19087,4065
4669,19088,6300
100,19089,1909
3086,19090,3233
2559,19091,7840
2967,19092,5696
1086,19093,1907
339,19094,1995
250,19095,4045
80,19096,5817
131,19097,4297
2388,19098,4199
1227,19099,1269
604,19100,1516
2763,19101,4706
480,19102,1581
5142,19103,6464
4886,19104,5346
3648,19105,6076
640,19106,3996
545,19107,1725
5256,19108,5696
714,19109,2803
131,19110,2579
3397,19111,4940
447,19112,7951
4455,19113,4848
2010,19114,2578
4522,19115,4780
62,19116,6391
3786,19117,6167
1662,19118,6175
4059,19119,6175
6618,19120,7781
7777,19121,7789
44,19122,1928
1220,19123,5578
1271,19124,5772
5150,19125,7974
3966,19126,4886
7,19127,5467
5006,19128,6019
92,19129,404
1681,19130,1973
12,19131,6798
44,19132,3356
7194,19133,7338
2421,19134,3086
3283,19135,5722
2637,19136,4719
4,19137,2771
2898,19138,3279
1621,19139,3308
7180,19140,7957
3133,19141,4096
1203,19142,4608
75,19143,1611
648,19144,2303
1464,19145,3651
5006,19146,5224
912,19147,1076
4695,19148,5554
349,19149,5355
37,19150,2637
4519,19151,5146
4,19152,4940
249,19153,3025
6997,19154,7956
1621,19155,2246
231,19156,2959
2623,19157,3153
2324,19158,5785
2836,19159,3214
914,19160,1541
703,19161,6427
1110,19162,5960
669,19163,1230
1497,19164,2668
392,19165,3212
2421,19166,2952
349,19167,741
2771,19168,5932
1219,19169,2388
1359,19170,1404
1111,19171,3961
800,19172,936
5772,19173,5875
2578,19174,5704
111,19175,817
961,19176,3966
1767,19177,3234
6177,19178,7291
63,19179,5419
5692,19180,7769
6196,19181,6618
6196,19182,7789
6300,19183,7344
1469,19184,5780
1550,19185,3283
1192,19186,5932
1404,19187,4331
2588,19188,2798
447,19189,1531
2631,19190,7180
2893,19191,5704
125,19192,1139
1425,19193,4406
2836,19194,3235
474,19195,2903
815,19196,4062
3234,19197,5224
3670,19198,5423
728,19199,6619
1142,19200,1973
545,19201,1909
3206,19202,5554
282,19203,626
80,19204,4160
840,19205,3897
1516,19206,1621
340,19207,2631
3302,19208,7067
1203,19209,1425
125,19210,5142
107,19211,623
1296,19212,2903
1541,19213,2324
107,19214,703
373,19215,4062
404,19216,7679
1681,19217,2719
669,19218,2284
4332,19219,4892
5994,19220,6300
2626,19221,7337
250,19222,2802
37,19223,4719
1192,19224,2395
800,19225,4327
1807,19226,5875
604,19227,1529
3153,19228,4817
3130,19229,3883
487,19230,2047
1246,19231,3796
409,19232,2431
6300,19233,7350
37,19234,5191
1550,19235,4160
345,19236,4050
4199,19237,6129
406,19238,1219
1694,19239,2124
495,19240,1227
3651,19241,3883
63,19242,459
4332,19243,4669
459,19244,1868
4669,19245,7344
1928,19246,2742
282,19247,5256
386,19248,2421
1995,19249,6168
282,19250,7218
1860,19251,1995
472,19252,2984
1233,19253,2771
936,19254,3063
1807,19255,6000
5875,19256,6000
557,19257,2340
557,19258,5704
381,19259,2341
125,19260,869
628,19261,2530
3235,19262,5006
373,19263,815
690,19264,1229
1898,19265,6177
2318,19266,2673
1142,19267,2896
1481,19268,2284
4669,19269,7639
595,19270,5722
2421,19271,7253
472,19272,3931
642,19273,2996
2798,19274,5474
7180,19275,7927
5474,19276,6997
557,19277,784
1520,19278,2552
495,19279,1271
682,19280,1516
2341,19281,2893
231,19282,1096
738,19283,3619
2071,19284,3786
1898,19285,7291
135,19286,467
1773,19287,3233
44,19288,5780
2742,19289,2967
595,19290,3319
4,19291,2395
4297,19292,4623
2489,19293,2578
1520,19294,6509
557,19295,2893
869,19296,5904
3651,19297,5166
2714,19298,4182
1246,19299,3365
1481,19300,6295
7082,19301,7639
7639,19302,7805
7344,19303,7639
640,19304,1012
1332,19305,4695
1991,19306,5505
345,19307,2984
3780,19308,5299
3622,19309,6775
800,19310,4584
406,19311,1220
111,19312,4848
2345,19313,3249
1139,19314,5298
107,19315,1296
92,19316,2836
3501,19317,5270
3271,19318,5419
4669,19319,4892
6618,19320,7788
4669,19321,7805
3212,19322,4829
5577,19323,7639
5994,19324,7350
1086,19325,7236
5070,19326,5454
37,19327,1854
2072,19328,3357
2275,19329,2701
4,19330,3520
800,19331,1404
340,19332,1529
2530,19333,3006
4886,19334,5440
4886,19335,4938
1792,19336,3130
373,19337,1098
1791,19338,2101
1851,19339,7785
7373,19340,7785
551,19341,6368
392,19342,4829
3167,19343,3233
5994,19344,7344
912,19345,7194
1469,19346,1726
2331,19347,5070
37,19348,1995
2579,19349,4297
1233,19350,2388
417,19351,2798
2086,19352,4274
1221,19353,1227
1871,19354,6509
105,19355,1604
783,19356,1109
352,19357,2341
1040,19358,2623
480,19359,1425
815,19360,1098
5006,19361,5145
1844,19362,4182
1142,19363,2714
1246,19364,4059
63,19365,523
3101,19366,3648
2431,19367,6618
392,19368,1743
5994,19369,7061
80,19370,4927
35,19371,4160
2395,19372,5932
2579,19373,4519
80,19374,1011
1943,19375,6916
1943,19376,6557
2010,19377,4349
3279,19378,3897
869,19379,2893
3006,19380,3977
3364,19381,5724
2121,19382,7067
628,19383,3006
961,19384,1611
961,19385,4938
679,19386,738
2324,19387,5451
62,19388,373
2672,19389,7679
1973,19390,2719
1246,19391,6076
2431,19392,6196
6637,19393,7344
5168,19394,7061
1726,19395,5780
37,19396,3230
2984,19397,4050
250,19398,269
642,19399,3622
250,19400,3717
250,19401,2072
6910,19402,7465
672,19403,3357
2631,19404,6988
2010,19405,2489
1040,19406,3364
1096,19407,1203
1464,19408,4817
7082,19409,7805
5577,19410,7116
7116,19411,7344
7344,19412,7848
5994,19413,6637
2559,19414,4001
2579,19415,6786
3822,19416,6571
249,19417,6746
6557,19418,6916
3205,19419,3520
5923,19420,6407
7,19421,4817
107,19422,2020
1792,19423,3883
1541,19424,6249
5760,19425,7700
1246,19426,2284
1497,19427,7783
2431,19428,7788
7116,19429,7639
6300,19430,7857
5168,19431,5994
595,19432,1166
386,19433,2851
386,19434,4031
35,19435,1628
2803,19436,4031
6129,19437,7462
1993,19438,7933
6407,19439,7927
2631,19440,7927
661,19441,1604
495,19442,2121
1096,19443,2959
2345,19444,4406
1844,19445,1898
1230,19446,2673
26,19447,2542
1851,19448,7373
2431,19449,7373
1851,19450,3940
1481,19451,7363
6637,19452,7848
6637,19453,7350
1907,19454,2197
2851,19455,2952
472,19456,2107
69,19457,472
1344,19458,5355
2802,19459,4719
4,19460,5095
6916,19461,8200
1111,19462,1621
2124,19463,2898
661,19464,2340
2552,19465,6509
783,19466,1529
2345,19467,3359
3249,19468,3359
5440,19469,5871
404,19470,2672
6472,19471,7681
5419,19472,5760
2668,19473,5211
1773,19474,3167
2626,19475,4669
4669,19476,7857
7350,19477,7857
4669,19478,7350
2331,19479,5168
1136,19480,4359
1860,19481,4031
2771,19482,4031
714,19483,4199
249,19484,7465
6557,19485,8200
3668,19486,5307
2774,19487,5307
1794,19488,1985
2121,19489,2560
1203,19490,4406
1203,19491,2345
679,19492,1320
1296,19493,3249
861,19494,2324
404,19495,679
914,19496,6249
373,19497,1343
1930,19498,4182
1930,19499,5960
6313,19500,7639
1743,19501,4829
545,19502,899
3319,19503,3996
4,19504,5932
2267,19505,3127
4940,19506,6437
2631,19507,6185
4063,19508,4848
231,19509,682
495,19510,4096
7,19511,2121
7,19512,2560
751,19513,775
5440,19514,7204
26,19515,6619
1783,19516,2101
459,19517,912
6637,19518,7116
5577,19519,5994
899,19520,1909
80,19521,4174
4359,19522,5355
2984,19523,8075
642,19524,3717
6129,19525,7465
3822,19526,8200
1271,19527,5875
1271,19528,6000
682,19529,2959
1604,19530,5904
2121,19531,4096
2020,19532,3359
2509,19533,6845
4639,19534,5006
3271,19535,5760
2626,19536,3996
3167,19537,4829
4669,19538,6637
6637,19539,7857
1907,19540,4001
35,19541,1550
1694,19542,2267
340,19543,783
5871,19544,7204
323,19545,773
6472,19546,6824
1142,19547,2719
668,19548,2284
467,19549,1663
7369,19550,7805
7082,19551,7369
7639,19552,7741
5577,19553,6423
5994,19554,6305
2326,19555,3931
3622,19556,4050
4,19557,1233
4,19558,5276
476,19559,1861
3025,19560,4364
1227,19561,3007
1464,19562,6051
5425,19563,6047
26,19564,6593
26,19565,5423
467,19566,728
668,19567,1246
551,19568,6279
4669,19569,6784
6423,19570,7116
5994,19571,6423
6323,19572,6637
5994,19573,6323
5168,19574,6305
2197,19575,4001
652,19576,7159
3780,19577,4519
1011,19578,3205
672,19579,889
2086,19580,5575
800,19581,1315
340,19582,2285
6105,19583,6509
4096,19584,5724
1040,19585,3006
125,19586,1604
628,19587,7560
742,19588,5298
62,19589,742
2509,19590,2725
738,19591,1575
773,19592,1229
1783,19593,6360
347,19594,5700
7116,19595,7741
6637,19596,6784
6423,19597,6637
44,19598,2742
269,19599,2802
672,19600,2996
249,19601,3241
2086,19602,2688
2489,19603,2552
111,19604,4063
3054,19605,4096
7,19606,1302
1302,19607,3153
664,19608,2560
861,19609,3883
2071,19610,6472
7082,19611,7741
4669,19612,6313
6323,19613,7857
5075,19614,7159
652,19615,5075
1469,19616,2107
714,19617,5832
1958,19618,4297
542,19619,2124
869,19620,2340
604,19621,6232
1529,19622,6232
3364,19623,6666
381,19624,775
3501,19625,7497
3792,19626,4059
1012,19627,1773
595,19628,1550
1991,19629,4045
2326,19630,3780
37,19631,5832
3169,19632,6786
4,19633,1387
3597,19634,4522
111,19635,3597
1040,19636,6666
961,19637,1320
135,19638,5877
467,19639,3996
6637,19640,7097
7097,19641,7857
4669,19642,6763
6305,19643,6423
1726,19644,2742
600,19645,7214
3169,19646,7487
1387,19647,5932
2996,19648,3717
417,19649,642
3668,19650,4349
1221,19651,1919
4063,19652,4522
5724,19653,6666
914,19654,6472
1791,19655,3792
1973,19656,2895
1851,19657,2352
1909,19658,3849
6313,19659,7741
4669,19660,7113
6323,19661,7097
2759,19662,3996
5168,19663,6323
1086,19664,2197
80,19665,3822
131,19666,542
1315,19667,3063
2836,19668,4639
773,19669,914
1768,19670,2714
7324,19671,7741
6784,19672,7113
4669,19673,7100
6313,19674,6423
6323,19675,6763
409,19676,3876
249,19677,889
406,19678,1111
1993,19679,3897
658,19680,3897
1109,19681,5674
738,19682,3501
3425,19683,4059
2714,19684,2947
1930,19685,2714
63,19686,5211
3167,19687,5971
2626,19688,7100
6305,19689,6637
1332,19690,1743
69,19691,2326
1550,19692,1628
4519,19693,5566
6129,19694,8215
672,19695,2072
1943,19696,2913
4584,19697,5727
1531,19698,1621
6185,19699,6992
784,19700,6025
784,19701,5704
1096,19702,1559
4096,19703,5065
1581,19704,5879
352,19705,2329
366,19706,480
288,19707,1611
288,19708,1320
474,19709,2447
1142,19710,2947
2352,19711,3101
459,19712,7374
4627,19713,4829
1759,19714,3940
2626,19715,7320
2431,19716,6483
652,19717,2331
4174,19718,5454
2984,19719,3931
7465,19720,7466
6129,19721,7466
406,19722,1233
4652,19723,6437
2124,19724,2267
2552,19725,4274
164,19726,4063
2631,19727,6992
4244,19728,4522
1559,19729,2959
5423,19730,5532
3167,19731,4627
6313,19732,7324
6313,19733,7097
6763,19734,7100
461,19735,5454
4359,19736,4927
249,19737,787
417,19738,2996
3597,19739,4244
1611,19740,7965
4320,19741,5871
323,19742,738
1930,19743,2947
63,19744,6022
467,19745,5700
545,19746,3101
7324,19747,7369
545,19748,1759
6313,19749,6784
7100,19750,7320
6313,19751,6637
6784,19752,7100
6784,19753,7097
2431,19754,3876
5411,19755,6323
1332,19756,3167
595,19757,2759
1332,19758,2952
2179,19759,4410
187,19760,250
542,19761,4297
2072,19762,2996
2795,19763,5575
2688,19764,5276
2010,19765,4274
2341,19766,2489
1271,19767,1737
6105,19768,6547
1040,19769,5957
340,19770,1109
125,19771,5001
366,19772,5674
628,19773,3153
3625,19774,5871
410,19775,3249
2725,19776,2836
280,19777,422
3791,19778,5760
1230,19779,1783
63,19780,300
300,19781,347
44,19782,669
545,19783,3056
7100,19784,7113
269,19785,1991
2984,19786,3169
187,19787,4045
3169,19788,3622
417,19789,476
406,19790,5757
3063,19791,5307
480,19792,3625
2710,19793,7965
1229,19794,2558
1142,19795,1768
63,19796,6054
2719,19797,4783
6784,19798,7115
7097,19799,7115
5411,19800,6763
4,19801,1628
714,19802,2388
2388,19803,3241
1529,19804,5188
3006,19805,4393
288,19806,2121
1053,19807,2509
92,19808,5145
2719,19809,5640
7097,19810,7100
7466,19811,8215
417,19812,889
476,19813,2267
2285,19814,3597
1460,19815,3054
1460,19816,4096
914,19817,2613
6313,19818,7113
29,19819,1909
6133,19820,7214
1958,19821,5566
1943,19822,2948
3205,19823,5575
889,19824,4364
6547,19825,6706
1218,19826,3359
861,19827,1792
107,19828,1098
92,19829,422
92,19830,4639
2071,19831,2613
3234,19832,4366
6313,19833,7115
1012,19834,5971
12,19835,2742
12,19836,1726
69,19837,1469
1995,19838,5160
249,19839,7466
1531,19840,3951
366,19841,6232
2324,19842,2613
2714,19843,4486
5279,19844,5532
551,19845,4960
12,19846,669
216,19847,2431
6313,19848,7100
3876,19849,6483
44,19850,1726
29,19851,259
1076,19852,2709
2952,19853,5588
1297,19854,2771
1297,19855,4031
187,19856,3717
3822,19857,4106
1011,19858,5223
4,19859,4652
569,19860,5307
889,19861,2798
569,19862,3063
1315,19863,2340
340,19864,2629
111,19865,1737
2285,19866,5699
125,19867,775
480,19868,2475
92,19869,280
1773,19870,4627
551,19871,921
912,19872,1163
6313,19873,7114
7100,19874,7115
6323,19875,7114
44,19876,2128
1086,19877,2221
6615,19878,7466
2523,19879,3520
542,19880,2267
1111,19881,1516
2340,19882,2514
678,19883,6105
111,19884,288
160,19885,480
1320,19886,1611
34,19887,2560
2725,19888,4320
404,19889,721
2047,19890,5680
63,19891,3328
1246,19892,3425
1246,19893,4245
12,19894,40
5655,19895,7346
80,19896,4399
4,19897,6920
3295,19898,6437
2893,19899,6621
1109,19900,2475
7,19901,5065
3609,19902,5540
861,19903,3651
2558,19904,3501
2672,19905,4090
3328,19906,6054
769,19907,1246
2895,19908,4627
1481,19909,3849
1051,19910,5411
1051,19911,7100
899,19912,4001
1166,19913,4732
2967,19914,5652
1461,19915,1991
269,19916,1461
3169,19917,5566
2795,19918,3205
1653,19919,2340
4923,19920,6547
4923,19921,6706
231,19922,7916
5699,19923,5709
366,19924,1203
288,19925,597
480,19926,2710
1869,19927,3651
648,19928,3249
648,19929,1053
280,19930,961
2725,19931,4639
721,19932,2672
4783,19933,5640
347,19934,6449
216,19935,1851
44,19936,6718
1051,19937,6313
1051,19938,6423
1899,19939,2331
595,19940,5075
349,19941,2709
386,19942,6133
1387,19943,2395
187,19944,642
1531,19945,2629
111,19946,4244
366,19947,1096
5709,19948,5879
366,19949,3609
2020,19950,2329
3625,19951,4320
3498,19952,5467
107,19953,815
703,19954,6450
63,19955,5290
3056,19956,3849
1773,19957,2817
6483,19958,7873
252,19959,4001
652,19960,1899
365,19961,1469
3931,19962,5186
282,19963,4045
1387,19964,8168
787,19965,6615
1694,19966,1919
1220,19967,1531
784,19968,2010
4063,19969,4244
2335,19970,2509
2335,19971,2725
668,19972,1481
899,19973,1759
5411,19974,7875
3876,19975,7873
1332,19976,4732
259,19977,2967
1922,19978,2221
365,19979,2107
4283,19980,4410
2795,19981,2948
2948,19982,5307
476,19983,1919
7,19984,971
2047,19985,3500
5279,19986,7309
2947,19987,4960
3056,19988,3101
5977,19989,7753
1012,19990,2817
1051,19991,7114
252,19992,3876
50,19993,5554
461,19994,4174
2160,19995,4174
1993,19996,2701
1985,19997,4393
1737,19998,2121
648,19999,5540
1246,20000,2180
769,20001,3101
216,20002,1759
6313,20003,7077
6313,20004,7807
2431,20005,5655
2395,20006,5990
1605,20007,3063
515,20008,1111
350,20009,1040
125,20010,6224
1110,20011,4022
1973,20012,6026
459,20013,1163
6313,20014,7875
349,20015,461
2851,20016,5588
1550,20017,4283
4359,20018,7225
3295,20019,4652
552,20020,1315
552,20021,2340
3951,20022,7399
3224,20023,6666
4320,20024,4938
5700,20025,6449
7077,20026,7807
29,20027,1481
1332,20028,5971
1012,20029,2759
1726,20030,7063
1012,20031,1166
4008,20032,5075
2238,20033,3622
2688,20034,3205
1111,20035,7931
5937,20036,5957
869,20037,5001
775,20038,2329
3625,20039,3775
679,20040,5671
1930,20041,3210
1110,20042,4084
2180,20043,3425
1051,20044,7807
1051,20045,7077
1051,20046,7875
3876,20047,7336
652,20048,4008
37,20049,714
80,20050,85
1111,20051,5930
2898,20052,7410
515,20053,2552
934,20054,2898
861,20055,3498
961,20056,5132
3328,20057,3791
1768,20058,4543
1783,20059,1791
668,20060,3849
1481,20061,5977
2431,20062,7873
252,20063,7336
1076,20064,4397
50,20065,3230
386,20066,5160
2072,20067,7500
2523,20068,5095
2913,20069,5223
2898,20070,3868
366,20071,7916
2341,20072,2923
869,20073,7903
628,20074,1869
323,20075,1866
1844,20076,3210
4022,20077,4084
44,20078,7370
2873,20079,4627
4174,20080,4927
4050,20081,5133
2913,20082,2948
1890,20083,3241
1694,20084,3868
6985,20085,7411
658,20086,1985
784,20087,6621
5879,20088,8007
480,20089,3775
2710,20090,7968
971,20091,3498
40,20092,3009
4543,20093,4783
4783,20094,4973
216,20095,551
252,20096,899
259,20097,1922
4008,20098,4283
5752,20099,5990
187,20100,2996
406,20101,5526
569,20102,2948
678,20103,682
784,20104,1653
350,20105,628
729,20106,1296
6450,20107,6462
2873,20108,3167
1949,20109,4050
4,20110,1967
406,20111,2259
569,20112,1605
552,20113,2514
1604,20114,3900
288,20115,1120
410,20116,648
2180,20117,7673
26,20118,5640
26,20119,7309
769,20120,2180
26,20121,6503
1773,20122,2873
1759,20123,2431
3876,20124,5655
282,20125,5133
1387,20126,5990
753,20127,2552
784,20128,3950
420,20129,1109
1768,20130,2947
921,20131,2895
1076,20132,5478
50,20133,1332
4410,20134,5238
2160,20135,4410
187,20136,7500
1463,20137,1993
2688,20138,4645
515,20139,682
3951,20140,5188
366,20141,682
5001,20142,7903
350,20143,1302
861,20144,1869
4320,20145,4931
92,20146,721
769,20147,3425
135,20148,6503
216,20149,3391
12,20150,7370
1012,20151,1332
12,20152,1687
461,20153,1899
84,20154,282
2160,20155,4399
5752,20156,7186
1517,20157,2395
4,20158,1517
2795,20159,5223
3868,20160,7410
2514,20161,6310
1604,20162,3180
3501,20163,4090
1930,20164,3391
668,20165,1783
1687,20166,5977
1076,20167,4538
543,20168,1166
85,20169,4399
4652,20170,5526
366,20171,3951
1690,20172,5001
3224,20173,4883
628,20174,5175
480,20175,878
1053,20176,2335
5425,20177,5680
40,20178,3978
40,20179,86
12,20180,86
1930,20181,4022
3391,20182,4960
921,20183,4627
2128,20184,7063
50,20185,3876
2709,20186,4397
543,20187,595
1949,20188,5133
187,20189,417
1790,20190,6310
1718,20191,2329
107,20192,3200
216,20193,2352
63,20194,1163
300,20195,1051
349,20196,4397
259,20197,5872
4283,20198,4918
37,20199,189
6434,20200,6963
4106,20201,5476
164,20202,5351
1737,20203,7384
1460,20204,5937
5300,20205,5709
2020,20206,3200
410,20207,1218
2071,20208,4323
73,20209,1844
3009,20210,5808
1791,20211,4581
26,20212,5532
1930,20213,4082
135,20214,4863
50,20215,1743
69,20216,2128
37,20217,252
5990,20218,7186
2653,20219,3205
111,20220,2285
4883,20221,5937
366,20222,3304
878,20223,3775
1320,20224,5887
280,20225,5132
373,20226,5386
26,20227,5481
3028,20228,3328
3391,20229,4082
769,20230,3056
921,20231,1743
1163,20232,5478
252,20233,5869
37,20234,50
2072,20235,2308
2653,20236,6919
5223,20237,6919
1315,20238,1605
1802,20239,2285
4393,20240,4951
1718,20241,4923
1302,20242,3224
1203,20243,3995
7,20244,34
861,20245,5314
410,20246,729
107,20247,8164
815,20248,8164
107,20249,343
474,20250,729
4090,20251,5455
668,20252,4245
216,20253,1930
2817,20254,7080
4538,20255,5399
85,20256,1628
3169,20257,3746
6245,20258,6609
1967,20259,3810
1790,20260,2514
934,20261,1227
2629,20262,3951
1040,20263,4883
160,20264,2710
648,20265,3609
648,20266,1055
373,20267,1689
1654,20268,1791
12,20269,7187
459,20270,4341
1163,20271,5399
652,20272,7071
349,20273,1630
282,20274,365
599,20275,1344
6127,20276,6245
2688,20277,3810
164,20278,889
1531,20279,5930
934,20280,1919
340,20281,1802
3375,20282,7384
775,20283,1839
107,20284,285
2725,20285,8079
773,20286,3465
4340,20287,6449
2197,20288,2733
2326,20289,3746
269,20290,2308
1958,20291,3305
7454,20292,8177
1502,20293,1967
6985,20294,7928
1737,20295,3375
191,20296,1653
3304,20297,5188
1653,20298,3950
1559,20299,2707
1055,20300,3609
3498,20301,5314
3116,20302,5132
421,20303,773
729,20304,2447
1230,20305,3654
86,20306,3978
2483,20307,3500
4863,20308,6503
3056,20309,6269
5652,20310,5872
1344,20311,1630
2227,20312,2326
1387,20313,1517
1233,20314,1890
4808,20315,6920
4326,20316,5223
6392,20317,6985
340,20318,4959
3282,20319,7891
597,20320,1320
422,20321,721
277,20322,4366
29,20323,899
365,20324,5652
461,20325,1630
5424,20326,5990
85,20327,4527
4527,20328,4947
4274,20329,4645
6392,20330,7928
3763,20331,3951
2260,20332,4393
1559,20333,2206
7,20334,1237
3210,20335,4082
3604,20336,5977
1726,20337,2128
1628,20338,4398
5424,20339,7186
1949,20340,2238
269,20341,5487
1502,20342,3810
1111,20343,3295
1839,20344,2329
288,20345,7980
1869,20346,5314
5671,20347,5887
2180,20348,4084
4022,20349,4082
347,20350,4340
769,20351,2352
467,20352,5598
1481,20353,3604
2873,20354,7080
2873,20355,6179
50,20356,2851
4008,20357,5238
84,20358,5133
4652,20359,4808
753,20360,784
2629,20361,3282
3282,20362,5188
2629,20363,5188
3304,20364,3951
2710,20365,3116
2613,20366,6890
4245,20367,4581
595,20368,2242
5872,20369,8093
542,20370,2238
6127,20371,8177
1468,20372,8177
6504,20373,7464
542,20374,1421
1502,20375,3295
1993,20376,2320
3295,20377,5759
164,20378,1919
3764,20379,4244
3282,20380,3951
2285,20381,5300
280,20382,1320
3443,20383,5455
769,20384,4245
135,20385,4055
763,20386,1051
1051,20387,5237
1332,20388,6179
1297,20389,3151
1233,20390,1297
4329,20391,5930
34,20392,2121
350,20393,3224
247,20394,8164
668,20395,1791
4863,20396,5255
50,20397,5655
2227,20398,5186
2072,20399,7472
542,20400,1463
784,20401,3420
3420,20402,5417
784,20403,5417
1802,20404,4959
125,20405,3900
3609,20406,3995
1521,20407,3609
350,20408,971
3245,20409,4931
1792,20410,4021
3443,20411,4090
2558,20412,6190
158,20413,1768
73,20414,3210
467,20415,4340
1212,20416,1461
85,20417,4918
386,20418,1297
5838,20419,6434
2238,20420,3087
1468,20421,4106
187,20422,2072
340,20423,420
1040,20424,4890
366,20425,2475
1718,20426,1839
7,20427,3683
1055,20428,3995
742,20429,2436
568,20430,861
668,20431,4581
399,20432,4045
187,20433,399
714,20434,3151
4106,20435,6504
2913,20436,6690
1531,20437,4329
658,20438,943
2260,20439,4951
4883,20440,4890
420,20441,2475
29,20442,6269
1278,20443,2873
20,20444,5478
20,20445,4397
2851,20446,8100
365,20447,5186
1949,20448,6688
4927,20449,8110
249,20450,1838
266,20451,2072
2523,20452,2653
3810,20453,4634
934,20454,3868
4274,20455,5417
753,20456,5417
191,20457,2514
191,20458,3180
2285,20459,5579
4951,20460,5175
91,20461,1218
107,20462,2980
2137,20463,4486
3500,20464,4233
73,20465,4084
73,20466,4022
3986,20467,4208
2017,20468,2759
29,20469,1922
1446,20470,1899
461,20471,1446
1949,20472,5186
1461,20473,4045
187,20474,2238
889,20475,2261
191,20476,3900
1689,20477,5386
2613,20478,5921
1654,20479,3654
2483,20480,4340
467,20481,867
2352,20482,4708
2017,20483,5237
1949,20484,3087
6127,20485,7454
1468,20486,7454
342,20487,1233
6683,20488,7454
649,20489,1517
2795,20490,3420
420,20491,5300
1690,20492,1839
91,20493,1203
878,20494,2475
5921,20495,6021
26,20496,5255
1687,20497,3604
20,20498,1163
4670,20499,7071
1468,20500,5476
6609,20501,6683
1468,20502,6504
6690,20503,6911
1890,20504,5526
569,20505,2913
164,20506,476
267,20507,658
191,20508,552
682,20509,1643
678,20510,753
1460,20511,3759
721,20512,3443
1844,20513,2137
3618,20514,3792
4233,20515,5680
668,20516,769
1481,20517,4081
467,20518,888
20,20519,1076
2851,20520,7610
2851,20521,5854
365,20522,1949
6683,20523,6911
6262,20524,6911
1404,20525,7532
4645,20526,5127
552,20527,1653
753,20528,2923
111,20529,5341
878,20530,1521
742,20531,3998
1866,20532,2084
343,20533,4980
2137,20534,3210
158,20535,4543
300,20536,4341
50,20537,386
37,20538,5967
543,20539,4398
399,20540,1461
2160,20541,6540
84,20542,399
399,20543,5487
649,20544,1967
2653,20545,4947
2653,20546,7541
1024,20547,2629
753,20548,2460
106,20549,934
111,20550,3764
280,20551,5887
568,20552,5314
773,20553,5490
2483,20554,5893
4022,20555,4708
1051,20556,4670
69,20557,635
267,20558,3868
1718,20559,2206
125,20560,1740
247,20561,373
3654,20562,4246
63,20563,1235
867,20564,5598
715,20565,1163
2128,20566,7331
1007,20567,1687
50,20568,1522
29,20569,1007
6262,20570,6683
1605,20571,4509
3282,20572,3763
3282,20573,3304
111,20574,3375
682,20575,4417
2329,20576,3200
343,20577,729
373,20578,5494
738,20579,1866
2084,20580,5490
247,20581,285
5799,20582,6190
3009,20583,4246
26,20584,4078
73,20585,2180
73,20586,4082
669,20587,4512
63,20588,4341
2817,20589,5628
259,20590,1007
2221,20591,7249
461,20592,5238
1212,20593,2221
599,20594,8110
85,20595,2160
417,20596,8131
889,20597,2472
267,20598,2267
159,20599,889
366,20600,2707
3759,20601,4883
91,20602,2206
107,20603,6699
63,20604,389
216,20605,4708
216,20606,921
2873,20607,6068
1468,20608,6609
1421,20609,2965
3406,20610,4808
4634,20611,5127
159,20612,6016
159,20613,164
1718,20614,2923
125,20615,3141
34,20616,3683
160,20617,7119
133,20618,721
343,20619,2980
729,20620,4980
715,20621,4341
12,20622,7331
921,20623,1522
599,20624,1630
2227,20625,3746
599,20626,5838
521,20627,2308
649,20628,2523
6683,20629,6929
542,20630,2965
6690,20631,6796
5509,20632,5526
5099,20633,5749
515,20634,4634
2399,20635,3950
5579,20636,7129
384,20637,1320
280,20638,3116
3028,20639,7736
3500,20640,5893
63,20641,6252
3604,20642,4081
20,20643,1899
1922,20644,2733
2731,20645,5238
386,20646,7170
84,20647,1949
338,20648,1297
338,20649,1387
342,20650,3151
6911,20651,6929
1890,20652,5509
943,20653,2320
1534,20654,3763
678,20655,2460
2883,20656,3304
2883,20657,3282
366,20658,4417
2206,20659,2707
125,20660,1690
940,20661,4890
940,20662,3224
350,20663,940
410,20664,1055
133,20665,280
26,20666,4678
921,20667,3892
3986,20668,6252
1163,20669,1235
4208,20670,4538
1278,20671,1332
69,20672,559
50,20673,252
3660,20674,4008
461,20675,2731
635,20676,2326
269,20677,726
6262,20678,6609
2688,20679,3852
3420,20680,4645
658,20681,2260
678,20682,2707
1690,20683,2399
3200,20684,6546
280,20685,7150
1151,20686,4203
1446,20687,4670
50,20688,5337
452,20689,7170
84,20690,7249
543,20691,5424
515,20692,1643
2172,20693,5175
1053,20694,4387
12,20695,3604
2128,20696,3384
2731,20697,3660
452,20698,7610
726,20699,2308
1502,20700,3406
2688,20701,4634
297,20702,476
1024,20703,3282
111,20704,164
164,20705,3375
111,20706,597
940,20707,4883
628,20708,2172
34,20709,1120
280,20710,384
1451,20711,3465
158,20712,2137
2464,20713,2873
2017,20714,2242
635,20715,2227
4398,20716,6100
4398,20717,5424
1949,20718,3844
187,20719,2965
1468,20720,6929
6796,20721,6911
249,20722,2261
476,20723,3293
784,20724,1159
106,20725,658
420,20726,3282
3969,20727,4581
825,20728,1630
342,20729,1297
5252,20730,6609
2426,20731,2653
187,20732,266
3852,20733,7541
1967,20734,3406
1534,20735,1643
3764,20736,7947
2923,20737,4781
421,20738,971
738,20739,4425
3210,20740,6052
1309,20741,1759
3239,20742,3660
206,20743,543
84,20744,365
543,20745,5854
187,20746,3844
164,20747,297
6392,20748,6987
3764,20749,5341
34,20750,6408
34,20751,3759
1235,20752,6252
216,20753,3892
888,20754,2017
84,20755,1922
461,20756,3284
50,20757,1005
599,20758,7650
1949,20759,2376
2227,20760,3087
521,20761,726
569,20762,4611
1605,20763,4619
3763,20764,4417
420,20765,2883
775,20766,6239
3224,20767,5539
1053,20768,8004
2871,20769,2980
343,20770,2871
73,20771,6611
4340,20772,7859
467,20773,4055
216,20774,1522
399,20775,1212
338,20776,1517
266,20777,521
6262,20778,6929
187,20779,3293
2261,20780,2472
1534,20781,4329
297,20782,934
191,20783,1784
784,20784,2399
1040,20785,4671
584,20786,3200
4323,20787,5921
300,20788,942
867,20789,4340
1278,20790,1522
559,20791,2128
298,20792,2326
365,20793,635
85,20794,2426
1463,20795,2320
267,20796,934
2707,20797,4417
1367,20798,3116
1053,20799,4155
568,20800,1869
343,20801,446
2464,20802,2817
20,20803,4208
888,20804,2464
252,20805,7058
50,20806,1278
5956,20807,6609
1468,20808,5956
1838,20809,2261
5749,20810,6598
111,20811,8015
1690,20812,3141
160,20813,293
247,20814,1689
3443,20815,4425
3618,20816,3969
389,20817,3028
4078,20818,4340
715,20819,1235
2242,20820,3239
521,20821,1838
6609,20822,6929
2653,20823,3852
267,20824,1463
1840,20825,3420
260,20826,4509
552,20827,1784
678,20828,2206
5986,20829,6766
5986,20830,8036
6239,20831,8036
2329,20832,8036
160,20833,1367
280,20834,1367
285,20835,5494
950,20836,5799
26,20837,1857
769,20838,6879
86,20839,7277
668,20840,6854
1051,20841,4767
2464,20842,6068
452,20843,5337
252,20844,1314
386,20845,5345
6540,20846,7650
189,20847,726
542,20848,636
342,20849,1890
159,20850,4813
788,20851,1024
420,20852,1024
420,20853,4959
1839,20854,7048
1869,20855,2172
91,20856,3200
34,20857,1866
421,20858,568
2180,20859,3618
63,20860,942
2804,20861,4055
1182,20862,5424
189,20863,4614
649,20864,2653
6262,20865,6676
266,20866,8131
1421,20867,3293
5641,20868,6598
3282,20869,7945
7129,20870,7396
4951,20871,6474
5986,20872,6239
3995,20873,4058
8003,20874,8004
446,20875,6546
133,20876,422
421,20877,5921
699,20878,3443
1857,20879,4078
3969,20880,6879
86,20881,3655
4078,20882,4678
2804,20883,5255
769,20884,1172
216,20885,1856
668,20886,4081
1051,20887,4211
20,20888,1446
50,20889,452
189,20890,6456
4527,20891,4903
5252,20892,5956
6609,20893,6676
6676,20894,6796
267,20895,943
658,20896,4395
159,20897,7947
1024,20898,7945
1576,20899,1718
971,20900,5539
3998,20901,5494
1244,20902,5490
1151,20903,3869
277,20904,7749
2137,20905,3015
3655,20906,4246
3022,20907,5255
300,20908,4767
3384,20909,3469
3239,20910,7722
206,20911,2242
84,20912,1212
1258,20913,5967
3087,20914,3616
3305,20915,4856
1890,20916,2259
164,20917,4813
1784,20918,4619
2172,20919,6474
160,20920,420
2329,20921,6239
422,20922,518
422,20923,7835
1689,20924,2815
26,20925,2804
1856,20926,3892
2364,20927,2464
543,20928,1182
5771,20929,6100
4614,20930,5268
1468,20931,4903
5855,20932,6796
2417,20933,3763
1024,20934,3763
1576,20935,1839
91,20936,2329
3245,20937,4155
1053,20938,8003
584,20939,6699
3610,20940,4233
158,20941,3599
3768,20942,4208
2731,20943,4670
365,20944,2450
5424,20945,6303
1026,20946,1517
787,20947,1890
2011,20948,4326
3852,20949,4326
7043,20950,7947
191,20951,3141
3683,20952,6408
878,20953,3245
4155,20954,8004
3419,20955,6546
410,20956,446
980,20957,2815
20,20958,825
85,20959,5771
2227,20960,3616
338,20961,1182
2011,20962,2653
1790,20963,6980
5127,20964,5721
260,20965,552
191,20966,205
1864,20967,7396
410,20968,4387
1244,20969,2084
2084,20970,2999
133,20971,518
3869,20972,4323
12,20973,4512
3599,20974,3892
298,20975,635
189,20976,1258
649,20977,1026
342,20978,5268
1463,20979,3440
6598,20980,7029
6598,20981,6980
159,20982,3557
1024,20983,4959
1024,20984,2883
34,20985,597
3245,20986,8000
3998,20987,6405
3245,20988,3562
300,20989,4891
1235,20990,4713
12,20991,3147
84,20992,7680
2376,20993,3844
636,20994,4856
5641,20995,7029
4204,20996,4329
1534,20997,2417
6239,20998,6500
1237,20999,1866
1305,21000,2335
1151,21001,2136
158,21002,3022
1314,21003,6161
85,21004,2231
1468,21005,2011
4637,21006,8143
4509,21007,4611
106,21008,267
1171,21009,2883
106,21010,4671
1576,21011,4781
1576,21012,6500
1237,21013,5539
971,21014,1237
285,21015,584
3245,21016,3976
568,21017,6835
528,21018,769
20,21019,3768
841,21020,6918
186,21021,678
3400,21022,3764
111,21023,6139
111,21024,4872
6766,21025,7048
742,21026,4873
1053,21027,1305
980,21028,2436
1305,21029,4736
26,21030,2796
2796,21031,2804
1235,21032,3768
2017,21033,3711
1446,21034,3284
1967,21035,6112
841,21036,1463
2280,21037,3852
569,21038,4509
1840,21039,5721
106,21040,2884
1802,21041,3557
1024,21042,2417
678,21043,5379
940,21044,4671
5170,21045,8015
366,21046,3178
6500,21047,6766
1521,21048,6237
384,21049,597
1370,21050,1869
584,21051,775
4733,21052,8003
421,21053,3869
668,21054,2700
2364,21055,2817
216,21056,1414
2242,21057,3711
1026,21058,2426
187,21059,212
787,21060,4614
542,21061,2708
342,21062,5509
266,21063,2472
841,21064,2320
569,21065,4326
2259,21066,6331
5641,21067,6980
1159,21068,3420
191,21069,260
2707,21070,3645
4155,21071,4733
1120,21072,2103
1305,21073,4387
3194,21074,3562
4736,21075,7749
422,21076,7573
2804,21077,3022
73,21078,528
1414,21079,1522
543,21080,1526
365,21081,7252
338,21082,5345
4903,21083,6922
1502,21084,2144
106,21085,2260
3375,21086,7393
376,21087,4074
34,21088,1237
3998,21089,4873
980,21090,3998
4078,21091,4974
715,21092,942
158,21093,5349
29,21094,1309
1051,21095,2906
2906,21096,4211
3711,21097,4211
365,21098,3469
1314,21099,2733
452,21100,543
726,21101,1838
2011,21102,6922
2144,21103,2280
515,21104,3122
267,21105,2884
2460,21106,5379
568,21107,971
568,21108,1370
4387,21109,4733
277,21110,3194
635,21111,2765
298,21112,559
636,21113,3616
212,21114,3844
726,21115,787
787,21116,1838
7027,21117,7513
7029,21118,7515
7513,21119,8162
260,21120,1784
420,21121,1864
1576,21122,6766
293,21123,5170
4155,21124,8000
133,21125,4425
1451,21126,2999
867,21127,4891
2023,21128,4512
668,21129,4655
715,21130,763
1446,21131,6216
825,21132,3284
84,21133,2376
599,21134,2231
1297,21135,2154
4750,21136,5015
2011,21137,3852
1159,21138,4619
1802,21139,1864
1576,21140,2399
350,21141,1814
742,21142,1746
1866,21143,2103
729,21144,2401
1172,21145,6854
763,21146,2906
1007,21147,4810
559,21148,3384
838,21149,2733
452,21150,1005
838,21151,1212
1182,21152,6303
3402,21153,5509
788,21154,1802
159,21155,7043
205,21156,552
4074,21157,4890
1033,21158,1866
247,21159,5494
2815,21160,4423
277,21161,4736
1151,21162,2161
4678,21163,5952
2364,21164,2960
84,21165,838
6106,21166,7221
2376,21167,4666
399,21168,521
7608,21169,8162
7182,21170,8162
186,21171,1643
1024,21172,1171
111,21173,2325
3178,21174,4058
940,21175,1814
1120,21176,1282
421,21177,1244
1244,21178,2999
216,21179,528
610,21180,3284
5,21181,1468
4204,21182,6594
3400,21183,4465
5593,21184,6172
34,21185,5593
410,21186,1330
277,21187,1305
867,21188,7264
4055,21189,6078
298,21190,4684
85,21191,8054
2154,21192,7221
5855,21193,6489
463,21194,787
463,21195,1890
781,21196,4637
6980,21197,7515
569,21198,3955
1502,21199,2133
186,21200,515
1159,21201,1892
91,21202,4058
293,21203,1367
285,21204,6405
247,21205,2871
950,21206,1451
389,21207,942
528,21208,1172
528,21209,1309
29,21210,528
20,21211,6182
84,21212,2450
5015,21213,5252
5721,21214,7032
1534,21215,4204
2260,21216,6375
2206,21217,5600
2577,21218,3645
125,21219,1746
971,21220,6781
980,21221,8127
26,21222,4974
158,21223,1856
867,21224,2247
888,21225,2122
4750,21226,6636
4750,21227,8188
1468,21228,8181
342,21229,3402
649,21230,2144
7027,21231,7608
164,21232,766
267,21233,297
186,21234,4417
971,21235,1244
1969,21236,3610
510,21237,3604
1005,21238,1258
4750,21239,7489
4750,21240,6356
4599,21241,5252
3406,21242,6112
7182,21243,7608
205,21244,260
376,21245,1072
159,21246,2325
106,21247,376
2260,21248,2970
264,21249,5593
34,21250,264
106,21251,4074
366,21252,4278
2593,21253,3562
1151,21254,7589
4713,21255,7828
2464,21256,4912
3147,21257,4810
52,21258,1007
610,21259,1446
543,21260,1884
5771,21261,7229
5,21262,2011
297,21263,1072
410,21264,5844
1055,21265,5844
26,21266,910
73,21267,7571
942,21268,3610
1856,21269,3015
4055,21270,5952
29,21271,52
3239,21272,4621
2765,21273,4684
2227,21274,6334
7489,21275,8188
2874,21276,4903
5015,21277,6356
4599,21278,5015
3293,21279,5633
2144,21280,7032
1362,21281,6331
515,21282,6998
264,21283,7393
393,21284,878
1740,21285,2024
1151,21286,1678
1654,21287,3014
2023,21288,3655
12,21289,3384
3147,21290,3469
7137,21291,7221
6636,21292,7489
3402,21293,5173
636,21294,841
5,21295,8166
5,21296,5855
569,21297,5690
766,21298,4813
1370,21299,1818
1282,21300,2103
1237,21301,2294
1969,21302,7264
2364,21303,4055
12,21304,510
2247,21305,4767
1061,21306,2464
1278,21307,6183
559,21308,4684
610,21309,2731
745,21310,3141
34,21311,2657
255,21312,2172
940,21313,5482
293,21314,384
1370,21315,1814
3998,21316,5606
1678,21317,7589
7571,21318,7590
510,21319,2023
1061,21320,2960
1005,21321,5345
599,21322,6636
85,21323,2874
6331,21324,7649
1840,21325,5690
2206,21326,2577
125,21327,745
655,21328,1237
980,21329,5606
942,21330,1969
73,21331,3015
5952,21332,7281
4055,21333,7281
715,21334,7633
12,21335,3469
85,21336,4934
2376,21337,4766
187,21338,3605
5252,21339,8178
3402,21340,3406
463,21341,6276
3122,21342,5721
3846,21343,4395
1784,21344,1892
186,21345,3645
1171,21346,4278
2735,21347,4387
1305,21348,2735
133,21349,2593
247,21350,4423
1151,21351,1518
1131,21352,3969
2230,21353,3599
1061,21354,1278
541,21355,1278
452,21356,541
5771,21357,8054
399,21358,3605
788,21359,1123
1738,21360,2417
520,21361,4781
2325,21362,3400
3141,21363,5038
2436,21364,5156
73,21365,1856
12,21366,5542
2804,21367,3108
559,21368,984
556,21369,6216
338,21370,1005
342,21371,656
5,21372,569
1241,21373,3406
186,21374,3320
264,21375,376
3865,21376,4465
2577,21377,3178
384,21378,1282
1367,21379,3976
2312,21380,4713
4337,21381,5349
3599,21382,4131
4666,21383,4766
1026,21384,6303
2261,21385,4292
164,21386,457
1534,21387,1738
2460,21388,5048
520,21389,2460
520,21390,1576
133,21391,699
1678,21392,3869
2032,21393,3655
3108,21394,7281
2960,21395,3022
715,21396,1627
4998,21397,8106
1182,21398,1884
189,21399,5111
4599,21400,8178
3108,21401,4055
2700,21402,4655
1235,21403,1627
2731,21404,6010
521,21405,1549
407,21406,5173
5379,21407,6634
106,21408,2970
218,21409,1576
4058,21410,5267
510,21411,4655
29,21412,7366
29,21413,7325
1061,21414,6183
50,21415,1019
635,21416,4744
1258,21417,4657
4305,21418,7229
4856,21419,5246
6356,21420,8182
266,21421,399
5633,21422,7655
4292,21423,4391
297,21424,457
1738,21425,4204
4261,21426,4395
264,21427,1072
393,21428,6237
34,21429,655
3760,21430,4155
2436,21431,6481
1305,21432,2991
1518,21433,1678
3015,21434,4568
473,21435,5952
888,21436,4912
1348,21437,3711
2731,21438,4998
4934,21439,7229
726,21440,8042
2472,21441,4292
781,21442,7649
1159,21443,1443
91,21444,3178
1244,21445,2294
5606,21446,8127
4423,21447,8127
894,21448,950
2137,21449,4568
473,21450,4974
1856,21451,2230
715,21452,4263
1007,21453,4610
12,21454,976
1314,21455,7190
1200,21456,2450
543,21457,4170
84,21458,1200
1026,21459,1182
636,21460,5246
5252,21461,6769
2325,21462,5593
186,21463,908
255,21464,940
1818,21465,6661
568,21466,990
1518,21467,2161
3610,21468,3963
2796,21469,2960
12,21470,7105
2231,21471,2955
3616,21472,4666
85,21473,497
2426,21474,2874
569,21475,1443
908,21476,3645
4278,21477,5056
205,21478,1740
91,21479,5267
584,21480,3419
2735,21481,4733
4873,21482,5156
446,21483,3419
1131,21484,3618
942,21485,4891
1235,21486,2312
473,21487,4055
2467,21488,6078
365,21489,1255
6465,21490,6636
6465,21491,8182
636,21492,2708
4395,21493,4895
3122,21494,5048
1024,21495,1738
3846,21496,6375
520,21497,6634
2157,21498,2206
6235,21499,6237
1746,21500,2024
2735,21501,2991
5606,21502,6166
1305,21503,1989
2796,21504,3108
968,21505,1235
1414,21506,4131
29,21507,1314
50,21508,7738
1255,21509,2450
4934,21510,5079
189,21511,1972
2874,21512,8072
4599,21513,6356
212,21514,7655
212,21515,1421
3955,21516,4316
159,21517,7949
980,21518,6892
980,21519,8212
1969,21520,3963
2700,21521,3014
2960,21522,7261
473,21523,867
1061,21524,4912
556,21525,1446
2765,21526,4633
365,21527,3250
726,21528,1888
420,21529,5056
2657,21530,4074
384,21531,5491
2848,21532,4733
1652,21533,3998
1330,21534,4901
1244,21535,5308
990,21536,2136
389,21537,2312
942,21538,968
1348,21539,2122
6365,21540,7190
252,21541,3336
206,21542,4621
556,21543,6010
2227,21544,4744
298,21545,2227
838,21546,7149
4744,21547,4766
399,21548,7485
726,21549,1549
4599,21550,5688
6356,21551,8170
781,21552,8141
5048,21553,5927
1642,21554,5593
990,21555,1151
1969,21556,4891
1309,21557,6365
541,21558,1061
825,21559,955
6465,21560,6951
338,21561,407
4391,21562,6276
1362,21563,1738
267,21564,4261
1171,21565,1331
2970,21566,4564
678,21567,2157
34,21568,5491
4733,21569,7998
4155,21570,7998
1652,21571,1746
6892,21572,8212
942,21573,4263
216,21574,1567
12,21575,2907
556,21576,2906
7190,21577,7711
1005,21578,4657
6951,21579,8182
4599,21580,6769
641,21581,2708
3402,21582,4971
1443,21583,5690
3122,21584,6998
159,21585,766
1864,21586,3865
2024,21587,2436
5156,21588,6166
976,21589,984
4621,21590,5079
206,21591,4934
6374,21592,8182
6356,21593,6374
5688,21594,6356
4599,21595,7617
4599,21596,7663
4389,21597,6243
6663,21598,6804
267,21599,1962
297,21600,1962
520,21601,678
4465,21602,7447
91,21603,2577
393,21604,420
1095,21605,2294
6166,21606,8212
6725,21607,8212
6166,21608,6725
1305,21609,2401
2796,21610,3577
4131,21611,6183
4621,21612,5559
1019,21613,7738
599,21614,7568
167,21615,4666
7617,21616,8170
5203,21617,5633
267,21618,6804
205,21619,974
34,21620,1642
1172,21621,1270
73,21622,238
528,21623,1567
976,21624,3384
206,21625,1526
541,21626,1526
2728,21627,8072
2728,21628,2874
4599,21629,8170
2011,21630,2874
4599,21631,8198
266,21632,4836
1840,21633,2280
1643,21634,4516
766,21635,7949
506,21636,3557
3834,21637,4872
908,21638,3178
584,21639,3386
3760,21640,7998
707,21641,3976
446,21642,4901
1131,21643,3014
3336,21644,6365
3336,21645,7711
825,21646,7070
4644,21647,4934
599,21648,2955
7663,21649,8199
2144,21650,5165
4261,21651,7960
164,21652,795
3846,21653,7960
1802,21654,7007
420,21655,1331
1576,21656,2157
845,21657,1814
2103,21658,3404
7539,21659,8212
867,21660,5856
2960,21661,3108
510,21662,4610
2122,21663,2467
4683,21664,4912
6183,21665,7099
452,21666,2193
610,21667,955
696,21668,726
189,21669,2510
1194,21670,1362
766,21671,795
5170,21672,5339
91,21673,4496
2848,21674,6235
2848,21675,7998
1330,21676,2735
707,21677,2593
980,21678,7539
2401,21679,4901
277,21680,518
4010,21681,4078
663,21682,4337
1007,21683,2244
20,21684,4390
84,21685,3511
599,21686,5672
5672,21687,5688
212,21688,641
1072,21689,2741
260,21690,1892
479,21691,520
2970,21692,4789
940,21693,2657
745,21694,1740
584,21695,6001
2735,21696,2848
6892,21697,7539
980,21698,6166
1989,21699,2401
950,21700,2240
2700,21701,6187
27,21702,5542
473,21703,3108
2205,21704,6502
2765,21705,7196
1005,21706,7246
298,21707,4744
599,21708,3767
3511,21709,7485
1258,21710,1972
6374,21711,8170
266,21712,1880
1026,21713,6554
159,21714,6302
4261,21715,6804
297,21716,2741
159,21717,3134
908,21718,4278
91,21719,6001
446,21720,1330
699,21721,894
158,21722,1390
556,21723,4621
4170,21724,8087
6374,21725,6951
5688,21726,6374
6366,21727,7663
267,21728,865
267,21729,3744
4261,21730,6663
1962,21731,2884
3846,21732,4347
1642,21733,3834
218,21734,745
384,21735,2667
247,21736,446
421,21737,1955
1969,21738,5856
4178,21739,7261
12,21740,929
663,21741,3022
2364,21742,4683
3147,21743,3569
1019,21744,1183
4684,21745,7196
1526,21746,8087
5688,21747,8170
6366,21748,8199
1,21749,2011
1241,21750,1502
3122,21751,3489
74,21752,186
1642,21753,2325
1642,21754,4872
3178,21755,6060
1370,21756,2412
1818,21757,2412
1746,21758,5549
1857,21759,6043
2032,21760,2700
238,21761,1856
2247,21762,3289
510,21763,7084
888,21764,4683
6354,21765,6542
206,21766,5079
2491,21767,5079
3708,21768,5111
1258,21769,2154
167,21770,3616
781,21771,2424
506,21772,7007
788,21773,7644
506,21774,3865
4872,21775,5339
845,21776,5482
2848,21777,6431
584,21778,4694
133,21779,5708
158,21780,3598
910,21781,1390
510,21782,2032
3108,21783,3577
2960,21784,3577
1627,21785,4263
616,21786,2906
206,21787,3453
338,21788,561
5688,21789,7495
6374,21790,7495
3387,21791,5688
407,21792,1026
3387,21793,8170
5698,21794,8199
212,21795,7016
4261,21796,6071
2884,21797,6663
376,21798,1424
3320,21799,4351
908,21800,3320
4564,21801,4789
1652,21802,5549
6725,21803,8213
86,21804,3092
1172,21805,6187
1414,21806,1567
1255,21807,3569
556,21808,5079
206,21809,3910
1026,21810,1884
1972,21811,2154
3387,21812,7617
5698,21813,8198
5293,21814,7023
5293,21815,5361
1502,21816,5165
297,21817,865
2133,21818,3489
1072,21819,1424
4465,21820,5339
908,21821,2577
745,21822,2024
1282,21823,6251
3419,21824,4682
3362,21825,7576
158,21826,2548
158,21827,2230
3289,21828,4263
1061,21829,4683
556,21830,616
20,21831,6273
4305,21832,4644
1026,21833,2250
399,21834,935
167,21835,212
463,21836,1888
8196,21837,8198
5698,21838,6366
4836,21839,5203
506,21840,6302
5048,21841,5537
1864,21842,7644
520,21843,2157
4758,21844,5038
255,21845,4789
293,21846,2720
845,21847,1095
1282,21848,3404
1678,21849,1955
2032,21850,3014
86,21851,2032
73,21852,1270
3577,21853,4178
2826,21854,3289
968,21855,1627
3147,21856,4030
556,21857,5559
4390,21858,7191
252,21859,3342
2549,21860,4170
2250,21861,4305
3387,21862,6374
656,21863,1194
1123,21864,2424
186,21865,4351
264,21866,2325
255,21867,4564
3582,21868,5491
655,21869,5308
1989,21870,4901
949,21871,2032
1131,21872,2780
26,21873,5733
158,21874,4568
2364,21875,3108
473,21876,2467
2907,21877,4610
1183,21878,2193
84,21879,3250
4976,21880,5111
298,21881,3616
935,21882,7485
159,21883,4292
5,21884,1443
1840,21885,5158
457,21886,865
186,21887,3154
3154,21888,3320
908,21889,4351
3748,21890,3865
1331,21891,5056
420,21892,4624
218,21893,4496
1033,21894,3404
2593,21895,5368
518,21896,2593
950,21897,6490
73,21898,6751
910,21899,3577
663,21900,1061
616,21901,2247
206,21902,1099
610,21903,5842
497,21904,2728
167,21905,2708
3387,21906,7495
457,21907,5203
260,21908,3136
1892,21909,3136
3834,21910,5339
34,21911,2405
91,21912,1330
990,21913,1818
5156,21914,6228
27,21915,86
473,21916,4010
2312,21917,4553
968,21918,2205
1627,21919,2247
616,21920,1627
888,21921,3453
20,21922,902
4766,21923,5603
167,21924,641
463,21925,656
5698,21926,6337
781,21927,1362
6071,21928,6663
506,21929,1123
255,21930,1370
91,21931,218
1223,21932,3419
2991,21933,3760
2312,21934,5895
238,21935,1567
20,21936,1627
4131,21937,7794
541,21938,2193
825,21939,7126
4934,21940,5347
497,21941,2231
726,21942,2510
1738,21943,4516
520,21944,2253
3748,21945,4465
420,21946,3188
218,21947,6001
2137,21948,2299
867,21949,2826
2907,21950,4030
1255,21951,4633
955,21952,7191
2491,21953,4998
1,21954,2874
4900,21955,5361
186,21956,4516
479,21957,3154
2325,21958,3134
106,21959,3269
4758,21960,6013
218,21961,2157
293,21962,4624
2848,21963,3760
894,21964,2240
1857,21965,5733
4610,21966,5662
20,21967,4459
252,21968,696
298,21969,5246
1198,21970,5246
1888,21971,2510
5698,21972,6694
999,21973,4391
212,21974,4900
267,21975,2741
745,21976,6013
655,21977,1095
3404,21978,6251
1033,21979,5308
1310,21980,5708
247,21981,4845
2299,21982,4568
1969,21983,2262
1857,21984,5856
20,21985,968
132,21986,976
616,21987,902
838,21988,1314
696,21989,3708
2955,21990,3767
5,21991,8129
2741,21992,6660
260,21993,974
3817,21994,4564
205,21995,3190
255,21996,1308
845,21997,2657
518,21998,1310
4010,21999,5733
528,22000,1270
2230,22001,5092
528,22002,4539
2244,22003,3569
556,22004,5842
561,22005,1005
1884,22006,2549
463,22007,1633
999,22008,4292
4836,22009,4977
1443,22010,4316
1362,22011,1938
2133,22012,4516
218,22013,3386
2727,22014,3760
41,22015,1244
3820,22016,4553
902,22017,4390
20,22018,2497
29,22019,838
610,22020,5741
825,22021,8105
1549,22022,7482
656,22023,4360
1633,22024,6276
1123,22025,1362
506,22026,3134
655,22027,4431
1370,22028,2823
5549,22029,6912
2727,22030,2991
1955,22031,2194
910,22032,3318
3318,22033,3577
5092,22034,7794
2467,22035,4683
132,22036,984
1099,22037,3453
132,22038,4633
696,22039,1314
561,22040,2549
999,22041,1549
636,22042,4827
841,22043,2565
865,22044,5203
1362,22045,4447
795,22046,1072
1892,22047,2253
393,22048,6060
34,22049,3582
5826,22050,6490
2826,22051,5856
3117,22052,3289
1348,22053,2467
616,22054,1348
1884,22055,3910
547,22056,3767
547,22057,2955
841,22058,5293
1917,22059,2133
1443,22060,3136
106,22061,1424
97,22062,2157
2720,22063,5339
655,22064,2103
2593,22065,5420
2401,22066,5649
1390,22067,2548
1131,22068,1270
12,22069,4030
1414,22070,7099
556,22071,902
6273,22072,7824
1314,22073,1893
838,22074,3968
3248,22075,3744
479,22076,2157
6623,22077,6629
41,22078,5308
6228,22079,7990
707,22080,5368
133,22081,1033
229,22082,277
821,22083,2161
3092,22084,3362
158,22085,663
2205,22086,4459
929,22087,976
930,22088,3453
825,22089,2474
696,22090,838
1880,22091,3605
5,22092,5583
1241,22093,1917
865,22094,3248
205,22095,1056
974,22096,1056
393,22097,908
67,22098,91
384,22099,7166
1652,22100,7990
821,22101,1518
1131,22102,6751
73,22103,1131
930,22104,1526
298,22105,511
84,22106,5603
1753,22107,4657
935,22108,3511
3387,22109,5672
3387,22110,7577
74,22111,1738
4261,22112,5240
3846,22113,5240
2157,22114,2814
255,22115,864
655,22116,1927
2727,22117,2848
2194,22118,3698
277,22119,5368
389,22120,7832
1627,22121,7356
4610,22122,5739
20,22123,2716
511,22124,7196
825,22125,1256
955,22126,1256
5347,22127,8058
1,22128,5
159,22129,7506
4261,22130,7954
1892,22131,3637
926,22132,1024
1864,22133,4276
97,22134,479
2577,22135,2814
745,22136,5549
91,22137,1223
2727,22138,2735
949,22139,3362
2548,22140,4178
473,22141,517
517,22142,4010
2247,22143,3117
2205,22144,3820
663,22145,5092
514,22146,1414
206,22147,4085
561,22148,1884
7209,22149,7564
906,22150,2250
2154,22151,7491
1880,22152,4630
266,22153,999
1962,22154,2741
479,22155,5537
1424,22156,2741
3154,22157,4351
74,22158,908
291,22159,2401
277,22160,4248
73,22161,5406
238,22162,445
968,22163,2716
514,22164,1567
32,22165,528
955,22166,5741
1200,22167,2069
1255,22168,3250
547,22169,8105
497,22170,7226
167,22171,1670
6482,22172,8060
1123,22173,1938
1123,22174,2936
159,22175,506
1586,22176,3846
2657,22177,4431
293,22178,2675
1196,22179,4845
277,22180,5420
389,22181,2262
158,22182,445
52,22183,5662
825,22184,2497
298,22185,1670
266,22186,4630
845,22187,1308
745,22188,2696
845,22189,2823
1095,22190,2282
1989,22191,5649
821,22192,1678
968,22193,2312
2474,22194,7070
2491,22195,5347
4998,22196,7141
3767,22197,7564
1888,22198,2396
3248,22199,4900
865,22200,2679
926,22201,1331
264,22202,1396
255,22203,4478
3748,22204,5339
384,22205,3368
4682,22206,5021
41,22207,2240
5368,22208,5420
699,22209,2427
27,22210,3092
86,22211,1211
32,22212,3336
1255,22213,2069
547,22214,7564
1014,22215,2154
2250,22216,2728
5707,22217,6482
636,22218,1571
6694,22219,7471
1,22220,4680
1962,22221,2679
788,22222,926
795,22223,1424
864,22224,4478
218,22225,4758
1308,22226,3817
384,22227,7397
41,22228,3698
821,22229,990
894,22230,2427
2780,22231,3014
2298,22232,3318
556,22233,1099
656,22234,5707
1597,22235,3744
74,22236,4516
479,22237,2684
3582,22238,6896
1330,22239,1835
446,22240,1835
133,22241,359
359,22242,1033
132,22243,4030
52,22244,6003
547,22245,7209
2231,22246,3246
463,22247,2510
1,22248,2728
212,22249,1880
5293,22250,6909
1241,22251,5057
1633,22252,2424
4977,22253,7033
5240,22254,7954
3269,22255,5240
264,22256,795
97,22257,2814
247,22258,492
518,22259,5420
1989,22260,4248
3734,22261,5895
27,22262,1211
838,22263,6003
1256,22264,2497
1026,22265,2728
393,22266,1331
393,22267,4790
2269,22268,6515
3698,22269,6515
291,22270,5649
1125,22271,3963
389,22272,7283
27,22273,929
86,22274,785
7376,22275,7381
935,22276,1880
1198,22277,1571
463,22278,1194
155,22279,5165
457,22280,7405
1962,22281,7405
1638,22282,1642
3368,22283,7397
990,22284,2525
2136,22285,4479
446,22286,492
2299,22287,5406
2032,22288,4260
73,22289,445
2826,22290,3117
3117,22291,7356
616,22292,3117
2474,22293,2497
2250,22294,4644
696,22295,1829
561,22296,8060
3050,22297,4360
159,22298,839
2007,22299,3489
1443,22300,5158
186,22301,1057
3134,22302,7889
2405,22303,3018
4694,22304,5021
41,22305,1033
1310,22306,2593
990,22307,4479
1033,22308,2240
5649,22309,6564
1027,22310,2826
3145,22311,4178
2716,22312,7059
955,22313,2497
4998,22314,6711
497,22315,7141
5536,22316,7653
999,22317,1888
641,22318,5293
1597,22319,6071
457,22320,2741
74,22321,4351
4143,22322,4758
2412,22323,2480
2412,22324,4321
291,22325,446
122,22326,518
517,22327,2826
12,22328,785
663,22329,3145
6448,22330,7381
2337,22331,2907
1019,22332,1097
2549,22333,3910
935,22334,3968
935,22335,1549
5,22336,6293
159,22337,1633
1194,22338,4447
3134,22339,4921
3188,22340,4624
2405,22341,4431
1642,22342,2720
1308,22343,2823
1196,22344,3386
291,22345,5483
389,22346,6038
510,22347,6338
5739,22348,7376
430,22349,5739
1061,22350,2052
547,22351,1256
1112,22352,4556
511,22353,5603
3636,22354,4644
656,22355,1682
2126,22356,2565
506,22357,5408
2253,22358,2684
91,22359,1379
1330,22360,2848
2269,22361,2282
2982,22362,5368
430,22363,7376
29,22364,7339
689,22365,1526
206,22366,1757
2250,22367,3636
1014,22368,1112
298,22369,1198
5057,22370,8204
2679,22371,7405
1738,22372,3809
506,22373,3748
2591,22374,3817
908,22375,2814
1308,22376,2591
804,22377,2696
2667,22378,7397
707,22379,746
247,22380,4694
949,22381,4260
2298,22382,5733
510,22383,785
5739,22384,6448
577,22385,2467
577,22386,4683
663,22387,2052
930,22388,1061
52,22389,2244
2193,22390,6008
906,22391,1884
1549,22392,5745
641,22393,5950
1241,22394,5109
155,22395,1241
1,22396,7544
1597,22397,5293
1917,22398,4516
1938,22399,3809
908,22400,1945
745,22401,3190
3386,22402,6406
1223,22403,1835
1223,22404,2155
849,22405,3404
2155,22406,4682
3318,22407,5733
968,22408,3820
3232,22409,6827
12,22410,2337
2811,22411,2907
689,22412,930
3342,22413,4158
1099,22414,7162
511,22415,3250
167,22416,511
1369,22417,1972
561,22418,2487
656,22419,7491
674,22420,1880
1201,22421,1633
2424,22422,3481
2126,22423,6415
2684,22424,3637
926,22425,1864
264,22426,1638
67,22427,2848
529,22428,6629
1989,22429,2727
473,22430,5187
984,22431,2187
1097,22432,3342
463,22433,1369
3387,22434,4130
999,22435,2396
1194,22436,3481
3136,22437,3564
457,22438,7936
1638,22439,2325
1642,22440,3018
2667,22441,2720
2696,22442,5549
218,22443,6406
4248,22444,5483
517,22445,5733
430,22446,6448
1097,22447,1183
1165,22448,2491
696,22449,5745
999,22450,1201
457,22451,1962
3154,22452,7959
926,22453,2936
1396,22454,1424
745,22455,804
1211,22456,3092
1131,22457,5208
132,22458,7800
206,22459,6002
2889,22460,6711
1571,22461,1670
656,22462,1014
1549,22463,4630
167,22464,5950
1682,22465,5707
1674,22466,7959
2253,22467,3637
1638,22468,3018
6251,22469,6377
2727,22470,5729
41,22471,643
47,22472,2298
32,22473,1567
6273,22474,6291
3411,22475,5741
838,22476,3719
3719,22477,3968
2955,22478,4915
497,22479,4715
5707,22480,7458
3382,22481,5158
307,22482,1597
1123,22483,1647
1331,22484,1945
849,22485,2103
446,22486,1223
5227,22487,7402
643,22488,2240
47,22489,3145
5762,22490,6448
5739,22491,5762
2337,22492,2811
6265,22493,7339
1893,22494,6265
541,22495,5034
838,22496,3403
955,22497,3246
906,22498,3910
1829,22499,4976
1670,22500,5950
608,22501,3387
2618,22502,4827
5057,22503,5109
1057,22504,2007
479,22505,2055
2055,22506,2684
974,22507,5050
218,22508,1379
2823,22509,5555
229,22510,4248
73,22511,5208
1027,22512,2262
61,22513,510
4459,22514,6291
906,22515,4085
561,22516,1014
5,22517,5536
865,22518,4798
839,22519,1633
4680,22520,5551
457,22521,2679
2384,22522,7628
1077,22523,3269
106,22524,6180
2550,22525,3368
2480,22526,4321
341,22527,492
29,22528,5762
1165,22529,4085
935,22530,4843
2487,22531,5707
1014,22532,1682
463,22533,765
765,22534,1194
1,22535,5687
307,22536,3248
2741,22537,3381
1077,22538,5240
382,22539,4921
849,22540,7166
2194,22541,4291
132,22542,511
2069,22543,3250
511,22544,1670
407,22545,7458
641,22546,3560
2389,22547,5536
2565,22548,2618
3353,22549,6779
2480,22550,5555
529,22551,1652
707,22552,736
2525,22553,4321
359,22554,2427
1369,22555,1753
2728,22556,6707
1549,22557,2396
1597,22558,2565
1424,22559,3381
1223,22560,1379
6577,22561,7166
2282,22562,5040
2680,22563,2848
1310,22564,2602
341,22565,446
2299,22566,6037
3820,22567,6866
473,22568,3872
1183,22569,6008
696,22570,4158
1753,22571,4556
1753,22572,1829
5,22573,2389
463,22574,1201
1,22575,155
1674,22576,5551
3509,22577,4516
305,22578,3564
479,22579,1674
3188,22580,4276
1927,22581,2405
5555,22582,7002
849,22583,6577
2269,22584,2525
1610,22585,2727
277,22586,2982
122,22587,1310
47,22588,2548
517,22589,6073
430,22590,6338
3232,22591,5092
132,22592,5884
1873,22593,2497
1829,22594,2510
1014,22595,2487
167,22596,3560
1,22597,8158
1597,22598,2384
1647,22599,2936
74,22600,926
2253,22601,5050
2405,22602,6362
2814,22603,4207
1642,22604,3974
2515,22605,4624
2667,22606,3694
5040,22607,5555
990,22608,3109
277,22609,6272
1027,22610,3117
430,22611,5662
32,22612,514
511,22613,2187
3250,22614,5738
3403,22615,3719
1014,22616,1753
4843,22617,5745
2048,22618,4977
3094,22619,4389
1057,22620,3154
1396,22621,3018
804,22622,4143
153,22623,3582
2550,22624,2675
5040,22625,7002
736,22626,746
3318,22627,4440
3872,22628,5187
430,22629,5762
1099,22630,6002
1256,22631,3246
1014,22632,1369
2396,22633,2536
1201,22634,2396
1,22635,7615
212,22636,4798
3381,22637,7426
1586,22638,5240
1056,22639,3190
746,22640,2982
317,22641,2780
1125,22642,2262
2298,22643,3432
968,22644,1027
6073,22645,6848
5312,22646,7360
2811,22647,5662
3411,22648,5842
1757,22649,2549
1255,22650,5738
5293,22651,6742
3050,22652,5109
457,22653,3555
2741,22654,7000
506,22655,2286
4460,22656,6130
3190,22657,7083
643,22658,2194
857,22659,4248
47,22660,3432
2244,22661,2811
28,22662,7683
1255,22663,5884
4158,22664,7163
1324,22665,2069
696,22666,2114
3246,22667,4915
561,22668,770
167,22669,6165
212,22670,411
5,22671,7012
307,22672,2679
2679,22673,3555
1056,22674,5050
1396,22675,1638
382,22676,3748
67,22677,4790
359,22678,6377
1940,22679,7087
689,22680,1757
2889,22681,3411
561,22682,1112
407,22683,2487
641,22684,6165
5950,22685,6165
5,22686,3353
155,22687,1917
1917,22688,3509
2126,22689,2384
2286,22690,2936
393,22691,1945
2941,22692,4321
229,22693,5729
229,22694,2982
3917,22695,6272
857,22696,5483
517,22697,4440
61,22698,430
1388,22699,3117
2114,22700,4158
1135,22701,2491
2987,22702,4915
2955,22703,2987
1670,22704,6165
212,22705,397
608,22706,2389
2389,22707,7547
2384,22708,5240
106,22709,1727
218,22710,2747
3352,22711,4431
4481,22712,5227
4975,22713,5891
517,22714,2298
577,22715,1845
666,22716,1893
298,22717,5811
1256,22718,4915
1577,22719,5745
3331,22720,4130
3560,22721,6165
3752,22722,5057
3752,22723,5109
3094,22724,3159
3159,22725,4389
1586,22726,2384
3817,22727,7144
382,22728,1638
2696,22729,4933
2739,22730,5555
67,22731,1835
446,22732,2155
229,22733,857
481,22734,930
3222,22735,6008
955,22736,3411
401,22737,2549
1135,22738,1165
770,22739,2487
1597,22740,2126
1473,22741,1917
3094,22742,3353
305,22743,3094
74,22744,1945
3748,22745,5061
41,22746,2282
2525,22747,2941
663,22748,1845
1833,22749,7748
132,22750,2244
28,22751,2244
497,22752,796
548,22753,4630
228,22754,6649
3363,22755,3637
3748,22756,4149
1196,22757,7429
41,22758,1095
849,22759,1033
4975,22760,5227
5227,22761,5548
4975,22762,5548
1677,22763,2194
3432,22764,3872
929,22765,7793
1655,22766,2052
6291,22767,6443
2187,22768,5811
1829,22769,2536
397,22770,1880
212,22771,5184
1477,22772,2396
1201,22773,1477
74,22774,3509
1056,22775,4460
382,22776,5445
2739,22777,2823
1095,22778,1927
153,22779,849
2103,22780,3120
6754,22781,7675
3734,22782,5804
158,22783,2870
5762,22784,7367
5762,22785,7748
739,22786,902
2497,22787,5042
1099,22788,1135
3411,22789,7153
1682,22790,2487
548,22791,1549
167,22792,5184
1473,22793,3809
3564,22794,4219
3555,22795,7000
795,22796,3252
393,22797,3943
2814,22798,3507
845,22799,3352
359,22800,849
3109,22801,4479
1610,22802,5729
2427,22803,7131
317,22804,4260
445,22805,6037
6265,22806,7198
28,22807,2069
4556,22808,5248
1549,22809,1577
765,22810,3481
1647,22811,3809
74,22812,1057
4276,22813,5061
6362,22814,6369
359,22815,8001
41,22816,2269
4854,22817,5227
643,22818,4291
497,22819,7224
765,22820,8214
411,22821,5184
155,22822,2007
305,22823,3637
5829,22824,7421
3155,22825,3188
359,22826,6577
919,22827,2427
61,22828,4260
47,22829,158
61,22830,785
663,22831,4617
7367,22832,7748
132,22833,2337
1135,22834,2889
547,22835,3461
2987,22836,3331
77,22837,407
1633,22838,5328
7000,22839,7424
305,22840,1056
319,22841,506
435,22842,4921
804,22843,2747
97,22844,218
393,22845,811
6577,22846,7967
849,22847,5016
2941,22848,2976
1677,22849,1678
6050,22850,7718
2337,22851,7790
514,22852,1097
1873,22853,5042
1682,22854,2622
411,22855,3560
3050,22856,3752
1983,22857,6742
2424,22858,5328
3555,22859,7424
3381,22860,7421
319,22861,926
97,22862,3507
3507,22863,4207
2739,22864,3378
2550,22865,2602
1610,22866,2680
3785,22867,6073
1388,22868,6073
935,22869,2373
5,22870,7640
397,22871,411
3560,22872,5184
839,22873,999
307,22874,4798
307,22875,7409
435,22876,3252
382,22877,3134
795,22878,1396
864,22879,3454
804,22880,4933
2480,22881,3454
359,22882,7398
4481,22883,4975
122,22884,3917
785,22885,929
1135,22886,6002
1674,22887,2007
382,22888,435
2747,22889,4758
67,22890,4207
67,22891,1379
517,22892,7718
112,22893,968
1388,22894,5312
514,22895,2156
132,22896,4259
2052,22897,2156
511,22898,2069
1369,22899,1829
2622,22900,3050
3353,22901,4219
2050,22902,4478
864,22903,2050
1945,22904,3943
382,22905,3018
3018,22906,7107
1931,22907,2720
67,22908,393
849,22909,7967
387,22910,1196
2525,22911,3109
61,22912,4598
430,22913,4598
32,22914,238
246,22915,7793
667,22916,1670
765,22917,1369
1647,22918,3394
795,22919,1638
4149,22920,5445
2550,22921,3694
1196,22922,7537
359,22923,6900
41,22924,3120
177,22925,1310
2548,22926,5517
481,22927,1099
2291,22928,6002
4474,22929,7153
3411,22930,4523
6125,22931,6165
5629,22932,7426
3134,22933,4175
1586,22934,7896
319,22935,3748
2253,22936,2747
2720,22937,4149
153,22938,1927
2445,22939,2675
387,22940,492
359,22941,919
2273,22942,6754
47,22943,3318
3432,22944,5705
577,22945,3872
132,22946,2811
1639,22947,5034
666,22948,3403
511,22949,4703
667,22950,1571
548,22951,1577
167,22952,6125
999,22953,7546
1,22954,3382
3937,22955,5408
2936,22956,3394
6577,22957,6900
1310,22958,7398
1610,22959,6972
949,22960,7826
785,22961,1211
1388,22962,3785
4259,22963,4487
28,22964,132
481,22965,689
1757,22966,2291
4523,22967,7153
3331,22968,5726
4130,22969,6435
3067,22970,3331
407,22971,2465
1,22972,38
228,22973,7546
1473,22974,3509
5629,22975,7414
5629,22976,7424
435,22977,3134
2926,22978,4460
926,22979,1945
319,22980,4276
319,22981,5061
382,22982,7107
382,22983,3974
849,22984,6900
2602,22985,5614
359,22986,7904
821,22987,3109
41,22988,2273
1013,22989,5804
666,22990,7198
2474,22991,3174
1256,22992,7146
2987,22993,3983
3331,22994,3983
796,22995,4715
1,22996,7640
1201,22997,4847
674,22998,4798
3363,22999,3382
7403,23000,7409
2286,23001,3394
5126,23002,5829
3381,23003,5126
1931,23004,3155
2445,23005,2515
1927,23006,6855
2976,23007,4479
1196,23008,6398
4481,23009,4854
5891,23010,5962
445,23011,2870
246,23012,6070
1655,23013,1845
739,23014,4523
928,23015,5248
1165,23016,4795
906,23017,2819
3983,23018,5726
4847,23019,5328
307,23020,1983
2007,23021,7527
2050,23022,7144
811,23023,2515
1931,23024,3694
529,23025,8031
746,23026,1610
746,23027,3261
492,23028,1196
2525,23029,6606
2273,23030,7131
1666,23031,2982
689,23032,2091
928,23033,1097
1135,23034,2291
2545,23035,3403
241,23036,906
935,23037,3840
2465,23038,8187
765,23039,4847
305,23040,4219
3381,23041,5629
5126,23042,7421
492,23043,2977
291,23044,857
1125,23045,5794
1211,23046,4735
1183,23047,3222
5586,23048,5738
1256,23049,5656
1515,23050,3246
3840,23051,4843
1,23052,497
38,23053,155
393,23054,4386
804,23055,1056
2785,23056,3190
2480,23057,2739
1652,23058,7537
1196,23059,6441
122,23060,177
177,23061,3917
949,23062,3729
158,23063,4991
47,23064,1845
666,23065,4158
1515,23066,3411
1515,23067,2889
241,23068,8053
906,23069,3636
1571,23070,2501
5184,23071,6125
77,23072,155
1057,23073,1674
3381,23074,3930
2515,23075,2567
67,23076,811
218,23077,3606
1379,23078,3606
849,23079,6981
7398,23080,7904
2665,23081,2977
492,23082,2665
1946,23083,5208
61,23084,7826
2245,23085,3872
246,23086,4259
770,23087,1112
839,23088,3937
3555,23089,5629
5126,23090,5996
926,23091,1647
1424,23092,3930
3155,23093,5061
67,23094,3943
3974,23095,4149
3044,23096,4854
2245,23097,3432
481,23098,577
6443,23099,6735
514,23100,960
4474,23101,4523
1128,23102,4703
1324,23103,2373
432,23104,511
497,23105,8070
407,23106,1179
5950,23107,6125
1444,23108,2396
846,23109,4798
7001,23110,7424
1301,23111,1396
804,23112,5118
3914,23113,5730
1610,23114,3261
5422,23115,5517
2102,23116,6037
317,23117,4598
2245,23118,5705
32,23119,3341
32,23120,7780
5042,23121,6443
1873,23122,4474
1873,23123,3174
511,23124,5586
2187,23125,6004
2487,23126,3908
497,23127,6956
6957,23128,6962
263,23129,2622
674,23130,2048
3509,23131,4098
5629,23132,7001
3930,23133,5126
319,23134,2226
1945,23135,3479
3120,23136,6855
643,23137,2273
5517,23138,5660
317,23139,7704
3341,23140,7780
430,23141,3624
29,23142,2117
1639,23143,3222
1757,23144,1965
666,23145,2545
770,23146,2037
3636,23147,4795
511,23148,667
1577,23149,3840
674,23150,846
3555,23151,5394
3555,23152,7001
209,23153,2926
1077,23154,5126
435,23155,1638
5016,23156,5036
1677,23157,3109
47,23158,5517
689,23159,1965
2037,23160,3222
782,23161,1753
1670,23162,6962
6956,23163,8070
2501,23164,6957
497,23165,8184
5184,23166,6800
3173,23167,3560
1983,23168,2618
263,23169,1473
790,23170,1597
1057,23171,3509
1808,23172,5996
382,23173,1620
736,23174,811
2480,23175,7973
226,23176,6050
61,23177,949
61,23178,2811
481,23179,1965
1128,23180,2187
667,23181,6962
263,23182,3050
307,23183,411
1216,23184,1633
790,23185,2126
6983,23186,7414
2286,23187,5371
209,23188,3159
5126,23189,5629
1721,23190,3381
1077,23191,1808
1077,23192,1727
3120,23193,5036
1835,23194,2339
387,23195,2155
2525,23196,5035
1013,23197,5794
47,23198,4210
517,23199,3020
949,23200,4735
246,23201,1776
1873,23202,3905
1165,23203,4139
1112,23204,1614
411,23205,6884
38,23206,2465
263,23207,3752
4219,23208,4882
3555,23209,7935
5629,23210,6983
3596,23211,4175
1721,23212,5126
5528,23213,7896
74,23214,3479
1424,23215,2135
3188,23216,4361
2739,23217,3352
218,23218,1815
1196,23219,1815
3044,23220,4481
341,23221,2155
5422,23222,7702
517,23223,6839
5705,23224,6839
4617,23225,4991
1655,23226,2156
2291,23227,2819
796,23228,1515
1515,23229,3983
796,23230,3067
8070,23231,8184
3173,23232,6125
3173,23233,5184
608,23234,3067
77,23235,3752
411,23236,846
1057,23237,4098
3555,23238,6983
1727,23239,3352
1056,23240,5469
736,23241,2445
317,23242,949
73,23243,1946
61,23244,4735
2811,23245,3077
1965,23246,2291
782,23247,928
1829,23248,2114
511,23249,575
575,23250,667
608,23251,3461
3067,23252,6906
1,23253,8184
1198,23254,2501
2501,23255,2618
765,23256,1323
319,23257,2286
1723,23258,1927
3974,23259,5334
5035,23260,6606
122,23261,359
1833,23262,5086
4487,23263,4609
928,23264,1183
1873,23265,4007
1256,23266,4007
2114,23267,2545
1614,23268,2037
397,23269,846
3937,23270,5371
13,23271,3937
1721,23272,3930
305,23273,2926
3155,23274,4361
1652,23275,2019
387,23276,3606
5035,23277,6605
4210,23278,7702
47,23279,7702
226,23280,517
225,23281,1027
28,23282,466
5055,23283,6957
765,23284,2622
13,23285,228
1638,23286,3252
2567,23287,4386
2515,23288,4361
588,23289,3694
1652,23290,1940
6605,23291,6606
3109,23292,5035
3872,23293,7641
3624,23294,4177
112,23295,2716
1655,23296,7845
52,23297,466
2373,23298,3719
2536,23299,2775
5055,23300,6962
1945,23301,6730
1379,23302,4216
6347,23303,6398
1940,23304,3044
291,23305,341
514,23306,4617
1388,23307,1915
1639,23308,1655
960,23309,1183
667,23310,5055
38,23311,77
1597,23312,1983
228,23313,2048
2553,23314,3094
532,23315,2048
13,23316,3596
1721,23317,5996
209,23318,305
1056,23319,2785
123,23320,1056
3352,23321,3378
153,23322,1723
67,23323,2779
153,23324,4594
177,23325,1666
430,23326,4177
739,23327,7192
666,23328,3719
1198,23329,2196
167,23330,6800
411,23331,6800
548,23332,1444
1323,23333,1473
2135,23334,4965
1727,23335,2135
1620,23336,4149
1723,23337,3352
3454,23338,3914
2019,23339,5118
588,23340,6981
1815,23341,6441
445,23342,4595
3785,23343,3989
1251,23344,3341
1833,23345,3672
2117,23346,5086
32,23347,314
401,23348,2819
401,23349,770
782,23350,2114
782,23351,1829
796,23352,5726
667,23353,2501
6956,23354,8184
307,23355,6063
1057,23356,3187
305,23357,4882
1721,23358,7414
1214,23359,2384
2785,23360,2926
2747,23361,6728
4594,23362,5334
588,23363,849
1610,23364,7321
643,23365,2484
317,23366,712
47,23367,3020
241,23368,770
2987,23369,5275
3461,23370,5275
155,23371,7642
5,23372,4882
6063,23373,7935
13,23374,4175
1945,23375,2567
3073,23376,3943
97,23377,2779
175,23378,291
128,23379,430
739,23380,1915
132,23381,5997
2501,23382,5055
5394,23383,7935
6983,23384,7935
860,23385,2055
3398,23386,5061
3479,23387,3943
2591,23388,3202
97,23389,6728
1815,23390,3606
1379,23391,5381
153,23392,5036
41,23393,2956
2739,23394,7973
41,23395,2484
821,23396,5080
5823,23397,7731
3020,23398,4210
4598,23399,7820
2334,23400,6735
411,23401,3173
3159,23402,5421
5394,23403,6983
2380,23404,6983
2380,23405,3555
1214,23406,1808
319,23407,3596
804,23408,5469
359,23409,588
166,23410,3261
122,23411,919
1677,23412,2978
317,23413,7263
1882,23414,1946
128,23415,4598
1251,23416,1833
928,23417,3222
1580,23418,4474
315,23419,3719
3047,23420,3461
1,23421,6631
839,23422,4344
5,23423,2553
1,23424,3383
13,23425,839
2941,23426,4768
2339,23427,2680
529,23428,1940
2976,23429,4768
1388,23430,6849
2245,23431,7641
32,23432,1251
3077,23433,4177
3624,23434,3672
2334,23435,5042
315,23436,2373
575,23437,4703
589,23438,2465
1369,23439,4258
7621,23440,8184
167,23441,411
1,23442,7621
1216,23443,5328
3937,23444,4344
3187,23445,5665
1808,23446,7427
1721,23447,2380
1077,23448,1721
3155,23449,3398
382,23450,3437
1815,23451,5118
2184,23452,2404
359,23453,5673
166,23454,1666
4365,23455,4820
1833,23456,3624
52,23457,5292
547,23458,2919
3840,23459,6103
770,23460,3908
5055,23461,8069
3173,23462,5055
1,23463,7939
1721,23464,5629
3352,23465,3593
2779,23466,4216
2404,23467,2602
359,23468,1232
3109,23469,5787
61,23470,128
1655,23471,2912
1965,23472,2091
2114,23473,2775
2373,23474,4737
1829,23475,4258
6339,23476,6956
1179,23477,3908
6631,23478,8184
4344,23479,5371
6063,23480,6999
860,23481,1674
1721,23482,1808
1077,23483,2050
382,23484,1711
822,23485,4149
2019,23486,5469
153,23487,3437
736,23488,2184
41,23489,2614
2870,23490,3156
47,23491,1691
1691,23492,1845
3445,23493,3905
2919,23494,4007
1128,23495,1208
1515,23496,5656
806,23497,3636
5055,23498,6355
263,23499,1179
1444,23500,1477
4707,23501,5371
1077,23502,3930
1620,23503,5061
1723,23504,4965
1733,23505,2515
153,23506,588
1598,23507,7321
27,23508,2767
7263,23509,7820
128,23510,7263
1135,23511,3070
4007,23512,5656
1682,23513,5861
5055,23514,6091
548,23515,6907
4344,23516,4707
2380,23517,3930
1077,23518,7390
123,23519,2747
588,23520,4594
5614,23521,6438
5080,23522,5787
5794,23523,7734
128,23524,7820
1833,23525,2933
1845,23526,3439
739,23527,3445
589,23528,906
2536,23529,6277
3067,23530,5305
77,23531,263
2389,23532,5305
319,23533,1620
2050,23534,7390
2226,23535,3398
97,23536,4216
529,23537,2019
175,23538,857
821,23539,5787
3972,23540,4365
1655,23541,5833
2156,23542,5833
2091,23543,2912
2117,23544,6770
28,23545,5586
28,23546,1324
1290,23547,4795
639,23548,770
6631,23549,6956
846,23550,6884
765,23551,2592
5,23552,1391
1,23553,1391
3383,23554,5665
307,23555,790
2380,23556,5394
3120,23557,4966
3103,23558,3232
32,23559,3232
796,23560,3983
6091,23561,6355
6631,23562,7621
2501,23563,3173
1140,23564,4847
5,23565,3298
307,23566,3057
1638,23567,3076
36,23568,6730
1396,23569,3076
1413,23570,2739
919,23571,5081
3712,23572,4735
61,23573,3712
430,23574,7862
3989,23575,4812
112,23576,225
112,23577,780
780,23578,2716
2078,23579,2091
1290,23580,2819
1577,23581,2775
1198,23582,1435
608,23583,3047
1,23584,7451
1198,23585,6110
1983,23586,3173
13,23587,2048
860,23588,3363
1721,23589,7427
74,23590,3789
319,23591,435
3073,23592,3479
822,23593,1931
822,23594,5334
4026,23595,5381
849,23596,2614
492,23597,3863
492,23598,7456
1882,23599,3972
4812,23600,5788
1639,23601,5833
52,23602,315
2037,23603,4054
241,23604,401
639,23605,5750
6339,23606,6631
1983,23607,2501
2618,23608,5182
1216,23609,4344
213,23610,4098
1323,23611,1647
305,23612,2553
1721,23613,6999
1471,23614,2785
123,23615,5469
1931,23616,3242
2956,23617,5087
1317,23618,1610
605,23619,1610
122,23620,1232
229,23621,7347
780,23622,7764
2117,23623,3672
481,23624,2912
314,23625,960
401,23626,536
4737,23627,6103
263,23628,4955
2622,23629,4955
228,23630,6907
674,23631,3057
2553,23632,3298
13,23633,435
3076,23634,3252
7390,23635,7915
97,23636,2747
382,23637,5334
1723,23638,2956
3863,23639,7456
857,23640,5214
3785,23641,7867
32,23642,3972
112,23643,7764
1639,23644,2156
3526,23645,4609
52,23646,7838
253,23647,960
3222,23648,7696
315,23649,466
253,23650,928
4523,23651,5602
1112,23652,5750
6631,23653,7451
1983,23654,5182
790,23655,1983
3394,23656,3600
305,23657,1471
2050,23658,3202
4015,23659,7874
2102,23660,2870
4595,23661,4991
61,23662,3428
514,23663,4125
3077,23664,3267
780,23665,7852
2919,23666,3174
6631,23667,8169
2592,23668,2622
397,23669,674
674,23670,1563
36,23671,74
3437,23672,4594
1413,23673,2956
1940,23674,1944
387,23675,3863
1211,23676,3896
4184,23677,4365
6829,23678,7862
61,23679,3827
2776,23680,5631
3077,23681,5292
466,23682,7838
253,23683,314
1639,23684,7696
666,23685,3376
432,23686,1324
782,23687,1614
5055,23688,5390
5,23689,5305
1140,23690,1216
13,23691,532
1077,23692,7915
2226,23693,2567
3071,23694,3479
4026,23695,4216
1677,23696,2484
4210,23697,5642
27,23698,4355
730,23699,2245
61,23700,6421
516,23701,1915
2117,23702,6158
253,23703,3222
1205,23704,4139
639,23705,3908
4737,23706,5241
806,23707,6339
167,23708,638
1,23709,5391
411,23710,7040
3394,23711,4707
67,23712,1488
1413,23713,3378
849,23714,5036
2484,23715,4015
857,23716,2861
24,23717,47
430,23718,6829
3341,23719,4530
3445,23720,7852
3672,23721,5292
666,23722,5765
401,23723,2037
1614,23724,7168
2545,23725,2599
1205,23726,1515
3339,23727,5275
5573,23728,5861
5391,23729,6631
3173,23730,6091
1444,23731,3539
1323,23732,4955
1216,23733,1444
228,23734,1444
713,23735,3363
36,23736,3479
97,23737,3278
1733,23738,2014
41,23739,4995
341,23740,1101
1946,23741,3536
4530,23742,6829
3103,23743,4991
128,23744,4177
516,23745,739
2334,23746,3445
5292,23747,7838
928,23748,7168
4825,23749,6277
397,23750,5241
737,23751,796
1682,23752,3908
2501,23753,5390
3173,23754,5390
548,23755,2043
36,23756,1647
3242,23757,3398
1317,23758,2339
226,23759,3020
2102,23760,4820
4595,23761,7829
4184,23762,4820
1691,23763,2245
1776,23764,2776
7065,23765,7696
314,23766,928
3114,23767,4007
2919,23768,3114
28,23769,432
2113,23770,2775
1829,23771,3243
667,23772,2196
5241,23773,6103
667,23774,1435
1682,23775,5573
1174,23776,1983
4041,23777,5297
3383,23778,5198
1733,23779,4361
811,23780,2824
3914,23781,4768
588,23782,4739
2739,23783,6143
2976,23784,4290
1115,23785,3044
3608,23786,4032
4595,23787,4820
47,23788,96
666,23789,4024
1639,23790,4054
782,23791,3376
1515,23792,1580
737,23793,3047
548,23794,4857
532,23795,3057
3600,23796,4707
1301,23797,3076
2445,23798,4361
67,23799,1598
574,23800,2977
919,23801,4201
3156,23802,4480
625,23803,1965
2819,23804,6630
790,23805,1214
952,23806,1077
822,23807,1620
4966,23808,4995
166,23809,736
2976,23810,5565
2870,23811,7829
536,23812,2078
401,23813,6630
1208,23814,2196
1614,23815,5750
796,23816,806
1577,23817,4325
6091,23818,6123
3173,23819,5659
790,23820,1174
860,23821,6055
2135,23822,2380
3666,23823,5528
3493,23824,4216
4966,23825,5087
1815,23826,3152
387,23827,3152
4201,23828,5081
1476,23829,4480
1013,23830,2143
32,23831,3103
132,23832,3267
314,23833,3376
315,23834,1324
2037,23835,7215
806,23836,1290
5391,23837,8169
4811,23838,6887
2592,23839,4811
1444,23840,4041
532,23841,3076
3071,23842,3278
3202,23843,4077
811,23844,1598
24,23845,2870
666,23846,3143
315,23847,2599
432,23848,575
5055,23849,5581
5581,23850,6091
3173,23851,5171
38,23852,1391
2380,23853,7952
3921,23854,4386
3454,23855,3627
588,23856,6325
166,23857,2184
175,23858,341
2102,23859,6858
2078,23860,2912
3376,23861,5765
536,23862,1639
4013,23863,5275
1435,23864,2196
2592,23865,4955
2050,23866,3666
3437,23867,6372
2404,23868,4000
2273,23869,2348
126,23870,712
225,23871,1125
4355,23872,4566
730,23873,3020
2572,23874,4184
3972,23875,4230
730,23876,1691
2163,23877,3905
5390,23878,6091
5390,23879,5581
5659,23880,6091
3173,23881,5581
77,23882,213
307,23883,1721
1997,23884,3789
36,23885,2567
3065,23886,3202
3627,23887,3914
387,23888,3816
175,23889,4962
2348,23890,2958
574,23891,5230
5611,23892,7347
24,23893,6486
225,23894,516
333,23895,2117
333,23896,3672
3143,23897,6158
1128,23898,4272
886,23899,5750
241,23900,4917
4825,23901,4994
667,23902,5390
737,23903,3067
5171,23904,5659
1077,23905,2488
3071,23906,3789
97,23907,915
1620,23908,4333
2014,23909,2567
3863,23910,5230
2978,23911,4015
3729,23912,5823
24,23913,7829
2572,23914,3103
32,23915,4230
1128,23916,3045
432,23917,4272
5391,23918,6339
6091,23919,6348
228,23920,2043
38,23921,5198
790,23922,1397
1,23923,3363
1808,23924,2488
319,23925,3100
588,23926,6772
4266,23927,7438
3152,23928,3863
166,23929,4000
2614,23930,2958
2861,23931,5214
1712,23932,1882
3114,23933,3174
6091,23934,6680
5659,23935,6123
1983,23936,2879
213,23937,263
5528,23938,5793
3914,23939,5778
1815,23940,3979
2339,23941,4266
1317,23942,4962
1115,23943,5071
3769,23944,5857
128,23945,3428
3077,23946,3428
577,23947,1915
489,23948,6630
1435,23949,2501
6123,23950,6348
3638,23951,5391
5171,23952,6123
156,23953,608
213,23954,1323
3187,23955,4036
952,23956,2135
1944,23957,2019
2348,23958,2614
341,23959,3816
177,23960,2130
3896,23961,4355
2912,23962,3439
3045,23963,3526
625,23964,3070
1205,23965,1580
432,23966,3825
886,23967,4258
1477,23968,4994
5581,23969,6348
5581,23970,5659
307,23971,6640
3383,23972,4036
319,23973,4707
2380,23974,7963
435,23975,2535
1301,23976,1723
1488,23977,3073
153,23978,6772
177,23979,5098
1125,23980,3688
2102,23981,3769
226,23982,3989
3103,23983,4617
246,23984,2776
1251,23985,2933
1639,23986,6171
315,23987,3143
2599,23988,3143
2037,23989,3093
575,23990,4272
5159,23991,5241
2669,23992,4258
6120,23993,6123
1563,23994,2043
860,23995,4036
219,23996,305
822,23997,3242
2019,23998,2929
849,23999,1730
45,24000,4995
1677,24001,6914
2102,24002,3164
226,24003,716
303,24004,3989
3428,24005,4177
481,24006,625
2113,24007,2599
782,24008,3243
5581,24009,6680
638,24010,6897
2669,24011,6887
1140,24012,1477
2048,24013,3198
860,24014,1997
822,24015,1711
1944,24016,4232
5098,24017,5673
41,24018,220
2767,24019,5810
4595,24020,5434
226,24021,303
730,24022,5788
516,24023,780
1832,24024,2334
3445,24025,3894
739,24026,3894
782,24027,2113
1323,24028,3999
228,24029,1563
156,24030,3298
228,24031,3198
713,24032,860
3398,24033,4284
2785,24034,2929
3152,24035,4232
605,24036,5214
574,24037,4032
227,24038,5823
1085,24039,3896
577,24040,4812
2933,24041,4641
3267,24042,5292
28,24043,1673
806,24044,1205
886,24045,1614
5390,24046,6748
5659,24047,6348
5171,24048,6120
5182,24049,6110
1323,24050,5743
4036,24051,6055
319,24052,2535
3202,24053,7152
3378,24054,3627
1115,24055,4032
122,24056,4201
227,24057,3729
128,24058,2933
1691,24059,3439
1639,24060,2138
1290,24061,4917
589,24062,806
5959,24063,6348
5171,24064,6348
2669,24065,4811
213,24066,3187
1326,24067,4344
532,24068,747
319,24069,2343
4284,24070,4333
588,24071,822
67,24072,6801
387,24073,6122
220,24074,2348
712,24075,5449
4184,24076,4230
2078,24077,3240
3114,24078,7630
3825,24079,4272
489,24080,1290
241,24081,639
737,24082,4013
5581,24083,6748
5581,24084,5959
5171,24085,6897
1471,24086,2361
3593,24087,5459
1733,24088,3242
5087,24089,7979
3152,24090,3979
1284,24091,6143
45,24092,4966
880,24093,3109
126,24094,4042
314,24095,5120
1205,24096,5602
536,24097,6630
2599,24098,4325
2113,24099,4825
639,24100,5573
5659,24101,5959
7014,24102,7040
605,24103,4962
177,24104,4000
3816,24105,3863
1101,24106,3816
24,24107,5434
303,24108,4812
3819,24109,3827
64,24110,2912
2163,24111,3114
752,24112,1128
1614,24113,3463
667,24114,5679
241,24115,1179
2043,24116,4857
1174,24117,2879
4428,24118,7963
747,24119,3076
2050,24120,6966
3914,24121,4290
220,24122,2614
177,24123,2404
3506,24124,5611
225,24125,303
2554,24126,3972
112,24127,7773
64,24128,577
3439,24129,4125
136,24130,246
136,24131,3526
3093,24132,7215
544,24133,1324
782,24134,4016
667,24135,6748
4969,24136,5390
397,24137,6120
263,24138,1827
77,24139,688
319,24140,2142
2380,24141,4428
3666,24142,5793
153,24143,6372
2019,24144,5128
1944,24145,5128
677,24146,2958
5071,24147,6695
128,24148,5449
2554,24149,4230
1527,24150,2776
4177,24151,4371
577,24152,2477
204,24153,960
1580,24154,2163
3339,24155,4013
667,24156,4969
2501,24157,4969
2592,24158,4569
4569,24159,4955
209,24160,219
1997,24161,2074
1620,24162,1711
1471,24163,7442
3398,24164,5164
3073,24165,3921
3202,24166,3641
3627,24167,4077
3378,24168,3641
1940,24169,4786
677,24170,1232
126,24171,1059
1059,24172,3536
128,24173,7750
64,24174,730
1915,24175,2477
64,24176,3439
639,24177,5094
2501,24178,5679
3539,24179,4994
1477,24180,8193
5390,24181,6570
5581,24182,6570
3173,24183,6570
38,24184,273
59,24185,3057
1,24186,713
3071,24187,3073
2333,24188,2567
1723,24189,3447
2375,24190,2824
1317,24191,1598
45,24192,3886
341,24193,4266
605,24194,3674
1085,24195,3712
1252,24196,5788
132,24197,3819
294,24198,481
1104,24199,4024
5951,24200,6171
294,24201,5602
19,24202,315
752,24203,3045
5094,24204,5573
397,24205,5195
1,24206,6602
3278,24207,4336
88,24208,3202
1284,24209,1413
220,24210,849
1115,24211,4786
3674,24212,5611
227,24213,613
730,24214,1252
3243,24215,5648
1827,24216,5573
38,24217,589
38,24218,688
13,24219,2343
319,24220,4003
1711,24221,4932
3278,24222,6227
88,24223,4077
6122,24224,6805
5453,24225,5673
122,24226,631
96,24227,1691
466,24228,5292
3339,24229,3730
3539,24230,6635
1179,24231,1827
1435,24232,5679
3047,24233,5485
1216,24234,3150
1488,24235,3921
700,24236,3921
2375,24237,3921
700,24238,2824
700,24239,2375
2019,24240,2702
220,24241,1730
45,24242,2614
1115,24243,2353
3506,24244,3674
96,24245,730
2554,24246,4530
24,24247,5587
132,24248,3483
639,24249,3093
432,24250,544
241,24251,1100
4825,24252,5648
3494,24253,4325
638,24254,5959
4969,24255,6748
4857,24256,5159
1214,24257,2488
952,24258,1808
2050,24259,3065
1620,24260,4647
2361,24261,7442
3641,24262,5459
3641,24263,4077
3627,24264,3641
700,24265,2014
45,24266,220
880,24267,6914
613,24268,712
1886,24269,4355
226,24270,1980
1251,24271,6294
1074,24272,3103
28,24273,31
3149,24274,3730
3047,24275,3554
241,24276,1827
5171,24277,7460
6120,24278,7460
5171,24279,5959
6120,24280,8211
1140,24281,3031
1,24282,5644
13,24283,1326
36,24284,3789
860,24285,1393
915,24286,1393
3100,24287,4333
2910,24288,3076
1977,24289,2135
123,24290,915
2540,24291,6122
4739,24292,5265
2219,24293,3863
716,24294,5642
1886,24295,4566
3267,24296,3483
4054,24297,5426
3149,24298,7630
401,24299,4572
806,24300,1775
6635,24301,7483
397,24302,638
737,24303,3638
4968,24304,5182
213,24305,3999
261,24306,3298
1849,24307,5743
2343,24308,2535
1301,24309,2910
88,24310,3065
123,24311,2702
529,24312,5647
2540,24313,3152
166,24314,5611
24,24315,96
204,24316,4125
4403,24317,5765
1923,24318,3376
3062,24319,4013
6307,24320,6748
4969,24321,6307
4969,24322,6570
6307,24323,6570
116,24324,4811
5013,24325,6120
1827,24326,4569
1326,24327,4041
1997,24328,5654
4333,24329,4647
1977,24330,3447
1488,24331,3766
1317,24332,6801
83,24333,1284
2540,24334,6805
2404,24335,5265
175,24336,2932
24,24337,3156
226,24338,3131
2572,24339,4230
64,24340,1691
4371,24341,4641
333,24342,466
3045,24343,3732
625,24344,1205
2113,24345,2743
397,24346,836
638,24347,5171
4857,24348,5675
5013,24349,5171
1444,24350,3550
38,24351,7657
1563,24352,3198
59,24353,6640
59,24354,307
713,24355,959
2226,24356,2333
1723,24357,4060
4290,24358,4605
3350,24359,3506
631,24360,4201
112,24361,3288
28,24362,3267
315,24363,333
1819,24364,3143
4969,24365,5679
5159,24366,5675
638,24367,7460
3173,24368,8179
3383,24369,4665
36,24370,3552
860,24371,959
3100,24372,4003
3100,24373,4284
2702,24374,2929
67,24375,2856
5098,24376,7643
166,24377,605
175,24378,2861
128,24379,6294
112,24380,1832
204,24381,1639
3526,24382,6258
1639,24383,5951
3143,24384,5051
1923,24385,5051
3093,24386,4572
2113,24387,5051
3243,24388,4016
638,24389,5581
273,24390,589
846,24391,2042
2488,24392,5915
3071,24393,4336
3065,24394,4077
5353,24395,6372
153,24396,5353
87,24397,3242
3699,24398,5434
4530,24399,6294
4125,24400,4354
516,24401,590
64,24402,2138
1100,24403,4917
3539,24404,7483
3494,24405,5675
5581,24406,6307
5171,24407,6181
156,24408,737
2569,24409,5182
36,24410,994
2535,24411,3100
3100,24412,4647
2014,24413,2333
807,24414,1733
3493,24415,6122
4026,24416,5462
1101,24417,1704
3674,24418,4307
3769,24419,4565
1712,24420,4042
590,24421,739
64,24422,625
575,24423,638
5581,24424,6572
5013,24425,7460
2435,24426,3173
1140,24427,3104
4036,24428,4180
13,24429,2535
3076,24430,4932
2748,24431,3071
4540,24432,4932
1301,24433,5353
88,24434,3627
809,24435,1413
175,24436,4986
780,24437,1832
31,24438,3267
204,24439,253
64,24440,3240
536,24441,2138
489,24442,625
3093,24443,3463
752,24444,1208
2599,24445,2743
3992,24446,5159
5959,24447,6572
6570,24448,6572
5959,24449,6181
116,24450,2592
38,24451,1479
307,24452,1174
3641,24453,5695
1598,24454,2375
1073,24455,1317
1284,24456,3886
2344,24457,5983
631,24458,2958
2130,24459,3350
3428,24460,3483
590,24461,3894
1673,24462,6258
5090,24463,5426
19,24464,3143
2599,24465,5051
639,24466,4572
886,24467,4016
1208,24468,1435
3494,24469,5159
3554,24470,5485
2910,24471,4540
36,24472,7911
2333,24473,5164
3202,24474,5695
5459,24475,5695
2014,24476,2375
1321,24477,2184
4266,24478,4986
1101,24479,4986
166,24480,3350
294,24481,3894
639,24482,3463
886,24483,4832
2270,24484,3539
6181,24485,6572
2435,24486,5581
156,24487,5485
228,24488,3550
213,24489,1849
1394,24490,3600
747,24491,4428
4647,24492,5402
67,24493,3527
1704,24494,2219
4015,24495,4902
24,24496,3164
1886,24497,3896
590,24498,780
204,24499,5951
1205,24500,1775
489,24501,1100
6307,24502,6572
638,24503,5013
3173,24504,6307
397,24505,8211
2435,24506,6181
484,24507,1444
59,24508,2042
128,24509,2737
1252,24510,3131
3483,24511,3819
19,24512,333
544,24513,836
241,24514,589
241,24515,2752
1174,24516,2569
994,24517,2142
909,24518,6600
1393,24519,2074
3076,24520,4540
3065,24521,7130
3921,24522,6017
2344,24523,3886
2572,24524,3699
2572,24525,3112
294,24526,590
782,24527,1742
6307,24528,6370
6572,24529,8192
116,24530,2669
397,24531,5013
5013,24532,8211
1173,24533,1323
1397,24534,6202
219,24535,713
36,24536,5209
3979,24537,5128
2540,24538,3493
24,24539,1476
58,24540,225
303,24541,1252
3112,24542,4230
2163,24543,2989
806,24544,1846
1827,24545,5094
5959,24546,6370
5581,24547,8192
2435,24548,6572
2042,24549,2879
688,24550,1479
59,24551,2879
5,24552,261
3716,24553,5644
213,24554,3552
1808,24555,4660
2380,24556,4660
3666,24557,4844
3447,24558,4060
153,24559,4748
83,24560,1413
1073,24561,4962
574,24562,2519
1115,24563,4069
1980,24564,3688
1104,24565,4403
2743,24566,3494
4514,24567,5648
2042,24568,5171
4968,24569,5113
484,24570,1326
1479,24571,4814
4665,24572,5644
713,24573,3716
532,24574,6582
909,24575,5654
2535,24576,5402
952,24577,3202
822,24578,2568
87,24579,807
166,24580,1321
5069,24581,5453
1944,24582,2353
175,24583,793
3688,24584,4555
303,24585,1980
2989,24586,3894
294,24587,1205
432,24588,638
638,24589,6572
6572,24590,8175
638,24591,6181
6307,24592,7453
6307,24593,8192
397,24594,8218
688,24595,2752
397,24596,2042
2142,24597,2343
123,24598,4436
2361,24599,2929
4748,24600,7983
1284,24601,2344
1321,24602,2404
1251,24603,4363
2477,24604,7798
204,24605,2138
241,24606,4572
1742,24607,4016
2113,24608,5041
3243,24609,4514
241,24610,2166
6307,24611,6687
6370,24612,6572
1435,24613,1683
2435,24614,6307
2042,24615,6181
116,24616,4569
5543,24617,7923
994,24618,1394
5834,24619,5915
959,24620,1393
4428,24621,6908
4932,24622,5402
4266,24623,5462
220,24624,677
516,24625,7798
577,24626,1900
1819,24627,1923
489,24628,1775
639,24629,4832
638,24630,6370
4969,24631,5736
8175,24632,8192
2730,24633,4665
2488,24634,5834
702,24635,5265
1527,24636,1886
24,24637,1691
1527,24638,1966
1900,24639,2477
1104,24640,1819
4969,24641,6687
2435,24642,6924
2042,24643,5013
2042,24644,8218
4180,24645,4665
213,24646,2730
6582,24647,7522
895,24648,915
1730,24649,2881
224,24650,3816
631,24651,677
2348,24652,7276
1712,24653,2554
303,24654,767
1527,24655,4616
516,24656,767
24,24657,4354
333,24658,3267
204,24659,2252
4258,24660,4514
1827,24661,2166
3031,24662,4514
6307,24663,6709
4969,24664,7453
6924,24665,7453
59,24666,747
36,24667,909
87,24668,5164
2361,24669,2702
1730,24670,4748
2353,24671,4786
1980,24672,4555
1059,24673,1712
24,24674,1074
4641,24675,7771
333,24676,1104
1819,24677,4403
3314,24678,4403
1205,24679,2168
5051,24680,5599
5679,24681,5736
589,24682,2752
397,24683,1478
2849,24684,3447
123,24685,895
1513,24686,5128
166,24687,1598
5069,24688,7643
4266,24689,8039
2219,24690,2540
2932,24691,6029
2143,24692,3048
3164,24693,4407
2138,24694,2252
752,24695,1535
836,24696,3992
2270,24697,3494
638,24698,2852
6709,24699,8175
6709,24700,7453
2435,24701,6709
1683,24702,5113
2042,24703,2435
1478,24704,2042
4814,24705,5644
2730,24706,4180
909,24707,3552
4284,24708,7914
4647,24709,5666
2849,24710,5459
1488,24711,5993
1232,24712,3434
793,24713,1073
793,24714,4986
631,24715,2348
2130,24716,3209
3506,24717,4591
1886,24718,3787
96,24719,716
613,24720,2737
5000,24721,7746
246,24722,6079
7744,24723,7770
7770,24724,7771
3732,24725,4107
575,24726,856
1208,24727,1535
638,24728,8175
6709,24729,8192
6181,24730,7457
484,24731,3031
296,24732,3600
747,24733,6908
3100,24734,7914
3641,24735,5883
588,24736,1730
605,24737,1805
227,24738,1085
855,24739,6294
1673,24740,1872
737,24741,1846
575,24742,1435
886,24743,1671
4969,24744,6709
589,24745,688
2435,24746,2879
1174,24747,1397
1394,24748,1849
2730,24749,3552
4284,24750,5755
5047,24751,6017
5695,24752,5883
3527,24753,5462
677,24754,1730
5646,24755,7643
2219,24756,2519
4775,24757,4902
3209,24758,3350
4407,24759,4565
1104,24760,7328
2989,24761,3691
488,24762,4013
2781,24763,5679
2435,24764,8175
5013,24765,8208
1391,24766,8197
59,24767,1174
1786,24768,3150
4401,24769,4660
2380,24770,6617
822,24771,4049
1476,24772,1705
333,24773,7771
28,24774,1749
2599,24775,5599
639,24776,6530
488,24777,3062
6370,24778,6687
5636,24779,8175
5636,24780,6572
737,24781,1226
2852,24782,5013
3198,24783,3706
909,24784,2730
909,24785,4180
2142,24786,5543
1403,24787,2535
6097,24788,6736
1393,24789,2968
915,24790,2968
1044,24791,4336
1795,24792,2929
3493,24793,6069
2856,24794,3766
4786,24795,7359
220,24796,2344
177,24797,279
793,24798,2861
880,24799,4902
1966,24800,3819
204,24801,5090
294,24802,2168
253,24803,3463
1435,24804,2781
589,24805,1100
6370,24806,8175
836,24807,5195
638,24808,5636
397,24809,2852
1391,24810,3638
7511,24811,8165
3716,24812,4180
305,24813,611
749,24814,1301
2568,24815,7156
915,24816,2366
83,24817,88
1294,24818,3979
1294,24819,2540
4986,24820,8039
880,24821,1069
502,24822,3769
64,24823,2233
2830,24824,2989
1923,24825,3314
638,24826,7457
5013,24827,7457
1226,24828,3638
2042,24829,8208
1214,24830,6656
2380,24831,6395
5915,24832,7389
5389,24833,7389
36,24834,2748
2702,24835,4689
502,24836,1059
1085,24837,3299
4616,24838,5000
128,24839,2946
303,24840,2477
333,24841,7744
333,24842,7770
294,24843,897
19,24844,2599
1535,24845,4107
5736,24846,6687
2270,24847,3031
6687,24848,6709
4313,24849,5195
2569,24850,5113
1786,24851,3104
2730,24852,7511
1173,24853,1394
296,24854,5543
588,24855,702
2348,24856,7837
502,24857,4565
855,24858,1712
2435,24859,7457
416,24860,1397
952,24861,2028
123,24862,611
83,24863,4605
279,24864,1321
2344,24865,4544
740,24866,1059
1252,24867,3477
1074,24868,4988
2554,24869,4542
31,24870,3483
2138,24871,2233
590,24872,897
1088,24873,3240
3463,24874,7244
737,24875,3885
1846,24876,6686
5736,24877,6709
3198,24878,7518
1326,24879,3369
4844,24880,5389
5047,24881,5209
895,24882,2366
227,24883,3299
1886,24884,4963
64,24885,3477
503,24886,4514
5636,24887,6370
156,24888,3554
1174,24889,4190
5755,24890,7914
1977,24891,2849
88,24892,3641
677,24893,3434
224,24894,4986
24,24895,5180
96,24896,3131
96,24897,1252
2322,24898,2477
2252,24899,4354
294,24900,1900
156,24901,3062
5636,24902,6709
2435,24903,5636
638,24904,2435
5113,24905,5935
156,24906,261
1187,24907,1397
296,24908,3150
3369,24909,6173
59,24910,4401
2333,24911,2385
88,24912,5883
588,24913,2522
2344,24914,4775
279,24915,2130
502,24916,740
4407,24917,5273
303,24918,2322
333,24919,7121
2334,24920,2830
752,24921,856
488,24922,3730
2166,24923,2752
1598,24924,3766
83,24925,3545
2932,24926,5072
1805,24927,4307
226,24928,5626
3164,24929,5180
24,24930,2670
2554,24931,3286
536,24932,2115
19,24933,2743
273,24934,1846
1683,24935,2569
219,24936,261
909,24937,2074
2142,24938,3161
2028,24939,5389
1268,24940,5666
4049,24941,5666
2881,24942,5069
677,24943,2881
880,24944,4544
2132,24945,6029
1966,24946,4616
1088,24947,2456
639,24948,6380
2743,24949,5041
544,24950,638
5636,24951,6687
1322,24952,5013
273,24953,2288
1275,24954,3065
3301,24955,5353
807,24956,1321
7359,24957,8002
166,24958,3380
5069,24959,5646
4986,24960,5590
2737,24961,3299
32,24962,3773
590,24963,1900
253,24964,2220
1775,24965,2168
19,24966,5599
639,24967,7143
6380,24968,6530
1435,24969,1952
1683,24970,8063
2053,24971,2270
2435,24972,5736
1322,24973,2852
1563,24974,5430
59,24975,4190
1563,24976,3706
3982,24977,4844
3161,24978,4003
4844,24979,5802
700,24980,5047
166,24981,1805
526,24982,574
502,24983,4407
1104,24984,7318
31,24985,2652
625,24986,2456
2781,24987,8063
59,24988,2435
4844,24989,7389
1403,24990,7914
3301,24991,4748
2881,24992,3434
3434,24993,5646
224,24994,1704
3209,24995,4591
3112,24996,3699
4963,24997,5000
64,24998,1415
1832,24999,2830
204,25000,2220
136,25001,5139
536,25002,1088
90,25003,1100
2053,25004,5041
2053,25005,3494
589,25006,1701
2270,25007,3550
2435,25008,4190
1174,25009,1187
416,25010,1187
2343,25011,3804
895,25012,4436
2522,25013,2568
45,25014,809
3434,25015,5069
793,25016,1805
24,25017,1705
136,25018,1966
1872,25019,2652
6380,25020,7143
503,25021,2053
3193,25022,3992
1624,25023,2752
1624,25024,2166
219,25025,3495
959,25026,1587
4369,25027,4660
2028,25028,4844
1044,25029,5993
2519,25030,2540
224,25031,2219
1704,25032,2132
3699,25033,5273
128,25034,2062
2062,25035,2737
1252,25036,7756
2946,25037,6604
32,25038,1240
890,25039,2138
897,25040,3691
489,25041,1088
4572,25042,4705
1245,25043,3149
1245,25044,3730
5636,25045,5736
4369,25046,4401
87,25047,4049
45,25048,4060
88,25049,3545
1073,25050,5590
4544,25051,4775
4775,25052,7069
303,25053,2513
1001,25054,2233
2220,25055,4988
4107,25056,4760
6530,25057,7143
1322,25058,1478
1391,25059,5820
296,25060,1394
3340,25061,3716
36,25062,5047
5047,25063,5993
1795,25064,4689
588,25065,5167
224,25066,2540
4193,25067,4555
303,25068,7756
2322,25069,3477
15,25070,780
1423,25071,4363
589,25072,5949
2435,25073,5013
3631,25074,5430
296,25075,1786
296,25076,1326
209,25077,4192
3982,25078,7389
1275,25079,2028
2385,25080,7910
749,25081,2910
1795,25082,2361
2522,25083,4748
5647,25084,8002
4071,25085,7837
96,25086,1705
1886,25087,5000
855,25088,6268
31,25089,1966
253,25090,6539
1742,25091,1923
1226,25092,1846
5013,25093,6567
638,25094,6567
59,25095,7525
4401,25096,7413
1403,25097,4003
2074,25098,4554
1268,25099,2568
560,25100,2540
560,25101,2519
166,25102,2283
279,25103,3209
151,25104,613
5058,25105,6604
15,25106,1832
1415,25107,1900
1923,25108,2966
638,25109,5736
836,25110,4313
688,25111,8122
1173,25112,1849
1275,25113,4844
1664,25114,4436
88,25115,1275
1044,25116,3766
1598,25117,3380
220,25118,4409
4407,25119,5180
1980,25120,2513
3699,25121,4541
58,25122,3288
2220,25123,3135
6099,25124,6693
1846,25125,5558
1683,25126,2781
1683,25127,2435
1322,25128,2042
1478,25129,4313
1326,25130,5103
296,25131,1173
3161,25132,6097
3161,25133,5755
3766,25134,6236
45,25135,4409
5647,25136,7359
1036,25137,1321
279,25138,1036
560,25139,2219
58,25140,4555
2946,25141,5058
850,25142,1104
4103,25143,8085
1742,25144,1906
2852,25145,6567
5636,25146,6567
87,25147,2333
3301,25148,4060
1598,25149,3126
4906,25150,5072
275,25151,1085
275,25152,1527
3286,25153,7850
303,25154,418
590,25155,695
294,25156,2456
4832,25157,5028
2053,25158,3193
1226,25159,7501
2852,25160,5636
116,25161,1173
2569,25162,4190
918,25163,959
1403,25164,3804
2856,25165,5350
1321,25166,6086
875,25167,3434
313,25168,2519
2132,25169,5072
126,25170,4922
1886,25171,7843
855,25172,6768
275,25173,1886
418,25174,7756
96,25175,632
3773,25176,4542
1240,25177,3314
223,25178,2830
1535,25179,2140
116,25180,1671
1624,25181,1701
261,25182,3495
909,25183,1587
3982,25184,6191
1268,25185,1403
87,25186,1268
2366,25187,2968
1044,25188,5047
2216,25189,3527
932,25190,1321
526,25191,2353
2761,25192,6768
1074,25193,3135
333,25194,4664
1104,25195,7101
223,25196,2989
253,25197,8098
1749,25198,2624
1467,25199,6543
488,25200,1245
638,25201,856
3550,25202,4094
213,25203,2584
416,25204,6656
3804,25205,4003
2028,25206,6191
1020,25207,1977
5647,25208,5958
677,25209,4409
313,25210,2132
1886,25211,5970
1423,25212,4542
695,25213,1832
695,25214,2830
489,25215,2576
2089,25216,4514
5013,25217,8220
2435,25218,6567
1322,25219,8220
1786,25220,2993
2748,25221,4554
87,25222,5755
1073,25223,1805
58,25224,3048
253,25225,1240
1819,25226,5192
1749,25227,4103
2166,25228,5028
156,25229,4714
296,25230,3369
563,25231,2142
4401,25232,5706
5984,25233,6395
4049,25234,4755
88,25235,2131
1020,25236,4060
1398,25237,1730
1513,25238,4255
932,25239,3380
224,25240,5590
2761,25241,6351
1734,25242,5273
24,25243,632
1900,25244,2322
31,25245,333
1245,25246,6543
856,25247,1535
90,25248,6380
638,25249,2781
488,25250,3503
583,25251,2166
1226,25252,5820
59,25253,5984
1044,25254,2748
1044,25255,6236
45,25256,1062
677,25257,2791
793,25258,4906
2062,25259,2761
455,25260,855
2116,25261,3477
3135,25262,7108
1037,25263,1240
1467,25264,2830
583,25265,1827
2270,25266,4094
273,25267,898
898,25268,2288
1748,25269,5646
875,25270,6084
4775,25271,5735
5735,25272,7069
64,25273,3460
24,25274,4889
223,25275,1467
1671,25276,1906
2852,25277,8220
2288,25278,5820
2288,25279,3662
2506,25280,3706
2730,25281,4742
909,25282,4554
2028,25283,4824
2522,25284,3301
83,25285,809
807,25286,3126
3179,25287,4544
5626,25288,7290
855,25289,2761
1612,25290,2115
1749,25291,1872
19,25292,5192
2556,25293,2624
484,25294,6565
3161,25295,3804
747,25296,7400
2968,25297,4183
87,25298,3161
1044,25299,2963
2524,25300,2568
1044,25301,2645
122,25302,4206
303,25303,3572
890,25304,2233
90,25305,4705
1952,25306,2140
1535,25307,1952
1701,25308,5325
1226,25309,4714
2522,25310,2524
2366,25311,6069
224,25312,2132
767,25313,3572
136,25314,2652
488,25315,3885
116,25316,1786
296,25317,2993
1812,25318,5103
13,25319,5103
59,25320,6420
219,25321,947
809,25322,3612
1294,25323,5533
45,25324,1398
702,25325,5167
45,25326,1543
1805,25327,3380
2344,25328,4430
3838,25329,4591
227,25330,275
3112,25331,4964
96,25332,1789
4354,25333,4889
253,25334,1037
116,25335,2993
563,25336,994
13,25337,356
591,25338,3982
2142,25339,7881
324,25340,1977
809,25341,2131
2645,25342,6236
220,25343,242
224,25344,4906
880,25345,8103
7334,25346,7814
574,25347,6042
502,25348,3112
632,25349,1001
4187,25350,5058
32,25351,3135
1226,25352,3885
1683,25353,6903
4369,25354,6552
356,25355,7385
611,25356,3948
324,25357,2849
1398,25358,4748
2909,25359,5350
4255,25360,5958
560,25361,5533
224,25362,732
5647,25363,7592
151,25364,3299
3299,25365,6799
1966,25366,2954
2116,25367,2322
1415,25368,2456
856,25369,2556
836,25370,1698
2781,25371,6903
1683,25372,1788
3631,25373,4094
3706,25374,3953
611,25375,1664
2385,25376,7881
2910,25377,3918
1036,25378,2283
3923,25379,4775
7312,25380,7802
151,25381,2737
1074,25382,1287
64,25383,2116
890,25384,1612
1037,25385,1742
1742,25386,2966
856,25387,2624
90,25388,5028
116,25389,2089
4225,25390,6903
1090,25391,2569
324,25392,2028
700,25393,3480
45,25394,1020
3884,25395,5533
220,25396,4430
4430,25397,5735
7334,25398,7802
544,25399,6942
90,25400,1701
156,25401,2994
116,25402,484
5820,25403,7021
1563,25404,3953
261,25405,2288
3495,25406,3647
895,25407,1664
1398,25408,7431
2791,25409,4409
2132,25410,4906
2001,25411,5626
58,25412,357
4193,25413,6189
1734,25414,3112
151,25415,2062
3699,25416,4964
2220,25417,5639
31,25418,1749
81,25419,1088
1037,25420,3314
1749,25421,3317
19,25422,4103
90,25423,1088
1775,25424,3090
1683,25425,4225
1173,25426,2993
59,25427,6622
87,25428,1403
1268,25429,1486
2385,25430,3480
3545,25431,4794
303,25432,1932
15,25433,767
2946,25434,4187
32,25435,5639
64,25436,81
850,25437,7733
294,25438,3182
2168,25439,6752
638,25440,4358
1906,25441,2089
2852,25442,6926
484,25443,1812
1812,25444,3369
416,25445,5719
219,25446,918
3757,25447,5744
324,25448,4369
356,25449,1268
2910,25450,7133
1513,25451,5533
677,25452,5946
702,25453,1748
5735,25454,7334
2658,25455,4906
2062,25456,2946
1287,25457,4541
455,25458,1423
2946,25459,5194
5473,25460,5639
2220,25461,5473
81,25462,2456
3317,25463,4103
81,25464,489
1187,25465,2569
918,25466,1664
2968,25467,7122
2522,25468,3523
700,25469,2886
224,25470,567
7802,25471,7814
2001,25472,7290
151,25473,227
7290,25474,7310
223,25475,695
856,25476,2781
2781,25477,4225
261,25478,7021
6552,25479,7181
1795,25480,4687
1176,25481,7091
1543,25482,4409
4069,25483,5896
3724,25484,4071
3112,25485,3286
3125,25486,5058
1423,25487,4109
890,25488,6689
223,25489,1832
779,25490,5192
4450,25491,8086
1788,25492,6921
59,25493,8161
5984,25494,7946
1393,25495,7122
895,25496,1176
2366,25497,4477
3157,25498,5167
1513,25499,3884
567,25500,732
6084,25501,7210
7371,25502,7802
2513,25503,6189
3112,25504,3258
4963,25505,6031
24,25506,1287
632,25507,3460
2946,25508,4664
2252,25509,4889
333,25510,4823
2140,25511,4760
2576,25512,3090
19,25513,544
116,25514,3031
1698,25515,4313
688,25516,4141
59,25517,7036
959,25518,2211
918,25519,4183
242,25520,4409
932,25521,1036
126,25522,151
2223,25523,3135
1415,25524,2322
890,25525,2252
2556,25526,4358
503,25527,1906
1671,25528,2215
2781,25529,8189
4225,25530,8189
116,25531,583
2853,25532,4094
7036,25533,8161
356,25534,3804
356,25535,1403
4824,25536,7941
611,25537,2583
36,25538,2963
1044,25539,1285
567,25540,2909
279,25541,1748
3048,25542,3870
5046,25543,5180
740,25544,6248
2946,25545,3125
2252,25546,4241
1749,25547,4358
2140,25548,4510
583,25549,1624
1322,25550,6926
1683,25551,2493
3631,25552,3953
2211,25553,3340
563,25554,1394
296,25555,563
2748,25556,6230
2385,25557,5979
1398,25558,1543
526,25559,560
242,25560,1062
1734,25561,4541
4495,25562,5194
1287,25563,3135
2624,25564,4358
2966,25565,3726
1683,25566,4730
544,25567,1698
484,25568,4144
1187,25569,6921
416,25570,5354
36,25571,1286
374,25572,1587
140,25573,1044
3301,25574,6176
87,25575,4146
3523,25576,5167
732,25577,2216
279,25578,4803
880,25579,7270
227,25580,4446
855,25581,7863
418,25582,1789
855,25583,4495
3125,25584,5194
2853,25585,3631
1226,25586,7021
3179,25587,3923
5735,25588,7814
880,25589,6816
2132,25590,5795
5970,25591,6673
3932,25592,4193
740,25593,6154
5889,25594,7310
1886,25595,3226
2513,25596,4676
855,25597,5194
2966,25598,8086
6942,25599,7627
2028,25600,2783
691,25601,1664
140,25602,1393
2366,25603,4674
880,25604,3179
357,25605,3932
15,25606,58
15,25607,1932
4664,25608,5194
1240,25609,4253
32,25610,4253
850,25611,7701
856,25612,4358
1698,25613,6942
2297,25614,5949
3631,25615,4492
59,25616,6117
13,25617,2506
3647,25618,3880
416,25619,591
1089,25620,4192
3523,25621,4755
526,25622,6851
242,25623,4430
3923,25624,7371
1734,25625,5046
455,25626,7863
2062,25627,4495
3125,25628,4187
2652,25629,3725
4760,25630,5316
856,25631,4510
19,25632,3193
3953,25633,4094
1090,25634,6622
6117,25635,6622
355,25636,4742
355,25637,3340
1286,25638,1849
909,25639,5624
3757,25640,3918
749,25641,1020
1020,25642,1398
1176,25643,1294
560,25644,3884
1598,25645,3416
880,25646,3923
4775,25647,7371
3879,25648,4591
151,25649,3185
767,25650,1932
2966,25651,4450
2053,25652,3426
90,25653,2604
4094,25654,4728
2853,25655,4492
261,25656,1226
6622,25657,7529
4898,25658,5744
356,25659,3757
324,25660,5753
3157,25661,7975
2216,25662,2909
526,25663,6042
4206,25664,4722
1705,25665,3038
2001,25666,5889
151,25667,2761
740,25668,3258
3125,25669,4495
1697,25670,3460
1240,25671,4450
1478,25672,1698
1478,25673,6111
563,25674,4257
324,25675,7181
356,25676,1486
749,25677,3301
3380,25678,3416
502,25679,5046
2513,25680,5889
2946,25681,4252
3286,25682,3773
3125,25683,4664
1966,25684,5866
2115,25685,4533
503,25686,2089
2994,25687,6484
2853,25688,4728
3953,25689,4728
2788,25690,4094
1090,25691,7529
1090,25692,6117
59,25693,6275
3340,25694,3413
374,25695,4183
1275,25696,4721
87,25697,1486
83,25698,4286
677,25699,5519
3923,25700,7103
3923,25701,6816
275,25702,4446
2116,25703,2295
2295,25704,2322
31,25705,3589
2252,25706,4535
3193,25707,3426
2297,25708,5325
1701,25709,2297
6117,25710,7529
2584,25711,6163
355,25712,3662
2584,25713,4677
3918,25714,4029
87,25715,5979
1486,25716,2524
7074,25717,7371
3838,25718,4803
793,25719,2658
418,25720,2513
2062,25721,4252
455,25722,4495
4187,25723,4252
2322,25724,5620
1037,25725,2220
90,25726,5009
1322,25727,1698
59,25728,7656
3953,25729,4534
4677,25730,6163
156,25731,3647
1286,25732,2584
1394,25733,5317
1089,25734,3880
3161,25735,4897
4824,25736,5134
5135,25737,7400
374,25738,1393
3502,25739,7975
1398,25740,3502
83,25741,1062
1073,25742,3947
1073,25743,6290
4775,25744,7074
275,25745,2954
15,25746,3572
136,25747,4724
32,25748,7364
890,25749,2115
2788,25750,3953
59,25751,7008
59,25752,6643
36,25753,5136
1069,25754,3727
4716,25755,5735
2283,25756,3879
5735,25757,7074
6816,25758,7103
313,25759,5795
6597,25760,7719
4541,25761,5497
1749,25762,6011
2140,25763,5316
4491,25764,4510
5009,25765,5028
1226,25766,4254
1090,25767,2493
6117,25768,7656
4824,25769,6115
2028,25770,5134
2963,25771,5136
324,25772,749
2524,25773,6176
4687,25774,5155
1020,25775,3612
140,25776,1285
2645,25777,2886
88,25778,4794
5735,25779,7708
4922,25780,6154
3185,25781,3427
3427,25782,4252
590,25783,7110
19,25784,779
688,25785,6488
6117,25786,7008
7026,25787,7034
6275,25788,6643
13,25789,4898
3757,25790,4898
3948,25791,4687
3157,25792,3523
809,25793,1062
3126,25794,5863
2791,25795,5910
1734,25796,4964
3258,25797,3286
136,25798,7076
779,25799,850
1624,25800,4141
324,25801,2783
3948,25802,5155
3523,25803,5865
83,25804,4794
3923,25805,4716
7074,25806,7103
455,25807,5194
695,25808,897
2788,25809,4728
3413,25810,7034
4192,25811,5682
1275,25812,4899
87,25813,4755
3502,25814,5946
3416,25815,6290
242,25816,3724
880,25817,5499
418,25818,2295
2954,25819,4724
695,25820,7110
15,25821,695
4253,25822,5473
898,25823,1226
5354,25824,6967
1398,25825,5619
1543,25826,5619
1287,25827,2223
4823,25828,7868
1240,25829,5981
19,25830,5495
1749,25831,6199
4141,25832,6488
7529,25833,7656
947,25834,1089
563,25835,5137
591,25836,6115
4824,25837,5753
4257,25838,7886
3157,25839,3502
58,25840,3870
357,25841,1932
1287,25842,4964
1240,25843,4949
1698,25844,4492
355,25845,4677
2211,25846,3413
1089,25847,5682
2909,25848,3947
880,25849,7103
275,25850,3185
3589,25851,4240
5320,25852,6111
7008,25853,7656
3413,25854,7026
1044,25855,6230
4477,25856,6156
7074,25857,7708
275,25858,4240
3125,25859,4252
4141,25860,6163
7529,25861,7554
2788,25862,4534
6117,25863,7554
2783,25864,5134
4029,25865,5135
1062,25866,4286
418,25867,6667
275,25868,3589
3773,25869,7177
24,25870,4535
4253,25871,4949
223,25872,1245
856,25873,4491
4491,25874,4730
3631,25875,4728
2783,25876,4899
3923,25877,7074
631,25878,7171
3090,25879,3182
2788,25880,3631
2788,25881,4144
1090,25882,7173
3413,25883,5010
356,25884,6759
4257,25885,5137
1748,25886,8006
502,25887,6318
3589,25888,4252
136,25889,3725
4897,25890,5137
87,25891,8011
567,25892,1073
4716,25893,7074
2132,25894,2658
7656,25895,8128
749,25896,4029
3589,25897,5864
1697,25898,2116
1001,25899,6433
31,25900,6199
898,25901,7026
4257,25902,6952
5319,25903,5910
3185,25904,5864
503,25905,3726
19,25906,3426
2215,25907,6758
7008,25908,8128
2216,25909,6156
1037,25910,4450
7173,25911,8128
2131,25912,2783
0,25913,357
0,25914,2001
0,25915,3183
0,25916,3038
0,25917,502
0,25918,6318
0,25919,126
0,25920,151
0,25921,6673
0,25922,275
0,25923,6154
0,25924,2670
0,25925,3870
0,25926,4922
0,25927,5046
0,25928,3932
0,25929,3226
0,25930,4446
0,25931,58
0,25932,1734
0,25933,2761
0,25934,2494
0,25935,740
0,25936,24
0,25937,418
0,25938,1789
0,25939,7821
0,25940,1932
0,25941,3258
0,25942,2062
0,25943,4676
0,25944,5497
0,25945,3185
0,25946,855
0,25947,455
0,25948,3427
0,25949,4964
0,25950,632
0,25951,6031
0,25952,2954
0,25953,1287
0,25954,3286
0,25955,4495
0,25956,15
0,25957,6667
0,25958,4252
0,25959,5864
0,25960,4240
0,25961,3572
0,25962,3589
0,25963,2295
0,25964,2223
0,25965,3125
0,25966,2116
0,25967,5194
0,25968,4724
0,25969,4187
0,25970,1697
0,25971,5866
0,25972,7177
0,25973,5620
0,25974,5622
0,25975,1001
0,25976,4535
0,25977,7364
0,25978,31
0,25979,7110
0,25980,695
0,25981,136
0,25982,4109
0,25983,4823
0,25984,1415
0,25985,6433
0,25986,7555
0,25987,4253
0,25988,7550
0,25989,4241
0,25990,81
0,25991,890
0,25992,7868
0,25993,4949
0,25994,850
0,25995,3725
0,25996,223
0,25997,1037
0,25998,5981
0,25999,779
0,26000,2115
0,26001,5495
0,26002,6199
0,26003,7687
0,26004,19
0,26005,6011
0,26006,4533
0,26007,5868
0,26008,4450
0,26009,3182
0,26010,8088
0,26011,5316
0,26012,2556
0,26013,3317
0,26014,2140
0,26015,3090
0,26016,3726
0,26017,4358
0,26018,7551
0,26019,1952
0,26020,1245
0,26021,4510
0,26022,90
0,26023,488
0,26024,2576
0,26025,5973
0,26026,1698
0,26027,856
0,26028,503
0,26029,4491
0,26030,6758
0,26031,5009
0,26032,3426
0,26033,2215
0,26034,4730
0,26035,2604
0,26036,3503
0,26037,2089
0,26038,1846
0,26039,1788
0,26040,583
0,26041,2297
0,26042,4225
0,26043,6608
0,26044,1322
0,26045,116
0,26046,2853
0,26047,2994
0,26048,4254
0,26049,8171
0,26050,4492
0,26051,1226
0,26052,4728
0,26053,2493
0,26054,898
0,26055,1624
0,26056,4141
0,26057,3631
0,26058,1090
0,26059,6488
0,26060,2788
0,26061,6111
0,26062,3953
0,26063,261
0,26064,4144
0,26065,7173
0,26066,2993
0,26067,1187
0,26068,8128
0,26069,4534
0,26070,5320
0,26071,7656
0,26072,156
0,26073,6163
0,26074,7008
0,26075,7554
0,26076,1173
0,26077,6117
0,26078,355
0,26079,2584
0,26080,1812
0,26081,4677
0,26082,3662
0,26083,7026
0,26084,2506
0,26085,2211
0,26086,296
0,26087,5317
0,26088,5010
0,26089,6275
0,26090,3413
0,26091,13
0,26092,416
0,26093,5354
0,26094,1286
0,26095,947
0,26096,6967
0,26097,5624
0,26098,563
0,26099,3880
0,26100,3804
0,26101,1089
0,26102,5719
0,26103,591
0,26104,6759
0,26105,4898
0,26106,1587
0,26107,4897
0,26108,356
0,26109,918
0,26110,5137
0,26111,7553
0,26112,7886
0,26113,5682
0,26114,4257
0,26115,5753
0,26116,5134
0,26117,5135
0,26118,611
0,26119,3757
0,26120,374
0,26121,4029
0,26122,4183
0,26123,6952
0,26124,324
0,26125,2783
0,26126,691
0,26127,1403
0,26128,87
0,26129,6230
0,26130,1486
0,26131,4721
0,26132,2963
0,26133,1268
0,26134,5136
0,26135,2583
0,26136,749
0,26137,4899
0,26138,1275
0,26139,4674
0,26140,140
0,26141,3480
0,26142,2131
0,26143,2524
0,26144,7557
0,26145,1044
0,26146,4755
0,26147,8011
0,26148,1020
0,26149,4146
0,26150,1176
0,26151,4477
0,26152,5865
0,26153,5155
0,26154,2645
0,26155,809
0,26156,88
0,26157,1285
0,26158,6156
0,26159,2886
0,26160,1294
0,26161,3523
0,26162,2216
0,26163,4255
0,26164,1398
0,26165,3157
0,26166,3502
0,26167,3416
0,26168,1062
0,26169,83
0,26170,2909
0,26171,1513
0,26172,5863
0,26173,5619
0,26174,732
0,26175,3947
0,26176,6607
0,26177,4794
0,26178,1543
0,26179,560
0,26180,526
0,26181,567
0,26182,932
0,26183,4286
0,26184,702
0,26185,875
0,26186,5519
0,26187,242
0,26188,1036
0,26189,1748
0,26190,1073
0,26191,8006
0,26192,3179
0,26193,224
0,26194,7565
0,26195,2283
0,26196,4716
0,26197,7011
0,26198,313
0,26199,5910
0,26200,3727
0,26201,3724
0,26202,8205
0,26203,279
0,26204,5319
0,26205,793
0,26206,2658
0,26207,3879
0,26208,7708
0,26209,7074
0,26210,880
0,26211,4071
0,26212,4206
0,26213,3923
0,26214,4803
0,26215,1069
0,26216,4722
0,26217,7171
0,26218,3838
0,26219,5499
0,26220,5795
0,26221,2132
4389,26222,6989
547,26223,7126
6932,26224,6945
7126,26225,8105
1382,26226,7223
1790,26227,5641
171,26228,7587
6166,26229,7539
833,26230,8176
6356,26231,7617
2178,26232,6852
7617,26233,8199
7575,26234,7727
4599,26235,8199
2537,26236,5506
3180,26237,3900
4893,26238,7715
1118,26239,4367
357,26240,3048
201,26241,4942
529,26242,4933
2553,26243,5421
4599,26244,8196
1225,26245,3472
947,26246,3880
621,26247,4930
125,26248,742
6497,26249,7095
2694,26250,3824
1089,26251,7553
3377,26252,6524
54,26253,931
6713,26254,7256
951,26255,7353
450,26256,951
4853,26257,7004
1746,26258,3998
4957,26259,7817
1920,26260,7817
6609,26261,7454
6262,26262,6690
7004,26263,8135
4611,26264,5099
6245,26265,8177
8121,26266,8134
1015,26267,1765
148,26268,1636
3172,26269,7388
1468,26270,6683
6262,26271,6796
1468,26272,6676
1514,26273,3415
569,26274,5855
1968,26275,5407
5855,26276,8166
8130,26277,8135
20,26278,7191
2913,26279,5727
1468,26280,6489
5,26281,6489
414,26282,5083
931,26283,4186
1943,26284,4584
261,26285,5010
95,26286,1455
21,26287,3525
3067,26288,4715
6616,26289,7013
947,26290,5010
6206,26291,6286
5304,26292,5777
1147,26293,1937
1175,26294,7237
6616,26295,8130
349,26296,7632
450,26297,830
2399,26298,3141
784,26299,869
1117,26300,6670
4087,26301,5638
1345,26302,5925
763,26303,1899
3192,26304,4559
1343,26305,6517
245,26306,8124
2731,26307,3284
3063,26308,6025
2041,26309,3487
566,26310,5398
1190,26311,8149
313,26312,526
762,26313,874
775,26314,8033
797,26315,4559
1,26316,6293
4436,26317,7165
70,26318,596
6293,26319,7640
2341,26320,6621
2047,26321,6047
4527,26322,5476
85,26323,8067
70,26324,7524
4302,26325,5044
6956,26326,7621
6313,26327,7369
5577,26328,7344
5994,26329,7848
332,26330,634
6305,26331,6323
5,26332,6707
2795,26333,4326
676,26334,4699
549,26335,7042
70,26336,3119
755,26337,4250
898,26338,4254
7015,26339,7019
6313,26340,7116
4669,26341,7116
6323,26342,7115
7344,26343,7350
6323,26344,7350
3004,26345,5302
1619,26346,7856
6283,26347,7096
70,26348,550
2001,26349,4193
5338,26350,5427
85,26351,2731
1054,26352,2800
754,26353,2264
7113,26354,7324
5689,26355,6479
4669,26356,6323
1700,26357,1904
818,26358,2015
6459,26359,8119
3070,26360,5602
470,26361,7924
5017,26362,6319
2008,26363,6436
35,26364,1011
2409,26365,5054
7113,26366,7320
8119,26367,8139
235,26368,4561
8139,26369,8203
3636,26370,7224
863,26371,985
1904,26372,7508
2168,26373,2456
235,26374,5547
2001,26375,7310
1576,26376,5986
1718,26377,6239
35,26378,80
4814,26379,7657
762,26380,7808
6284,26381,6861
1718,26382,5986
4151,26383,5742
5618,26384,7808
493,26385,5153
4937,26386,6847
2923,26387,4923
3749,26388,4892
1415,26389,2116
2693,26390,5017
1843,26391,6745
1017,26392,2186
6745,26393,7638
81,26394,8088
85,26395,4305
1825,26396,5547
7229,26397,8054
882,26398,2159
6121,26399,7942
6121,26400,7412
3122,26401,5927
7139,26402,8076
1393,26403,6227
4234,26404,6124
4085,26405,4644
2626,26406,4023
678,26407,6634
6655,26408,6828
6944,26409,7054
6522,26410,8064
1006,26411,1584
719,26412,4145
2297,26413,6608
6808,26414,7611
67,26415,5381
3467,26416,4745
370,26417,6455
7395,26418,7611
6292,26419,6931
2486,26420,2971
6655,26421,6944
467,26422,5237
6944,26423,7395
7009,26424,7625
1663,26425,2626
394,26426,2828
6659,26427,7138
2088,26428,7854
6894,26429,8040
7395,26430,8040
7138,26431,7222
3910,26432,4085
1479,26433,4665
3952,26434,7401
6548,26435,7138
6894,26436,8061
2698,26437,3348
6808,26438,7222
6548,26439,6659
6470,26440,7691
1333,26441,1797
3123,26442,7199
2454,26443,5084
482,26444,4729
1763,26445,2148
625,26446,3240
7622,26447,7902
6795,26448,6894
2516,26449,5613
6333,26450,6411
467,26451,5279
2339,26452,7438
1971,26453,2148
2020,26454,3249
2959,26455,6105
508,26456,1715
240,26457,2443
60,26458,6157
546,26459,2186
3078,26460,6810
7900,26461,7902
3195,26462,7900
81,26463,4533
22,26464,8023
1073,26465,4266
1965,26466,2078
3591,26467,6782
637,26468,3779
2099,26469,4019
182,26470,792
2306,26471,2416
515,26472,1502
2459,26473,7613
1281,26474,7521
3345,26475,3818
6298,26476,7689
172,26477,3351
1281,26478,3308
175,26479,7842
3354,26480,6658
5416,26481,5941
3297,26482,3687
684,26483,750
2494,26484,7821
1967,26485,6920
3943,26486,4207
47,26487,2245
2277,26488,5576
328,26489,4837
1241,26490,2133
2303,26491,3249
1361,26492,3563
1352,26493,7340
1639,26494,2091
299,26495,3623
1241,26496,8204
1655,26497,2091
1193,26498,1625
394,26499,5822
3001,26500,4596
2499,26501,5685
5326,26502,7200
2277,26503,4441
431,26504,1492
1093,26505,2218
761,26506,7010
4625,26507,8096
648,26508,4406
1656,26509,7200
3260,26510,4114
1111,26511,6437
1233,26512,8168
1473,26513,4098
5752,26514,6133
4736,26515,6518
890,26516,1001
2650,26517,4996
7145,26518,8090
4114,26519,7755
536,26520,5426
3416,26521,3947
2278,26522,6722
6722,26523,8090
5988,26524,6353
4473,26525,6941
1335,26526,3456
2375,26527,3766
1364,26528,6015
2423,26529,3934
1154,26530,1951
4973,26531,5255
1173,26532,2584
6722,26533,8089
7394,26534,7970
3701,26535,5610
6722,26536,7624
2960,26537,5349
24,26538,1001
5987,26539,7295
1612,26540,4705
4155,26541,8003
386,26542,2952
2972,26543,3815
3217,26544,4441
2252,26545,6433
3212,26546,3233
1233,26547,5526
6340,26548,6682
2082,26549,3664
5337,26550,8100
424,26551,3035
447,26552,2246
3457,26553,4162
656,26554,6482
2603,26555,3864
2239,26556,4816
1171,26557,2417
253,26558,5090
921,26559,2873
4832,26560,5094
2377,26561,2894
1805,26562,2283
960,26563,1639
2335,26564,3245
3599,26565,4337
1941,26566,5401
670,26567,2185
2154,26568,6106
239,26569,4588
1144,26570,1365
1414,26571,6183
3372,26572,6114
788,26573,6594
386,26574,3230
368,26575,4442
5805,26576,6584
5283,26577,6610
158,26578,921
3230,26579,5110
392,26580,5880
57,26581,6760
811,26582,8032
963,26583,4157
1745,26584,3268
2220,26585,4241
3806,26586,5401
886,26587,6099
308,26588,1566
789,26589,7964
158,26590,3892
98,26591,1708
2670,26592,5180
1183,26593,1414
7035,26594,8157
714,26595,5268
243,26596,6650
436,26597,2235
7573,26598,7835
115,26599,657
442,26600,1881
340,26601,447
2567,26602,3188
3268,26603,8101
3116,26604,3245
57,26605,6321
2770,26606,6650
2385,26607,6097
514,26608,3232
1976,26609,7227
3371,26610,4731
3481,26611,4847
2433,26612,6783
787,26613,5268
1377,26614,2585
3718,26615,5570
3845,26616,6210
306,26617,3718
6946,26618,7227
3678,26619,4887
181,26620,3268
3814,26621,5471
1633,26622,3481
5570,26623,5607
886,26624,3243
786,26625,6563
265,26626,7081
2572,26627,4595
5324,26628,5670
6037,26629,6048
764,26630,4053
1879,26631,6797
65,26632,6783
2051,26633,4269
6618,26634,7789
961,26635,4886
4348,26636,6499
3917,26637,8116
484,26638,1786
1864,26639,5579
989,26640,2998
2758,26641,5623
1377,26642,6753
4146,26643,8011
1240,26644,5639
3290,26645,5694
7781,26646,7788
702,26647,6086
657,26648,5661
2235,26649,6505
2319,26650,4879
3112,26651,5273
6185,26652,6988
1326,26653,5543
1326,26654,3150
73,26655,2299
777,26656,1124
705,26657,4121
2431,26658,3940
203,26659,7484
3144,26660,4381
2637,26661,8048
764,26662,6255
5502,26663,6231
1505,26664,1665
37,26665,5869
344,26666,4704
7176,26667,8016
439,26668,5433
2636,26669,7446
265,26670,7765
2667,26671,3368
5265,26672,5453
7969,26673,8009
1822,26674,1858
293,26675,8037
10,26676,181
1480,26677,3826
820,26678,8025
597,26679,8037
3144,26680,4896
2113,26681,5648
499,26682,4704
6825,26683,7855
778,26684,3588
887,26685,5498
1600,26686,1901
4830,26687,6638
6020,26688,6875
10,26689,1739
3332,26690,6791
1366,26691,5216
103,26692,287
265,26693,3399
1893,26694,7163
7323,26695,7766
10,26696,6549
1050,26697,5254
359,26698,5098
1366,26699,5571
435,26700,3596
834,26701,3422
5529,26702,7819
3557,26703,7043
1232,26704,5098
2413,26705,7024
13,26706,6994
2033,26707,2382
5004,26708,6651
1593,26709,6698
578,26710,5731
1130,26711,8172
650,26712,2090
924,26713,6875
2799,26714,3971
924,26715,7636
827,26716,3936
3223,26717,6271
2818,26718,3325
727,26719,3309
899,26720,2197
4498,26721,5768
228,26722,839
6328,26723,6953
1282,26724,5491
266,26725,2261
2524,26726,4755
578,26727,2033
2009,26728,5669
1728,26729,6324
3502,26730,6607
114,26731,6212
2554,26732,4363
361,26733,5635
412,26734,4075
875,26735,5519
2117,26736,4024
4574,26737,5940
6139,26738,6172
795,26739,2325
7318,26740,7759
2751,26741,3700
6648,26742,7884
1268,26743,4540
2221,26744,2733
3433,26745,7530
438,26746,2457
333,26747,7759
7121,26748,7759
359,26749,5081
1833,26750,2117
100,26751,6510
356,26752,4898
1486,26753,7133
4540,26754,7156
3987,26755,5522
65,26756,1710
2568,26757,5353
615,26758,3433
4492,26759,4728
2,26760,847
2429,26761,4229
738,26762,7497
34,26763,738
7744,26764,7771
3181,26765,8216
2379,26766,7169
758,26767,7259
126,26768,5449
2,26769,7726
3113,26770,4191
1228,26771,7735
4313,26772,5430
3924,26773,5226
2273,26774,6705
5438,26775,5737
282,26776,2221
1806,26777,6586
117,26778,1047
2620,26779,3916
128,26780,712
6351,26781,6768
3125,26782,4823
100,26783,7332
1644,26784,3513
4028,26785,5909
19,26786,7219
5739,26787,7381
430,26788,7381
1565,26789,3423
117,26790,8186
501,26791,1360
3916,26792,4681
258,26793,1191
723,26794,8104
1267,26795,2402
153,26796,3120
2273,26797,7675
1091,26798,8186
5395,26799,5912
1380,26800,2902
2590,26801,5249
144,26802,5976
668,26803,1654
1508,26804,6807
2575,26805,3513
464,26806,2642
5825,26807,7420
4260,26808,4598
7995,26809,7999
242,26810,1543
758,26811,6033
100,26812,4793
5367,26813,6671
3256,26814,5585
1244,26815,2240
1396,26816,6369
532,26817,5394
4314,26818,6225
630,26819,5945
454,26820,3575
3513,26821,7523
3683,26822,3759
1927,26823,4431
5633,26824,7016
2208,26825,3658
282,26826,5652
1478,26827,5013
2062,26828,3427
3483,26829,5058
270,26830,2076
3935,26831,6915
42,26832,7833
376,26833,2657
2380,26834,7001
3381,26835,7424
4801,26836,5615
504,26837,877
791,26838,3899
220,26839,2484
6120,26840,6897
2657,26841,5482
1498,26842,5131
3555,26843,7414
2811,26844,7790
1424,26845,1727
6195,26846,8080
669,26847,2023
7480,26848,8080
576,26849,8080
199,26850,1717
6348,26851,6897
2032,26852,3362
3186,26853,7558
4775,26854,7334
262,26855,5477
7103,26856,7371
4047,26857,8045
1077,26858,2135
331,26859,336
1460,26860,4883
1606,26861,3735
7008,26862,7554
3381,26863,5829
28,26864,3825
1808,26865,2380
7529,26866,8128
826,26867,1046
7554,26868,8128
1622,26869,2111
1948,26870,3962
3560,26871,6125
325,26872,1356
3049,26873,4638
914,26874,6021
5959,26875,6307
4050,26876,8075
2849,26877,5883
5390,26878,6680
346,26879,3935
1409,26880,4904
3173,26881,5950
5996,26882,7403
3005,26883,4884
5736,26884,6307
89,26885,1537
675,26886,6937
4422,26887,7127
653,26888,4946
86,26889,3362
542,26890,3087
1429,26891,3783
4671,26892,4890
137,26893,4198
681,26894,3847
1429,26895,4521
2884,26896,4261
776,26897,2580
322,26898,1800
1557,26899,2213
3440,26900,5361
1504,26901,1637
82,26902,1351
658,26903,2898
2131,26904,4899
222,26905,4693
542,26906,3169
2480,26907,2823
3184,26908,3584
1776,26909,5631
2556,26910,4510
1810,26911,6006
5389,26912,5915
2260,26913,4671
575,26914,752
1077,26915,2384
5834,26916,7389
4946,26917,6461
2618,26918,6742
1288,26919,2362
635,26920,4684
575,26921,1208
3179,26922,8205
350,26923,1869
2591,26924,7144
2093,26925,2190
542,26926,2701
2272,26927,7901
537,26928,5301
1337,26929,6850
1735,26930,5686
1231,26931,1336
2810,26932,2924
4017,26933,7296
2425,26934,2634
2323,26935,7148
854,26936,1820
3786,26937,7831
255,26938,2412
2070,26939,2330
3727,26940,8205
1143,26941,5465
2360,26942,3710
3279,26943,7933
234,26944,405
1735,26945,7305
1010,26946,5653
2750,26947,5032
2458,26948,6062
82,26949,5376
136,26950,7550
2695,26951,3544
1793,26952,7079
1151,26953,4021
1887,26954,5885
5331,26955,6812
3769,26956,7293
1791,26957,2673
1283,26958,7705
5149,26959,5897
2543,26960,4685
1433,26961,2625
1651,26962,3548
3,26963,6819
931,26964,5697
1548,26965,7654
2102,26966,4595
1589,26967,1811
2062,26968,3299
2483,26969,6449
6476,26970,7267
3989,26971,7830
1558,26972,2012
1373,26973,6834
27,26974,1776
302,26975,6028
265,26976,564
467,26977,4678
3286,26978,6248
1712,26979,4530
1215,26980,3344
5761,26981,7760
5859,26982,7774
924,26983,6409
4057,26984,6311
6306,26985,7757
3185,26986,3589
238,26987,6827
2062,26988,3125
2895,26989,6279
2998,26990,7754
4466,26991,7754
2933,26992,6294
4371,26993,6531
370,26994,2454
423,26995,7801
53,26996,192
4240,26997,5866
3872,26998,7360
1966,26999,6079
1144,27000,1941
139,27001,3704
3749,27002,6512
1470,27003,2801
2088,27004,3053
9,27005,951
1833,27006,7367
1663,27007,3996
7369,27008,7741
2309,27009,2383
4669,27010,7324
6423,27011,7741
259,27012,1481
132,27013,929
859,27014,7111
7116,27015,7848
5258,27016,7853
2840,27017,5066
771,27018,2511
6784,27019,7857
6323,27020,7100
1497,27021,4909
6313,27022,6323
5411,27023,7100
5773,27024,6214
2304,27025,3273
2716,27026,5042
1693,27027,7872
2156,27028,7845
20,27029,7824
694,27030,1392
3270,27031,6668
29,27032,3672
174,27033,1868
1420,27034,7674
3239,27035,4211
6365,27036,7711
4485,27037,7674
294,27038,739
2650,27039,4625
3336,27040,4158
4670,27041,7722
7051,27042,7726
2138,27043,5090
2961,27044,6511
102,27045,2304
7072,27046,7688
3322,27047,4469
3230,27048,5554
78,27049,7726
3143,27050,4024
1411,27051,3462
6010,27052,6216
2069,27053,7683
3027,27054,5696
2370,27055,7158
232,27056,5352
666,27057,2114
1160,27058,7237
614,27059,4138
1207,27060,2655
4176,27061,5980
3061,27062,5965
1037,27063,7243
2291,27064,4795
3283,27065,8108
2731,27066,8106
2092,27067,6747
2860,27068,2931
1995,27069,6381
2693,27070,4950
3463,27071,6530
1165,27072,3636
262,27073,5596
7650,27074,8110
3268,27075,5907
3708,27076,4976
3738,27077,4905
250,27078,8047
1005,27079,7137
2296,27080,8043
1846,27081,5973
1799,27082,6947
696,27083,2536
1461,27084,5487
3518,27085,4526
714,27086,1860
6947,27087,7591
1361,27088,4218
84,27089,3605
1022,27090,2634
692,27091,8082
6737,27092,7561
958,27093,7498
3962,27094,5507
4135,27095,7490
1052,27096,1266
1014,27097,7491
642,27098,6775
1204,27099,3292
4129,27100,7493
608,27101,6435
576,27102,1257
638,27103,6348
6370,27104,6709
5,27105,497
958,27106,6885
6307,27107,8179
6127,27108,6609
2448,27109,3021
3173,27110,6355
812,27111,4855
1322,27112,8171
5581,27113,8175
5013,27114,8218
6567,27115,8220
688,27116,1624
2389,27117,3067
4106,27118,7464
814,27119,7477
692,27120,4725
863,27121,7476
901,27122,6790
4725,27123,5479
266,27124,7472
5855,27125,6676
6746,27126,7465
249,27127,6129
1187,27128,1788
6489,27129,8166
6169,27130,7662
659,27131,5630
3999,27132,4569
2044,27133,8137
7542,27134,8135
2413,27135,4839
4853,27136,6491
5153,27137,6733
3450,27138,7542
1090,27139,7554
1090,27140,1187
1168,27141,8123
427,27142,5471
846,27143,7014
1812,27144,4144
4012,27145,6113
196,27146,7533
424,27147,3456
245,27148,2551
1018,27149,3417
1018,27150,6492
4168,27151,6451
3744,27152,5361
6316,27153,6761
3744,27154,5293
1479,27155,7030
1323,27156,3481
5641,27157,7515
1840,27158,7512
4041,27159,4344
6980,27160,7029
1173,27161,5317
5928,27162,6780
2413,27163,4095
412,27164,1975
4498,27165,6982
3340,27166,3662
5089,27167,8142
1938,27168,4447
1123,27169,3481
943,27170,1463
6417,27171,6780
2945,27172,5929
1609,27173,1731
596,27174,6132
781,27175,1123
3422,27176,5715
1585,27177,3097
331,27178,6975
82,27179,2736
36,27180,1849
213,27181,909
5923,27182,7927
5918,27183,7924
1586,27184,2126
2884,27185,6804
1721,27186,7952
753,27187,4274
6991,27188,6992
416,27189,7941
520,27190,5537
1808,27191,5126
3607,27192,3681
563,27193,7886
1717,27194,3587
4369,27195,5706
3482,27196,4455
1342,27197,6335
5389,27198,5834
1024,27199,1331
531,27200,5369
1588,27201,4979
5188,27202,7891
2970,27203,3846
1402,27204,5689
2142,27205,2385
1268,27206,5402
1977,27207,6617
1766,27208,7176
5579,27209,7396
783,27210,5088
1301,27211,4540
3256,27212,5920
4727,27213,6755
2152,27214,3290
2628,27215,3034
444,27216,3753
1690,27217,3950
140,27218,6230
381,27219,4606
844,27220,7132
1268,27221,4049
5209,27222,6017
193,27223,3265
75,27224,7906
1106,27225,3901
2636,27226,7448
325,27227,6364
4674,27228,7557
2687,27229,4952
7052,27230,7448
4651,27231,7450
646,27232,7064
1023,27233,2594
4691,27234,6744
480,27235,1109
938,27236,5828
775,27237,5001
1056,27238,7083
304,27239,5685
1771,27240,8035
1413,27241,5459
1545,27242,3074
811,27243,1733
1771,27244,5783
496,27245,3771
1398,27246,3301
6235,27247,6431
3454,27248,5730
4060,27249,7976
1176,27250,1513
5014,27251,6573
2886,27252,3416
2024,27253,6912
6353,27254,7970
55,27255,4784
1730,27256,5036
2046,27257,5193
1453,27258,3019
6464,27259,7974
3678,27260,4970
5443,27261,6724
2000,27262,3272
480,27263,5440
2881,27264,5167
3935,27265,4374
1330,27266,5844
4489,27267,5954
3760,27268,4733
3639,27269,4298
6900,27270,8001
2015,27271,6702
4387,27272,8003
133,27273,384
875,27274,6607
526,27275,1513
2839,27276,3307
288,27277,3558
6548,27278,7987
3952,27279,6541
5106,27280,8034
3562,27281,3976
7138,27282,8040
6659,27283,8040
1879,27284,3373
3307,27285,8009
7622,27286,7966
83,27287,3179
566,27288,2409
1036,27289,8038
2404,27290,6438
624,27291,4256
1632,27292,2616
1782,27293,7388
624,27294,7558
6944,27295,8125
6459,27296,7178
7178,27297,8119
7009,27298,7401
5403,27299,6731
1333,27300,4981
8,27301,5213
5601,27302,7620
8146,27303,8219
1243,27304,3843
3661,27305,8191
8064,27306,8125
6725,27307,7539
3465,27308,5490
378,27309,2079
2301,27310,3829
7455,27311,8090
6121,27312,7139
2278,27313,7488
7488,27314,8118
5321,27315,6757
2319,27316,2762
5766,27317,5775
2723,27318,7234
7069,27319,7334
5319,27320,7171
1837,27321,5523
1782,27322,2469
3055,27323,6436
6816,27324,7371
643,27325,7874
5152,27326,6066
880,27327,4775
