0
0.000101656
0.000100895
9.60685e-05
9.58207e-05
9.52164e-05
9.39188e-05
9.00077e-05
8.75052e-05
8.62473e-05
8.55632e-05
8.57141e-05
8.30714e-05
8.28647e-05
8.09453e-05
7.97945e-05
7.96461e-05
7.97149e-05
7.91949e-05
7.84891e-05
7.8449e-05
7.71299e-05
7.66005e-05
7.6844e-05
7.62379e-05
7.54897e-05
7.3202e-05
7.35348e-05
7.3364e-05
7.22834e-05
7.07802e-05
6.9926e-05
6.90733e-05
6.97868e-05
6.97802e-05
6.9382e-05
6.7974e-05
6.76968e-05
6.73528e-05
6.72354e-05
6.77881e-05
6.72905e-05
6.66798e-05
6.61306e-05
6.66426e-05
6.6417e-05
6.59753e-05
6.58584e-05
6.57206e-05
6.50492e-05
6.52503e-05
6.67199e-05
6.48227e-05
6.36582e-05
6.41441e-05
6.30013e-05
6.45502e-05
6.37314e-05
6.25215e-05
6.2378e-05
6.249e-05
6.26345e-05
6.15651e-05
6.16976e-05
6.17775e-05
6.20824e-05
6.14586e-05
6.03076e-05
6.15574e-05
6.06282e-05
6.05584e-05
6.11884e-05
6.04402e-05
5.98568e-05
6.09054e-05
6.00604e-05
6.01254e-05
6.02213e-05
5.94503e-05
5.92857e-05
5.89937e-05
5.83936e-05
5.89051e-05
5.9161e-05
5.93989e-05
5.9107e-05
5.89343e-05
5.8683e-05
5.80885e-05
5.88947e-05
5.76039e-05
5.98765e-05
5.88369e-05
5.86813e-05
5.83394e-05
5.83045e-05
5.71584e-05
5.65815e-05
5.66471e-05
5.76486e-05
5.71417e-05
5.72796e-05
5.66105e-05
5.7274e-05
5.65773e-05
5.62771e-05
5.59671e-05
5.63774e-05
5.67952e-05
5.67404e-05
5.61495e-05
5.89015e-05
5.58472e-05
5.53745e-05
5.51726e-05
5.50957e-05
5.48564e-05
5.59115e-05
5.4818e-05
5.43057e-05
5.42965e-05
5.47222e-05
5.45304e-05
5.4745e-05
5.48197e-05
5.40383e-05
5.51976e-05
5.51772e-05
5.36317e-05
5.42648e-05
5.43391e-05
5.40995e-05
5.4317e-05
5.35106e-05
5.47058e-05
5.37416e-05
5.33805e-05
5.35773e-05
5.37803e-05
5.29447e-05
5.41057e-05
5.35196e-05
5.32028e-05
5.30293e-05
5.33079e-05
5.30254e-05
5.31552e-05
5.27984e-05
5.32971e-05
5.27172e-05
5.35281e-05
5.30114e-05
5.25252e-05
5.29665e-05
5.27875e-05
5.30742e-05
5.24752e-05
5.29108e-05
5.3185e-05
5.21437e-05
5.24667e-05
5.19314e-05
5.20106e-05
5.18881e-05
5.13784e-05
5.239e-05
5.14701e-05
5.22133e-05
5.2115e-05
5.23996e-05
5.26668e-05
5.15578e-05
5.24366e-05
5.18781e-05
5.09744e-05
5.15447e-05
5.21891e-05
5.17486e-05
5.11445e-05
5.18475e-05
5.09351e-05
5.08968e-05
5.14179e-05
5.08322e-05
5.13908e-05
5.07798e-05
5.10758e-05
5.05912e-05
5.15652e-05
5.07277e-05
5.04682e-05
5.09053e-05
5.0985e-05
5.09078e-05
5.10522e-05
5.04232e-05
5.01908e-05
5.03063e-05
5.05989e-05
5.06063e-05
5.15923e-05
5.05517e-05
5.04051e-05
5.04362e-05
5.07449e-05
5.10885e-05
5.01446e-05
4.98391e-05
5.06041e-05
5.02205e-05
4.98926e-05
5.06206e-05
5.00181e-05
5.00246e-05
5.0412e-05
5.00227e-05
5.03269e-05
4.93395e-05
4.98266e-05
4.91183e-05
4.97989e-05
4.93697e-05
4.94528e-05
5.06171e-05
4.89736e-05
4.92216e-05
4.9163e-05
4.96935e-05
4.90029e-05
4.96418e-05
4.86423e-05
4.94707e-05
4.89691e-05
4.91899e-05
4.94603e-05
4.9245e-05
4.97142e-05
4.9157e-05
4.86969e-05
4.9376e-05
4.93308e-05
5.19737e-05
4.83666e-05
4.90498e-05
4.84482e-05
4.91895e-05
4.94625e-05
4.92561e-05
4.84698e-05
4.92588e-05
4.90912e-05
4.86634e-05
4.88814e-05
4.79939e-05
4.80074e-05
4.88555e-05
4.84768e-05
4.81648e-05
4.87198e-05
4.84026e-05
4.9311e-05
4.84098e-05
4.87143e-05
4.89335e-05
4.82145e-05
4.77082e-05
4.81325e-05
4.87111e-05
4.90357e-05
4.90453e-05
4.79272e-05
4.87045e-05
4.91151e-05
4.83714e-05
4.83229e-05
4.80475e-05
4.81084e-05
4.75733e-05
4.7365e-05
4.75227e-05
4.73748e-05
4.76844e-05
4.81309e-05
4.83884e-05
4.80368e-05
4.74205e-05
4.88715e-05
4.81624e-05
4.72556e-05
4.75245e-05
4.8003e-05
4.77349e-05
4.7025e-05
4.85383e-05
4.77975e-05
4.67334e-05
4.81179e-05
4.71804e-05
4.71499e-05
4.7302e-05
4.67627e-05
4.67472e-05
4.69316e-05
4.70737e-05
4.78796e-05
4.71443e-05
4.70811e-05
4.6997e-05
4.72934e-05
4.78629e-05
4.69095e-05
4.6705e-05
4.6794e-05
4.66312e-05
4.68373e-05
4.62791e-05
4.75452e-05
4.66945e-05
4.72916e-05
4.65042e-05
4.67321e-05
4.6069e-05
4.64584e-05
4.62057e-05
4.64412e-05
4.69205e-05
4.64797e-05
4.63951e-05
4.71452e-05
4.64103e-05
4.70236e-05
4.64649e-05
4.63171e-05
4.65805e-05
4.65439e-05
4.56857e-05
4.60818e-05
4.58735e-05
4.70436e-05
4.65713e-05
4.63937e-05
4.73706e-05
4.62881e-05
4.66131e-05
4.58618e-05
4.59297e-05
4.67188e-05
4.66075e-05
4.66031e-05
4.56963e-05
4.54157e-05
4.62021e-05
4.56357e-05
4.64635e-05
4.647e-05
4.62387e-05
4.55385e-05
4.60269e-05
4.58114e-05
4.51345e-05
4.54472e-05
4.56925e-05
4.60804e-05
4.60042e-05
4.53008e-05
4.54219e-05
4.58759e-05
4.57385e-05
4.52615e-05
4.59312e-05
4.61042e-05
4.50124e-05
4.59196e-05
4.62029e-05
4.54406e-05
4.60052e-05
4.61112e-05
4.56811e-05
4.55567e-05
4.62061e-05
4.48599e-05
4.57725e-05
4.5604e-05
4.52487e-05
4.59024e-05
4.58683e-05
4.58205e-05
4.57035e-05
4.48864e-05
4.51779e-05
4.48403e-05
4.54372e-05
4.53372e-05
4.57013e-05
4.44797e-05
4.56294e-05
4.57415e-05
4.56883e-05
4.45395e-05
4.43379e-05
4.53674e-05
4.458e-05
4.5397e-05
4.4563e-05
4.50372e-05
4.57008e-05
4.56325e-05
4.59069e-05
4.56557e-05
4.50663e-05
4.45098e-05
4.50864e-05
4.46276e-05
4.45609e-05
4.44113e-05
4.44957e-05
4.46304e-05
4.41767e-05
4.47372e-05
4.56077e-05
4.53806e-05
4.43338e-05
4.47414e-05
4.4113e-05
4.43765e-05
4.43058e-05
4.51235e-05
4.44959e-05
4.57787e-05
4.49004e-05
4.40379e-05
4.50336e-05
4.46372e-05
4.48781e-05
4.48456e-05
4.37074e-05
4.38661e-05
4.48768e-05
4.55923e-05
4.48282e-05
4.39029e-05
4.44992e-05
4.4712e-05
4.45833e-05
4.4301e-05
4.46119e-05
4.47727e-05
4.4893e-05
4.49595e-05
4.39882e-05
4.39775e-05
4.4208e-05
4.43716e-05
4.38271e-05
4.49462e-05
4.33692e-05
4.45282e-05
4.38599e-05
4.49418e-05
4.40697e-05
4.52104e-05
4.36662e-05
4.40241e-05
4.38755e-05
4.40559e-05
4.42162e-05
4.42013e-05
4.43977e-05
4.38495e-05
4.41733e-05
4.40597e-05
4.42903e-05
4.38581e-05
4.42477e-05
4.38301e-05
4.43278e-05
4.43355e-05
4.42985e-05
4.35553e-05
4.35393e-05
4.37345e-05
4.40759e-05
4.38286e-05
4.44882e-05
4.33466e-05
4.35016e-05
4.33788e-05
4.40601e-05
4.30946e-05
4.31196e-05
4.31969e-05
4.30264e-05
4.47766e-05
4.33942e-05
4.30353e-05
4.37605e-05
4.32376e-05
4.35529e-05
4.37875e-05
4.40506e-05
4.30338e-05
4.32758e-05
4.33917e-05
4.27576e-05
4.37391e-05
4.34368e-05
4.29189e-05
4.37052e-05
4.29777e-05
4.44489e-05
4.30932e-05
4.33666e-05
4.31992e-05
4.34452e-05
4.26985e-05
4.27592e-05
4.28128e-05
4.34047e-05
4.28163e-05
4.24788e-05
4.33836e-05
4.29297e-05
4.37402e-05
4.37787e-05
4.37031e-05
4.31358e-05
4.29366e-05
4.34925e-05
4.24393e-05
4.38533e-05
4.29555e-05
4.33963e-05
4.29515e-05
4.2728e-05
4.35814e-05
4.31331e-05
4.2682e-05
4.24878e-05
4.33188e-05
4.34583e-05
4.26874e-05
4.2436e-05
4.32041e-05
4.25218e-05
4.32356e-05
4.28704e-05
4.21966e-05
4.2394e-05
4.26185e-05
4.23971e-05
4.26224e-05
4.29756e-05
4.1973e-05
4.23488e-05
4.22369e-05
4.25071e-05
4.20414e-05
4.20056e-05
4.19303e-05
4.20547e-05
4.29441e-05
4.24417e-05
4.27925e-05
4.17609e-05
4.19799e-05
4.24065e-05
4.19242e-05
4.30243e-05
4.30755e-05
4.22333e-05
4.19471e-05
4.18285e-05
4.25347e-05
4.35403e-05
4.26076e-05
4.17613e-05
4.19498e-05
4.15692e-05
4.2358e-05
4.13624e-05
4.26533e-05
4.22767e-05
4.25081e-05
4.2012e-05
4.27497e-05
4.19695e-05
4.1829e-05
4.15221e-05
4.13242e-05
4.14954e-05
4.25574e-05
4.20281e-05
4.19109e-05
4.19111e-05
4.23188e-05
4.18437e-05
4.16346e-05
4.22534e-05
4.18538e-05
4.17727e-05
4.14505e-05
4.10946e-05
4.0998e-05
4.12381e-05
4.09828e-05
4.21317e-05
4.16886e-05
4.20366e-05
4.14933e-05
4.12541e-05
4.08159e-05
4.20539e-05
4.15436e-05
4.16501e-05
4.09479e-05
4.21886e-05
4.1308e-05
4.17298e-05
4.15046e-05
4.06132e-05
4.1175e-05
4.17403e-05
4.17837e-05
4.16551e-05
4.0907e-05
4.18334e-05
4.05516e-05
4.20197e-05
4.12789e-05
4.08631e-05
4.12786e-05
4.17335e-05
4.06723e-05
4.16429e-05
4.17195e-05
4.19077e-05
4.0827e-05
4.11987e-05
4.06842e-05
4.09054e-05
4.05758e-05
4.12226e-05
4.10039e-05
4.1624e-05
4.12697e-05
4.07073e-05
4.11143e-05
4.10239e-05
4.07304e-05
4.12695e-05
4.15673e-05
4.11369e-05
4.03798e-05
4.04308e-05
4.08177e-05
4.04832e-05
4.07913e-05
4.05928e-05
4.09891e-05
4.09245e-05
4.10887e-05
4.1261e-05
4.05541e-05
4.05999e-05
4.04578e-05
4.11261e-05
4.03814e-05
4.03405e-05
4.06343e-05
4.05141e-05
4.06633e-05
4.03547e-05
4.09089e-05
4.08875e-05
4.03491e-05
4.08177e-05
4.00178e-05
4.09139e-05
4.13278e-05
4.14221e-05
4.04516e-05
3.98339e-05
4.00815e-05
4.07755e-05
4.03283e-05
3.96175e-05
4.14214e-05
4.04614e-05
4.02903e-05
3.98503e-05
4.0273e-05
4.05574e-05
4.01976e-05
4.01758e-05
4.03057e-05
4.04816e-05
4.09401e-05
4.02071e-05
4.10212e-05
4.05012e-05
4.04883e-05
4.00885e-05
3.93214e-05
4.03186e-05
4.03331e-05
3.97467e-05
3.99514e-05
3.99459e-05
3.9427e-05
3.9452e-05
4.05529e-05
4.01592e-05
4.08472e-05
3.90536e-05
4.02641e-05
4.02475e-05
3.94761e-05
4.02306e-05
3.91713e-05
3.96504e-05
4.02601e-05
4.00867e-05
4.02024e-05
3.9785e-05
3.93023e-05
4.02634e-05
3.98485e-05
3.9318e-05
3.92207e-05
3.91406e-05
3.98488e-05
4.03306e-05
4.17315e-05
3.89973e-05
3.96638e-05
4.03275e-05
3.93721e-05
3.94865e-05
3.97678e-05
3.95336e-05
3.94959e-05
3.93522e-05
3.92791e-05
3.94046e-05
4.01325e-05
3.99345e-05
3.98502e-05
3.91417e-05
4.01103e-05
3.89128e-05
4.05783e-05
3.93059e-05
3.9963e-05
3.94195e-05
3.91544e-05
3.9344e-05
3.93703e-05
3.9475e-05
4.01116e-05
3.90775e-05
3.95274e-05
3.92128e-05
3.88388e-05
3.90387e-05
3.95273e-05
3.90042e-05
3.88117e-05
3.9136e-05
3.90773e-05
3.96917e-05
3.88801e-05
3.96889e-05
3.99151e-05
3.93752e-05
3.90594e-05
3.8905e-05
3.90011e-05
3.89375e-05
3.87695e-05
3.91115e-05
3.90738e-05
3.95288e-05
3.92015e-05
3.84067e-05
3.87839e-05
3.83009e-05
3.86091e-05
3.86897e-05
3.87069e-05
3.91236e-05
3.9304e-05
3.89305e-05
3.80496e-05
3.89664e-05
3.83045e-05
3.95269e-05
3.88057e-05
3.87693e-05
3.83188e-05
3.83172e-05
3.85399e-05
3.87056e-05
3.85831e-05
3.93118e-05
3.92868e-05
3.84295e-05
3.95058e-05
3.94209e-05
3.91213e-05
4.09338e-05
3.94271e-05
3.94288e-05
3.85795e-05
3.83911e-05
3.90052e-05
3.96242e-05
3.82535e-05
3.89886e-05
3.83801e-05
3.86824e-05
3.8959e-05
3.90193e-05
3.8601e-05
3.92225e-05
3.89693e-05
3.85739e-05
3.89287e-05
3.8417e-05
3.99794e-05
3.82606e-05
3.87691e-05
3.85251e-05
3.85431e-05
3.83668e-05
3.89788e-05
3.80058e-05
3.89404e-05
3.85185e-05
3.89733e-05
3.87136e-05
3.86001e-05
3.91302e-05
3.8437e-05
3.85122e-05
3.7788e-05
3.85353e-05
3.81392e-05
3.85565e-05
3.93602e-05
3.88775e-05
3.83841e-05
3.87283e-05
3.80846e-05
3.84196e-05
3.83183e-05
3.83175e-05
3.84873e-05
3.85986e-05
3.81535e-05
3.81674e-05
3.87833e-05
3.8351e-05
3.76309e-05
3.84694e-05
3.84365e-05
3.83401e-05
3.79095e-05
3.84115e-05
3.79978e-05
3.77271e-05
3.85619e-05
3.73722e-05
3.78993e-05
3.88508e-05
3.7394e-05
3.75569e-05
3.86472e-05
3.82673e-05
3.769e-05
3.73374e-05
3.883e-05
3.72161e-05
3.84049e-05
3.77123e-05
3.85095e-05
3.80056e-05
3.75992e-05
3.80496e-05
3.81021e-05
3.74459e-05
3.85695e-05
3.77736e-05
3.83716e-05
3.73219e-05
3.90196e-05
3.75178e-05
3.84219e-05
3.71989e-05
3.79409e-05
3.89083e-05
3.79893e-05
3.72481e-05
3.80967e-05
3.78185e-05
3.96167e-05
3.74259e-05
3.78858e-05
3.83497e-05
3.74232e-05
3.80905e-05
3.94847e-05
3.81181e-05
3.74946e-05
3.80977e-05
3.7277e-05
3.84561e-05
4.02067e-05
3.70864e-05
3.82432e-05
3.78859e-05
3.76923e-05
3.73308e-05
3.8089e-05
3.67696e-05
3.79698e-05
3.73669e-05
3.70428e-05
3.70546e-05
3.81268e-05
3.70924e-05
3.79701e-05
3.69969e-05
3.75057e-05
3.73154e-05
3.79824e-05
3.77441e-05
3.72401e-05
3.80222e-05
3.70227e-05
3.7307e-05
3.67597e-05
3.71116e-05
3.80158e-05
3.80006e-05
3.78535e-05
3.7732e-05
3.75637e-05
3.7348e-05
3.76108e-05
3.79754e-05
3.75092e-05
3.72416e-05
3.76684e-05
3.74791e-05
3.75448e-05
3.6808e-05
3.66586e-05
3.74968e-05
3.7046e-05
3.76893e-05
3.74186e-05
3.64937e-05
3.63175e-05
3.67211e-05
3.68877e-05
3.71658e-05
3.71446e-05
3.68691e-05
3.70038e-05
3.75621e-05
3.75051e-05
3.70076e-05
3.71389e-05
3.76417e-05
3.66405e-05
3.73675e-05
3.68936e-05
3.68688e-05
3.69712e-05
3.67251e-05
3.81016e-05
3.74816e-05
3.73166e-05
3.73797e-05
3.80133e-05
3.68675e-05
3.73817e-05
3.76482e-05
3.69613e-05
3.67288e-05
4.08627e-05
3.70184e-05
3.71663e-05
3.70184e-05
3.73386e-05
3.69942e-05
3.73683e-05
3.61128e-05
3.69517e-05
3.72393e-05
3.67716e-05
3.75135e-05
3.7254e-05
3.72346e-05
3.74758e-05
3.67051e-05
3.63027e-05
3.69438e-05
3.67152e-05
3.63873e-05
3.6601e-05
3.78348e-05
3.68685e-05
3.71609e-05
3.65453e-05
3.60095e-05
3.63613e-05
3.63377e-05
3.63116e-05
3.64183e-05
3.70515e-05
3.60677e-05
3.65051e-05
3.73058e-05
3.61511e-05
3.62855e-05
3.58262e-05
3.64614e-05
3.61692e-05
3.63069e-05
3.57526e-05
3.6437e-05
3.59281e-05
3.67012e-05
3.63999e-05
3.64387e-05
3.63177e-05
3.71396e-05
3.60004e-05
3.65192e-05
3.67741e-05
3.69202e-05
3.91717e-05
3.60493e-05
3.66954e-05
3.62745e-05
3.70289e-05
3.63506e-05
3.6878e-05
3.63584e-05
3.74929e-05
3.62238e-05
3.64412e-05
3.65537e-05
3.57101e-05
3.61379e-05
3.65834e-05
3.58611e-05
3.6147e-05
3.61607e-05
3.67112e-05
3.59955e-05
3.62943e-05
3.55257e-05
3.6457e-05
3.60195e-05
3.68294e-05
3.60749e-05
3.60481e-05
3.66965e-05
3.54303e-05
3.69974e-05
3.64086e-05
3.64881e-05
3.659e-05
3.55963e-05
3.63006e-05
3.57752e-05
3.62575e-05
3.61956e-05
3.59931e-05
3.54859e-05
3.54808e-05
3.64748e-05
3.66586e-05
3.60513e-05
3.58874e-05
3.63192e-05
3.58492e-05
3.5485e-05
3.54605e-05
3.54442e-05
3.67456e-05
3.64038e-05
3.56241e-05
3.65499e-05
3.81274e-05
3.61037e-05
3.67848e-05
3.57929e-05
3.56912e-05
3.55068e-05
3.52655e-05
3.60311e-05
3.6456e-05
3.56884e-05
3.61568e-05
3.6199e-05
3.611e-05
3.534e-05
3.62218e-05
3.49165e-05
3.61502e-05
3.57096e-05
3.5997e-05
3.64609e-05
3.55634e-05
3.56526e-05
3.53337e-05
3.60745e-05
3.63746e-05
3.56019e-05
3.53535e-05
3.6174e-05
3.63497e-05
3.50149e-05
3.5626e-05
3.82937e-05
3.67638e-05
3.57501e-05
3.51435e-05
3.62882e-05
3.5233e-05
3.52316e-05
3.65447e-05
3.63405e-05
3.65175e-05
3.63215e-05
3.57449e-05
3.69522e-05
3.57388e-05
3.61987e-05
3.52823e-05
3.55783e-05
3.52421e-05
3.60556e-05
3.66158e-05
3.61888e-05
3.48985e-05
3.50345e-05
3.60971e-05
3.52117e-05
3.48368e-05
3.60992e-05
3.55519e-05
3.54491e-05
3.56145e-05
3.53073e-05
3.5544e-05
3.51605e-05
3.62317e-05
3.53874e-05
3.64914e-05
3.63241e-05
3.63813e-05
3.61594e-05
3.5479e-05
3.52478e-05
3.58307e-05
3.55175e-05
3.60206e-05
3.53568e-05
3.55416e-05
3.48226e-05
3.65162e-05
3.57726e-05
3.53154e-05
3.52815e-05
3.51469e-05
3.55795e-05
3.49855e-05
3.51918e-05
3.70418e-05
3.53259e-05
3.59045e-05
3.55109e-05
3.52259e-05
3.50904e-05
3.51285e-05
3.43206e-05
3.55565e-05
3.43277e-05
3.50074e-05
3.47076e-05
3.52631e-05
3.53103e-05
3.46263e-05
3.51011e-05
3.50629e-05
3.49926e-05
3.47522e-05
3.50918e-05
3.58724e-05
3.66287e-05
3.48733e-05
3.48088e-05
3.551e-05
3.49679e-05
3.55282e-05
3.66231e-05
3.50607e-05
3.47989e-05
3.55925e-05
3.55942e-05
3.51692e-05
3.47395e-05
3.47494e-05
3.49075e-05
3.47478e-05
3.52786e-05
3.45895e-05
3.47772e-05
3.44634e-05
3.5665e-05
3.50642e-05
3.45678e-05
3.44161e-05
3.46436e-05
3.49026e-05
3.54223e-05
3.45792e-05
3.47153e-05
3.50358e-05
3.50298e-05
3.4569e-05
3.41994e-05
3.50357e-05
3.50419e-05
3.53202e-05
3.52083e-05
3.51599e-05
3.41201e-05
3.50693e-05
3.50477e-05
3.4801e-05
3.40881e-05
3.5305e-05
3.48736e-05
3.55416e-05
3.52227e-05
3.4286e-05
3.516e-05
3.48817e-05
3.48459e-05
3.43164e-05
3.46e-05
3.44698e-05
3.3988e-05
3.43138e-05
3.41101e-05
3.4005e-05
3.44352e-05
3.44285e-05
3.41527e-05
3.41354e-05
3.51901e-05
3.48626e-05
3.4968e-05
3.50048e-05
3.49227e-05
3.4617e-05
3.47579e-05
3.42961e-05
3.50403e-05
3.44948e-05
3.59261e-05
3.45947e-05
3.42842e-05
3.45e-05
3.37242e-05
3.36487e-05
3.4746e-05
3.42753e-05
3.44217e-05
3.37938e-05
3.47554e-05
3.50687e-05
3.44509e-05
3.50628e-05
3.42432e-05
3.50006e-05
3.48817e-05
3.44487e-05
3.41499e-05
3.41504e-05
3.50967e-05
3.34134e-05
3.65582e-05
3.43127e-05
3.45884e-05
3.41438e-05
3.42176e-05
3.36124e-05
3.4813e-05
3.3752e-05
3.41403e-05
3.47667e-05
3.46598e-05
3.4086e-05
3.41532e-05
3.51601e-05
3.36702e-05
3.36021e-05
3.43418e-05
3.41324e-05
3.45616e-05
3.4625e-05
3.35209e-05
3.39402e-05
3.42449e-05
3.40022e-05
3.36267e-05
3.40168e-05
3.4889e-05
3.41186e-05
3.36557e-05
3.4493e-05
3.40516e-05
3.38975e-05
3.42444e-05
3.40699e-05
3.38893e-05
3.39772e-05
3.43744e-05
3.45234e-05
3.36068e-05
3.35803e-05
3.45213e-05
3.44352e-05
3.45018e-05
3.38227e-05
3.45996e-05
3.36742e-05
3.72164e-05
3.44083e-05
3.38644e-05
3.35892e-05
3.39271e-05
3.33768e-05
3.44552e-05
3.34634e-05
3.42368e-05
3.3697e-05
3.37963e-05
3.43901e-05
3.52631e-05
3.37338e-05
3.39761e-05
3.40077e-05
3.36646e-05
3.48641e-05
3.39576e-05
3.43738e-05
3.45283e-05
3.34706e-05
3.39678e-05
3.41413e-05
3.41591e-05
3.33816e-05
3.35924e-05
3.32228e-05
3.43521e-05
3.35572e-05
3.30841e-05
3.37022e-05
3.42543e-05
3.44234e-05
3.34203e-05
3.4679e-05
3.39674e-05
3.4069e-05
3.29468e-05
3.38007e-05
3.35452e-05
3.36647e-05
3.43701e-05
3.43701e-05
3.40639e-05
3.33766e-05
3.4187e-05
3.36222e-05
3.39231e-05
3.39673e-05
3.42676e-05
3.47765e-05
3.42747e-05
3.43203e-05
3.37494e-05
3.37867e-05
3.33103e-05
3.3689e-05
3.33924e-05
3.29803e-05
3.32546e-05
3.34557e-05
3.42508e-05
3.37208e-05
3.38756e-05
3.36581e-05
3.37283e-05
3.39727e-05
3.42494e-05
3.40217e-05
3.36417e-05
3.34966e-05
3.31645e-05
3.35767e-05
3.36539e-05
3.30929e-05
3.29688e-05
3.34957e-05
3.35407e-05
3.38597e-05
3.3481e-05
3.33403e-05
3.322e-05
3.30594e-05
3.29926e-05
3.35458e-05
3.33707e-05
3.40133e-05
3.42531e-05
3.32091e-05
3.32276e-05
3.31086e-05
3.33238e-05
3.29991e-05
3.42284e-05
3.39829e-05
3.43179e-05
3.30626e-05
3.29799e-05
3.34342e-05
3.36671e-05
3.34318e-05
3.33453e-05
3.41322e-05
3.3135e-05
3.36479e-05
3.34657e-05
3.369e-05
3.33449e-05
3.29309e-05
3.26359e-05
3.36697e-05
3.36813e-05
3.25015e-05
3.40125e-05
3.34072e-05
3.31509e-05
3.32411e-05
3.355e-05
3.31993e-05
3.27956e-05
3.31215e-05
3.39159e-05
3.34884e-05
3.29618e-05
3.36131e-05
3.34267e-05
3.36209e-05
3.29745e-05
3.28618e-05
3.303e-05
3.28736e-05
3.362e-05
3.36147e-05
3.29954e-05
3.36913e-05
3.35009e-05
3.28463e-05
3.25907e-05
3.31557e-05
3.27147e-05
3.27587e-05
3.31903e-05
3.32793e-05
3.33097e-05
3.43331e-05
3.37487e-05
3.31219e-05
3.31357e-05
3.29806e-05
3.32364e-05
3.28677e-05
3.37903e-05
3.31082e-05
3.28917e-05
3.31335e-05
3.32771e-05
3.30412e-05
3.32662e-05
3.34383e-05
3.28185e-05
3.3523e-05
3.27381e-05
3.29051e-05
3.26363e-05
3.36543e-05
3.31613e-05
3.26777e-05
3.38531e-05
3.3343e-05
3.37437e-05
3.26347e-05
3.28984e-05
3.26464e-05
3.21886e-05
3.34824e-05
3.29611e-05
3.25913e-05
3.36584e-05
3.29385e-05
3.32594e-05
3.35708e-05
3.42617e-05
3.29803e-05
3.35084e-05
3.29172e-05
3.32687e-05
3.30222e-05
3.35083e-05
3.37842e-05
3.23061e-05
3.2348e-05
3.48016e-05
3.28749e-05
3.27168e-05
3.29419e-05
3.18514e-05
3.28625e-05
3.28801e-05
3.22049e-05
3.346e-05
3.29015e-05
3.30909e-05
3.2617e-05
3.33758e-05
3.30552e-05
3.36183e-05
3.29011e-05
3.36579e-05
3.34901e-05
3.22709e-05
3.21595e-05
3.20548e-05
3.26982e-05
3.37992e-05
3.21185e-05
3.30932e-05
3.25735e-05
3.35905e-05
3.29746e-05
3.25116e-05
3.2926e-05
3.19157e-05
3.23894e-05
3.2285e-05
3.18892e-05
3.24276e-05
3.21189e-05
3.2734e-05
3.26528e-05
3.22745e-05
3.27303e-05
3.17435e-05
3.25242e-05
3.24079e-05
3.20119e-05
3.28998e-05
3.31046e-05
3.25493e-05
3.24746e-05
3.32505e-05
3.36612e-05
3.23674e-05
3.21065e-05
3.20456e-05
3.31394e-05
3.24485e-05
3.21144e-05
3.25638e-05
3.19052e-05
3.26014e-05
3.23941e-05
3.21998e-05
3.24035e-05
3.27637e-05
3.29114e-05
3.22153e-05
3.30054e-05
3.17789e-05
3.19097e-05
3.20959e-05
3.32131e-05
3.32171e-05
3.24398e-05
3.19846e-05
3.19553e-05
3.1878e-05
3.23135e-05
3.2259e-05
3.19433e-05
3.20842e-05
3.20491e-05
3.29629e-05
3.29672e-05
3.33217e-05
3.20782e-05
3.24872e-05
3.21072e-05
3.18873e-05
3.20302e-05
3.29804e-05
3.16719e-05
3.24199e-05
3.20816e-05
3.23056e-05
3.20538e-05
3.22186e-05
3.17946e-05
3.22007e-05
3.22386e-05
3.18322e-05
3.24348e-05
3.23994e-05
3.29122e-05
3.16854e-05
3.2736e-05
3.18183e-05
3.20019e-05
3.17467e-05
3.20749e-05
3.20648e-05
3.23855e-05
3.17057e-05
3.17585e-05
3.24277e-05
3.2766e-05
3.29066e-05
3.22535e-05
3.21522e-05
3.25037e-05
3.26667e-05
3.30672e-05
3.24498e-05
3.23219e-05
3.20329e-05
3.22933e-05
3.13765e-05
3.20879e-05
3.31779e-05
3.25833e-05
3.18449e-05
3.13415e-05
3.20859e-05
3.24698e-05
3.28039e-05
3.18255e-05
3.2238e-05
3.17457e-05
3.19866e-05
3.22353e-05
3.28499e-05
3.15861e-05
3.27169e-05
3.29823e-05
3.17606e-05
3.18302e-05
3.13941e-05
3.20131e-05
3.14286e-05
3.16307e-05
3.12126e-05
3.14875e-05
3.22326e-05
3.23972e-05
3.18596e-05
3.3107e-05
3.21846e-05
3.10614e-05
3.10436e-05
3.1567e-05
3.20022e-05
3.19696e-05
3.1639e-05
3.19017e-05
3.15667e-05
3.10632e-05
3.21387e-05
3.1775e-05
3.119e-05
3.18192e-05
3.19109e-05
3.12111e-05
3.16004e-05
3.22035e-05
3.1636e-05
3.1269e-05
3.1894e-05
3.17976e-05
3.20414e-05
3.19729e-05
3.24699e-05
3.18334e-05
3.18054e-05
3.20354e-05
3.13984e-05
3.19458e-05
3.26767e-05
3.18588e-05
3.09807e-05
3.22288e-05
3.4455e-05
3.09991e-05
3.21508e-05
3.08887e-05
3.17725e-05
3.17893e-05
3.1775e-05
3.10045e-05
3.13039e-05
3.13588e-05
3.10939e-05
3.23056e-05
3.22333e-05
3.1029e-05
3.15093e-05
3.08699e-05
3.162e-05
3.18778e-05
3.17064e-05
3.24411e-05
3.13799e-05
3.19218e-05
3.0911e-05
3.13264e-05
3.12549e-05
3.10115e-05
3.23649e-05
3.15994e-05
3.16538e-05
3.15033e-05
3.17996e-05
3.19756e-05
3.11149e-05
3.13019e-05
3.17932e-05
3.1735e-05
3.13471e-05
3.11317e-05
3.19616e-05
3.14644e-05
3.12179e-05
3.11921e-05
3.08241e-05
3.09671e-05
3.10188e-05
3.10699e-05
3.11798e-05
3.05524e-05
3.18482e-05
3.09065e-05
3.10228e-05
3.08555e-05
3.11355e-05
3.09679e-05
3.14383e-05
3.07385e-05
3.1278e-05
3.20796e-05
3.07166e-05
3.11198e-05
3.12314e-05
3.13079e-05
3.11866e-05
3.14075e-05
3.12246e-05
3.07622e-05
3.07463e-05
3.16976e-05
3.14981e-05
3.15248e-05
3.06522e-05
3.16622e-05
3.11676e-05
3.19698e-05
3.08215e-05
3.15557e-05
3.15679e-05
3.124e-05
3.07008e-05
3.11057e-05
3.02292e-05
3.06805e-05
3.10514e-05
3.06251e-05
3.13458e-05
3.06771e-05
3.07243e-05
3.32261e-05
3.12685e-05
3.01685e-05
3.10112e-05
3.02126e-05
3.0345e-05
3.08621e-05
3.12066e-05
3.10912e-05
3.08097e-05
3.05704e-05
3.05335e-05
3.02948e-05
3.16448e-05
3.04171e-05
3.14121e-05
3.0467e-05
3.02261e-05
3.02044e-05
3.05743e-05
3.0516e-05
3.03689e-05
3.05454e-05
3.12502e-05
3.04997e-05
3.13962e-05
3.07561e-05
3.11874e-05
3.07559e-05
3.10228e-05
3.09333e-05
3.20756e-05
3.08031e-05
3.02324e-05
3.03503e-05
3.12856e-05
3.11909e-05
3.144e-05
3.06103e-05
3.05953e-05
2.98346e-05
3.11414e-05
3.05726e-05
3.08225e-05
3.03154e-05
3.08395e-05
3.14641e-05
3.05332e-05
3.05782e-05
3.0355e-05
3.02022e-05
3.0665e-05
3.19716e-05
3.03744e-05
3.11031e-05
3.08482e-05
3.3668e-05
3.10138e-05
3.0948e-05
3.02086e-05
3.18825e-05
3.07527e-05
2.98852e-05
3.06578e-05
3.01505e-05
2.99115e-05
3.1488e-05
3.03214e-05
3.00805e-05
3.0293e-05
2.99005e-05
3.10885e-05
3.09625e-05
3.07192e-05
3.10705e-05
3.05849e-05
3.04048e-05
3.03743e-05
3.05011e-05
3.0474e-05
3.12176e-05
3.1061e-05
3.05342e-05
3.0929e-05
2.99662e-05
3.04523e-05
2.99607e-05
3.07372e-05
3.10714e-05
3.03918e-05
2.98843e-05
3.01478e-05
3.08509e-05
3.06305e-05
2.98848e-05
3.1071e-05
3.04843e-05
3.08834e-05
3.11068e-05
3.01383e-05
2.99001e-05
2.98688e-05
3.05391e-05
2.99e-05
3.01272e-05
3.11719e-05
2.99883e-05
3.01216e-05
3.08471e-05
3.03167e-05
3.04747e-05
2.96949e-05
2.97363e-05
3.1287e-05
3.08324e-05
3.06938e-05
3.06805e-05
3.11855e-05
3.08718e-05
3.0731e-05
3.08821e-05
3.11845e-05
3.0345e-05
3.03646e-05
2.96893e-05
3.01163e-05
3.07194e-05
2.96046e-05
3.06559e-05
3.0464e-05
2.99454e-05
3.07125e-05
2.99e-05
2.98165e-05
3.00909e-05
2.99565e-05
2.96184e-05
2.96157e-05
2.96537e-05
3.00772e-05
2.98676e-05
3.08812e-05
3.2447e-05
3.06211e-05
3.00372e-05
3.099e-05
3.07427e-05
2.95622e-05
2.99842e-05
3.06432e-05
3.25573e-05
3.06791e-05
2.9987e-05
2.98065e-05
2.95818e-05
2.98333e-05
3.01862e-05
3.03904e-05
3.01048e-05
3.03913e-05
2.96126e-05
3.04557e-05
3.00804e-05
3.0299e-05
3.00441e-05
3.04767e-05
3.04622e-05
3.05395e-05
2.97154e-05
2.98257e-05
2.98198e-05
3.05531e-05
3.03301e-05
3.05824e-05
3.02368e-05
2.95401e-05
2.96071e-05
3.02742e-05
3.06537e-05
2.97859e-05
3.07506e-05
2.96136e-05
2.97295e-05
3.00855e-05
3.05005e-05
3.00253e-05
2.96664e-05
3.00234e-05
3.01157e-05
3.02079e-05
3.23418e-05
3.03743e-05
3.08778e-05
3.04584e-05
3.02779e-05
3.04758e-05
2.92702e-05
2.99684e-05
2.97225e-05
2.94703e-05
2.99974e-05
2.92791e-05
3.00634e-05
2.94827e-05
2.96902e-05
3.02247e-05
3.00299e-05
3.07056e-05
2.98411e-05
3.06003e-05
2.9866e-05
2.9917e-05
2.97553e-05
3.00992e-05
2.95542e-05
2.99777e-05
2.94199e-05
2.97157e-05
2.89137e-05
2.91439e-05
2.90766e-05
2.98775e-05
3.03004e-05
2.95237e-05
2.90337e-05
3.0155e-05
3.01487e-05
2.9331e-05
3.05092e-05
2.95696e-05
2.9746e-05
3.01546e-05
3.06441e-05
2.87717e-05
2.96763e-05
2.94873e-05
3.39357e-05
2.95524e-05
3.00572e-05
2.9577e-05
3.00664e-05
2.95692e-05
2.97229e-05
2.92039e-05
2.90831e-05
2.95341e-05
3.02934e-05
2.96988e-05
2.99012e-05
2.94067e-05
2.95668e-05
2.98533e-05
2.97409e-05
2.89917e-05
2.99324e-05
2.97373e-05
2.92554e-05
3.01726e-05
2.96832e-05
2.95452e-05
3.06164e-05
2.9695e-05
2.9658e-05
2.98586e-05
2.95075e-05
2.9624e-05
2.92057e-05
3.09819e-05
2.96965e-05
2.85875e-05
2.98973e-05
2.93734e-05
2.9903e-05
2.93987e-05
2.98078e-05
2.92397e-05
3.03621e-05
3.04237e-05
3.01809e-05
2.99084e-05
3.00122e-05
2.99044e-05
2.924e-05
2.96673e-05
3.00664e-05
2.99324e-05
2.96926e-05
2.9518e-05
3.12031e-05
2.89992e-05
2.95789e-05
2.92846e-05
2.95097e-05
3.03357e-05
2.95205e-05
2.97796e-05
3.01175e-05
2.88931e-05
2.93722e-05
2.8612e-05
2.93238e-05
2.90399e-05
2.90159e-05
2.96119e-05
3.00547e-05
2.94924e-05
2.92268e-05
2.97795e-05
2.98846e-05
2.89157e-05
2.94713e-05
2.97282e-05
2.95008e-05
2.96492e-05
2.89855e-05
2.91397e-05
2.88772e-05
2.87608e-05
2.87526e-05
2.95281e-05
2.99814e-05
3.07474e-05
2.97355e-05
2.9723e-05
2.91178e-05
2.90664e-05
3.01067e-05
2.86957e-05
2.95378e-05
2.82803e-05
2.9308e-05
2.97149e-05
2.94283e-05
3.00697e-05
2.83644e-05
2.86651e-05
2.90643e-05
2.95062e-05
2.86352e-05
2.92899e-05
2.92098e-05
2.92302e-05
3.10061e-05
2.88739e-05
2.96421e-05
2.99236e-05
2.87503e-05
2.94757e-05
2.82646e-05
2.87273e-05
2.96009e-05
2.96085e-05
2.85784e-05
2.85879e-05
2.92066e-05
2.89063e-05
2.95531e-05
2.96935e-05
2.9077e-05
2.87273e-05
2.93992e-05
3.08153e-05
3.00491e-05
2.93792e-05
2.88936e-05
2.96921e-05
2.86686e-05
2.96014e-05
2.87413e-05
2.88885e-05
2.96019e-05
2.90314e-05
2.85896e-05
2.88684e-05
2.95561e-05
2.84307e-05
2.85431e-05
2.95305e-05
2.83929e-05
2.88723e-05
2.91079e-05
2.95838e-05
2.94335e-05
2.94502e-05
2.89994e-05
2.83709e-05
2.83039e-05
2.84902e-05
2.92476e-05
2.92856e-05
2.87722e-05
2.89694e-05
2.9254e-05
2.85735e-05
2.91899e-05
3.0516e-05
2.8944e-05
2.9348e-05
2.95118e-05
2.88312e-05
2.83866e-05
2.84855e-05
2.8956e-05
2.92741e-05
2.93251e-05
2.9047e-05
2.81025e-05
2.8724e-05
2.80767e-05
2.83163e-05
2.83179e-05
2.87253e-05
2.88254e-05
2.89852e-05
2.81685e-05
2.82086e-05
2.85301e-05
2.86806e-05
2.93197e-05
2.84782e-05
2.92214e-05
2.85486e-05
2.92684e-05
2.88052e-05
2.85858e-05
2.91189e-05
2.8977e-05
2.81194e-05
2.86319e-05
2.8681e-05
2.83213e-05
2.85685e-05
2.83008e-05
2.90981e-05
2.87599e-05
2.84432e-05
2.79619e-05
2.90268e-05
2.88146e-05
2.79192e-05
2.88771e-05
2.78634e-05
2.86764e-05
2.87576e-05
2.81984e-05
2.93102e-05
2.89123e-05
2.85916e-05
2.82845e-05
2.79722e-05
2.9e-05
2.84828e-05
2.83394e-05
2.83955e-05
2.86447e-05
3.08833e-05
2.84496e-05
2.85442e-05
2.82012e-05
2.86045e-05
2.76848e-05
2.79676e-05
2.79944e-05
2.79805e-05
2.8106e-05
2.83246e-05
2.86409e-05
2.84781e-05
2.82027e-05
2.81419e-05
2.86138e-05
2.76394e-05
2.82451e-05
2.88326e-05
2.79639e-05
2.83688e-05
2.85305e-05
2.79376e-05
2.84985e-05
2.82445e-05
2.82852e-05
3.06147e-05
2.85181e-05
2.79854e-05
2.8145e-05
2.85377e-05
2.87592e-05
2.8393e-05
2.88089e-05
2.90439e-05
2.81808e-05
2.81086e-05
2.87198e-05
2.98592e-05
2.75195e-05
2.80269e-05
2.82584e-05
2.76743e-05
2.88839e-05
2.75576e-05
2.83815e-05
2.79333e-05
2.85331e-05
2.877e-05
2.74678e-05
2.84829e-05
2.84772e-05
2.9002e-05
2.87601e-05
2.83354e-05
2.77396e-05
2.89512e-05
2.83163e-05
2.86865e-05
2.86669e-05
2.86686e-05
2.83613e-05
2.81087e-05
2.82075e-05
2.79358e-05
2.85466e-05
2.8062e-05
2.80296e-05
2.79688e-05
2.79025e-05
2.84592e-05
2.80652e-05
2.84405e-05
2.82072e-05
2.80785e-05
2.82301e-05
2.84038e-05
2.78953e-05
2.76134e-05
2.89241e-05
2.77086e-05
2.84105e-05
2.7859e-05
2.75717e-05
2.83559e-05
2.79337e-05
2.78183e-05
2.79871e-05
2.863e-05
2.72409e-05
2.84555e-05
2.85229e-05
2.77005e-05
2.75056e-05
2.82776e-05
2.86184e-05
2.87075e-05
2.83367e-05
2.85501e-05
2.84316e-05
2.79728e-05
2.83617e-05
2.72657e-05
2.80592e-05
2.81294e-05
2.83368e-05
2.80359e-05
2.82221e-05
2.82487e-05
2.80939e-05
2.8199e-05
2.78502e-05
2.82994e-05
2.82823e-05
2.88219e-05
2.87476e-05
2.84868e-05
2.97152e-05
2.79039e-05
2.78398e-05
2.74666e-05
2.74244e-05
2.71979e-05
2.78638e-05
2.77932e-05
2.75335e-05
2.7474e-05
2.77235e-05
2.82804e-05
2.82333e-05
2.83861e-05
2.73662e-05
2.76966e-05
2.74701e-05
2.68885e-05
2.72488e-05
2.76297e-05
2.83172e-05
2.76556e-05
2.85058e-05
2.82616e-05
2.77862e-05
2.76073e-05
2.75254e-05
2.74983e-05
2.74849e-05
2.833e-05
2.81284e-05
2.76686e-05
2.82327e-05
2.76505e-05
2.76056e-05
2.79851e-05
2.80584e-05
2.82251e-05
2.72606e-05
2.77417e-05
2.79379e-05
2.78269e-05
2.80327e-05
2.93588e-05
2.82651e-05
2.75311e-05
2.81204e-05
2.82525e-05
2.75767e-05
2.73902e-05
2.77297e-05
2.74129e-05
2.79517e-05
2.82535e-05
2.81252e-05
2.87048e-05
2.72745e-05
2.78121e-05
2.8359e-05
2.75865e-05
2.77294e-05
2.76896e-05
2.78543e-05
2.80556e-05
2.75469e-05
2.76802e-05
2.73506e-05
2.92486e-05
2.84266e-05
2.74644e-05
2.80145e-05
2.76925e-05
2.72394e-05
2.83288e-05
2.74907e-05
2.73787e-05
2.71155e-05
2.81903e-05
2.73165e-05
2.7626e-05
2.82113e-05
2.79816e-05
2.72037e-05
2.85401e-05
2.77994e-05
2.77551e-05
2.69854e-05
2.69619e-05
2.78215e-05
2.84014e-05
2.78e-05
2.79423e-05
2.82637e-05
2.793e-05
2.77273e-05
2.7321e-05
3.00987e-05
2.73591e-05
2.72596e-05
2.76683e-05
2.74051e-05
2.73241e-05
2.70638e-05
2.70848e-05
2.7082e-05
2.84991e-05
2.71013e-05
2.77131e-05
2.77226e-05
2.82173e-05
2.71626e-05
2.73368e-05
2.74155e-05
2.79183e-05
2.82759e-05
2.75577e-05
2.76067e-05
2.70252e-05
2.78317e-05
2.71484e-05
2.80511e-05
2.81045e-05
2.7296e-05
2.73103e-05
2.73309e-05
2.69501e-05
2.76875e-05
2.74595e-05
2.76945e-05
2.79134e-05
2.73148e-05
2.68223e-05
2.7721e-05
2.66892e-05
2.75527e-05
2.7138e-05
2.71289e-05
2.73224e-05
2.70762e-05
2.78498e-05
2.69152e-05
2.78195e-05
2.69774e-05
2.8162e-05
2.73008e-05
2.77552e-05
2.6707e-05
2.71914e-05
2.72921e-05
2.71151e-05
2.6935e-05
2.77673e-05
2.76746e-05
2.69006e-05
2.69262e-05
2.69156e-05
2.76888e-05
2.78173e-05
2.76945e-05
2.69109e-05
2.70296e-05
2.72331e-05
2.65923e-05
2.71251e-05
2.67549e-05
2.82826e-05
2.80043e-05
2.82949e-05
2.71182e-05
2.75762e-05
2.68968e-05
2.7238e-05
2.75032e-05
2.6528e-05
2.73367e-05
2.71912e-05
2.68941e-05
2.76245e-05
2.77265e-05
2.67347e-05
2.73131e-05
2.77364e-05
2.77602e-05
2.66024e-05
2.75933e-05
2.74842e-05
2.75328e-05
2.75903e-05
2.76125e-05
2.68378e-05
2.76073e-05
2.74121e-05
2.7572e-05
2.71596e-05
2.77703e-05
2.73169e-05
2.7546e-05
2.74834e-05
2.66185e-05
2.65612e-05
2.7101e-05
2.75047e-05
2.74611e-05
2.71669e-05
2.6355e-05
2.6633e-05
2.69432e-05
2.70113e-05
2.7371e-05
2.64146e-05
2.69412e-05
2.70467e-05
2.74478e-05
2.70997e-05
2.70547e-05
2.69601e-05
2.69792e-05
2.73434e-05
2.69668e-05
2.76061e-05
2.72295e-05
2.77523e-05
2.683e-05
2.74026e-05
2.7235e-05
2.62842e-05
2.68722e-05
2.67385e-05
2.64924e-05
2.69007e-05
2.62113e-05
2.67946e-05
2.65563e-05
2.6603e-05
2.77789e-05
2.62824e-05
2.6796e-05
2.73734e-05
2.69854e-05
2.61571e-05
2.68981e-05
2.68343e-05
2.65832e-05
2.70657e-05
2.66804e-05
2.70478e-05
2.78669e-05
2.60756e-05
2.63889e-05
2.69208e-05
2.64434e-05
2.72378e-05
2.61324e-05
2.72809e-05
2.71105e-05
2.66148e-05
2.70979e-05
2.68711e-05
2.75731e-05
2.74578e-05
2.64865e-05
2.63127e-05
2.69529e-05
2.64624e-05
2.74958e-05
2.69241e-05
2.67815e-05
2.6502e-05
2.67092e-05
2.62414e-05
2.72632e-05
2.64677e-05
2.78435e-05
2.67974e-05
2.68934e-05
2.61944e-05
2.61948e-05
2.6836e-05
2.65979e-05
2.68834e-05
2.70759e-05
2.67548e-05
2.60614e-05
2.6193e-05
2.67958e-05
2.70455e-05
2.62724e-05
2.8088e-05
2.68294e-05
2.69888e-05
2.73473e-05
2.67802e-05
2.64778e-05
2.69316e-05
2.66751e-05
2.73484e-05
2.79973e-05
2.7355e-05
2.69246e-05
2.73518e-05
2.65719e-05
2.67478e-05
2.67906e-05
2.72392e-05
2.66648e-05
2.66598e-05
2.66735e-05
2.60678e-05
2.69778e-05
2.72157e-05
2.60428e-05
2.64229e-05
2.7829e-05
2.73929e-05
2.70379e-05
2.71912e-05
2.67068e-05
2.71281e-05
2.6241e-05
2.66887e-05
2.73691e-05
2.6219e-05
2.57599e-05
2.75154e-05
2.69827e-05
2.6452e-05
2.69802e-05
2.62606e-05
2.63291e-05
2.60192e-05
2.65992e-05
2.61238e-05
2.606e-05
2.64436e-05
2.64022e-05
2.57132e-05
2.59894e-05
2.64402e-05
2.67117e-05
2.58317e-05
2.62642e-05
2.70983e-05
2.70972e-05
2.61681e-05
2.71076e-05
2.62868e-05
2.63821e-05
2.62412e-05
2.59947e-05
2.69072e-05
2.64134e-05
2.66289e-05
2.64878e-05
2.64899e-05
2.63222e-05
2.71684e-05
2.65306e-05
2.71268e-05
2.63717e-05
2.59746e-05
2.64009e-05
2.71201e-05
2.70657e-05
2.71626e-05
2.74619e-05
2.63663e-05
2.64131e-05
2.78421e-05
2.69502e-05
2.66736e-05
2.65088e-05
2.56068e-05
2.6427e-05
2.59892e-05
2.58162e-05
2.63462e-05
2.66446e-05
2.60753e-05
2.83723e-05
2.60237e-05
2.67374e-05
2.61503e-05
2.61669e-05
2.6795e-05
2.62369e-05
2.57178e-05
2.57459e-05
2.59252e-05
2.59464e-05
2.59834e-05
2.60856e-05
2.62615e-05
2.62509e-05
2.61487e-05
2.60765e-05
2.60781e-05
2.68004e-05
2.62838e-05
2.68278e-05
2.60491e-05
2.65891e-05
2.58351e-05
2.57953e-05
2.87726e-05
2.61017e-05
2.58258e-05
2.53322e-05
2.56821e-05
2.61024e-05
2.61066e-05
2.59278e-05
2.63029e-05
2.5533e-05
2.65526e-05
2.58489e-05
2.59417e-05
2.55643e-05
2.62185e-05
2.58394e-05
2.6013e-05
2.58733e-05
2.60715e-05
2.59477e-05
2.62846e-05
2.54435e-05
2.55239e-05
2.59382e-05
2.6665e-05
2.61438e-05
2.63029e-05
2.65311e-05
2.63247e-05
2.5895e-05
2.5785e-05
2.58556e-05
2.68987e-05
2.57819e-05
2.66097e-05
2.54612e-05
2.56315e-05
2.52091e-05
2.56829e-05
2.65453e-05
2.51412e-05
2.59154e-05
2.61051e-05
2.57497e-05
2.62852e-05
2.6214e-05
2.59419e-05
2.56096e-05
2.60283e-05
2.54391e-05
2.60731e-05
2.56343e-05
2.60019e-05
2.59484e-05
2.58216e-05
2.57825e-05
2.56869e-05
2.58964e-05
2.51308e-05
2.55928e-05
2.57977e-05
2.62359e-05
2.65042e-05
2.56368e-05
2.59199e-05
2.58831e-05
2.59073e-05
2.56864e-05
2.53318e-05
2.52226e-05
2.74815e-05
2.59609e-05
2.57111e-05
2.55218e-05
2.59523e-05
2.62181e-05
2.5854e-05
2.593e-05
2.49467e-05
2.5737e-05
2.63868e-05
2.58145e-05
2.63049e-05
2.58382e-05
2.60218e-05
2.54659e-05
2.53621e-05
2.65241e-05
2.59673e-05
2.60574e-05
2.58654e-05
2.50922e-05
2.54681e-05
2.51823e-05
2.58609e-05
2.58614e-05
2.57187e-05
2.58597e-05
2.58917e-05
2.60775e-05
2.53048e-05
2.52079e-05
2.60413e-05
2.62894e-05
2.58293e-05
2.53437e-05
2.53999e-05
2.51191e-05
2.55991e-05
2.4991e-05
2.56564e-05
2.5365e-05
2.53031e-05
2.61553e-05
2.49031e-05
2.58734e-05
2.59543e-05
2.49093e-05
2.60037e-05
2.60937e-05
2.59017e-05
2.61445e-05
2.47397e-05
2.60224e-05
2.54191e-05
2.56699e-05
2.55213e-05
2.57674e-05
2.50293e-05
2.51526e-05
2.49795e-05
2.58111e-05
2.54942e-05
2.60329e-05
2.57784e-05
2.60227e-05
2.55761e-05
2.60615e-05
2.57357e-05
2.44593e-05
2.47099e-05
2.49642e-05
2.51967e-05
2.4841e-05
2.53733e-05
2.5418e-05
2.55312e-05
2.54417e-05
2.45294e-05
2.59614e-05
2.49888e-05
2.52218e-05
2.48336e-05
2.48083e-05
2.56587e-05
2.52518e-05
2.59882e-05
2.45775e-05
2.45929e-05
2.77e-05
2.4953e-05
2.74016e-05
2.51794e-05
2.46594e-05
2.51548e-05
2.50962e-05
2.56189e-05
2.5763e-05
2.57912e-05
2.61457e-05
2.51287e-05
2.56937e-05
2.49278e-05
2.49752e-05
2.51907e-05
2.54056e-05
2.47812e-05
2.46856e-05
2.51875e-05
2.46819e-05
2.58237e-05
2.52105e-05
2.56925e-05
2.57442e-05
2.50425e-05
2.55651e-05
2.55251e-05
2.53166e-05
2.57238e-05
2.55242e-05
2.58561e-05
2.55278e-05
2.44132e-05
2.54362e-05
2.4973e-05
2.47158e-05
2.50611e-05
2.57816e-05
2.60482e-05
2.50764e-05
2.57339e-05
2.53773e-05
2.53813e-05
2.56927e-05
2.56743e-05
2.54083e-05
2.54572e-05
2.57675e-05
2.56041e-05
2.4789e-05
2.58996e-05
2.50193e-05
2.50339e-05
2.5627e-05
2.51623e-05
2.46514e-05
2.4682e-05
2.55239e-05
2.5834e-05
2.52153e-05
2.56351e-05
2.47462e-05
2.55499e-05
2.48666e-05
2.48205e-05
2.45487e-05
2.44066e-05
2.56739e-05
2.54614e-05
2.46014e-05
2.58729e-05
2.48331e-05
2.546e-05
2.51337e-05
2.60608e-05
2.47253e-05
2.46516e-05
2.48842e-05
2.45353e-05
2.49981e-05
2.46699e-05
2.46228e-05
2.57393e-05
2.48627e-05
2.5525e-05
2.50568e-05
2.48574e-05
2.5423e-05
2.46153e-05
2.50812e-05
2.44235e-05
2.59683e-05
2.50526e-05
2.47529e-05
2.57863e-05
2.60694e-05
2.55013e-05
2.53118e-05
2.54221e-05
2.56427e-05
2.54471e-05
2.50253e-05
2.54318e-05
2.51259e-05
2.49832e-05
2.45709e-05
2.48198e-05
2.46141e-05
2.44709e-05
2.49409e-05
2.59172e-05
2.45094e-05
2.46261e-05
2.4819e-05
2.48943e-05
2.47091e-05
2.43083e-05
2.46269e-05
2.46458e-05
2.48981e-05
2.44924e-05
2.52331e-05
2.46219e-05
2.49249e-05
2.45821e-05
2.50507e-05
2.46838e-05
2.46506e-05
2.46085e-05
2.50182e-05
2.49025e-05
2.53948e-05
2.50259e-05
2.44757e-05
2.54413e-05
2.42414e-05
2.43023e-05
2.45366e-05
2.48315e-05
2.49831e-05
2.50048e-05
2.43163e-05
2.49051e-05
2.4873e-05
2.41884e-05
2.51894e-05
2.51871e-05
2.49618e-05
2.52064e-05
2.42866e-05
2.44994e-05
2.50792e-05
2.47809e-05
2.47163e-05
2.40008e-05
2.45611e-05
2.49363e-05
2.39347e-05
2.47196e-05
2.45961e-05
2.48425e-05
2.4049e-05
2.46113e-05
2.48337e-05
2.61162e-05
2.41957e-05
2.49587e-05
2.47381e-05
2.45295e-05
2.44791e-05
2.47018e-05
2.40048e-05
2.41528e-05
2.44271e-05
2.45288e-05
2.48109e-05
2.48634e-05
2.427e-05
2.45568e-05
2.43967e-05
2.52815e-05
2.4809e-05
2.5079e-05
2.43631e-05
2.67274e-05
2.42773e-05
2.4458e-05
2.41592e-05
2.42742e-05
2.4748e-05
2.50179e-05
2.44655e-05
2.44136e-05
2.44351e-05
2.45609e-05
2.50397e-05
2.40513e-05
2.39562e-05
2.42143e-05
2.45702e-05
2.40627e-05
2.46712e-05
2.37698e-05
2.49799e-05
2.45205e-05
2.5067e-05
2.44071e-05
2.45917e-05
2.509e-05
2.49881e-05
2.41545e-05
2.43674e-05
2.43565e-05
2.48016e-05
2.4769e-05
2.40285e-05
2.4841e-05
2.43126e-05
2.43885e-05
2.44694e-05
2.52637e-05
2.45401e-05
2.41915e-05
2.66335e-05
2.45594e-05
2.45567e-05
2.35924e-05
2.49163e-05
2.50326e-05
2.43956e-05
2.47152e-05
2.46664e-05
2.44854e-05
2.43279e-05
2.47402e-05
2.42592e-05
2.39199e-05
2.39156e-05
2.35867e-05
2.37835e-05
2.48964e-05
2.47038e-05
2.46178e-05
2.43904e-05
2.47412e-05
2.36466e-05
2.44685e-05
2.46587e-05
2.4181e-05
2.43102e-05
2.39542e-05
2.40448e-05
2.36168e-05
2.49756e-05
2.36714e-05
2.39575e-05
2.46663e-05
2.63816e-05
2.42244e-05
2.47624e-05
2.38418e-05
2.44338e-05
2.44574e-05
2.40329e-05
2.44773e-05
2.45264e-05
2.52418e-05
2.38183e-05
2.41574e-05
2.476e-05
2.40767e-05
2.3796e-05
2.4694e-05
2.40927e-05
2.40626e-05
2.42352e-05
2.40554e-05
2.41992e-05
2.4087e-05
2.42368e-05
2.39421e-05
2.48135e-05
2.41525e-05
2.40947e-05
2.42116e-05
2.42479e-05
2.43624e-05
2.42327e-05
2.3475e-05
2.34043e-05
2.40659e-05
2.43708e-05
2.39953e-05
2.40045e-05
2.38793e-05
2.42808e-05
2.48038e-05
2.46672e-05
2.45334e-05
2.39606e-05
2.37473e-05
2.35768e-05
2.46069e-05
2.44939e-05
2.44461e-05
2.42469e-05
2.43132e-05
2.37549e-05
2.44831e-05
2.35106e-05
2.42899e-05
2.5106e-05
2.45245e-05
2.37399e-05
2.31471e-05
2.31784e-05
2.34523e-05
2.35608e-05
2.41572e-05
2.40403e-05
2.45851e-05
2.43599e-05
2.42579e-05
2.45119e-05
2.40192e-05
2.38169e-05
2.36549e-05
2.41317e-05
2.4769e-05
2.34234e-05
2.325e-05
2.42731e-05
2.4167e-05
2.35146e-05
2.54774e-05
2.6226e-05
2.42532e-05
2.41039e-05
2.40679e-05
2.37126e-05
2.33244e-05
2.42585e-05
2.34306e-05
2.44103e-05
2.44956e-05
2.45839e-05
2.37488e-05
2.41416e-05
2.39667e-05
2.45132e-05
2.40122e-05
2.44458e-05
2.41993e-05
2.36562e-05
2.37173e-05
2.37483e-05
2.39481e-05
2.4291e-05
2.35817e-05
2.4217e-05
2.40398e-05
2.41717e-05
2.40571e-05
2.43328e-05
2.85462e-05
2.33111e-05
2.35001e-05
2.48858e-05
2.46658e-05
2.48061e-05
2.58492e-05
2.41847e-05
2.44329e-05
2.46532e-05
2.34676e-05
2.37849e-05
2.33702e-05
2.40202e-05
2.2904e-05
2.34393e-05
2.42842e-05
2.40903e-05
2.35136e-05
2.3352e-05
2.33467e-05
2.333e-05
2.40942e-05
2.35074e-05
2.4073e-05
2.41742e-05
2.39063e-05
2.46463e-05
2.42634e-05
2.43806e-05
2.61315e-05
2.41722e-05
2.43002e-05
2.41506e-05
2.38933e-05
2.35359e-05
2.30078e-05
2.35232e-05
2.33954e-05
2.31909e-05
2.55528e-05
2.43049e-05
2.30128e-05
2.41453e-05
2.3658e-05
2.35534e-05
2.47067e-05
2.33567e-05
2.46127e-05
2.4106e-05
2.35572e-05
2.33623e-05
2.32661e-05
2.40843e-05
2.34109e-05
2.3198e-05
2.35799e-05
2.37164e-05
2.31209e-05
2.39602e-05
2.43192e-05
2.35096e-05
2.29054e-05
2.33146e-05
2.34344e-05
2.33474e-05
2.36995e-05
2.36179e-05
2.43392e-05
2.41309e-05
2.4035e-05
2.3295e-05
2.33808e-05
2.34302e-05
2.4215e-05
2.46454e-05
2.32269e-05
2.34667e-05
2.43136e-05
2.42499e-05
2.43642e-05
2.35496e-05
2.36734e-05
2.43725e-05
2.43382e-05
2.38447e-05
2.33588e-05
2.41179e-05
2.31296e-05
2.40244e-05
2.29828e-05
2.31239e-05
2.30259e-05
2.29915e-05
2.34539e-05
2.29203e-05
2.38139e-05
2.34998e-05
2.41204e-05
2.41187e-05
2.37893e-05
2.38101e-05
2.42859e-05
2.4199e-05
2.32505e-05
2.47589e-05
2.82748e-05
2.33308e-05
2.42992e-05
2.40945e-05
2.34506e-05
2.3821e-05
2.30812e-05
2.29445e-05
2.40598e-05
2.4188e-05
2.41643e-05
2.4335e-05
2.29295e-05
2.38038e-05
2.42011e-05
2.42524e-05
2.35659e-05
2.37838e-05
2.39265e-05
2.35651e-05
2.41791e-05
2.41417e-05
2.36057e-05
2.33361e-05
2.31256e-05
2.39446e-05
2.35828e-05
2.2886e-05
2.26363e-05
2.29841e-05
2.35923e-05
2.34251e-05
2.26564e-05
2.36358e-05
2.29706e-05
2.29111e-05
2.3213e-05
2.30862e-05
2.25899e-05
2.2827e-05
2.24977e-05
2.35112e-05
2.37549e-05
2.30877e-05
2.31241e-05
2.23533e-05
2.39143e-05
2.35208e-05
2.30398e-05
2.35024e-05
2.33611e-05
2.28466e-05
2.28435e-05
2.28779e-05
2.37171e-05
2.24767e-05
2.33378e-05
2.38663e-05
2.32596e-05
2.28512e-05
2.28708e-05
2.22709e-05
2.29725e-05
2.28484e-05
2.372e-05
2.34073e-05
2.29672e-05
2.29725e-05
2.36321e-05
2.32051e-05
2.29901e-05
2.33251e-05
2.31486e-05
2.4189e-05
2.38287e-05
2.29592e-05
2.30293e-05
2.28792e-05
2.37208e-05
2.33521e-05
2.35171e-05
2.34774e-05
2.33103e-05
2.26741e-05
2.35752e-05
2.30513e-05
2.29043e-05
2.29435e-05
2.29933e-05
2.305e-05
2.40283e-05
2.37383e-05
2.3364e-05
2.29454e-05
2.29112e-05
2.27837e-05
2.3617e-05
2.23428e-05
2.33547e-05
2.26602e-05
2.33157e-05
2.24287e-05
2.6093e-05
2.25826e-05
2.28172e-05
2.30777e-05
2.30646e-05
2.26635e-05
2.28728e-05
2.25879e-05
2.24023e-05
2.27111e-05
2.34678e-05
2.26432e-05
2.26007e-05
2.27931e-05
2.34189e-05
2.43639e-05
2.31314e-05
2.33594e-05
2.30587e-05
2.26599e-05
2.2899e-05
2.39003e-05
2.25657e-05
2.27237e-05
2.26495e-05
2.29341e-05
2.34449e-05
2.28077e-05
2.30921e-05
2.27021e-05
2.30586e-05
2.33563e-05
2.36258e-05
2.24189e-05
2.25563e-05
2.30295e-05
2.23813e-05
2.28626e-05
2.24582e-05
2.35741e-05
2.29623e-05
2.34084e-05
2.33131e-05
2.23717e-05
2.33434e-05
2.40786e-05
2.33129e-05
2.22354e-05
2.28339e-05
2.26715e-05
2.25198e-05
2.22469e-05
2.25155e-05
2.33286e-05
2.25449e-05
2.3928e-05
2.30669e-05
2.29726e-05
2.33286e-05
2.25727e-05
2.2559e-05
2.47236e-05
2.24552e-05
2.33186e-05
2.24887e-05
2.39163e-05
2.33187e-05
2.26746e-05
2.24671e-05
2.23278e-05
2.30544e-05
2.33289e-05
2.23773e-05
2.24675e-05
2.24662e-05
2.26548e-05
2.29475e-05
2.21722e-05
2.1981e-05
2.37286e-05
2.28262e-05
2.22698e-05
2.22697e-05
2.25648e-05
2.27752e-05
2.25564e-05
2.2099e-05
2.21153e-05
2.32025e-05
2.26747e-05
2.22431e-05
2.24398e-05
2.26999e-05
2.20594e-05
2.23146e-05
2.18376e-05
2.21622e-05
2.1944e-05
2.27284e-05
2.25737e-05
2.26396e-05
2.2544e-05
2.17818e-05
2.26408e-05
2.22916e-05
2.25812e-05
2.26447e-05
2.22123e-05
2.26718e-05
2.23286e-05
2.20094e-05
2.26177e-05
2.25792e-05
2.24564e-05
2.17731e-05
2.2802e-05
2.39156e-05
2.23987e-05
2.5103e-05
2.26567e-05
2.29612e-05
2.17133e-05
2.32297e-05
2.20613e-05
2.20134e-05
2.22987e-05
2.2945e-05
2.25239e-05
2.18471e-05
2.20986e-05
2.18956e-05
2.21372e-05
2.24043e-05
2.18691e-05
2.32027e-05
2.25796e-05
2.21294e-05
2.27463e-05
2.27312e-05
2.27817e-05
2.22448e-05
2.19917e-05
2.17486e-05
2.17626e-05
2.24877e-05
2.1689e-05
2.21691e-05
2.28093e-05
2.22778e-05
2.24328e-05
2.16806e-05
2.20941e-05
2.20983e-05
2.28767e-05
2.24773e-05
2.22978e-05
2.2836e-05
2.23632e-05
2.19381e-05
2.1811e-05
2.27752e-05
2.16944e-05
2.16759e-05
2.2495e-05
2.35543e-05
2.2614e-05
2.17754e-05
2.26484e-05
2.25176e-05
2.18368e-05
2.18728e-05
2.25811e-05
2.18721e-05
2.18571e-05
2.20717e-05
2.17324e-05
2.18964e-05
2.14998e-05
2.18088e-05
2.1337e-05
2.25516e-05
2.19128e-05
2.28751e-05
2.21058e-05
2.1663e-05
2.23152e-05
2.24843e-05
2.18503e-05
2.20819e-05
2.19284e-05
2.23433e-05
2.19085e-05
2.19543e-05
2.25393e-05
2.19921e-05
2.2062e-05
2.21871e-05
2.24313e-05
2.19137e-05
2.14299e-05
2.28089e-05
2.16022e-05
2.2613e-05
2.19237e-05
2.1625e-05
2.25119e-05
2.267e-05
2.16853e-05
2.14498e-05
2.20918e-05
2.30911e-05
2.26577e-05
2.31606e-05
2.28483e-05
2.30705e-05
2.27152e-05
2.30761e-05
2.26378e-05
2.20062e-05
2.18669e-05
2.19239e-05
2.22544e-05
2.16092e-05
2.2581e-05
2.15066e-05
2.18858e-05
2.22194e-05
2.13885e-05
2.21053e-05
2.1831e-05
2.20924e-05
2.21596e-05
2.16328e-05
2.14229e-05
2.20443e-05
2.13961e-05
2.24484e-05
2.18533e-05
2.23344e-05
2.18886e-05
2.17864e-05
2.19441e-05
2.1326e-05
2.18248e-05
2.17629e-05
2.25547e-05
2.16716e-05
2.15868e-05
2.23672e-05
2.22114e-05
2.2039e-05
2.20208e-05
2.24256e-05
2.15776e-05
2.18953e-05
2.14078e-05
2.18539e-05
2.18425e-05
2.13678e-05
2.20392e-05
2.15798e-05
2.18962e-05
2.21743e-05
2.19161e-05
2.213e-05
2.19617e-05
2.18541e-05
2.13848e-05
2.14877e-05
2.20203e-05
2.20876e-05
2.15828e-05
2.13123e-05
2.19034e-05
2.17982e-05
2.13299e-05
2.19652e-05
2.12602e-05
2.15859e-05
2.10812e-05
2.12294e-05
2.12083e-05
2.21074e-05
2.12246e-05
2.18557e-05
2.1325e-05
2.08484e-05
2.23306e-05
2.15009e-05
2.18184e-05
2.19479e-05
2.18975e-05
2.12318e-05
2.18532e-05
2.16712e-05
2.21207e-05
2.19922e-05
2.22355e-05
2.15236e-05
2.17923e-05
2.1973e-05
2.14659e-05
2.18627e-05
2.10133e-05
2.09988e-05
2.17022e-05
2.14028e-05
2.14083e-05
2.14111e-05
2.15932e-05
2.12719e-05
2.18092e-05
2.13491e-05
2.17114e-05
2.16816e-05
2.07483e-05
2.19317e-05
2.17905e-05
2.11388e-05
2.13344e-05
2.1794e-05
2.15383e-05
2.13212e-05
2.16032e-05
2.18156e-05
2.09182e-05
2.20559e-05
2.20406e-05
2.12116e-05
2.14847e-05
2.19365e-05
2.1129e-05
2.23147e-05
2.06957e-05
2.21097e-05
2.20307e-05
2.24824e-05
2.20291e-05
2.20786e-05
2.08086e-05
2.16835e-05
2.25483e-05
2.11445e-05
2.19731e-05
2.21041e-05
2.16355e-05
2.20036e-05
2.19548e-05
2.18684e-05
2.16038e-05
2.15476e-05
2.20141e-05
2.15982e-05
2.20466e-05
2.15125e-05
2.18033e-05
2.13722e-05
2.21956e-05
2.2405e-05
2.20644e-05
2.15339e-05
2.1011e-05
2.14744e-05
2.14046e-05
2.16424e-05
2.1386e-05
2.14003e-05
2.19559e-05
2.17844e-05
2.15598e-05
2.06868e-05
2.14773e-05
2.07463e-05
2.03204e-05
2.2235e-05
2.11751e-05
2.14851e-05
2.14723e-05
2.17487e-05
2.07512e-05
2.12523e-05
2.19215e-05
2.11888e-05
2.1174e-05
2.18891e-05
2.11444e-05
2.14222e-05
2.15014e-05
2.0907e-05
2.17371e-05
2.12299e-05
2.05378e-05
2.14285e-05
2.11303e-05
2.18119e-05
2.16292e-05
2.15138e-05
2.21183e-05
2.17324e-05
2.10473e-05
2.12468e-05
2.07229e-05
2.12245e-05
2.12496e-05
2.16859e-05
2.06621e-05
2.19413e-05
2.17198e-05
2.17695e-05
2.17844e-05
2.15464e-05
2.15967e-05
2.46727e-05
2.17765e-05
2.15814e-05
2.1161e-05
2.11406e-05
2.11363e-05
2.15368e-05
2.13631e-05
2.13152e-05
2.06063e-05
2.15286e-05
2.16217e-05
2.17324e-05
2.13587e-05
2.1903e-05
2.10714e-05
2.1277e-05
2.2194e-05
2.08735e-05
2.16663e-05
2.19497e-05
2.14737e-05
2.11628e-05
2.10546e-05
2.12096e-05
2.16754e-05
2.09598e-05
2.14691e-05
2.16956e-05
2.16472e-05
2.07921e-05
2.13176e-05
2.12089e-05
2.12225e-05
2.09224e-05
2.09837e-05
2.15832e-05
2.09859e-05
2.19932e-05
2.15846e-05
2.13146e-05
2.1061e-05
2.11334e-05
2.12587e-05
2.17842e-05
2.10444e-05
2.12763e-05
2.11258e-05
2.04463e-05
2.19279e-05
2.09397e-05
2.08302e-05
2.18925e-05
2.17345e-05
2.17378e-05
2.1514e-05
2.2081e-05
2.10167e-05
2.18683e-05
2.07373e-05
2.15111e-05
2.15009e-05
2.15144e-05
2.10995e-05
2.15735e-05
2.15403e-05
2.15962e-05
2.17403e-05
2.15869e-05
2.1035e-05
2.13306e-05
2.14016e-05
2.11369e-05
2.10658e-05
2.107e-05
2.14658e-05
2.11611e-05
2.09766e-05
2.15523e-05
2.14649e-05
2.14282e-05
2.11367e-05
2.04711e-05
2.14643e-05
2.14003e-05
2.11676e-05
2.13148e-05
2.1722e-05
2.14175e-05
2.14266e-05
2.14479e-05
2.14316e-05
2.15451e-05
2.11077e-05
2.16843e-05
2.08707e-05
2.07137e-05
2.07733e-05
2.10202e-05
2.16783e-05
2.08776e-05
2.21062e-05
2.15865e-05
2.18485e-05
2.14793e-05
2.11073e-05
2.09932e-05
2.15131e-05
2.13546e-05
2.06046e-05
2.20322e-05
2.17329e-05
2.16821e-05
2.15275e-05
2.15822e-05
2.13099e-05
2.1681e-05
2.01669e-05
2.10193e-05
2.2367e-05
2.10971e-05
2.0224e-05
2.05135e-05
2.13345e-05
2.02737e-05
2.01922e-05
2.04876e-05
2.06345e-05
1.99446e-05
2.01094e-05
2.11426e-05
2.08647e-05
2.12741e-05
2.01892e-05
2.17868e-05
2.08549e-05
2.10692e-05
2.09072e-05
2.11015e-05
2.08417e-05
2.11096e-05
2.08042e-05
2.08465e-05
2.10613e-05
2.08325e-05
2.07015e-05
2.12442e-05
2.09147e-05
2.00678e-05
2.10769e-05
2.10915e-05
1.98905e-05
2.01859e-05
2.11858e-05
2.44951e-05
2.04654e-05
2.03713e-05
2.14583e-05
2.29416e-05
2.1179e-05
2.11741e-05
2.08415e-05
2.10893e-05
2.16685e-05
2.05147e-05
2.0663e-05
2.05054e-05
2.07647e-05
2.08456e-05
2.126e-05
2.08635e-05
2.0671e-05
2.11495e-05
2.14805e-05
2.08391e-05
2.31077e-05
2.0843e-05
1.9912e-05
2.07687e-05
2.11477e-05
2.1297e-05
2.16194e-05
2.03153e-05
2.08647e-05
2.15375e-05
2.00382e-05
2.08115e-05
2.06796e-05
2.08585e-05
1.98191e-05
2.10893e-05
2.0887e-05
2.11084e-05
2.15546e-05
2.03678e-05
2.12366e-05
2.15622e-05
2.15465e-05
2.11851e-05
2.21234e-05
2.09157e-05
2.11164e-05
2.01784e-05
2.11408e-05
2.08774e-05
2.08767e-05
2.07105e-05
2.15208e-05
2.06886e-05
2.0304e-05
2.08593e-05
2.01627e-05
2.10914e-05
2.06057e-05
2.02144e-05
2.12006e-05
2.04634e-05
1.9876e-05
2.14718e-05
2.1188e-05
2.10168e-05
2.08997e-05
2.10905e-05
2.02157e-05
2.02199e-05
1.98945e-05
2.12462e-05
1.9835e-05
2.09197e-05
2.10063e-05
2.09461e-05
2.05376e-05
2.06152e-05
2.12566e-05
2.0211e-05
1.99842e-05
2.03213e-05
2.03964e-05
2.00842e-05
1.98583e-05
2.0653e-05
2.10625e-05
2.09928e-05
2.11198e-05
2.14745e-05
2.02052e-05
1.99658e-05
2.2236e-05
2.10566e-05
2.02578e-05
2.02431e-05
1.99762e-05
2.04187e-05
2.00272e-05
2.10821e-05
2.03124e-05
2.03479e-05
2.0459e-05
2.10496e-05
2.08818e-05
2.09323e-05
2.0078e-05
2.02781e-05
1.99085e-05
2.03801e-05
2.07748e-05
2.10442e-05
2.05037e-05
2.01111e-05
2.02671e-05
2.09518e-05
2.04176e-05
2.04186e-05
2.22257e-05
1.98608e-05
2.03145e-05
2.09807e-05
1.97249e-05
2.00832e-05
1.9899e-05
2.03509e-05
2.14785e-05
2.02244e-05
2.14692e-05
2.01634e-05
2.09147e-05
1.98982e-05
2.02671e-05
1.9924e-05
2.00012e-05
2.01733e-05
2.04926e-05
2.04715e-05
2.02347e-05
2.00511e-05
2.008e-05
2.09298e-05
2.01047e-05
1.99175e-05
2.10011e-05
2.23958e-05
2.10699e-05
2.17478e-05
1.99857e-05
2.00935e-05
2.04073e-05
1.99124e-05
2.02526e-05
2.08212e-05
1.99327e-05
2.09225e-05
2.02746e-05
1.99061e-05
1.99788e-05
1.95815e-05
1.99507e-05
1.9693e-05
2.0281e-05
2.16465e-05
2.15734e-05
2.01352e-05
2.02113e-05
2.0055e-05
2.01289e-05
2.0395e-05
2.0742e-05
2.03267e-05
1.95862e-05
1.97092e-05
2.00518e-05
2.05252e-05
2.03618e-05
2.05279e-05
1.96496e-05
1.99236e-05
2.03882e-05
1.99299e-05
1.99375e-05
1.91121e-05
1.99192e-05
2.28003e-05
1.975e-05
1.938e-05
1.9569e-05
1.97907e-05
1.98108e-05
1.98601e-05
1.93851e-05
2.02609e-05
1.95953e-05
1.95357e-05
1.97023e-05
1.93798e-05
2.00628e-05
1.94884e-05
1.96166e-05
1.97964e-05
2.00214e-05
1.93904e-05
2.00651e-05
2.06916e-05
1.98943e-05
1.97919e-05
1.97914e-05
1.98129e-05
2.152e-05
2.04451e-05
1.97181e-05
2.00493e-05
1.9378e-05
2.16871e-05
1.99681e-05
1.98588e-05
2.0603e-05
1.93915e-05
2.01691e-05
2.00869e-05
1.98082e-05
2.07395e-05
2.05233e-05
1.99729e-05
1.97413e-05
1.98075e-05
1.99074e-05
1.99174e-05
1.93858e-05
2.03046e-05
2.03452e-05
2.02398e-05
2.07879e-05
1.94691e-05
2.01695e-05
2.02089e-05
2.02844e-05
2.00378e-05
2.01415e-05
2.02985e-05
1.97144e-05
1.93637e-05
2.01137e-05
1.911e-05
1.94759e-05
1.98447e-05
2.00602e-05
1.90892e-05
1.97431e-05
1.92665e-05
2.04342e-05
2.01053e-05
1.94159e-05
1.95845e-05
2.01521e-05
2.0011e-05
2.20904e-05
1.87818e-05
1.97197e-05
1.94491e-05
1.94688e-05
1.98815e-05
1.93112e-05
1.95723e-05
1.99994e-05
2.06087e-05
1.97549e-05
1.90126e-05
2.02751e-05
1.89442e-05
2.00021e-05
1.95239e-05
2.02273e-05
1.91885e-05
1.93111e-05
1.97548e-05
1.97165e-05
1.96723e-05
1.98768e-05
1.9723e-05
2.02379e-05
1.93457e-05
1.9776e-05
1.88777e-05
1.99995e-05
1.99413e-05
1.92507e-05
1.95928e-05
1.93628e-05
1.92009e-05
1.95067e-05
1.93072e-05
1.91537e-05
2.09569e-05
2.01967e-05
1.96009e-05
1.94849e-05
2.01113e-05
1.90423e-05
1.93436e-05
1.95773e-05
1.90445e-05
2.03241e-05
2.01332e-05
1.93077e-05
1.98216e-05
1.92934e-05
1.94764e-05
1.93705e-05
2.00588e-05
2.00918e-05
1.938e-05
2.00523e-05
2.06553e-05
1.92094e-05
1.95655e-05
2.02029e-05
2.016e-05
1.94487e-05
2.19098e-05
1.96351e-05
2.01703e-05
2.03679e-05
1.98431e-05
1.95642e-05
1.96815e-05
1.88836e-05
2.00091e-05
2.16685e-05
1.95531e-05
2.26832e-05
1.95385e-05
1.8825e-05
1.95387e-05
1.96142e-05
1.98798e-05
1.89763e-05
1.92512e-05
1.89423e-05
1.9519e-05
1.90931e-05
1.88995e-05
1.99471e-05
1.94318e-05
1.95452e-05
1.93935e-05
1.93924e-05
1.91214e-05
1.94043e-05
1.89789e-05
1.98808e-05
1.92417e-05
1.88565e-05
1.94322e-05
1.93944e-05
1.93397e-05
1.92595e-05
1.94996e-05
1.92196e-05
1.94123e-05
1.90726e-05
1.95349e-05
1.88466e-05
1.93407e-05
1.90251e-05
1.95789e-05
1.87387e-05
1.97943e-05
1.9519e-05
1.89496e-05
1.93241e-05
1.89576e-05
2.01335e-05
1.92525e-05
1.89531e-05
1.85194e-05
1.95515e-05
1.90695e-05
1.86207e-05
1.8383e-05
1.93893e-05
1.91263e-05
1.94904e-05
1.92174e-05
1.88431e-05
1.99064e-05
1.89129e-05
1.9415e-05
1.93541e-05
1.92554e-05
1.96957e-05
1.93765e-05
1.99723e-05
1.9691e-05
1.97577e-05
1.96582e-05
2.00891e-05
1.94332e-05
1.99139e-05
1.95442e-05
1.9283e-05
1.87799e-05
2.04028e-05
1.86319e-05
1.82588e-05
1.83644e-05
1.94783e-05
2.01798e-05
1.98288e-05
1.91448e-05
1.96163e-05
1.97362e-05
1.90146e-05
1.94683e-05
1.95551e-05
1.8499e-05
1.94685e-05
1.98259e-05
1.95455e-05
1.88997e-05
1.93133e-05
1.91331e-05
1.91124e-05
1.94722e-05
1.92034e-05
1.93627e-05
1.88014e-05
1.87194e-05
1.82184e-05
1.97937e-05
1.9029e-05
1.95929e-05
1.91701e-05
1.80578e-05
1.84701e-05
1.93196e-05
2.11233e-05
1.94316e-05
1.85128e-05
1.90337e-05
1.91693e-05
1.88305e-05
1.8923e-05
1.86838e-05
1.91424e-05
1.87918e-05
1.94993e-05
1.87263e-05
1.77554e-05
1.87153e-05
1.92144e-05
1.89737e-05
1.95387e-05
2.01226e-05
1.84008e-05
1.97137e-05
1.93009e-05
1.92247e-05
1.97192e-05
1.96027e-05
2.01117e-05
1.91004e-05
1.93893e-05
1.9514e-05
1.98393e-05
1.91736e-05
1.96646e-05
1.86115e-05
1.89179e-05
1.84783e-05
1.88578e-05
1.78361e-05
1.81252e-05
1.84466e-05
1.80937e-05
1.92398e-05
1.90067e-05
1.84865e-05
1.8575e-05
1.8909e-05
1.86699e-05
1.83618e-05
1.95548e-05
1.84594e-05
1.92416e-05
1.86949e-05
2.00053e-05
1.87283e-05
1.83908e-05
1.91873e-05
2.03897e-05
1.82206e-05
1.82307e-05
1.88347e-05
1.79942e-05
1.93224e-05
1.90872e-05
1.88654e-05
2.17671e-05
1.91816e-05
2.23109e-05
1.82787e-05
1.85468e-05
1.83989e-05
1.83814e-05
1.8096e-05
1.78378e-05
1.82841e-05
1.88577e-05
1.91301e-05
1.89815e-05
1.81657e-05
1.93111e-05
1.81403e-05
1.96703e-05
1.87778e-05
1.92186e-05
1.94802e-05
1.91472e-05
1.91352e-05
1.98348e-05
1.79089e-05
1.91099e-05
1.84295e-05
1.88804e-05
1.87135e-05
1.92988e-05
1.8948e-05
1.90671e-05
1.91252e-05
1.8026e-05
1.91137e-05
1.88077e-05
1.85809e-05
1.89065e-05
1.79571e-05
1.96622e-05
1.96139e-05
1.84456e-05
1.83625e-05
1.99279e-05
1.93755e-05
1.91212e-05
1.90577e-05
1.80495e-05
1.89331e-05
1.92577e-05
1.87676e-05
1.87033e-05
1.88677e-05
1.8503e-05
1.85289e-05
1.88793e-05
1.9091e-05
1.83829e-05
1.96647e-05
1.92615e-05
1.84428e-05
1.85584e-05
1.93209e-05
1.90899e-05
1.81603e-05
1.94553e-05
1.97854e-05
1.81164e-05
1.84725e-05
1.82765e-05
1.82763e-05
1.83387e-05
1.83975e-05
1.79686e-05
1.81784e-05
1.81601e-05
1.84342e-05
1.92334e-05
1.90989e-05
1.90909e-05
1.79553e-05
1.89455e-05
1.8042e-05
1.7963e-05
1.90941e-05
1.97269e-05
1.9249e-05
2.16097e-05
1.85076e-05
1.84228e-05
1.83866e-05
1.86776e-05
1.796e-05
1.8972e-05
1.80993e-05
1.81406e-05
1.89237e-05
1.83083e-05
1.82888e-05
1.81248e-05
1.83579e-05
1.83119e-05
1.81957e-05
1.83104e-05
1.77288e-05
1.91586e-05
1.88532e-05
1.8489e-05
1.82062e-05
1.8181e-05
1.79565e-05
1.7966e-05
1.89649e-05
1.8558e-05
1.88529e-05
1.86904e-05
1.8125e-05
1.83248e-05
1.77573e-05
1.81851e-05
2.14515e-05
1.81103e-05
1.90101e-05
1.77402e-05
1.96676e-05
1.77554e-05
1.87471e-05
1.85288e-05
2.14691e-05
1.84554e-05
1.83536e-05
1.78219e-05
1.91774e-05
1.82527e-05
1.82198e-05
1.81086e-05
1.8943e-05
1.82104e-05
1.81621e-05
1.79236e-05
1.82881e-05
1.85005e-05
1.79764e-05
1.74421e-05
1.79285e-05
1.8497e-05
1.74356e-05
1.93745e-05
1.88299e-05
1.83909e-05
1.84574e-05
1.84153e-05
1.86279e-05
1.85214e-05
1.823e-05
1.77307e-05
1.76456e-05
1.72749e-05
1.77671e-05
1.75954e-05
1.76442e-05
1.76107e-05
1.77166e-05
1.8469e-05
1.77445e-05
1.7345e-05
1.75288e-05
1.73446e-05
1.83841e-05
1.79485e-05
1.77204e-05
1.79821e-05
1.8464e-05
1.77498e-05
1.95728e-05
1.75471e-05
1.75205e-05
1.76391e-05
1.81339e-05
1.73306e-05
1.71161e-05
1.78375e-05
1.72283e-05
1.77527e-05
1.76383e-05
1.7576e-05
1.80105e-05
1.79454e-05
1.85887e-05
1.79912e-05
1.7604e-05
1.83344e-05
1.90253e-05
1.78606e-05
1.84133e-05
1.83674e-05
1.94139e-05
1.78091e-05
1.77463e-05
1.83647e-05
1.84063e-05
1.79768e-05
1.78204e-05
1.7667e-05
1.78825e-05
1.78988e-05
1.86047e-05
1.8346e-05
1.77294e-05
1.85504e-05
1.79932e-05
1.83599e-05
1.85163e-05
1.7821e-05
1.86843e-05
1.79149e-05
1.77198e-05
1.82674e-05
1.7782e-05
1.75661e-05
1.85071e-05
1.75639e-05
1.74277e-05
1.7904e-05
1.7931e-05
1.75821e-05
1.79684e-05
1.82324e-05
1.85965e-05
1.78334e-05
1.74954e-05
1.81555e-05
1.83077e-05
1.73018e-05
1.75502e-05
1.7391e-05
1.78899e-05
1.81461e-05
1.81231e-05
1.75151e-05
1.76287e-05
1.7223e-05
1.8539e-05
1.77763e-05
1.77214e-05
1.74467e-05
1.84126e-05
1.85677e-05
1.77833e-05
1.76133e-05
1.83949e-05
1.79366e-05
1.7835e-05
1.83567e-05
1.86895e-05
1.75786e-05
1.79762e-05
1.80031e-05
1.83333e-05
1.87935e-05
1.73984e-05
1.79533e-05
1.84809e-05
1.82936e-05
1.78775e-05
1.78387e-05
1.79072e-05
1.72849e-05
1.80851e-05
1.75263e-05
1.76242e-05
1.67649e-05
1.82447e-05
1.74104e-05
1.76663e-05
1.78349e-05
1.75568e-05
1.84706e-05
1.76016e-05
1.77822e-05
1.75697e-05
1.74912e-05
1.7602e-05
1.77157e-05
1.74838e-05
1.75076e-05
1.85035e-05
1.76377e-05
1.7399e-05
1.73145e-05
1.70636e-05
1.75422e-05
1.81073e-05
1.75565e-05
1.71533e-05
1.73027e-05
1.68702e-05
1.72799e-05
1.75325e-05
1.71778e-05
1.82347e-05
1.76051e-05
1.73966e-05
1.70631e-05
1.71383e-05
1.79957e-05
1.78743e-05
1.77036e-05
1.84604e-05
1.73357e-05
1.78787e-05
1.78733e-05
1.78058e-05
1.71315e-05
1.68919e-05
1.7863e-05
1.9491e-05
1.81543e-05
1.85115e-05
1.76538e-05
1.78546e-05
1.77825e-05
1.7355e-05
1.72273e-05
1.67227e-05
1.71946e-05
1.7157e-05
1.72048e-05
1.67898e-05
1.86867e-05
1.67337e-05
1.72518e-05
1.77617e-05
1.67552e-05
1.71466e-05
1.76379e-05
1.72286e-05
1.80662e-05
1.69506e-05
1.74688e-05
1.74886e-05
1.71867e-05
1.7235e-05
1.80325e-05
1.72744e-05
1.68681e-05
1.73075e-05
1.71789e-05
1.6841e-05
1.77994e-05
1.75554e-05
1.77997e-05
1.73718e-05
1.72489e-05
1.76876e-05
1.76151e-05
1.77479e-05
1.72455e-05
1.74764e-05
1.69426e-05
1.78151e-05
1.69711e-05
1.72929e-05
1.78216e-05
1.72093e-05
1.75378e-05
1.75062e-05
1.70292e-05
1.7732e-05
2.02953e-05
1.74703e-05
1.65066e-05
1.88748e-05
1.79437e-05
1.82215e-05
1.69452e-05
1.66412e-05
1.74262e-05
1.74127e-05
1.64597e-05
1.71727e-05
1.68413e-05
1.70979e-05
1.66356e-05
1.72662e-05
1.66085e-05
1.70404e-05
1.74959e-05
1.64132e-05
1.78272e-05
1.63182e-05
1.75924e-05
1.66891e-05
1.64795e-05
1.66317e-05
1.60617e-05
1.71124e-05
1.64386e-05
1.67161e-05
1.69608e-05
1.69019e-05
1.73682e-05
1.64583e-05
1.60563e-05
1.79908e-05
1.65252e-05
1.7207e-05
1.7703e-05
1.66092e-05
1.69642e-05
1.62011e-05
1.69254e-05
1.62341e-05
1.90878e-05
1.77827e-05
1.79437e-05
1.70211e-05
1.63253e-05
1.73682e-05
1.66328e-05
1.71708e-05
1.71408e-05
1.70188e-05
1.81149e-05
1.71022e-05
1.64313e-05
1.72457e-05
1.79258e-05
1.74041e-05
1.81366e-05
1.77231e-05
1.7493e-05
1.72294e-05
1.72509e-05
1.71047e-05
1.73157e-05
1.81518e-05
1.69329e-05
1.61249e-05
1.73117e-05
1.66508e-05
1.64475e-05
1.61492e-05
1.64253e-05
1.73764e-05
1.66781e-05
1.8676e-05
1.63404e-05
1.63215e-05
1.7218e-05
1.71707e-05
1.64375e-05
1.635e-05
1.66043e-05
1.72822e-05
1.67142e-05
1.66307e-05
1.66821e-05
1.66638e-05
1.64015e-05
1.6359e-05
1.71922e-05
1.73015e-05
1.65646e-05
1.6071e-05
1.67237e-05
1.63584e-05
1.71643e-05
1.63211e-05
1.59385e-05
1.63024e-05
1.94045e-05
1.62699e-05
1.72766e-05
1.63172e-05
1.92731e-05
1.77699e-05
1.667e-05
1.66727e-05
1.66106e-05
1.6124e-05
1.63988e-05
1.62819e-05
1.6569e-05
1.62475e-05
1.90913e-05
1.59652e-05
1.64664e-05
1.70948e-05
1.721e-05
1.6283e-05
1.65125e-05
1.627e-05
1.69684e-05
1.7335e-05
1.62931e-05
1.6865e-05
1.65341e-05
1.69117e-05
1.76864e-05
1.62866e-05
1.7111e-05
1.975e-05
1.6409e-05
1.70717e-05
1.72691e-05
1.66502e-05
1.72938e-05
1.65417e-05
1.68103e-05
1.72299e-05
1.65228e-05
1.72234e-05
1.61738e-05
1.75839e-05
1.70339e-05
1.63573e-05
1.60477e-05
1.59209e-05
1.64087e-05
1.7109e-05
1.91788e-05
1.69646e-05
1.61709e-05
1.93349e-05
1.5908e-05
1.62096e-05
1.63053e-05
1.63961e-05
1.68417e-05
1.62784e-05
1.62884e-05
1.58919e-05
1.5643e-05
1.54525e-05
1.60765e-05
1.74208e-05
1.62714e-05
1.64015e-05
1.66187e-05
1.63377e-05
1.69664e-05
1.84557e-05
1.68702e-05
1.65444e-05
1.59431e-05
1.59469e-05
1.69721e-05
1.59492e-05
1.56237e-05
1.63495e-05
1.57954e-05
1.6093e-05
1.5753e-05
1.53214e-05
1.58034e-05
1.63509e-05
1.6896e-05
1.69024e-05
1.67765e-05
1.69311e-05
1.57323e-05
1.69489e-05
1.65116e-05
1.59412e-05
1.6353e-05
1.54932e-05
1.5879e-05
1.60562e-05
1.60242e-05
1.53236e-05
1.49704e-05
1.49695e-05
1.64153e-05
1.61806e-05
1.62734e-05
1.70337e-05
1.69138e-05
1.64113e-05
1.64993e-05
1.65737e-05
1.64109e-05
1.61967e-05
1.62998e-05
1.64474e-05
1.65018e-05
1.61142e-05
1.59538e-05
1.62785e-05
1.57723e-05
1.62989e-05
1.62714e-05
1.58215e-05
1.61324e-05
1.61348e-05
1.63803e-05
1.58122e-05
1.65949e-05
1.61701e-05
1.49094e-05
1.60721e-05
1.67676e-05
1.64183e-05
1.57244e-05
1.58262e-05
1.56371e-05
1.63282e-05
1.58694e-05
1.52087e-05
1.53384e-05
1.53916e-05
1.63611e-05
1.6158e-05
1.58661e-05
1.61402e-05
1.64493e-05
1.53628e-05
1.60223e-05
1.62697e-05
1.60888e-05
1.65504e-05
1.58464e-05
1.6264e-05
1.57274e-05
1.70481e-05
1.61956e-05
1.6645e-05
1.66279e-05
1.6125e-05
1.70569e-05
1.67008e-05
1.60912e-05
1.61712e-05
1.6126e-05
1.63498e-05
1.63564e-05
1.61249e-05
1.53907e-05
1.56339e-05
1.6073e-05
1.6313e-05
1.5399e-05
1.54727e-05
1.60912e-05
1.60959e-05
1.62239e-05
1.63053e-05
1.52675e-05
1.51324e-05
1.6298e-05
1.61545e-05
1.63445e-05
1.53618e-05
1.5348e-05
1.62517e-05
1.55092e-05
1.66983e-05
1.5441e-05
1.5568e-05
1.50882e-05
1.61995e-05
1.55717e-05
1.62428e-05
1.55359e-05
1.60748e-05
1.61624e-05
1.61564e-05
1.62171e-05
1.4931e-05
1.60395e-05
1.53229e-05
1.50865e-05
1.80304e-05
1.61791e-05
1.51116e-05
1.61225e-05
1.77175e-05
1.52814e-05
1.60952e-05
1.61016e-05
1.57506e-05
1.53635e-05
1.60731e-05
1.56081e-05
1.53039e-05
1.55487e-05
1.60774e-05
1.53587e-05
1.51232e-05
1.52345e-05
1.49668e-05
1.60658e-05
1.61178e-05
1.5014e-05
1.51877e-05
1.66048e-05
1.50108e-05
1.54782e-05
1.62575e-05
1.57881e-05
1.61613e-05
1.61551e-05
1.50311e-05
1.609e-05
1.51915e-05
1.64267e-05
1.53255e-05
1.54332e-05
1.56554e-05
1.62022e-05
1.50537e-05
1.63734e-05
1.56107e-05
1.60963e-05
1.60734e-05
1.58225e-05
1.49881e-05
1.53731e-05
1.54823e-05
1.62848e-05
1.5478e-05
1.54426e-05
1.49946e-05
1.50766e-05
1.52275e-05
1.54132e-05
1.56863e-05
1.61329e-05
1.51364e-05
1.50588e-05
1.62129e-05
1.49783e-05
1.60685e-05
1.60266e-05
1.49883e-05
1.44282e-05
1.4449e-05
1.49566e-05
1.56081e-05
1.48069e-05
1.56414e-05
1.55971e-05
1.56487e-05
1.5308e-05
1.60334e-05
1.55781e-05
1.5234e-05
1.69728e-05
1.53362e-05
1.49702e-05
1.42439e-05
1.47008e-05
1.50986e-05
1.46048e-05
1.51259e-05
1.4422e-05
1.49338e-05
1.50453e-05
1.50917e-05
1.57304e-05
1.45293e-05
1.53872e-05
1.53025e-05
1.55145e-05
1.52292e-05
1.47714e-05
1.49765e-05
1.54417e-05
1.55028e-05
1.52188e-05
1.45829e-05
1.50968e-05
1.8574e-05
1.52667e-05
1.54728e-05
1.52601e-05
1.52644e-05
1.54113e-05
1.55847e-05
1.55423e-05
1.61532e-05
1.57372e-05
1.49812e-05
1.51514e-05
1.56441e-05
1.50941e-05
1.54619e-05
1.46073e-05
1.60687e-05
1.58462e-05
1.54975e-05
1.4976e-05
1.50205e-05
1.58455e-05
1.58266e-05
1.55956e-05
1.57913e-05
1.52828e-05
1.52696e-05
1.53846e-05
1.43382e-05
1.48843e-05
1.41629e-05
1.46609e-05
1.55974e-05
1.47081e-05
1.44308e-05
1.48553e-05
1.53459e-05
1.50281e-05
1.50367e-05
1.44796e-05
1.42852e-05
1.43379e-05
1.53423e-05
1.47643e-05
1.53209e-05
1.40588e-05
1.47529e-05
1.66149e-05
1.50432e-05
1.45498e-05
1.58007e-05
1.55372e-05
1.5287e-05
1.57479e-05
1.51663e-05
1.52784e-05
1.42916e-05
1.52454e-05
1.48928e-05
1.53227e-05
1.4919e-05
1.54005e-05
1.49768e-05
1.48666e-05
1.43351e-05
1.48931e-05
1.47818e-05
1.42662e-05
1.55785e-05
1.4846e-05
1.52297e-05
1.43259e-05
1.46795e-05
1.48377e-05
1.48717e-05
1.47862e-05
1.51701e-05
1.55112e-05
1.48838e-05
1.54657e-05
1.47527e-05
1.5162e-05
1.53201e-05
1.54231e-05
1.57476e-05
1.42917e-05
1.52991e-05
1.55921e-05
1.44484e-05
1.46444e-05
1.55623e-05
1.56245e-05
1.56193e-05
1.4539e-05
1.48294e-05
1.47739e-05
1.39273e-05
1.48242e-05
1.47136e-05
1.51029e-05
1.55881e-05
1.55863e-05
1.53407e-05
1.49e-05
1.4852e-05
1.45724e-05
1.5246e-05
1.51921e-05
1.4672e-05
1.53881e-05
1.58317e-05
1.44064e-05
1.49606e-05
1.49091e-05
1.53123e-05
1.4529e-05
1.50529e-05
1.45424e-05
1.57673e-05
1.47367e-05
1.56104e-05
1.47614e-05
1.51375e-05
1.53881e-05
1.54642e-05
1.57539e-05
1.48943e-05
1.47446e-05
1.52219e-05
1.41347e-05
1.51288e-05
1.44389e-05
1.51994e-05
1.48684e-05
1.57454e-05
1.57699e-05
1.52347e-05
1.49472e-05
1.53383e-05
1.5213e-05
1.45016e-05
1.44732e-05
1.4969e-05
1.50762e-05
1.50838e-05
1.53041e-05
1.59041e-05
1.54683e-05
1.52564e-05
1.52142e-05
1.48612e-05
1.57632e-05
1.52734e-05
1.54744e-05
1.4494e-05
1.40176e-05
1.5302e-05
1.46121e-05
1.49618e-05
1.49881e-05
1.4479e-05
1.41202e-05
1.4878e-05
1.47057e-05
1.38808e-05
1.43335e-05
1.41504e-05
1.54528e-05
1.42415e-05
1.51815e-05
1.49351e-05
1.55119e-05
1.4755e-05
1.55103e-05
1.40408e-05
1.45399e-05
1.39026e-05
1.49084e-05
1.49941e-05
1.50259e-05
1.4899e-05
1.49155e-05
1.52922e-05
1.38808e-05
1.49986e-05
1.42569e-05
1.3884e-05
1.50442e-05
1.4322e-05
1.55397e-05
1.37403e-05
1.42982e-05
1.48778e-05
1.4092e-05
1.37544e-05
1.49337e-05
1.49186e-05
1.41039e-05
1.39098e-05
1.51701e-05
1.55345e-05
1.40039e-05
1.48736e-05
1.49166e-05
1.42702e-05
1.44966e-05
1.46716e-05
1.44771e-05
1.5458e-05
1.54512e-05
1.49481e-05
1.49069e-05
1.40219e-05
1.40149e-05
1.49176e-05
1.46377e-05
1.50557e-05
1.43562e-05
1.51554e-05
1.39655e-05
1.49018e-05
1.36751e-05
1.43481e-05
1.45851e-05
1.42823e-05
1.49622e-05
1.41231e-05
1.43252e-05
1.48906e-05
1.51182e-05
1.48748e-05
1.49361e-05
1.49322e-05
1.41727e-05
1.49239e-05
1.48937e-05
1.3936e-05
1.52937e-05
1.49143e-05
1.49477e-05
1.38182e-05
1.47305e-05
1.48545e-05
1.39726e-05
1.49213e-05
1.40728e-05
1.45681e-05
1.49127e-05
1.49313e-05
1.45678e-05
1.71284e-05
1.5196e-05
1.49216e-05
1.52734e-05
1.47033e-05
1.37022e-05
1.40995e-05
1.45346e-05
1.41144e-05
1.50376e-05
1.48323e-05
1.37311e-05
1.38118e-05
1.43454e-05
1.45814e-05
1.41481e-05
1.39606e-05
1.39475e-05
1.50326e-05
1.44446e-05
1.44929e-05
1.65527e-05
1.34598e-05
1.34685e-05
1.45703e-05
1.37801e-05
1.38111e-05
1.46646e-05
1.41426e-05
1.38312e-05
1.39731e-05
1.37081e-05
1.33965e-05
1.36728e-05
1.49483e-05
1.3898e-05
1.5448e-05
1.45744e-05
1.40815e-05
1.47683e-05
1.39268e-05
1.39874e-05
1.47049e-05
1.41655e-05
1.57506e-05
1.51688e-05
1.40896e-05
1.40255e-05
1.79591e-05
1.38169e-05
1.38794e-05
1.37795e-05
1.39667e-05
1.34065e-05
1.40803e-05
1.45749e-05
1.61972e-05
1.42342e-05
1.38834e-05
1.41666e-05
1.46002e-05
1.38551e-05
1.39011e-05
1.33201e-05
1.3513e-05
1.32949e-05
1.38108e-05
1.36801e-05
1.46802e-05
1.36991e-05
1.38709e-05
1.3345e-05
1.41551e-05
1.37098e-05
1.41702e-05
1.37533e-05
1.38989e-05
1.37394e-05
1.37029e-05
1.45513e-05
1.45264e-05
1.50725e-05
2.10455e-05
1.4292e-05
1.36469e-05
1.36969e-05
1.32842e-05
1.43704e-05
1.39485e-05
1.29442e-05
1.42378e-05
1.36557e-05
1.29109e-05
1.36271e-05
1.35107e-05
1.32844e-05
1.39846e-05
1.37661e-05
1.35756e-05
1.35405e-05
1.28682e-05
1.34134e-05
1.29507e-05
1.32998e-05
1.27964e-05
1.39052e-05
1.39216e-05
1.36441e-05
1.31697e-05
1.45232e-05
1.42203e-05
1.35297e-05
1.40667e-05
1.42417e-05
1.39001e-05
1.37217e-05
1.55449e-05
1.31806e-05
1.31721e-05
1.29803e-05
1.32681e-05
1.27431e-05
1.26997e-05
1.31243e-05
1.31972e-05
1.30698e-05
1.38131e-05
1.25863e-05
1.30721e-05
1.27621e-05
1.36865e-05
1.37609e-05
1.31498e-05
1.28717e-05
1.31871e-05
1.31682e-05
1.33282e-05
1.31067e-05
1.28956e-05
1.33093e-05
1.27094e-05
1.38086e-05
1.32969e-05
1.30976e-05
1.30696e-05
1.36887e-05
1.51805e-05
1.2887e-05
1.24685e-05
1.33544e-05
1.2675e-05
1.39836e-05
1.31802e-05
1.38005e-05
1.33035e-05
1.28349e-05
1.31473e-05
1.31611e-05
1.28936e-05
1.32064e-05
1.31821e-05
1.28432e-05
1.27041e-05
1.22304e-05
1.34606e-05
1.36394e-05
1.39873e-05
1.3824e-05
1.38497e-05
1.27919e-05
1.26417e-05
1.30774e-05
1.31932e-05
1.26235e-05
1.3531e-05
1.30377e-05
1.27081e-05
1.26249e-05
1.35865e-05
1.33272e-05
1.33774e-05
1.31532e-05
1.22283e-05
1.30333e-05
1.31017e-05
1.23799e-05
1.34351e-05
1.361e-05
1.36564e-05
1.39139e-05
1.35621e-05
1.39691e-05
1.39961e-05
1.34661e-05
1.34297e-05
1.33345e-05
1.35379e-05
1.34967e-05
1.35747e-05
1.28967e-05
1.26853e-05
1.31645e-05
1.54638e-05
1.24929e-05
1.38743e-05
1.34104e-05
1.34465e-05
1.35129e-05
1.27295e-05
1.29653e-05
1.3333e-05
1.33732e-05
1.3347e-05
1.36706e-05
1.34161e-05
1.57782e-05
1.28352e-05
1.36988e-05
1.24522e-05
1.40294e-05
1.29574e-05
1.26769e-05
1.3171e-05
1.32893e-05
1.27335e-05
1.18883e-05
1.33194e-05
1.46567e-05
1.29543e-05
1.32834e-05
1.32356e-05
1.2685e-05
1.2729e-05
1.31874e-05
1.33058e-05
1.25646e-05
1.2865e-05
1.29974e-05
1.31066e-05
1.35051e-05
1.27295e-05
1.3631e-05
1.34699e-05
1.35717e-05
1.34665e-05
1.2385e-05
1.26641e-05
1.3366e-05
1.40668e-05
1.23809e-05
1.27972e-05
1.22115e-05
1.3514e-05
1.25616e-05
1.24901e-05
1.31238e-05
1.28095e-05
1.33567e-05
1.23913e-05
1.23784e-05
1.29872e-05
1.23168e-05
1.1908e-05
1.2186e-05
1.29359e-05
1.36228e-05
1.23346e-05
1.31247e-05
1.27937e-05
1.20526e-05
1.27025e-05
1.29329e-05
1.17407e-05
1.2363e-05
1.24421e-05
1.22464e-05
1.29424e-05
1.31291e-05
1.27197e-05
1.27751e-05
1.30923e-05
1.25133e-05
1.20297e-05
1.17435e-05
1.23707e-05
1.25339e-05
1.16243e-05
1.26961e-05
1.30861e-05
1.25988e-05
1.28387e-05
1.27746e-05
1.40567e-05
1.24373e-05
1.27674e-05
1.25898e-05
1.2792e-05
1.32513e-05
1.25195e-05
1.26023e-05
1.27769e-05
1.20191e-05
1.22073e-05
1.25874e-05
1.24307e-05
1.15937e-05
1.23136e-05
1.52072e-05
1.24025e-05
1.31031e-05
1.31084e-05
1.29227e-05
1.31865e-05
1.31022e-05
1.31505e-05
1.28806e-05
1.25713e-05
1.25941e-05
1.38642e-05
1.26524e-05
1.15104e-05
1.26574e-05
1.26804e-05
1.21618e-05
1.26622e-05
1.21126e-05
1.2507e-05
1.2879e-05
1.25196e-05
1.23613e-05
1.21708e-05
1.16945e-05
1.21719e-05
1.30237e-05
1.23853e-05
1.2949e-05
1.25216e-05
1.28935e-05
1.24339e-05
1.25035e-05
1.26056e-05
1.21205e-05
1.22542e-05
1.28966e-05
1.29474e-05
1.26937e-05
1.28265e-05
1.22879e-05
1.26792e-05
1.2871e-05
1.22885e-05
1.15021e-05
1.29188e-05
1.22874e-05
1.27405e-05
1.26182e-05
1.25791e-05
1.26168e-05
1.26663e-05
1.28399e-05
1.31088e-05
1.15593e-05
1.3009e-05
1.18341e-05
1.26151e-05
1.22942e-05
1.25905e-05
1.23735e-05
1.2503e-05
1.3219e-05
1.46717e-05
1.28966e-05
1.25048e-05
1.21844e-05
1.28246e-05
1.26677e-05
1.19101e-05
1.31749e-05
1.29568e-05
1.29608e-05
1.27867e-05
1.30078e-05
1.28252e-05
1.28236e-05
1.28341e-05
1.3262e-05
1.22862e-05
1.28144e-05
1.28609e-05
1.20502e-05
1.12732e-05
1.17746e-05
1.14737e-05
1.13475e-05
1.13924e-05
1.22857e-05
1.1172e-05
1.26298e-05
1.18231e-05
1.36605e-05
1.19738e-05
1.23078e-05
1.1375e-05
1.13506e-05
1.13091e-05
1.16397e-05
1.25055e-05
1.17174e-05
1.10566e-05
1.224e-05
1.27216e-05
1.22753e-05
1.1959e-05
1.11044e-05
1.24999e-05
1.13667e-05
1.1221e-05
1.11835e-05
1.18148e-05
1.22751e-05
1.23293e-05
1.14688e-05
1.10199e-05
1.27649e-05
1.2543e-05
1.14423e-05
1.13393e-05
1.14016e-05
1.23903e-05
1.22692e-05
1.29071e-05
1.23261e-05
1.23284e-05
1.22999e-05
1.18629e-05
1.22861e-05
1.17145e-05
1.13786e-05
1.35227e-05
1.28264e-05
1.12689e-05
1.23307e-05
1.20222e-05
1.23951e-05
1.43656e-05
1.12816e-05
1.2391e-05
1.14102e-05
1.407e-05
1.20986e-05
1.18037e-05
1.18095e-05
1.12205e-05
1.22715e-05
1.12633e-05
1.23066e-05
1.13117e-05
1.12699e-05
1.22589e-05
1.1111e-05
1.1226e-05
1.10497e-05
1.22514e-05
1.20116e-05
1.1647e-05
1.11434e-05
1.28578e-05
1.15917e-05
1.1319e-05
1.23744e-05
1.22952e-05
1.22461e-05
1.26504e-05
1.23665e-05
1.22515e-05
1.22553e-05
1.13633e-05
1.25419e-05
1.23726e-05
1.10599e-05
1.32752e-05
1.23153e-05
1.28142e-05
1.28181e-05
1.14677e-05
1.12342e-05
1.15325e-05
1.22575e-05
1.13145e-05
1.11712e-05
1.24439e-05
1.12881e-05
1.19357e-05
1.09712e-05
1.22352e-05
1.19413e-05
1.22985e-05
1.24508e-05
1.28162e-05
1.28532e-05
1.19643e-05
1.18744e-05
1.16615e-05
1.22495e-05
1.15982e-05
1.11418e-05
1.34194e-05
1.2251e-05
1.32586e-05
1.23089e-05
1.16726e-05
1.17473e-05
1.13616e-05
1.29057e-05
1.53607e-05
1.11084e-05
1.20537e-05
1.1535e-05
1.1654e-05
1.32889e-05
1.14182e-05
1.23426e-05
1.23458e-05
1.14812e-05
1.10827e-05
1.28179e-05
1.10597e-05
1.14792e-05
1.2266e-05
1.28264e-05
1.19466e-05
1.16182e-05
1.136e-05
1.13202e-05
1.32586e-05
1.10497e-05
1.18977e-05
1.1363e-05
1.28359e-05
1.13906e-05
1.23026e-05
1.17027e-05
1.14118e-05
1.25269e-05
1.12593e-05
1.22824e-05
1.12655e-05
1.25601e-05
1.15367e-05
1.19441e-05
1.13351e-05
1.2001e-05
1.11929e-05
1.54583e-05
1.11474e-05
1.10585e-05
1.11823e-05
1.12134e-05
1.1195e-05
1.11783e-05
1.15933e-05
1.10857e-05
1.11906e-05
1.13939e-05
1.10531e-05
1.13723e-05
1.15824e-05
1.18916e-05
1.11093e-05
1.21132e-05
1.12837e-05
1.20089e-05
1.21667e-05
1.10672e-05
1.19592e-05
1.11523e-05
1.08132e-05
1.13694e-05
1.08167e-05
1.28849e-05
1.19517e-05
1.21155e-05
1.18819e-05
1.14482e-05
1.14497e-05
1.12142e-05
1.18959e-05
1.19758e-05
1.14645e-05
1.11731e-05
1.10813e-05
1.25398e-05
1.15821e-05
1.159e-05
1.28028e-05
1.09312e-05
1.19055e-05
1.18772e-05
1.31186e-05
1.18967e-05
1.11931e-05
1.10824e-05
1.12924e-05
1.1142e-05
1.12454e-05
1.11329e-05
1.12995e-05
1.12919e-05
1.21561e-05
1.10133e-05
1.3077e-05
1.12728e-05
1.16192e-05
1.16048e-05
1.14049e-05
1.1711e-05
1.11822e-05
1.14313e-05
1.11889e-05
1.11763e-05
1.25326e-05
1.09182e-05
1.07448e-05
1.06724e-05
1.0719e-05
1.12105e-05
1.07206e-05
1.1275e-05
1.14066e-05
1.11715e-05
1.11212e-05
1.05414e-05
1.09138e-05
1.10289e-05
1.0801e-05
1.06551e-05
1.14409e-05
1.02442e-05
1.08047e-05
1.10921e-05
1.06037e-05
1.17067e-05
1.09737e-05
1.07388e-05
1.03529e-05
1.03341e-05
1.14466e-05
9.99084e-06
1.07465e-05
1.0921e-05
1.06751e-05
1.13512e-05
1.06662e-05
1.13962e-05
1.0335e-05
1.02299e-05
1.05314e-05
1.01163e-05
1.04474e-05
1.0503e-05
1.10654e-05
1.12106e-05
1.11018e-05
1.13508e-05
1.03291e-05
1.11036e-05
1.05459e-05
1.05156e-05
1.14646e-05
1.07094e-05
1.07306e-05
1.05415e-05
1.03054e-05
1.00849e-05
1.11721e-05
1.05423e-05
1.0433e-05
1.09694e-05
1.00351e-05
9.99077e-06
1.05683e-05
1.07458e-05
1.14169e-05
1.01202e-05
1.05781e-05
1.11e-05
1.05249e-05
1.1024e-05
1.05364e-05
1.07971e-05
1.3239e-05
1.02381e-05
1.06735e-05
1.05386e-05
1.06744e-05
9.94306e-06
1.00835e-05
1.11055e-05
1.0145e-05
1.28327e-05
1.07365e-05
1.01638e-05
1.12236e-05
9.98419e-06
1.06854e-05
1.04462e-05
1.0651e-05
1.01417e-05
1.12634e-05
1.05064e-05
1.0344e-05
9.89198e-06
1.12124e-05
9.68217e-06
1.05106e-05
1.04879e-05
1.09029e-05
1.10869e-05
1.17166e-05
9.95107e-06
1.13738e-05
1.13046e-05
1.13339e-05
1.13059e-05
1.0308e-05
1.07083e-05
1.12771e-05
1.13691e-05
1.08576e-05
9.86537e-06
1.099e-05
9.70821e-06
1.00359e-05
1.04792e-05
9.62959e-06
1.03793e-05
1.0726e-05
1.07499e-05
1.12728e-05
1.3364e-05
9.64501e-06
1.07265e-05
9.72255e-06
9.95873e-06
1.08353e-05
9.56578e-06
9.72223e-06
9.78199e-06
1.07369e-05
1.08407e-05
1.07431e-05
1.06971e-05
1.06926e-05
1.03209e-05
1.00105e-05
1.07051e-05
1.03762e-05
1.00153e-05
1.22433e-05
9.56745e-06
1.06807e-05
1.07446e-05
1.06922e-05
1.0766e-05
9.73311e-06
9.71826e-06
9.58139e-06
1.17225e-05
1.07357e-05
1.06066e-05
1.06926e-05
9.54383e-06
1.05192e-05
9.62309e-06
9.9917e-06
9.72667e-06
9.97677e-06
1.08658e-05
9.6324e-06
1.0702e-05
1.03234e-05
1.06922e-05
9.95465e-06
1.12998e-05
1.02401e-05
9.8432e-06
1.04628e-05
1.01865e-05
1.02943e-05
1.04031e-05
9.53153e-06
1.08331e-05
1.00032e-05
1.03132e-05
9.88595e-06
1.07461e-05
9.66752e-06
9.95709e-06
1.01641e-05
1.02494e-05
1.08261e-05
1.00164e-05
1.07031e-05
1.07505e-05
9.76598e-06
1.00129e-05
9.85043e-06
1.00944e-05
1.08315e-05
1.06906e-05
1.06926e-05
9.56463e-06
9.56093e-06
1.25007e-05
1.03209e-05
1.06807e-05
1.01068e-05
1.07439e-05
1.07791e-05
1.04982e-05
1.10503e-05
9.7502e-06
1.05198e-05
9.69584e-06
1.09334e-05
1.24096e-05
1.06926e-05
9.45326e-06
1.12682e-05
1.03443e-05
1.08351e-05
1.03862e-05
1.08211e-05
1.0743e-05
1.0697e-05
1.10733e-05
9.82766e-06
9.6315e-06
1.06927e-05
1.07057e-05
1.07026e-05
9.51763e-06
1.00195e-05
1.12028e-05
1.12717e-05
1.11806e-05
1.12597e-05
1.30274e-05
1.07727e-05
9.75223e-06
1.08408e-05
1.07781e-05
9.36567e-06
1.00299e-05
9.50672e-06
1.062e-05
1.0451e-05
1.06701e-05
1.06162e-05
1.10062e-05
1.10657e-05
1.05891e-05
1.04719e-05
1.09059e-05
1.00009e-05
1.09963e-05
9.99821e-06
9.43046e-06
9.34665e-06
1.04512e-05
1.1119e-05
1.09852e-05
9.9061e-06
9.33177e-06
9.40924e-06
9.32604e-06
9.3305e-06
9.63152e-06
9.16711e-06
9.63805e-06
1.02915e-05
9.07344e-06
9.37576e-06
9.16526e-06
8.87215e-06
9.6624e-06
9.8546e-06
9.0805e-06
9.74525e-06
9.24923e-06
9.42955e-06
1.05475e-05
9.41557e-06
9.58312e-06
9.88638e-06
9.17847e-06
9.07518e-06
9.31668e-06
1.00329e-05
9.17332e-06
1.03516e-05
9.88082e-06
9.89548e-06
1.03524e-05
1.19689e-05
9.2692e-06
9.85476e-06
9.92661e-06
9.38449e-06
9.44555e-06
9.8991e-06
9.44076e-06
9.22718e-06
1.38466e-05
9.82758e-06
1.05014e-05
9.38084e-06
9.67912e-06
9.71749e-06
1.01301e-05
8.96991e-06
9.58208e-06
9.2132e-06
9.25253e-06
1.00594e-05
9.59706e-06
8.8221e-06
8.90982e-06
9.06376e-06
8.79715e-06
9.15086e-06
9.95647e-06
9.46493e-06
9.02777e-06
9.19453e-06
9.06219e-06
9.30013e-06
9.52914e-06
9.33328e-06
8.91591e-06
9.99361e-06
9.60918e-06
9.04545e-06
9.25241e-06
9.11332e-06
8.82981e-06
9.33778e-06
9.48092e-06
9.98717e-06
9.39189e-06
9.39939e-06
9.23692e-06
9.45825e-06
9.91666e-06
9.3941e-06
8.84441e-06
9.52591e-06
9.15144e-06
1.01261e-05
8.91233e-06
8.9108e-06
9.14612e-06
1.00346e-05
9.18073e-06
8.98229e-06
9.1297e-06
9.18886e-06
8.91567e-06
9.93222e-06
9.27146e-06
9.31679e-06
9.99191e-06
9.65239e-06
9.88476e-06
8.91607e-06
9.10368e-06
9.23812e-06
9.23214e-06
9.66277e-06
9.3659e-06
9.79697e-06
9.2379e-06
9.03104e-06
9.32676e-06
8.90218e-06
9.30418e-06
9.22656e-06
1.0061e-05
9.00529e-06
8.9883e-06
9.07121e-06
9.39955e-06
9.43048e-06
9.06593e-06
9.90249e-06
9.46845e-06
9.74469e-06
8.42066e-06
8.98516e-06
9.24774e-06
9.60249e-06
9.22974e-06
8.29204e-06
9.40122e-06
1.0403e-05
9.95874e-06
8.98529e-06
9.86134e-06
9.54647e-06
9.05306e-06
9.34633e-06
8.69735e-06
9.085e-06
1.00025e-05
9.73705e-06
9.66502e-06
9.75916e-06
1.0048e-05
9.42275e-06
9.93384e-06
9.0816e-06
8.78493e-06
1.01674e-05
9.50474e-06
1.01181e-05
1.28514e-05
9.89871e-06
9.58081e-06
9.56449e-06
9.58025e-06
8.92193e-06
1.04211e-05
9.50263e-06
9.05673e-06
8.93003e-06
1.04274e-05
9.06005e-06
9.44206e-06
9.66684e-06
9.07334e-06
8.94567e-06
9.73089e-06
9.1682e-06
9.89616e-06
9.88797e-06
8.77258e-06
9.36849e-06
8.80458e-06
8.66136e-06
8.68644e-06
9.28613e-06
9.06986e-06
8.14028e-06
8.78473e-06
9.05787e-06
8.92808e-06
9.67138e-06
9.25421e-06
9.78781e-06
8.51216e-06
8.96296e-06
8.45373e-06
9.58346e-06
9.05932e-06
7.96537e-06
8.4769e-06
9.03938e-06
9.63439e-06
9.25558e-06
9.61802e-06
9.07903e-06
9.0632e-06
9.93174e-06
9.93655e-06
9.38384e-06
9.01912e-06
9.60853e-06
9.60754e-06
9.74037e-06
9.43781e-06
9.06463e-06
8.94574e-06
8.91725e-06
8.78574e-06
8.88593e-06
8.98738e-06
9.67194e-06
9.36155e-06
9.14417e-06
8.61278e-06
9.67537e-06
1.01228e-05
9.67351e-06
8.79519e-06
9.15638e-06
8.58119e-06
8.96248e-06
9.37391e-06
9.74313e-06
9.66664e-06
8.14274e-06
9.0606e-06
9.58851e-06
9.01284e-06
9.36648e-06
9.83382e-06
9.16052e-06
9.34924e-06
9.28493e-06
9.06559e-06
9.29329e-06
9.07938e-06
9.43377e-06
8.1473e-06
9.06569e-06
8.61655e-06
8.48849e-06
8.98655e-06
9.23751e-06
9.60642e-06
9.28547e-06
8.78746e-06
9.15021e-06
9.3712e-06
9.73597e-06
9.06889e-06
9.5058e-06
8.44414e-06
8.97786e-06
8.92147e-06
8.40578e-06
8.77139e-06
9.24614e-06
9.0621e-06
9.28931e-06
8.66861e-06
8.9307e-06
8.98656e-06
8.65536e-06
8.67348e-06
9.28749e-06
9.17119e-06
9.78676e-06
9.73516e-06
9.34931e-06
9.44067e-06
9.15011e-06
9.5803e-06
9.68293e-06
8.48547e-06
9.43956e-06
9.57263e-06
9.40364e-06
8.80471e-06
8.75077e-06
8.75077e-06
8.38156e-06
9.27178e-06
9.91459e-06
9.85859e-06
9.39836e-06
9.82148e-06
9.45837e-06
9.2214e-06
9.28545e-06
9.89951e-06
9.42413e-06
9.8732e-06
9.89661e-06
9.06378e-06
8.47942e-06
8.00708e-06
9.54853e-06
9.57812e-06
9.64329e-06
8.88755e-06
9.03958e-06
9.44445e-06
9.48956e-06
9.29362e-06
1.16989e-05
9.14306e-06
9.07732e-06
9.19534e-06
9.29363e-06
8.96593e-06
9.88839e-06
9.29396e-06
9.88778e-06
9.44329e-06
9.4899e-06
8.88429e-06
9.04458e-06
9.4528e-06
1.24229e-05
9.57975e-06
9.44139e-06
9.57472e-06
9.05306e-06
8.73237e-06
9.8854e-06
9.19558e-06
9.41083e-06
8.92467e-06
1.01925e-05
9.20225e-06
7.79021e-06
8.92595e-06
7.81534e-06
9.88533e-06
8.42659e-06
9.63384e-06
8.32437e-06
7.98973e-06
9.18503e-06
8.39448e-06
1.12597e-05
8.34431e-06
9.4602e-06
8.26157e-06
8.92147e-06
8.83664e-06
8.6428e-06
7.84484e-06
8.59042e-06
8.81302e-06
8.76309e-06
8.91984e-06
1.01471e-05
1.24633e-05
8.81367e-06
8.23617e-06
8.21952e-06
9.04894e-06
8.2349e-06
9.44095e-06
7.79475e-06
7.79659e-06
8.66086e-06
8.47344e-06
8.39898e-06
9.6354e-06
8.47139e-06
8.94569e-06
7.88278e-06
8.87535e-06
8.87595e-06
9.44097e-06
7.94966e-06
9.90805e-06
8.87899e-06
8.37554e-06
8.20762e-06
7.78438e-06
8.73757e-06
8.86191e-06
8.9761e-06
8.69677e-06
7.67101e-06
9.12446e-06
8.52248e-06
8.4319e-06
8.36707e-06
8.87285e-06
8.3124e-06
9.68955e-06
7.6636e-06
8.88194e-06
8.34684e-06
8.87489e-06
9.88533e-06
8.59712e-06
8.88007e-06
7.92527e-06
9.12773e-06
8.53579e-06
9.33913e-06
7.7957e-06
8.31728e-06
8.9352e-06
7.47567e-06
8.87956e-06
9.44925e-06
8.24605e-06
8.32026e-06
8.69956e-06
9.06184e-06
9.55131e-06
8.46941e-06
9.34009e-06
8.55141e-06
9.12305e-06
7.91065e-06
8.72029e-06
1.0329e-05
8.81341e-06
9.10512e-06
7.98309e-06
9.09868e-06
9.68812e-06
8.87515e-06
9.10216e-06
7.94948e-06
8.04935e-06
8.63129e-06
7.80568e-06
8.87615e-06
8.87454e-06
8.65188e-06
9.88533e-06
7.81605e-06
8.3129e-06
7.7641e-06
8.72831e-06
9.45104e-06
9.36399e-06
9.18478e-06
1.01651e-05
9.06566e-06
8.41257e-06
9.38364e-06
9.04654e-06
7.69997e-06
7.77851e-06
8.75007e-06
8.83204e-06
9.06293e-06
8.51053e-06
7.6952e-06
7.68101e-06
7.94135e-06
8.23561e-06
9.18466e-06
9.45013e-06
7.79059e-06
8.49462e-06
8.88001e-06
8.27674e-06
8.72744e-06
8.72823e-06
8.02262e-06
9.19187e-06
8.9502e-06
9.05831e-06
8.48244e-06
8.63449e-06
8.09235e-06
7.66876e-06
9.0436e-06
8.87603e-06
9.36163e-06
8.66217e-06
9.13536e-06
8.86184e-06
8.41981e-06
9.45413e-06
9.40324e-06
7.69223e-06
9.4874e-06
9.70276e-06
7.69669e-06
9.57455e-06
8.76542e-06
7.6957e-06
7.47421e-06
9.20192e-06
9.45476e-06
8.72616e-06
8.53377e-06
9.04738e-06
9.45131e-06
9.06204e-06
7.94995e-06
8.88526e-06
8.4948e-06
9.48514e-06
9.10475e-06
9.33812e-06
9.17647e-06
7.91586e-06
7.86543e-06
7.79345e-06
8.39249e-06
9.05752e-06
8.92192e-06
8.87519e-06
9.0674e-06
8.42781e-06
8.3882e-06
8.21247e-06
7.8296e-06
9.40018e-06
9.04789e-06
8.47817e-06
7.98445e-06
8.2491e-06
8.59545e-06
9.45129e-06
9.20295e-06
7.99427e-06
8.87505e-06
8.55359e-06
7.86512e-06
8.41804e-06
8.70996e-06
7.93896e-06
8.54362e-06
9.4852e-06
7.73143e-06
8.46828e-06
9.10293e-06
9.45073e-06
8.49491e-06
1.28888e-05
9.33537e-06
9.44097e-06
8.28359e-06
8.48421e-06
8.60226e-06
8.52577e-06
8.51525e-06
7.79907e-06
8.21253e-06
9.35657e-06
7.86665e-06
9.04494e-06
8.71409e-06
9.08399e-06
9.23373e-06
9.35497e-06
8.37961e-06
8.40223e-06
8.4465e-06
7.73429e-06
8.35603e-06
9.45673e-06
8.312e-06
9.41442e-06
9.35069e-06
8.24632e-06
8.53767e-06
7.86969e-06
8.23733e-06
8.31732e-06
9.48554e-06
9.67264e-06
9.48685e-06
8.90066e-06
8.8755e-06
8.28129e-06
9.04672e-06
9.17872e-06
8.24918e-06
9.18838e-06
9.14379e-06
8.90734e-06
8.51764e-06
7.88052e-06
7.93231e-06
8.52611e-06
8.86201e-06
7.86941e-06
9.34782e-06
7.46717e-06
9.14572e-06
7.72507e-06
7.92948e-06
9.45555e-06
8.89382e-06
8.94186e-06
7.77021e-06
8.89313e-06
8.46743e-06
8.20847e-06
7.8713e-06
8.63407e-06
7.68908e-06
8.24106e-06
7.75145e-06
7.87806e-06
7.77392e-06
7.93052e-06
8.57466e-06
8.82312e-06
8.31347e-06
8.93698e-06
8.49322e-06
8.38962e-06
8.41646e-06
7.9895e-06
8.24704e-06
8.7813e-06
8.31367e-06
8.39228e-06
8.52252e-06
9.48638e-06
9.68586e-06
9.45031e-06
7.76354e-06
8.31514e-06
9.44095e-06
7.87583e-06
8.45724e-06
8.76261e-06
8.19989e-06
9.42042e-06
9.13874e-06
8.86205e-06
7.48818e-06
8.89288e-06
7.87824e-06
8.49465e-06
8.27258e-06
9.04781e-06
8.3152e-06
9.19582e-06
8.47149e-06
8.73541e-06
9.44991e-06
8.89308e-06
9.12261e-06
8.63977e-06
8.34465e-06
8.56599e-06
9.05972e-06
8.73344e-06
9.18425e-06
7.47038e-06
8.94526e-06
8.34583e-06
7.9602e-06
1.03975e-05
7.78526e-06
8.87611e-06
9.35312e-06
8.36706e-06
8.7217e-06
8.69569e-06
7.91762e-06
7.87787e-06
8.76244e-06
7.9437e-06
9.14378e-06
8.51385e-06
8.47941e-06
7.82836e-06
9.67945e-06
9.45043e-06
8.88045e-06
8.65173e-06
8.53025e-06
9.05483e-06
8.34397e-06
8.36037e-06
7.77349e-06
8.88084e-06
8.8748e-06
8.54752e-06
7.96795e-06
8.62685e-06
9.19585e-06
9.19626e-06
1.03948e-05
8.5469e-06
8.38167e-06
8.23292e-06
8.80732e-06
8.75148e-06
8.80594e-06
7.57592e-06
8.17398e-06
8.79923e-06
7.7284e-06
7.81218e-06
1.04477e-05
8.94128e-06
9.38752e-06
8.93752e-06
8.93713e-06
8.35919e-06
9.37538e-06
8.92949e-06
1.38963e-05
8.95303e-06
8.95661e-06
7.5584e-06
7.27888e-06
8.41314e-06
8.38799e-06
8.39763e-06
9.61199e-06
7.18251e-06
7.34015e-06
7.46973e-06
7.40907e-06
8.38134e-06
7.64309e-06
8.40437e-06
7.2642e-06
7.45036e-06
8.37826e-06
8.36959e-06
7.49196e-06
8.34653e-06
8.3831e-06
7.40522e-06
8.38825e-06
7.26187e-06
7.45543e-06
8.38508e-06
7.64137e-06
8.40362e-06
8.37948e-06
7.64224e-06
7.33567e-06
6.96059e-06
8.3802e-06
7.44837e-06
7.50939e-06
8.39794e-06
7.33764e-06
6.95653e-06
7.33668e-06
7.34026e-06
7.26567e-06
8.92566e-06
8.39964e-06
7.39284e-06
8.34655e-06
7.4766e-06
8.34652e-06
8.34656e-06
7.5698e-06
7.25072e-06
7.18526e-06
7.18139e-06
7.26137e-06
6.95604e-06
8.4606e-06
7.25911e-06
8.92564e-06
7.18225e-06
7.5302e-06
6.95335e-06
8.40092e-06
8.36799e-06
8.47403e-06
8.36851e-06
7.35581e-06
8.44604e-06
8.36565e-06
9.54088e-06
7.3375e-06
8.42924e-06
7.54577e-06
7.40633e-06
7.26456e-06
8.44656e-06
6.9547e-06
8.92564e-06
7.62673e-06
7.27586e-06
7.29415e-06
7.34161e-06
7.37445e-06
7.33972e-06
7.56364e-06
7.35849e-06
8.94083e-06
8.41231e-06
8.44047e-06
8.34655e-06
7.52093e-06
8.93972e-06
8.38108e-06
7.561e-06
7.44876e-06
7.26901e-06
6.96566e-06
8.3821e-06
8.40236e-06
7.35109e-06
9.90804e-06
7.52043e-06
7.40607e-06
8.36705e-06
8.97415e-06
7.20957e-06
8.40569e-06
8.51175e-06
7.33656e-06
7.38625e-06
9.0312e-06
8.36666e-06
7.76705e-06
7.5919e-06
8.36612e-06
8.36442e-06
7.57669e-06
7.48953e-06
7.26777e-06
7.60388e-06
7.32616e-06
7.26187e-06
7.48871e-06
8.40179e-06
7.28286e-06
7.33739e-06
7.24718e-06
7.19078e-06
7.39177e-06
7.33861e-06
7.26202e-06
8.40559e-06
8.38198e-06
8.41748e-06
8.36457e-06
7.33786e-06
7.32736e-06
8.34651e-06
8.34658e-06
7.48229e-06
8.38705e-06
8.38785e-06
7.2902e-06
9.91252e-06
8.41172e-06
8.38525e-06
7.45635e-06
7.58317e-06
8.36501e-06
7.57987e-06
7.55623e-06
9.89681e-06
8.92563e-06
8.36677e-06
7.33466e-06
8.36797e-06
7.33784e-06
7.34544e-06
7.28608e-06
8.3812e-06
7.39861e-06
7.38001e-06
7.69915e-06
9.22784e-06
8.36472e-06
8.40293e-06
7.4468e-06
8.34655e-06
7.33438e-06
7.76054e-06
7.56633e-06
8.92579e-06
8.92565e-06
8.3998e-06
8.92574e-06
8.34669e-06
7.19221e-06
8.34651e-06
9.44096e-06
8.37769e-06
8.36542e-06
8.38357e-06
7.2619e-06
7.63772e-06
7.27323e-06
8.95154e-06
8.34651e-06
8.41145e-06
7.39538e-06
8.41619e-06
8.34657e-06
7.28313e-06
7.46958e-06
8.34652e-06
7.26867e-06
7.34382e-06
7.28182e-06
8.44202e-06
8.40359e-06
6.96164e-06
7.33075e-06
7.39417e-06
7.53081e-06
8.34661e-06
8.47563e-06
7.2756e-06
7.26196e-06
7.40504e-06
7.19178e-06
7.40179e-06
8.34657e-06
7.18753e-06
8.94138e-06
1.13669e-05
7.55631e-06
7.34147e-06
7.25235e-06
7.56322e-06
1.03769e-05
8.40033e-06
7.3428e-06
7.18265e-06
7.25548e-06
8.34656e-06
6.9616e-06
8.44248e-06
7.4563e-06
8.36578e-06
7.38174e-06
8.34673e-06
8.38123e-06
7.41816e-06
7.26288e-06
8.53395e-06
8.38212e-06
7.48735e-06
8.4013e-06
7.52798e-06
9.97606e-06
8.41298e-06
7.34542e-06
7.26641e-06
7.26186e-06
8.38763e-06
7.34125e-06
8.34651e-06
8.38817e-06
7.52063e-06
7.40811e-06
7.34464e-06
9.44982e-06
7.28837e-06
9.74628e-06
7.26187e-06
7.26193e-06
7.28518e-06
7.56037e-06
9.45028e-06
7.40048e-06
8.37702e-06
8.38647e-06
7.70269e-06
7.28709e-06
7.43663e-06
8.38617e-06
8.40372e-06
7.25171e-06
7.55698e-06
8.44021e-06
7.33511e-06
6.95608e-06
8.34656e-06
7.40438e-06
7.27944e-06
7.63946e-06
7.52431e-06
6.95656e-06
7.60386e-06
8.36379e-06
7.56666e-06
8.3842e-06
8.45965e-06
8.38486e-06
7.45768e-06
8.94111e-06
8.34653e-06
8.38575e-06
7.67729e-06
7.44963e-06
7.19132e-06
7.19698e-06
7.45472e-06
8.3679e-06
8.40258e-06
8.40289e-06
7.39106e-06
7.56867e-06
7.34126e-06
8.37874e-06
8.92563e-06
7.28118e-06
7.39584e-06
7.52473e-06
7.64764e-06
7.39025e-06
8.40036e-06
7.56514e-06
9.13488e-06
7.26431e-06
7.41216e-06
7.17564e-06
7.25929e-06
7.56591e-06
7.45327e-06
7.52579e-06
8.94305e-06
7.401e-06
7.58485e-06
7.3407e-06
7.38778e-06
8.36786e-06
8.31739e-06
7.4742e-06
7.18543e-06
9.33853e-06
8.36909e-06
7.52261e-06
8.36707e-06
8.37894e-06
1.09641e-05
7.18673e-06
8.34655e-06
7.34273e-06
7.39274e-06
8.39894e-06
7.52322e-06
7.18188e-06
8.36404e-06
6.96459e-06
8.96637e-06
7.4597e-06
7.26011e-06
8.99814e-06
7.44658e-06
8.93894e-06
7.43846e-06
7.56107e-06
8.36546e-06
6.95462e-06
8.3838e-06
7.34391e-06
8.40068e-06
7.33658e-06
8.37928e-06
8.34651e-06
8.99866e-06
7.34139e-06
1.51746e-05
7.25726e-06
7.33327e-06
8.38488e-06
7.17803e-06
7.2235e-06
8.29719e-06
7.14539e-06
8.31845e-06
6.89906e-06
7.2968e-06
8.87631e-06
8.31863e-06
8.29719e-06
7.3579e-06
7.14148e-06
6.33877e-06
7.96445e-06
7.91787e-06
7.59411e-06
7.90113e-06
6.90087e-06
7.76824e-06
7.00379e-06
5.99198e-06
7.57647e-06
7.39011e-06
7.33575e-06
7.57753e-06
7.43682e-06
7.77756e-06
7.44566e-06
5.98292e-06
6.58926e-06
7.45071e-06
7.37989e-06
7.00725e-06
6.41276e-06
7.00725e-06
5.99304e-06
7.37982e-06
7.44544e-06
5.98565e-06
7.19657e-06
5.98239e-06
6.91116e-06
7.11939e-06
6.9112e-06
6.91117e-06
6.41508e-06
7.44544e-06
7.44544e-06
7.44544e-06
5.98672e-06
7.45081e-06
9.45255e-06
8.28055e-06
9.37449e-06
9.40877e-06
7.44807e-06
9.40064e-06
8.23185e-06
7.46269e-06
8.28111e-06
7.78834e-06
7.46121e-06
7.88476e-06
7.47275e-06
7.77502e-06
9.45483e-06
7.39954e-06
1.4339e-05
9.90807e-06
7.4699e-06
7.84648e-06
7.3977e-06
7.93276e-06
7.49008e-06
6.71944e-06
6.57655e-06
7.24202e-06
6.74005e-06
7.78938e-06
7.21695e-06
7.93691e-06
6.58597e-06
8.23446e-06
7.81368e-06
6.11933e-06
6.72464e-06
7.82092e-06
7.7935e-06
7.48611e-06
7.30294e-06
7.48548e-06
8.23757e-06
6.72163e-06
7.81725e-06
7.79287e-06
7.24901e-06
9.12139e-06
7.40581e-06
6.72866e-06
7.43379e-06
6.5647e-06
7.21179e-06
7.57375e-06
7.34267e-06
7.29197e-06
7.48712e-06
7.24761e-06
7.29623e-06
7.40326e-06
6.57822e-06
7.488e-06
7.24545e-06
7.84741e-06
1.08497e-05
7.40543e-06
6.56618e-06
6.71936e-06
8.23188e-06
6.57607e-06
6.58183e-06
7.24714e-06
7.20838e-06
6.13289e-06
6.93107e-06
6.58044e-06
6.63687e-06
6.72858e-06
6.89344e-06
7.24148e-06
6.6371e-06
6.87999e-06
6.51837e-06
7.00488e-06
7.20846e-06
6.89479e-06
6.64085e-06
6.31829e-06
7.24957e-06
6.12721e-06
6.56752e-06
6.78342e-06
7.24425e-06
6.31831e-06
5.81024e-06
6.13885e-06
6.1351e-06
5.81024e-06
6.73485e-06
5.8128e-06
7.24621e-06
6.57324e-06
6.63222e-06
6.12744e-06
6.93154e-06
7.5716e-06
6.13201e-06
6.32394e-06
6.65977e-06
6.58099e-06
6.62464e-06
6.64581e-06
6.59147e-06
9.28363e-06
6.93542e-06
6.72843e-06
6.14141e-06
7.34268e-06
6.88726e-06
6.90617e-06
5.82848e-06
7.2449e-06
6.87985e-06
5.82266e-06
7.40077e-06
6.63264e-06
6.99324e-06
6.41075e-06
7.0146e-06
6.8813e-06
7.13021e-06
7.24772e-06
6.72406e-06
6.57494e-06
6.13337e-06
6.72792e-06
9.88533e-06
6.40627e-06
7.24522e-06
6.41591e-06
6.58532e-06
6.89698e-06
6.56721e-06
7.29518e-06
6.47932e-06
6.64357e-06
6.89241e-06
6.31833e-06
7.1337e-06
6.89171e-06
5.81196e-06
7.57661e-06
7.4461e-06
7.40139e-06
6.72203e-06
6.89248e-06
6.41166e-06
6.89855e-06
6.58356e-06
6.8846e-06
7.78749e-06
7.12405e-06
6.72445e-06
6.13402e-06
7.39958e-06
7.58496e-06
6.57476e-06
6.89537e-06
6.58691e-06
6.6311e-06
7.13099e-06
6.90197e-06
6.88283e-06
6.57062e-06
7.20855e-06
6.40701e-06
6.9323e-06
6.88847e-06
6.88014e-06
7.40075e-06
7.01032e-06
6.31944e-06
5.81209e-06
7.56954e-06
7.00112e-06
6.89261e-06
6.43017e-06
7.41199e-06
6.70085e-06
7.402e-06
6.63518e-06
5.81377e-06
7.409e-06
6.8961e-06
9.1746e-06
6.88576e-06
7.0045e-06
6.89638e-06
6.65993e-06
6.72602e-06
6.63896e-06
5.81176e-06
6.58063e-06
9.50131e-06
6.4259e-06
6.62984e-06
7.39933e-06
7.43401e-06
7.13435e-06
6.86767e-06
6.78056e-06
6.31829e-06
6.57306e-06
6.65287e-06
6.70488e-06
6.77833e-06
7.2479e-06
6.26532e-06
6.63162e-06
7.4094e-06
6.57928e-06
6.88916e-06
9.44095e-06
7.24214e-06
5.82238e-06
6.58786e-06
6.1505e-06
6.89529e-06
6.94142e-06
6.85289e-06
6.88867e-06
6.31763e-06
6.40861e-06
6.13375e-06
7.84822e-06
5.81609e-06
6.89295e-06
6.11998e-06
6.57288e-06
6.74221e-06
7.44183e-06
7.00288e-06
6.13132e-06
6.57566e-06
6.63649e-06
6.89283e-06
6.88765e-06
6.13494e-06
7.12574e-06
7.24345e-06
6.42141e-06
6.89054e-06
6.77728e-06
6.1527e-06
6.88842e-06
6.88858e-06
6.41051e-06
6.1348e-06
6.57289e-06
6.64516e-06
6.88543e-06
6.89058e-06
6.72455e-06
6.11692e-06
6.5764e-06
6.64167e-06
6.62471e-06
7.40268e-06
7.39977e-06
6.39424e-06
9.92548e-06
6.1327e-06
6.56923e-06
6.56231e-06
7.29582e-06
6.77945e-06
7.13506e-06
6.13326e-06
6.57507e-06
6.71542e-06
6.63126e-06
7.39914e-06
6.63419e-06
7.24596e-06
5.81621e-06
7.12582e-06
7.29705e-06
6.3414e-06
6.41931e-06
7.39705e-06
6.58604e-06
7.43232e-06
6.26574e-06
6.52389e-06
6.13391e-06
6.31834e-06
6.57563e-06
6.71861e-06
6.58271e-06
7.41073e-06
6.88915e-06
6.89302e-06
6.90107e-06
7.24529e-06
6.12564e-06
7.4012e-06
6.90866e-06
7.32826e-06
6.78575e-06
6.72967e-06
6.13009e-06
5.81115e-06
7.40174e-06
6.65138e-06
7.20844e-06
6.93287e-06
5.82157e-06
5.82749e-06
6.90092e-06
6.77294e-06
6.12723e-06
5.83379e-06
6.64705e-06
6.58181e-06
6.88586e-06
6.31829e-06
7.43487e-06
6.88889e-06
6.63767e-06
7.01042e-06
7.20841e-06
6.31647e-06
7.57459e-06
1.06369e-05
6.63293e-06
7.39907e-06
6.73398e-06
6.69866e-06
6.31391e-06
6.645e-06
6.73985e-06
6.14619e-06
7.30022e-06
7.40331e-06
7.2966e-06
7.78749e-06
6.99762e-06
6.41698e-06
6.56835e-06
7.13846e-06
6.72066e-06
6.5857e-06
6.64532e-06
6.12473e-06
6.13462e-06
6.99463e-06
6.40646e-06
7.40263e-06
6.57343e-06
6.7771e-06
6.63274e-06
7.24795e-06
7.0111e-06
6.12898e-06
6.88104e-06
6.89367e-06
6.40835e-06
7.38523e-06
7.24376e-06
7.42805e-06
7.57829e-06
6.13304e-06
6.56485e-06
6.57755e-06
7.12808e-06
7.5774e-06
7.24182e-06
6.136e-06
7.85643e-06
6.69537e-06
7.00554e-06
6.78153e-06
6.89125e-06
7.57529e-06
6.63488e-06
7.78749e-06
6.6412e-06
6.71632e-06
6.69275e-06
7.57353e-06
6.1252e-06
6.59647e-06
6.57788e-06
9.68131e-06
6.7306e-06
6.64162e-06
6.71653e-06
6.63628e-06
5.82097e-06
6.64157e-06
7.39915e-06
6.57721e-06
6.25155e-06
6.63833e-06
6.57105e-06
7.15601e-06
7.4078e-06
6.72312e-06
6.93036e-06
6.41411e-06
6.63654e-06
7.12996e-06
7.78749e-06
7.20866e-06
7.48874e-06
6.56858e-06
6.72657e-06
6.63899e-06
6.13549e-06
6.56931e-06
6.58157e-06
6.89795e-06
7.13483e-06
6.89136e-06
7.01455e-06
6.72126e-06
6.57671e-06
6.93444e-06
7.00774e-06
7.40249e-06
6.93634e-06
6.89348e-06
6.89723e-06
6.12472e-06
6.56984e-06
6.7434e-06
6.41096e-06
7.47787e-06
6.57683e-06
6.64251e-06
7.20839e-06
6.63325e-06
6.57989e-06
6.31829e-06
6.57916e-06
7.43066e-06
6.88793e-06
6.72567e-06
6.56798e-06
6.57094e-06
6.57219e-06
6.78327e-06
5.81588e-06
6.5815e-06
6.52377e-06
5.81761e-06
7.24442e-06
7.0056e-06
6.94644e-06
7.1405e-06
6.89002e-06
6.9433e-06
6.89221e-06
6.6367e-06
6.56896e-06
6.3183e-06
6.56756e-06
6.31857e-06
7.3306e-06
6.39965e-06
6.71259e-06
7.4834e-06
6.93354e-06
6.88715e-06
6.40887e-06
6.58146e-06
6.64045e-06
6.72937e-06
6.31829e-06
6.89135e-06
5.82009e-06
1.09042e-05
6.69389e-06
6.8872e-06
6.78508e-06
5.81706e-06
7.20846e-06
6.57526e-06
6.63087e-06
6.87971e-06
6.88409e-06
7.20837e-06
6.64458e-06
7.13645e-06
7.43245e-06
6.58623e-06
6.60384e-06
6.73053e-06
6.72871e-06
6.7043e-06
6.90596e-06
6.27023e-06
6.9254e-06
6.89607e-06
5.81885e-06
6.57744e-06
6.53674e-06
6.39929e-06
5.81696e-06
6.69166e-06
6.73419e-06
6.13097e-06
7.20837e-06
6.11948e-06
6.63359e-06
7.33151e-06
7.00182e-06
6.73272e-06
6.90701e-06
6.56449e-06
7.40177e-06
7.24374e-06
6.72579e-06
6.73321e-06
5.82019e-06
8.99712e-06
6.88248e-06
7.33574e-06
7.40487e-06
6.63369e-06
7.12936e-06
6.5748e-06
9.2022e-06
6.70547e-06
9.66037e-06
6.71975e-06
6.57119e-06
7.40548e-06
6.72731e-06
6.57416e-06
6.63922e-06
6.87743e-06
6.72942e-06
6.63816e-06
7.20838e-06
6.57922e-06
7.01505e-06
6.89143e-06
6.6426e-06
6.92386e-06
7.00208e-06
6.13291e-06
6.24761e-06
6.77212e-06
7.40435e-06
6.89152e-06
7.20838e-06
7.13844e-06
9.45544e-06
5.82942e-06
6.32038e-06
1.3901e-05
6.85096e-06
6.88946e-06
6.92541e-06
7.42695e-06
6.42026e-06
6.41029e-06
6.88488e-06
6.89733e-06
6.12266e-06
5.82568e-06
6.65116e-06
6.64354e-06
6.57653e-06
6.69733e-06
6.89451e-06
6.40462e-06
9.40923e-06
6.261e-06
9.19498e-06
6.57446e-06
6.8839e-06
7.57741e-06
6.5722e-06
6.25524e-06
6.42436e-06
6.57351e-06
5.84404e-06
6.64426e-06
6.13216e-06
6.4132e-06
6.72389e-06
6.89239e-06
6.72378e-06
6.72941e-06
6.74043e-06
6.57185e-06
7.49389e-06
6.86104e-06
6.77588e-06
7.4449e-06
6.94148e-06
7.13352e-06
7.48294e-06
7.00429e-06
6.86578e-06
6.78184e-06
6.72315e-06
6.57265e-06
7.49396e-06
6.90336e-06
6.91504e-06
7.58053e-06
6.89418e-06
6.12945e-06
6.31857e-06
6.63837e-06
7.00674e-06
7.40406e-06
6.12552e-06
7.47771e-06
7.57762e-06
6.63234e-06
6.72084e-06
6.88342e-06
1.04857e-05
2.96334e-05
2.0883e-05
1.94058e-05
1.48913e-05
1.48718e-06
3.76909e-05
2.40542e-05
1.78098e-05
2.11697e-05
3.89375e-05
3.02909e-05
1.02447e-05
2.39421e-05
4.97366e-06
1.45255e-05
1.50246e-05
1.82588e-05
1.33283e-05
1.05029e-05
8.85814e-06
2.37835e-05
2.08487e-05
1.28458e-05
8.79974e-06
3.7394e-05
5.29447e-05
8.25169e-06
2.21097e-05
6.64516e-06
2.26746e-05
2.69764e-05
2.02059e-05
3.24872e-05
1.86787e-05
3.5582e-05
2.25119e-05
3.37175e-05
1.09346e-05
1.17737e-05
4.11987e-05
3.88388e-05
1.56362e-05
2.3232e-05
6.77066e-06
1.31287e-05
6.31829e-06
3.55257e-05
1.43454e-05
2.267e-05
3.08881e-05
2.33578e-05
9.22092e-06
5.81209e-06
1.38118e-05
1.44934e-05
9.11577e-06
5.94538e-06
3.2364e-05
1.84329e-05
8.75148e-06
1.1908e-05
9.83366e-06
1.16955e-05
1.49815e-06
3.87695e-05
2.27628e-05
4.30269e-05
3.21387e-05
2.62728e-05
1.48386e-06
3.65303e-05
3.56701e-05
1.23799e-05
1.17029e-05
3.27991e-05
1.86075e-05
1.33152e-05
2.68067e-05
2.23278e-05
3.00074e-05
1.37029e-05
1.4507e-05
2.57293e-05
3.30222e-05
3.19017e-05
1.09418e-05
1.31097e-05
1.19913e-05
4.09894e-06
3.45351e-05
4.63925e-05
1.47744e-05
1.70478e-05
1.10183e-05
1.05106e-05
1.39606e-05
2.64229e-05
1.30035e-05
8.31845e-06
8.29718e-06
1.35045e-05
1.27295e-05
1.83975e-05
2.41746e-05
1.5713e-05
9.36586e-06
8.84755e-06
2.89799e-05
2.91253e-05
1.95789e-05
1.70292e-05
3.44738e-05
2.51551e-05
4.05239e-05
2.86422e-05
2.99115e-05
1.27314e-05
2.08666e-05
2.6266e-05
1.49704e-05
2.57953e-05
2.20018e-05
1.31914e-05
3.69838e-05
1.87796e-05
5.70481e-05
2.8111e-05
2.1625e-05
3.2617e-05
2.79675e-05
5.81706e-06
2.31597e-05
1.11929e-05
4.01976e-05
9.36586e-06
2.14918e-05
5.27512e-06
6.77381e-06
4.48768e-05
1.31854e-05
1.04879e-05
2.48414e-05
1.17691e-05
4.33942e-05
3.97654e-05
1.47593e-05
1.00299e-05
7.57743e-06
6.72965e-06
2.39829e-05
1.20308e-05
9.33718e-06
3.20782e-05
7.39068e-06
7.3579e-06
1.74356e-05
1.79764e-05
3.83045e-05
2.39199e-05
2.8724e-05
3.46316e-05
2.69908e-05
1.30752e-05
3.92128e-05
1.53236e-05
8.38156e-06
1.45364e-05
1.09029e-05
1.75661e-05
6.37314e-05
9.89198e-06
2.04634e-05
7.57592e-06
1.63676e-05
4.68792e-05
2.38177e-05
4.09893e-06
1.80869e-05
8.8021e-06
1.13351e-05
2.71101e-06
6.43745e-06
3.01661e-05
1.91254e-05
1.44282e-05
4.18843e-05
5.29028e-05
1.55613e-05
3.24284e-05
1.5651e-05
6.73396e-06
9.26912e-06
5.43057e-05
4.60042e-05
8.52777e-06
1.086e-05
1.16453e-05
1.2041e-05
2.70673e-06
1.90095e-05
1.24147e-05
8.51838e-06
2.71354e-06
9.51337e-06
1.76198e-05
2.30544e-05
9.27178e-06
1.07212e-05
2.11777e-05
8.17398e-06
4.67804e-06
2.19266e-05
2.71632e-05
8.78674e-06
2.44858e-05
2.53978e-05
1.16655e-05
1.82165e-05
1.47965e-05
2.33111e-05
7.2235e-06
9.36567e-06
2.8106e-05
8.84924e-06
1.84071e-05
6.64705e-06
1.02617e-05
2.50526e-05
4.42151e-05
1.74421e-05
4.46029e-06
3.16854e-05
2.7159e-06
3.00784e-05
3.25317e-05
2.23842e-05
7.3022e-06
1.46822e-05
9.27178e-06
3.51918e-05
2.84829e-05
4.11143e-05
3.29672e-05
2.67643e-05
1.74041e-05
3.26359e-05
2.65702e-05
3.95894e-05
2.93197e-05
2.94053e-05
2.70784e-06
1.48323e-05
4.20408e-06
2.57393e-05
2.72236e-05
9.28898e-06
1.7782e-05
1.12005e-05
2.24671e-05
1.87387e-05
2.05647e-05
3.13605e-05
2.99364e-05
2.2194e-05
1.05245e-05
2.16944e-05
3.49855e-05
1.24307e-05
1.86319e-05
1.45513e-05
1.38367e-05
3.29309e-05
1.69056e-05
8.95137e-06
1.96012e-05
1.30474e-05
2.35001e-05
2.87139e-05
2.43519e-05
4.07073e-05
1.86355e-05
1.84998e-05
2.98848e-05
1.95862e-05
6.43745e-06
1.91408e-06
4.73505e-05
2.96126e-05
1.37311e-05
1.93463e-05
2.10188e-05
1.82881e-05
2.53048e-05
7.3579e-06
3.05872e-05
8.87631e-06
7.81218e-06
9.54135e-06
6.86108e-05
3.25128e-05
7.14479e-06
9.50672e-06
1.71315e-05
4.38661e-05
4.41417e-05
1.46415e-05
2.34719e-05
4.19898e-06
1.63676e-05
5.85833e-06
1.05994e-05
9.26108e-06
1.48058e-05
5.85833e-06
2.11141e-05
1.78462e-05
1.03516e-05
8.45205e-06
1.48682e-06
1.61402e-05
6.88786e-06
7.76035e-06
2.68706e-05
2.12436e-05
9.01825e-06
1.69217e-05
8.98009e-06
1.10314e-05
2.23623e-05
6.14789e-06
2.20747e-05
2.69086e-05
2.33577e-05
2.02053e-05
2.05587e-05
1.87997e-05
2.11405e-05
5.47929e-06
1.21929e-05
2.19274e-06
1.67788e-05
1.55463e-05
1.43577e-05
4.0446e-05
2.986e-05
1.5346e-05
6.29746e-06
4.91142e-06
8.18148e-06
3.44271e-05
3.1666e-05
6.28358e-06
1.49058e-05
6.52589e-06
4.10807e-05
1.70795e-05
6.6227e-06
1.5089e-05
8.31919e-06
6.7184e-06
3.08275e-05
2.02597e-05
2.05722e-05
1.74499e-05
2.04726e-05
2.04468e-05
2.02484e-05
5.88943e-06
2.9955e-05
9.11663e-06
1.01975e-05
8.48509e-06
1.14164e-05
1.23948e-05
6.2376e-06
1.87595e-05
1.85785e-05
1.04254e-05
1.27713e-05
3.09778e-06
1.23198e-05
1.81814e-05
9.33552e-06
3.3374e-05
9.0763e-06
2.23212e-05
7.01337e-06
1.11038e-05
1.2101e-05
1.35321e-05
1.22625e-05
2.52031e-05
5.95514e-06
3.7725e-05
1.20524e-05
1.38903e-05
7.72185e-06
1.27353e-05
8.40918e-06
9.36586e-06
3.16917e-05
1.07247e-05
6.52735e-06
1.78682e-05
1.94617e-05
6.90311e-06
1.29867e-05
9.62387e-06
1.49326e-05
6.1265e-06
1.96288e-05
8.50526e-06
7.96365e-06
1.80208e-05
8.70964e-06
6.19641e-06
2.01534e-05
1.9775e-05
1.7182e-05
1.97989e-05
2.17325e-05
1.2576e-05
3.09411e-05
6.93304e-06
1.26069e-05
2.19914e-05
1.11003e-05
1.9787e-05
1.38308e-05
2.15679e-05
8.96642e-06
1.79774e-05
5.35885e-06
4.3893e-06
1.70201e-05
1.21636e-05
1.42558e-05
9.68113e-06
1.26742e-05
2.65472e-05
2.90264e-05
1.17274e-05
2.16608e-05
1.17306e-05
1.40469e-05
1.02858e-05
2.55635e-05
1.31571e-05
1.2754e-05
1.61118e-05
1.29485e-05
9.8322e-06
6.52136e-06
1.71148e-05
5.99262e-06
1.36567e-05
2.32671e-05
1.34048e-05
2.31008e-05
3.02137e-05
2.81747e-05
1.72658e-05
4.40412e-06
6.99565e-06
1.26833e-05
8.339e-06
1.78606e-05
1.26028e-05
1.19948e-05
1.95712e-05
9.75359e-06
9.33623e-06
2.12421e-05
8.54046e-06
8.64084e-06
7.63471e-06
1.00591e-05
4.18656e-06
5.82348e-06
1.65511e-05
4.27364e-06
5.7455e-06
3.79789e-06
1.25923e-05
6.54055e-06
2.4171e-05
1.95096e-05
6.12942e-06
1.15439e-05
6.86879e-06
1.63205e-05
6.19183e-06
5.17627e-06
8.04241e-06
6.98042e-06
4.95474e-06
1.60535e-05
8.60419e-06
2.15951e-05
1.67591e-05
6.89338e-06
7.12784e-06
6.86548e-06
1.46264e-05
1.30819e-05
7.16064e-06
8.18864e-06
1.03259e-05
7.60182e-06
8.91269e-06
5.15566e-06
6.45484e-06
1.51176e-06
1.46925e-05
7.84079e-06
1.14592e-05
1.26092e-05
6.46283e-06
1.22443e-05
9.68509e-06
3.88891e-06
5.9197e-06
1.09877e-05
5.11052e-06
1.17559e-05
7.54406e-06
1.06564e-05
1.25296e-05
1.56226e-05
9.85427e-06
2.10898e-05
7.0726e-06
5.76583e-06
7.19549e-06
4.69158e-06
1.39941e-05
1.74243e-05
5.40392e-06
5.58182e-06
3.15735e-05
2.41072e-05
1.28536e-05
2.16451e-05
1.46972e-05
5.20536e-06
1.83547e-05
1.78473e-05
3.2961e-05
9.18777e-06
7.85799e-06
4.32878e-06
1.55932e-05
6.06832e-06
6.37614e-06
5.88908e-06
4.7037e-06
4.9988e-06
5.21436e-06
1.75429e-05
6.15683e-06
2.64007e-05
7.23792e-06
1.28815e-05
2.80297e-06
3.09653e-06
6.86408e-06
2.89466e-05
1.26832e-05
9.28437e-06
3.25151e-05
1.52223e-05
5.15115e-06
1.08583e-05
1.50829e-06
1.50671e-06
7.2569e-06
3.40445e-06
8.38315e-06
9.34572e-06
8.92562e-06
7.85927e-06
9.58493e-06
1.61487e-05
6.58434e-06
2.76377e-05
6.91349e-06
2.11808e-05
1.48704e-05
7.50168e-06
2.27078e-05
1.04691e-05
5.5848e-06
7.17249e-06
3.40767e-06
8.90207e-06
2.0948e-05
1.87803e-05
5.87211e-06
2.25442e-05
1.09701e-05
5.85834e-06
1.50535e-05
9.24482e-06
2.39157e-05
7.23746e-06
1.47889e-06
8.38013e-06
1.52848e-05
1.85278e-05
1.95198e-05
3.10542e-05
6.66867e-06
7.59086e-06
6.37809e-06
1.83951e-05
5.1668e-06
4.91948e-06
6.97729e-06
4.68157e-06
3.50241e-06
1.26699e-05
1.53733e-05
6.58184e-06
1.62848e-05
1.13748e-05
1.05604e-05
8.67626e-06
1.7857e-05
2.57769e-05
7.14648e-06
7.76591e-06
7.02435e-06
1.93261e-05
8.90469e-06
2.7747e-05
1.35088e-05
2.2073e-06
1.19128e-05
1.89749e-05
5.17645e-06
2.56058e-05
1.64179e-05
4.63461e-06
1.22722e-05
9.37003e-06
6.22756e-05
1.59117e-05
5.90891e-06
1.07755e-05
1.81539e-05
3.52694e-06
9.81508e-06
1.49804e-06
1.49603e-06
5.75407e-06
5.10475e-06
1.22481e-05
9.20517e-06
9.59735e-06
1.2124e-05
4.10519e-06
2.5639e-05
1.19925e-05
5.68231e-06
6.93792e-06
2.83981e-05
4.40007e-06
2.20623e-05
1.65757e-05
2.27138e-05
1.24061e-05
1.38602e-05
6.66865e-06
4.98581e-06
5.60907e-06
1.22604e-05
7.16053e-06
6.77227e-06
1.13526e-05
6.35256e-06
7.37206e-06
1.46261e-05
1.72235e-05
2.87666e-05
2.41129e-05
5.07341e-06
2.05149e-05
1.12473e-05
1.93452e-05
1.01238e-05
6.60845e-06
2.81456e-06
9.52587e-06
1.86828e-05
1.92613e-05
2.06063e-05
6.37289e-06
1.81681e-05
1.12955e-05
1.68617e-05
1.25276e-05
7.07881e-06
1.49663e-06
1.34103e-05
4.90374e-06
1.26221e-05
1.71998e-05
1.79564e-05
1.21877e-05
6.16568e-06
2.44165e-05
9.79254e-06
1.68463e-05
1.24466e-05
9.22003e-06
4.41473e-06
9.49408e-06
2.60486e-05
2.4579e-05
5.877e-06
1.42853e-05
9.03784e-06
1.15196e-05
8.11998e-06
4.90465e-06
9.898e-06
1.55424e-05
8.45071e-06
1.77857e-05
1.49348e-05
1.00655e-05
1.05945e-05
1.86715e-05
7.44491e-06
1.11921e-05
1.69362e-05
2.19139e-05
6.16529e-06
1.64763e-05
1.34317e-05
1.08301e-05
7.83697e-06
1.5088e-05
1.7999e-05
1.21e-05
1.80356e-05
1.30789e-05
1.18837e-05
8.09725e-06
1.85276e-05
5.81814e-06
1.05633e-05
1.53757e-05
1.94958e-05
4.9018e-06
8.31615e-06
1.54066e-05
1.12736e-05
1.18708e-05
1.72379e-05
6.95264e-06
6.34622e-06
1.76469e-05
9.06453e-06
6.73976e-06
1.00127e-05
1.7018e-05
2.17148e-05
1.59663e-05
9.6613e-06
1.66651e-05
1.91139e-05
1.95155e-05
2.21373e-06
1.34616e-05
6.52603e-06
7.21994e-06
1.17414e-05
7.26818e-06
1.1962e-05
9.69611e-06
7.50152e-06
4.60684e-05
1.34352e-05
1.24918e-05
1.54e-05
1.97041e-05
1.3709e-05
7.16535e-06
9.32791e-06
1.11145e-05
2.33402e-05
2.22567e-05
1.802e-05
2.79985e-06
2.4478e-05
2.35367e-05
1.08856e-05
1.07246e-05
9.49017e-06
9.33282e-06
2.64487e-05
1.71865e-05
9.16361e-06
4.90928e-06
1.36386e-05
1.52063e-05
5.44743e-06
9.27051e-06
1.95356e-05
8.61569e-06
1.18093e-05
6.65173e-06
1.49396e-05
2.70923e-06
1.49031e-06
1.53785e-05
1.0547e-05
1.3957e-05
1.15795e-05
1.34545e-05
1.86614e-05
1.59426e-05
1.73642e-05
1.09701e-05
1.11245e-05
4.70098e-06
1.17064e-05
5.54769e-06
2.31004e-05
6.34605e-06
4.93207e-06
1.06538e-05
9.88261e-06
1.15668e-05
7.05949e-06
1.35956e-05
1.74833e-05
1.28656e-05
2.30655e-05
2.09769e-05
1.77391e-05
2.49143e-05
2.71025e-05
1.21498e-05
5.85681e-06
1.79311e-05
1.63543e-05
1.7353e-05
1.39802e-05
5.13993e-06
1.08186e-05
7.49781e-06
1.7543e-05
4.69008e-06
2.11996e-05
2.34118e-05
3.6931e-06
9.58707e-06
1.29241e-05
1.67029e-05
6.07047e-06
7.09899e-06
1.37655e-05
2.50281e-05
9.25211e-06
2.20675e-06
1.33221e-05
7.41917e-06
5.56883e-06
1.37607e-05
7.44412e-06
6.14479e-06
8.7942e-06
1.3061e-05
8.98754e-06
9.56054e-06
2.17961e-05
9.97575e-06
6.60184e-06
1.73248e-05
1.45138e-05
2.17868e-05
1.2923e-05
5.56815e-06
2.19303e-06
1.1983e-05
9.09395e-06
3.04529e-05
1.88726e-05
4.68216e-06
4.11712e-06
1.32924e-05
3.08272e-05
7.17737e-06
5.60723e-06
2.02633e-05
1.62666e-05
6.47241e-06
2.05113e-05
2.26968e-05
9.71535e-06
6.33871e-06
4.68734e-06
2.11868e-05
1.63074e-05
1.28972e-05
8.21731e-06
1.67302e-05
1.73753e-05
1.58981e-05
1.97489e-05
1.83155e-05
4.40111e-06
8.10015e-06
2.06539e-05
1.83592e-05
6.30049e-06
6.04037e-06
1.56343e-05
1.98153e-05
1.26992e-05
5.63526e-06
9.96184e-06
1.68891e-05
1.2731e-05
2.28744e-05
2.66619e-05
1.1087e-05
1.01853e-05
1.46429e-05
2.0073e-05
6.17176e-06
2.34548e-05
4.67804e-06
2.46991e-05
6.58731e-06
1.42698e-05
9.70703e-06
1.16112e-05
2.93332e-05
1.53977e-05
1.51963e-05
2.7557e-05
9.44107e-06
1.60911e-05
1.8124e-05
1.0007e-05
2.02129e-05
6.01618e-06
2.10281e-05
9.45751e-06
1.04507e-05
1.78109e-05
7.17983e-06
9.27861e-06
4.9945e-06
1.24797e-05
1.02994e-05
9.88486e-06
1.39071e-05
1.28614e-05
2.30497e-05
7.49807e-06
1.46911e-05
6.13827e-06
1.25571e-05
1.95923e-05
2.14614e-05
9.08074e-06
1.09706e-05
1.50807e-05
1.14636e-05
3.41993e-06
2.80866e-06
1.0197e-05
3.79917e-06
1.07972e-05
1.40636e-05
6.60219e-06
1.54172e-05
1.50432e-05
1.56687e-05
1.95201e-05
1.44464e-05
1.34002e-05
1.80047e-05
1.31975e-05
1.13047e-05
6.25745e-06
1.00676e-05
1.15356e-05
1.00161e-05
1.76915e-05
2.45871e-05
5.0924e-06
1.13573e-05
5.96305e-06
1.56568e-05
9.70541e-06
1.72827e-05
8.42971e-06
1.08934e-05
4.11331e-06
2.80243e-06
1.65338e-05
1.46727e-05
6.29888e-06
1.10342e-05
1.48388e-06
1.10419e-05
1.25021e-05
1.91266e-05
1.50711e-05
6.53878e-06
2.26037e-05
1.67026e-05
1.48207e-05
2.3752e-06
1.83526e-05
1.89905e-05
1.0831e-05
6.88823e-06
2.74529e-05
5.1738e-06
1.2365e-05
1.38065e-05
2.0481e-05
2.06724e-05
9.7259e-06
4.63768e-06
4.89577e-06
3.41421e-06
5.11043e-06
6.84479e-06
5.73579e-06
5.17324e-06
6.59335e-06
4.71405e-06
6.47928e-06
1.0728e-05
8.20904e-06
9.05325e-06
7.6657e-06
5.76786e-06
6.7436e-06
7.85037e-06
1.84648e-05
9.33762e-06
1.69953e-05
9.51663e-06
8.07864e-06
1.02378e-05
1.13931e-05
1.14648e-05
8.28498e-06
8.73666e-06
4.88967e-06
2.18434e-05
1.51348e-05
1.14648e-05
1.14961e-05
6.34101e-06
1.69648e-05
1.38193e-05
1.96652e-05
1.10355e-05
4.61819e-06
1.48219e-05
6.03152e-06
1.87353e-05
2.38027e-05
4.6475e-06
1.54051e-05
2.53692e-05
6.02572e-06
1.31646e-05
4.98386e-06
4.92078e-06
1.01633e-05
1.30068e-05
5.34311e-06
6.16922e-06
1.02225e-05
1.76772e-05
2.34739e-05
5.69015e-06
6.27937e-06
1.29016e-05
6.56952e-06
4.78512e-06
1.64529e-05
1.22528e-05
2.00728e-05
3.79626e-06
1.23347e-05
1.5232e-05
7.79655e-06
3.08305e-05
2.52387e-05
2.24397e-05
4.69497e-06
4.63458e-06
4.01926e-05
3.6755e-05
8.59115e-06
1.97881e-05
8.03578e-06
9.15839e-06
2.21114e-05
4.38849e-06
6.69628e-06
1.07169e-05
2.36305e-05
1.50521e-05
2.83093e-06
8.67249e-06
9.47878e-06
9.68479e-06
1.27494e-05
2.78998e-05
7.10286e-06
4.87493e-06
9.46863e-06
1.87145e-05
1.11283e-05
1.202e-05
1.477e-06
6.5935e-06
4.09906e-06
7.05007e-06
2.89109e-05
1.53567e-05
6.97342e-06
1.37079e-05
6.31028e-06
1.66204e-05
1.60179e-05
1.03751e-05
1.54359e-05
1.93298e-05
2.41678e-05
6.35388e-06
2.29788e-05
1.61687e-05
8.71909e-06
1.63621e-05
1.09869e-05
7.37543e-06
1.0386e-05
8.31598e-06
4.87761e-06
1.29937e-05
7.38424e-06
6.60102e-06
4.53398e-06
1.48037e-05
9.79387e-06
1.18295e-05
2.19796e-05
5.56542e-06
1.17164e-05
7.71165e-06
1.96439e-05
2.00142e-05
6.63207e-06
6.93674e-06
3.71575e-05
1.45319e-05
3.08299e-05
1.20385e-05
9.99551e-06
1.66856e-05
1.32856e-05
9.31072e-06
9.59395e-06
1.5218e-05
2.10283e-05
1.42679e-05
9.47094e-06
1.68602e-05
1.67591e-05
1.89625e-05
9.78557e-06
1.01889e-05
1.77965e-05
7.292e-06
1.22443e-05
1.29599e-05
1.16527e-05
6.70688e-06
6.69811e-06
2.17017e-05
9.67283e-06
2.26464e-05
1.05896e-05
9.75735e-06
1.39202e-05
7.71722e-06
1.3053e-05
1.46169e-05
3.69194e-06
6.45992e-06
2.71197e-06
2.81062e-06
1.20291e-05
1.44974e-05
9.29601e-06
9.45487e-06
5.87673e-06
1.36866e-05
6.71033e-06
2.61145e-05
1.25584e-05
1.62275e-05
9.19529e-06
1.24873e-05
1.84169e-05
4.63887e-06
7.18016e-06
5.21526e-06
1.13332e-05
8.86342e-06
4.68019e-06
2.17165e-05
4.41202e-06
7.81811e-06
6.62197e-06
2.00768e-05
1.44047e-05
1.95382e-05
2.34442e-05
7.19995e-06
3.05423e-05
1.42645e-05
6.68097e-06
5.60104e-06
1.55606e-05
1.6002e-05
1.60326e-05
8.14807e-06
1.31221e-05
6.35892e-06
1.25277e-05
1.75118e-05
1.81716e-05
1.53228e-05
2.12696e-05
4.57426e-06
5.91698e-06
6.77263e-06
4.91037e-06
4.91062e-06
1.45192e-05
5.87205e-06
2.33171e-05
4.40582e-06
1.24711e-05
3.69549e-06
1.00587e-05
1.17697e-05
1.75614e-05
7.01669e-06
4.19386e-06
6.9375e-06
2.55139e-05
1.66261e-05
4.35495e-06
3.35945e-05
1.55124e-05
1.42411e-05
5.09596e-06
4.41637e-06
9.29559e-06
1.16099e-05
2.49751e-05
9.63129e-06
7.85555e-06
1.74627e-05
1.49486e-06
1.08508e-05
1.29443e-05
1.63899e-05
7.12441e-06
1.14284e-05
9.59402e-06
7.92077e-06
1.32317e-05
1.44135e-05
8.24666e-06
1.41405e-05
1.68647e-05
1.8303e-05
6.461e-06
1.5088e-05
5.98967e-06
6.1912e-06
1.14591e-05
3.40129e-06
1.03255e-05
1.51201e-05
9.64496e-06
1.76842e-05
1.50731e-06
7.19749e-06
1.3616e-05
8.96115e-06
1.44391e-05
3.69644e-06
1.73028e-05
2.81525e-06
1.17212e-05
5.36006e-06
1.4794e-05
6.82973e-06
8.31499e-06
4.10341e-06
1.25742e-05
6.50241e-06
5.70817e-06
2.00105e-05
2.81151e-06
5.76874e-06
6.07528e-06
7.83864e-06
1.01197e-05
7.16976e-06
8.61378e-06
3.5055e-06
1.23865e-05
1.93374e-05
1.28533e-05
1.46268e-05
1.18531e-05
9.58787e-06
1.00626e-05
1.3933e-05
6.72806e-06
1.12969e-05
1.00511e-05
2.71002e-06
1.22969e-05
7.23774e-06
2.45121e-05
6.32567e-06
1.09725e-05
1.79566e-05
2.7922e-05
4.32784e-06
8.05989e-06
3.51728e-06
8.25661e-06
5.92471e-06
1.08297e-05
9.2051e-06
1.19199e-05
9.82354e-06
6.97282e-06
1.11474e-05
1.27486e-05
7.63759e-06
4.33078e-06
4.92543e-06
2.61812e-05
9.29793e-06
1.57723e-05
2.84167e-05
3.55711e-05
1.32941e-05
1.52109e-05
1.00333e-05
1.44672e-05
7.03522e-06
9.71158e-06
5.97082e-06
5.30861e-06
9.73719e-06
8.01285e-06
1.91947e-05
1.77967e-05
5.84691e-06
1.30632e-05
1.65357e-05
1.50046e-06
1.40683e-05
8.09669e-06
1.58117e-05
7.60285e-06
1.48197e-06
2.1392e-05
6.27494e-06
2.1935e-05
1.08559e-05
1.04287e-05
1.64003e-05
2.87448e-05
1.70026e-05
1.13455e-05
5.50271e-06
6.61182e-06
8.31798e-06
7.33342e-06
8.45469e-06
2.19935e-05
1.21844e-05
1.11957e-05
1.39817e-05
6.87638e-06
7.39705e-06
1.65585e-05
6.37118e-06
2.51302e-05
1.41669e-05
1.11407e-05
6.18956e-06
2.1594e-05
2.42696e-05
1.51183e-05
8.40535e-06
1.1977e-05
4.10054e-06
1.12135e-05
4.39325e-06
1.38005e-05
9.4868e-06
2.25166e-05
1.13338e-05
1.1365e-05
7.08208e-06
1.76007e-05
1.26376e-05
1.25103e-05
8.11188e-06
1.14937e-05
1.46896e-05
1.21467e-05
2.38145e-05
6.36502e-06
1.06097e-05
6.89808e-06
1.34076e-05
2.34748e-05
6.41949e-06
6.0288e-06
8.60419e-06
4.42879e-06
1.87912e-05
6.70513e-06
1.81116e-05
1.76724e-05
1.17452e-05
4.10535e-06
2.95197e-05
8.46203e-06
5.90631e-06
9.67611e-06
4.58653e-06
1.69112e-05
1.85901e-05
1.95945e-05
1.36226e-05
1.24583e-05
1.50703e-05
7.09045e-06
8.08512e-06
5.15907e-06
1.26424e-05
4.92639e-06
1.45607e-05
1.43716e-05
2.30167e-05
9.59852e-06
6.75907e-06
8.16684e-06
1.94185e-05
6.87503e-06
9.3484e-06
9.42145e-06
6.67743e-06
1.14341e-05
1.27477e-05
2.41146e-05
1.0554e-05
1.82009e-05
1.49595e-05
6.11711e-06
2.20409e-05
1.07052e-05
2.81741e-06
5.1264e-06
8.11248e-06
9.15556e-06
1.10872e-05
1.84635e-05
2.49982e-05
9.12959e-06
1.81399e-05
2.72641e-05
1.50342e-05
9.5881e-06
1.24571e-05
2.35514e-05
1.44527e-05
5.56382e-06
3.70259e-06
1.23081e-05
2.03325e-05
1.37066e-05
1.30201e-05
4.91271e-06
8.01722e-06
9.8397e-06
7.46729e-06
2.01233e-05
9.04581e-06
8.89914e-06
4.67833e-06
9.81147e-06
6.98661e-06
9.63076e-06
6.15504e-06
2.08117e-05
4.09926e-06
1.99832e-05
6.49465e-06
1.62344e-05
1.47705e-05
1.47591e-05
1.53047e-05
4.41097e-06
1.55063e-05
9.41336e-06
1.26821e-05
4.62142e-06
5.67245e-06
1.64976e-05
2.44525e-05
1.06494e-05
1.53906e-05
5.85706e-06
4.10579e-06
2.81486e-06
7.43032e-06
1.1942e-05
2.44257e-05
5.74972e-06
2.4326e-05
7.58518e-06
7.17832e-06
1.6278e-05
9.17411e-06
1.45755e-05
6.91618e-06
1.57802e-05
4.69493e-06
1.83625e-05
1.58436e-05
1.08595e-05
1.29076e-05
9.30671e-06
6.97901e-06
9.6019e-06
1.00171e-05
2.22105e-05
5.80222e-06
1.97904e-05
3.4114e-06
3.69466e-06
8.32433e-06
1.88961e-05
1.12849e-05
3.80191e-06
1.44424e-05
1.24867e-05
7.38728e-06
5.55339e-06
1.79896e-05
5.97168e-06
1.19081e-05
5.46219e-06
9.05179e-06
8.79828e-06
8.15143e-06
9.31714e-06
1.87045e-05
1.75441e-05
1.69457e-05
1.97845e-05
2.13917e-05
2.07254e-05
5.89379e-06
2.23979e-05
1.39851e-05
1.98966e-05
1.78683e-05
8.11172e-06
1.1804e-05
9.31859e-06
1.40048e-05
1.37963e-05
7.17671e-06
1.22187e-05
1.7435e-05
3.80473e-05
2.65616e-05
1.279e-05
1.50325e-06
7.59156e-06
1.16534e-05
4.77132e-06
5.85611e-06
9.27496e-06
1.76708e-05
3.9646e-05
3.34717e-05
9.12661e-06
4.9351e-06
9.65295e-06
2.80212e-06
2.1071e-05
9.77679e-06
1.3321e-05
5.328e-06
1.07944e-05
6.43745e-06
9.33255e-06
8.63281e-06
1.33491e-05
6.9108e-06
1.13549e-05
7.76164e-06
1.50899e-06
1.78327e-05
1.11399e-05
1.14651e-05
1.94099e-05
2.67044e-05
2.1264e-05
7.29583e-06
5.88278e-06
1.70039e-05
7.06282e-06
1.18635e-05
1.55499e-05
1.52974e-05
4.9093e-06
4.4166e-06
1.08877e-05
2.06125e-05
7.16055e-06
1.39433e-05
8.65884e-06
4.67267e-06
5.56475e-06
1.28618e-05
1.77061e-05
2.31668e-05
5.93596e-06
1.04079e-05
5.21843e-06
8.14481e-06
1.4802e-05
6.44602e-06
5.1045e-06
1.3161e-05
6.52892e-06
1.67887e-05
1.12219e-05
1.08819e-05
2.96003e-05
4.09895e-06
1.7718e-05
1.30714e-05
6.91776e-06
6.3473e-06
4.08594e-06
2.17231e-05
7.09928e-06
1.65291e-05
9.92475e-06
2.52444e-05
5.88377e-06
1.03571e-05
8.88628e-06
1.9467e-05
1.09128e-05
1.26985e-05
1.42465e-05
5.86978e-06
1.48387e-05
8.81385e-06
6.62502e-06
1.34815e-05
1.2718e-05
5.20246e-06
1.50139e-06
1.41749e-05
2.05308e-05
2.41277e-05
1.47463e-05
1.43184e-05
2.19931e-06
2.4353e-05
9.31232e-06
1.55869e-05
2.16102e-05
1.14456e-05
4.3824e-06
1.02627e-05
5.14683e-06
7.62829e-06
1.02046e-05
1.92282e-05
5.1345e-06
9.34277e-06
1.33666e-05
5.51457e-06
3.41e-06
2.11028e-05
2.38297e-05
1.66585e-05
1.28184e-05
6.62531e-06
1.4187e-05
1.50002e-06
2.51806e-05
1.06683e-05
7.68832e-06
1.32328e-05
1.1196e-05
1.56107e-05
1.45524e-05
1.61948e-05
6.04397e-06
9.67218e-06
7.92532e-06
1.19612e-05
1.34123e-05
5.9909e-06
4.39831e-06
6.7475e-06
4.65414e-06
1.30016e-05
1.92533e-05
4.92716e-06
2.6131e-05
1.71445e-05
1.0529e-05
1.48809e-06
6.72674e-06
1.12158e-05
4.36592e-06
1.52236e-05
1.1084e-05
9.08398e-06
5.33096e-06
9.24121e-06
7.25914e-06
2.14141e-05
6.34923e-06
1.34835e-05
1.81666e-05
1.08415e-05
9.48233e-06
7.6056e-06
1.2535e-05
1.70015e-05
1.76626e-05
9.71762e-06
1.638e-05
1.50006e-06
1.70656e-05
1.26534e-05
5.10792e-05
3.40952e-06
1.29521e-05
6.30442e-06
4.38848e-06
2.21358e-05
1.60248e-05
7.36867e-06
2.76804e-05
1.75833e-05
1.86493e-05
3.45537e-05
1.61625e-05
1.34235e-05
1.32836e-05
1.45881e-05
1.39222e-05
1.1145e-05
1.25353e-05
1.31743e-05
6.19256e-06
1.8e-05
5.73717e-06
4.44819e-06
1.36287e-05
1.76662e-05
6.68941e-06
2.97576e-05
6.72575e-06
9.97326e-06
1.00572e-05
4.64883e-06
1.80206e-05
1.7418e-05
9.96157e-06
1.0854e-05
7.20924e-06
1.60151e-05
1.33988e-05
2.00823e-05
1.07596e-05
2.49194e-05
2.10564e-05
1.22519e-05
2.31858e-05
9.50413e-06
6.11089e-06
5.88218e-06
1.81427e-05
2.80577e-06
2.35304e-05
1.27425e-05
9.51321e-06
9.40978e-06
7.35776e-06
1.38494e-05
6.16628e-06
1.67249e-05
4.70136e-06
1.13203e-05
2.26461e-05
1.42837e-05
1.35494e-05
1.28511e-05
4.29209e-06
6.43984e-06
5.99126e-06
7.8158e-06
5.72636e-06
1.62953e-05
1.22324e-05
1.14589e-05
6.60673e-06
2.36801e-05
9.21302e-06
1.82471e-05
1.05641e-05
1.27411e-05
1.83096e-05
2.64276e-05
2.09283e-05
2.99791e-05
9.90263e-06
4.96616e-06
6.14792e-06
1.43781e-05
9.44097e-06
1.17999e-05
1.92916e-05
1.00831e-05
3.94563e-06
1.13482e-05
9.04851e-06
2.78478e-05
2.10839e-05
4.67954e-06
2.81254e-06
1.97576e-05
6.68842e-06
1.21263e-05
4.4296e-06
1.12535e-05
2.79066e-05
1.31736e-05
6.17349e-06
2.50633e-05
1.12662e-05
8.08968e-06
1.69275e-05
2.80425e-05
9.27649e-06
1.62039e-05
6.77947e-06
9.19989e-06
1.29416e-05
4.39688e-06
9.12238e-06
8.57322e-06
4.80333e-06
1.37264e-05
2.01563e-05
6.67344e-06
2.39548e-05
2.78245e-05
6.28589e-06
4.10276e-06
1.28027e-05
5.21096e-06
7.56885e-06
9.72954e-06
8.08423e-06
4.87649e-06
1.03828e-05
9.14592e-06
2.09342e-05
9.06504e-06
2.04819e-05
2.20312e-06
8.16299e-06
7.3144e-06
7.59406e-06
2.23986e-05
1.00723e-05
1.08952e-05
1.44976e-05
9.56202e-06
6.08039e-06
4.11016e-05
4.67136e-06
1.46493e-05
7.38068e-06
5.09615e-06
8.72874e-06
2.10982e-05
1.0077e-05
1.43493e-05
1.50173e-06
2.05383e-05
9.03183e-06
7.59792e-06
6.63245e-06
1.3071e-05
4.29639e-06
3.95733e-06
1.28722e-05
5.75517e-06
1.85133e-05
6.92722e-06
1.3358e-05
2.39885e-05
2.05423e-05
6.33255e-06
7.29179e-06
4.68056e-06
1.36242e-05
3.19112e-05
1.27404e-05
7.76807e-06
9.22015e-06
2.40553e-05
1.2957e-05
1.57797e-05
6.67042e-06
6.75427e-06
9.33189e-06
5.90593e-06
1.08738e-05
1.2853e-05
1.15812e-05
7.49638e-06
1.23203e-05
1.19996e-05
1.24328e-05
2.44755e-05
2.20767e-05
8.62563e-06
5.22047e-06
1.25974e-05
1.66706e-05
1.81002e-05
7.81526e-06
9.68087e-06
1.66053e-05
5.9766e-06
2.49102e-05
1.50066e-06
1.53204e-05
6.93748e-06
2.59328e-05
2.11332e-05
5.96349e-06
1.50347e-05
2.46127e-05
2.8264e-06
2.45464e-05
1.22035e-05
1.51666e-05
1.54906e-05
6.18901e-06
1.80091e-05
8.24832e-06
8.16419e-06
7.25616e-06
2.08187e-05
1.57236e-05
1.37882e-05
1.37439e-05
8.93534e-06
9.01779e-06
3.6148e-05
1.37058e-05
6.39834e-06
7.0082e-06
7.83176e-06
2.02617e-05
1.03413e-05
2.38154e-05
9.63833e-06
8.20309e-06
1.55419e-05
7.55347e-06
1.09247e-05
9.83644e-06
1.2772e-05
9.18194e-06
1.98076e-05
1.76996e-05
2.82663e-05
2.36052e-05
5.58052e-06
8.37791e-06
1.37253e-05
1.13791e-05
3.52118e-06
1.5796e-05
5.66099e-06
4.67965e-06
2.1184e-05
1.31498e-05
4.19456e-06
2.01381e-05
1.50897e-05
1.35369e-05
1.43015e-05
4.9085e-06
6.12081e-06
1.03288e-05
2.39378e-05
7.5744e-06
1.65268e-05
1.52744e-05
7.49637e-06
4.69367e-06
1.28274e-05
1.70348e-05
6.81002e-06
2.18924e-06
1.96987e-05
1.0434e-05
5.32586e-06
7.01003e-06
5.88701e-06
2.48931e-05
1.49844e-05
4.68811e-06
8.94198e-06
3.19713e-05
1.13777e-05
6.15427e-06
5.04748e-06
9.33416e-06
7.92581e-06
1.00317e-05
1.13995e-05
1.35458e-05
1.5131e-05
2.16481e-05
1.82801e-05
1.74001e-05
1.43167e-05
9.06818e-06
6.63077e-06
4.09898e-06
2.18724e-05
1.63157e-05
5.81561e-06
7.59774e-06
2.82685e-06
1.3286e-05
6.47046e-06
1.92611e-05
1.70045e-05
7.06272e-06
1.78288e-05
1.706e-05
4.66625e-06
1.3615e-05
2.1881e-05
1.83585e-05
1.19262e-05
9.19798e-06
6.27385e-06
9.37089e-06
6.29013e-06
5.88314e-06
1.06145e-05
6.76862e-06
6.90172e-06
9.34335e-06
9.45052e-06
4.87914e-06
6.66876e-06
1.28093e-05
1.26173e-05
1.4926e-06
5.1118e-06
1.04818e-05
1.47039e-05
1.33857e-05
2.56253e-05
6.32078e-06
9.41741e-06
1.08668e-05
1.5368e-05
7.41381e-06
1.93244e-05
4.38849e-06
6.36577e-06
1.7321e-05
2.38752e-05
8.35489e-06
1.38397e-05
1.13262e-05
1.57363e-05
1.09346e-05
4.68165e-06
7.24654e-06
5.8804e-06
1.75297e-05
1.25743e-05
8.36445e-06
1.50135e-05
1.19084e-05
3.79251e-06
9.53599e-06
1.00318e-05
6.95871e-06
1.59211e-05
3.20186e-05
4.38942e-06
6.05726e-06
6.36297e-06
1.01786e-05
1.33471e-05
4.79411e-06
7.10143e-06
1.29043e-05
1.02172e-05
1.25092e-05
6.67071e-06
1.33329e-05
5.10908e-06
1.71811e-05
7.16019e-06
3.50528e-06
1.41932e-05
2.02342e-05
1.43483e-05
2.80771e-06
7.59162e-06
5.79202e-06
3.4089e-06
1.90838e-05
2.00713e-05
3.63378e-05
6.22684e-06
2.55751e-05
3.09465e-06
1.40848e-05
2.11828e-06
7.87038e-06
2.20611e-05
1.01381e-05
9.90221e-06
2.00569e-05
2.05391e-05
9.40426e-06
1.41146e-05
3.79535e-06
7.79463e-06
6.88601e-06
5.60253e-06
3.19218e-05
8.01765e-06
7.38698e-06
1.66489e-05
4.10077e-05
2.3683e-05
1.14523e-05
6.25903e-06
1.33293e-05
1.9185e-06
2.427e-05
1.27976e-05
9.39069e-06
5.80018e-06
7.53715e-06
1.48166e-05
1.03351e-05
6.73447e-06
1.06117e-05
1.13793e-05
1.33543e-05
8.30134e-06
1.15206e-05
6.4441e-06
2.09507e-05
4.68537e-06
1.25992e-05
4.39978e-06
1.20954e-05
7.14648e-06
5.86599e-06
8.50571e-06
7.38598e-06
1.54508e-05
1.04483e-05
6.60861e-06
6.96845e-06
6.23243e-06
6.81164e-06
8.41443e-06
6.44236e-06
1.09949e-05
6.96356e-06
1.08041e-05
9.9444e-06
2.2729e-05
2.65997e-05
1.0193e-05
1.22197e-05
7.98918e-06
2.81875e-05
7.12673e-06
9.85582e-06
8.9541e-06
7.87551e-06
1.65158e-05
2.60762e-05
4.79383e-06
5.79107e-06
1.44424e-05
1.61258e-05
7.48697e-06
1.70309e-05
1.59326e-05
2.51717e-05
3.80057e-06
4.3992e-06
1.98784e-05
1.27065e-05
1.26182e-05
5.07355e-06
7.05279e-06
8.93201e-06
1.53136e-05
1.5204e-06
6.13621e-06
1.10068e-05
1.51752e-05
6.27568e-06
1.89976e-05
9.59675e-06
6.61295e-06
2.59599e-05
2.44516e-05
8.67715e-06
1.70845e-05
9.18109e-06
1.27368e-05
1.30629e-05
1.28148e-05
9.6976e-06
6.66901e-06
2.71333e-05
8.32823e-06
9.91102e-06
4.99953e-06
5.14237e-06
9.12031e-06
9.775e-06
1.39527e-05
1.77524e-05
1.5132e-05
9.03604e-06
6.85692e-06
9.45359e-06
9.27881e-06
6.79512e-06
9.76519e-06
9.38107e-06
7.88428e-06
2.6288e-05
2.17728e-05
1.86321e-05
2.33199e-05
1.16004e-05
6.22564e-06
9.76312e-06
4.40439e-06
1.90255e-05
1.50366e-06
7.00337e-06
2.98791e-05
2.14201e-05
4.39725e-06
2.5717e-05
9.25473e-06
1.21253e-05
3.47878e-05
1.28354e-05
1.30083e-05
1.98575e-05
1.0064e-05
5.49521e-06
6.5844e-06
9.69438e-06
8.21587e-06
5.38324e-06
2.71989e-06
1.58395e-05
1.80767e-05
5.27021e-06
1.68821e-05
1.6642e-05
1.42408e-05
9.80056e-06
1.49625e-06
2.16153e-05
5.36716e-06
1.55642e-05
1.59469e-05
2.07482e-05
8.65309e-06
1.50427e-05
1.50049e-05
1.11257e-05
9.67259e-06
2.16534e-05
1.24611e-05
6.35327e-06
1.34773e-05
1.38874e-05
1.90757e-05
1.37892e-05
1.26553e-05
8.99371e-06
1.17198e-05
1.4346e-05
1.16123e-05
2.36735e-05
1.54586e-05
2.13178e-05
5.5791e-06
1.78032e-05
2.76948e-06
2.29418e-05
1.1075e-05
1.72767e-05
1.51052e-05
7.02073e-06
7.50032e-06
1.63042e-05
9.69634e-06
1.52145e-05
1.72438e-05
1.75244e-05
2.92645e-05
1.81913e-05
6.19342e-06
8.96518e-06
1.29145e-05
1.29959e-05
6.62478e-06
2.21014e-05
9.27272e-06
9.923e-06
7.39583e-06
9.74537e-06
2.58895e-05
6.2736e-06
2.61898e-05
7.82185e-06
1.30518e-05
2.15519e-05
4.75601e-06
2.518e-05
1.72476e-05
2.49096e-05
9.3973e-06
8.46175e-06
7.44407e-06
8.9949e-06
1.01557e-05
1.02646e-05
7.566e-06
1.41082e-05
1.5116e-05
6.1371e-06
1.61303e-05
6.16922e-06
1.04328e-05
1.02099e-05
1.03485e-05
5.81365e-06
2.62423e-05
5.16765e-06
1.21928e-05
1.56072e-05
9.26891e-06
8.93296e-06
7.00675e-06
1.52498e-05
5.92885e-06
6.27338e-06
8.99238e-06
5.81712e-06
1.8279e-05
6.41628e-06
4.08598e-06
7.03322e-06
5.88322e-06
2.01711e-05
6.10603e-06
7.19382e-06
6.80903e-06
8.57279e-06
1.75962e-05
9.90168e-06
5.8189e-06
1.60389e-05
9.33504e-06
9.65152e-06
1.33659e-05
2.40995e-05
1.21251e-05
1.39564e-05
8.80334e-06
6.35698e-06
6.91919e-06
8.89467e-06
6.25994e-06
5.69426e-06
9.69485e-06
1.1789e-05
1.71931e-05
9.66522e-06
6.87804e-06
3.40853e-06
5.71317e-06
2.28208e-05
9.27486e-06
1.76909e-05
1.01447e-05
1.45383e-05
2.24062e-05
1.56383e-05
5.89448e-06
1.56717e-05
1.73239e-05
8.81416e-06
5.82187e-06
6.70873e-06
6.93546e-06
9.45191e-06
2.62681e-05
1.34147e-05
5.90553e-06
1.48996e-05
9.15929e-06
3.79138e-06
1.00087e-05
8.79152e-06
1.57376e-05
1.16055e-05
1.49248e-05
2.10649e-05
1.15997e-05
2.86297e-05
1.08334e-05
1.14327e-05
1.46876e-05
2.57962e-05
6.41792e-06
1.01177e-05
8.60671e-06
6.21175e-06
1.48901e-06
1.22403e-05
2.98621e-05
1.1907e-05
1.85743e-05
1.16324e-05
1.22452e-05
1.09373e-05
1.24234e-05
1.90475e-05
1.21383e-05
5.21696e-06
1.60913e-05
9.77969e-06
1.94271e-05
8.76231e-06
8.84122e-06
7.56294e-06
4.92276e-06
1.13819e-05
1.57585e-05
1.60184e-05
4.67805e-06
4.93442e-06
1.48022e-05
4.45079e-06
5.2252e-06
9.39509e-06
1.85097e-05
2.28538e-05
1.60524e-05
9.1694e-06
4.44644e-06
1.37291e-05
9.16358e-06
6.71163e-06
2.80057e-05
9.37592e-06
2.5604e-05
5.41196e-06
1.50188e-06
1.33839e-05
1.55455e-05
2.39201e-05
1.65037e-05
1.61349e-05
1.41266e-05
1.08586e-05
1.34553e-05
1.73925e-05
1.19491e-05
1.58347e-05
3.71314e-06
1.50012e-06
1.52106e-05
5.63301e-06
8.09141e-06
7.63446e-06
1.25093e-05
1.45476e-05
1.12858e-05
1.00214e-05
3.015e-05
3.11226e-05
8.99233e-06
3.05475e-05
1.8005e-05
5.8096e-06
6.3624e-06
1.16509e-05
7.38236e-06
8.10324e-06
4.26368e-06
2.42015e-05
6.44329e-06
4.09909e-06
5.1452e-06
1.95821e-05
1.14018e-05
1.63754e-05
1.19132e-05
8.9475e-06
1.2614e-05
6.64674e-06
9.98502e-06
7.17683e-06
1.56419e-05
1.09064e-05
1.66221e-05
2.03691e-05
1.02732e-05
1.27417e-05
1.15586e-05
3.50846e-06
3.02378e-05
6.89029e-06
4.71891e-06
6.79492e-06
1.48955e-05
2.24503e-05
6.08664e-06
1.81441e-05
1.8358e-05
6.74971e-05
8.68674e-06
9.31763e-06
9.86877e-06
2.13673e-05
6.81258e-06
7.47922e-06
2.20197e-06
3.79512e-06
1.07898e-05
1.00778e-05
1.62096e-05
1.78167e-05
1.8672e-05
1.18841e-05
2.30118e-05
8.69009e-06
1.49398e-05
1.44159e-05
5.18351e-06
9.57314e-06
6.6612e-06
1.4492e-05
1.55761e-05
6.19712e-06
7.02968e-06
7.08013e-06
1.16928e-05
1.26887e-05
6.52195e-06
2.70883e-06
1.10648e-05
6.73133e-06
1.26047e-05
6.95764e-06
2.37135e-05
4.92699e-06
4.39192e-06
3.58809e-05
1.4448e-05
1.49289e-05
1.77294e-05
1.5916e-05
2.33181e-05
1.64433e-05
5.10995e-06
9.46952e-06
6.87204e-06
5.34083e-06
1.59351e-05
1.28659e-05
1.21705e-05
1.8209e-05
1.23696e-05
7.85288e-06
1.50474e-05
8.83848e-06
9.16256e-06
2.10356e-05
1.9295e-05
1.60338e-05
7.0349e-06
3.94793e-06
4.94887e-06
1.51355e-05
6.70354e-06
9.89165e-06
1.92467e-05
1.37634e-05
3.86117e-05
9.22851e-06
8.61499e-06
4.09894e-06
5.49406e-06
3.10584e-06
1.1006e-05
1.30581e-05
1.76216e-05
8.64737e-06
1.59715e-05
9.26382e-06
6.53865e-06
1.26432e-05
1.99313e-05
2.11496e-06
1.73455e-05
2.00048e-05
1.94531e-05
2.72053e-06
1.88432e-05
1.54078e-05
8.73057e-06
5.81436e-06
7.2576e-06
6.97142e-06
1.94451e-05
1.98157e-05
2.23234e-05
2.49867e-05
6.70881e-06
4.9178e-06
3.37326e-06
4.68398e-06
7.6811e-06
1.83746e-05
1.04193e-05
9.5202e-06
1.8175e-05
8.7006e-06
1.86012e-05
1.98027e-05
1.19804e-05
1.52418e-05
1.36236e-05
1.66063e-05
2.09179e-05
1.5104e-06
4.87192e-06
5.46895e-06
8.41753e-06
1.46109e-05
5.23061e-06
1.30242e-05
8.182e-06
4.11652e-06
1.60006e-05
5.1513e-06
5.72496e-06
1.05401e-05
6.54037e-06
1.26986e-05
1.63041e-05
1.44042e-05
1.26711e-05
3.05571e-05
6.62672e-06
5.39479e-06
7.3718e-06
1.82241e-05
1.35764e-05
6.25491e-06
1.10987e-05
1.27504e-05
1.97114e-05
1.95211e-05
4.10418e-06
1.20333e-05
4.28843e-06
2.13553e-05
6.13558e-06
1.19007e-05
8.07182e-06
3.49621e-05
3.63058e-05
9.33849e-06
2.23529e-05
1.57438e-05
4.67865e-06
2.99063e-05
9.18612e-06
9.54488e-06
1.08115e-05
1.21939e-05
1.65996e-05
5.32151e-06
1.95309e-05
8.68242e-06
7.24068e-06
1.49699e-06
1.79632e-05
2.43555e-05
1.51612e-05
1.21513e-05
1.49494e-05
6.50931e-06
1.43163e-05
9.58125e-06
1.06046e-05
3.80759e-06
1.42996e-05
1.10579e-05
2.36134e-05
1.76019e-05
1.55031e-05
9.66881e-06
7.23829e-06
7.03376e-06
1.28824e-05
2.22792e-05
1.41311e-05
1.45737e-05
1.34452e-05
2.11127e-05
1.6534e-05
1.82585e-05
3.80502e-06
1.66591e-05
6.9016e-06
1.48758e-05
3.22711e-05
1.38298e-05
1.02292e-05
1.30351e-05
1.29438e-05
1.32685e-05
9.408e-06
5.15927e-06
2.21054e-06
1.406e-05
2.6047e-05
1.85283e-05
2.74927e-05
2.15758e-05
2.18408e-05
1.54049e-05
2.94785e-05
1.24103e-05
9.71042e-06
6.37816e-06
1.71007e-05
1.27622e-05
8.79112e-06
1.75628e-05
1.86025e-05
6.07783e-06
1.10146e-05
2.52383e-05
6.6436e-06
1.27077e-05
2.99894e-05
1.78559e-05
1.72465e-05
1.2317e-05
3.43926e-05
6.10281e-06
1.55362e-05
1.3271e-05
5.18819e-06
1.93192e-05
7.39099e-06
1.33727e-05
5.90657e-06
1.03746e-05
1.10124e-05
1.28147e-05
1.12236e-05
7.40886e-06
5.86563e-06
1.81331e-05
7.42673e-06
2.1689e-05
1.02465e-05
1.34384e-05
9.77784e-06
1.32405e-05
6.41519e-06
7.09518e-06
4.7933e-06
5.52575e-06
1.31831e-05
2.85527e-05
5.81233e-06
1.74212e-05
9.5614e-06
8.99827e-06
5.60669e-06
8.3139e-06
1.07739e-05
6.85914e-06
3.35468e-06
6.7273e-06
1.57921e-05
7.37288e-06
9.6621e-06
5.10775e-06
8.64834e-06
4.69451e-06
1.92112e-05
1.28713e-05
1.61666e-05
1.6032e-05
9.60856e-06
1.68682e-05
5.63172e-06
1.06856e-05
1.22275e-05
2.06024e-05
1.04674e-05
1.10581e-05
7.31571e-06
8.82386e-06
1.26599e-05
4.33593e-06
8.62915e-06
2.08393e-05
1.60664e-05
4.41142e-06
1.00586e-05
1.81217e-05
5.97536e-06
2.68327e-05
1.30407e-05
2.44288e-05
1.84961e-05
9.47441e-06
6.4783e-06
9.04508e-06
2.15502e-05
1.55039e-05
6.06229e-06
1.02973e-05
2.97525e-05
1.03626e-05
9.48177e-06
7.44803e-06
4.39209e-06
8.89463e-06
9.19803e-06
5.15232e-06
1.70717e-05
1.60352e-05
5.55671e-06
1.26335e-05
4.62206e-06
1.16098e-05
7.09053e-06
1.88537e-05
1.1411e-05
1.21492e-05
5.56604e-06
4.41219e-06
1.49547e-05
5.68077e-06
6.14789e-06
1.98445e-05
7.59292e-06
6.0291e-06
1.52132e-05
6.14984e-06
2.79775e-05
1.24754e-05
1.35314e-05
1.01988e-05
9.16895e-06
9.15968e-06
1.35679e-05
1.90394e-05
1.29263e-05
8.93811e-06
1.09926e-05
2.02162e-05
1.71591e-05
1.8178e-05
1.58589e-05
3.11324e-05
6.09101e-06
1.23196e-05
1.32625e-05
7.25274e-06
1.06755e-05
2.02098e-05
5.13032e-06
9.96547e-06
1.456e-05
1.13516e-05
1.5926e-05
1.8655e-05
3.02054e-05
5.15427e-06
8.903e-06
2.1689e-05
1.35127e-05
1.09424e-05
1.28505e-05
1.4133e-05
1.15405e-05
1.19445e-05
1.99e-05
9.4953e-06
2.29722e-05
1.16605e-05
1.65393e-05
1.33194e-05
1.13511e-05
8.04548e-06
1.95028e-05
3.41188e-06
1.36501e-05
2.68547e-05
4.75415e-06
2.28184e-05
1.066e-05
1.91696e-05
9.2873e-06
5.32881e-06
4.65166e-06
9.05935e-06
9.93146e-06
4.3885e-06
1.73517e-05
7.6979e-06
1.96521e-05
9.2186e-06
8.95522e-06
1.16145e-05
1.98184e-05
3.40807e-06
9.0943e-06
1.46649e-05
1.17099e-05
6.25903e-06
6.60526e-06
1.56582e-05
4.90054e-06
9.12355e-06
1.30353e-05
2.40196e-05
1.25789e-05
8.88653e-06
6.79606e-06
2.3788e-05
2.32215e-05
6.48813e-06
1.31572e-05
1.15092e-05
1.2732e-05
1.98071e-05
3.52323e-06
4.52189e-06
9.561e-06
4.40061e-06
5.34313e-06
1.38343e-05
6.83126e-06
2.29744e-05
2.38831e-05
1.62166e-05
1.31008e-05
1.14916e-05
8.10991e-06
2.05997e-05
1.49547e-05
1.51352e-05
6.57458e-06
1.50779e-05
1.10643e-05
1.92111e-05
9.03373e-06
5.11719e-06
1.60181e-05
1.01472e-05
1.06007e-05
8.73266e-06
8.77201e-06
6.47041e-06
4.55207e-05
1.92166e-05
1.11073e-05
9.7535e-06
6.60733e-06
1.86132e-05
9.15768e-06
1.15786e-05
2.15154e-05
2.20201e-05
1.56924e-05
4.09899e-06
7.54214e-06
7.85951e-06
8.40154e-06
5.10272e-06
9.46345e-06
1.09081e-05
6.39836e-06
1.30612e-05
1.62384e-05
9.64289e-06
1.68475e-05
8.57397e-06
1.10806e-05
1.21052e-05
6.40305e-06
1.253e-05
1.90691e-05
7.55993e-06
1.10157e-05
6.8839e-06
1.23727e-05
9.17751e-06
1.21349e-05
1.26517e-05
9.21421e-06
1.04742e-05
1.25272e-05
1.80371e-05
1.07555e-05
9.77711e-06
5.53323e-06
1.00297e-05
2.01303e-05
6.33168e-06
1.6359e-05
1.12839e-05
2.13961e-05
4.09895e-06
1.00619e-05
1.19247e-05
9.64398e-06
1.04835e-05
9.35285e-06
1.00481e-05
2.13544e-05
2.7106e-05
6.62916e-06
1.71789e-05
1.27432e-05
1.12493e-05
7.04972e-06
5.8595e-06
7.29113e-06
1.41558e-05
5.86392e-06
6.67714e-06
4.68336e-06
2.16026e-05
1.52512e-05
1.23959e-05
6.01559e-06
9.18379e-06
1.44242e-05
1.49539e-05
1.21834e-05
6.17182e-06
2.8835e-05
1.49077e-05
5.35949e-06
9.19104e-06
1.06253e-05
8.57812e-06
2.78209e-05
5.34776e-06
7.19357e-06
7.51701e-06
8.86412e-06
1.31358e-05
1.29889e-05
1.49743e-06
2.95717e-05
2.13496e-05
1.94978e-05
6.28838e-06
9.33105e-06
9.11002e-06
2.19321e-05
9.87187e-06
1.32854e-05
4.11447e-05
1.12795e-05
1.38437e-05
2.52675e-05
1.25475e-05
1.152e-05
7.30539e-06
1.97751e-05
1.98842e-06
1.30186e-05
7.49271e-06
7.88895e-06
1.00722e-05
1.84579e-05
9.54827e-06
7.22444e-06
7.59319e-06
9.59089e-06
1.44603e-05
9.20767e-06
1.16105e-05
9.5488e-06
2.43501e-05
1.39424e-05
3.27191e-05
1.64173e-05
9.96564e-06
6.20668e-06
9.56782e-06
4.80474e-06
1.21096e-05
1.18907e-05
1.91045e-05
1.52918e-05
1.6805e-05
6.80598e-06
1.19165e-05
8.13584e-06
9.51637e-06
6.37151e-06
2.80965e-06
8.30085e-06
5.87061e-06
1.8814e-05
1.25421e-05
9.74901e-06
2.06367e-05
6.60666e-06
7.09904e-06
1.46362e-05
4.67174e-06
6.97002e-06
5.92733e-06
9.15139e-06
5.30666e-06
2.82675e-06
4.91051e-06
7.76161e-06
1.16131e-05
7.66892e-06
8.81968e-06
1.20436e-05
1.20857e-05
3.41873e-06
1.46364e-05
1.50134e-06
1.07705e-05
1.02063e-05
1.41428e-05
5.34311e-06
1.45056e-05
1.96722e-05
1.85718e-05
1.01029e-05
7.37511e-06
5.36968e-06
1.68167e-05
2.24123e-05
1.34004e-05
1.2853e-05
8.66907e-06
1.49243e-05
6.41374e-06
2.81722e-06
1.80643e-05
5.90239e-06
1.21119e-05
1.0321e-05
9.25094e-06
1.30058e-05
6.19525e-06
9.47806e-06
2.31762e-05
5.99025e-06
7.02167e-06
1.32563e-05
1.53146e-05
1.75168e-05
1.0267e-05
2.53516e-05
9.02697e-06
1.55076e-05
2.20126e-05
5.6368e-06
2.4951e-05
9.25046e-06
4.3904e-06
1.03029e-05
7.30594e-06
1.00076e-05
1.15689e-05
1.48841e-05
1.97718e-05
1.00807e-05
6.33317e-06
6.85694e-06
1.4481e-05
1.73441e-05
1.11256e-05
4.95491e-06
2.00465e-05
8.4365e-06
1.23025e-05
1.12449e-05
7.19521e-06
9.94928e-06
6.87837e-06
6.87729e-06
6.19851e-06
1.12626e-05
1.07988e-05
1.24933e-05
2.17848e-05
7.2047e-06
2.58728e-05
1.99199e-05
7.08216e-06
1.56683e-05
6.14171e-06
1.122e-05
8.38629e-06
1.01585e-05
1.75033e-05
1.11294e-05
2.18402e-05
1.87158e-05
7.6119e-06
1.50816e-06
7.63963e-06
6.85298e-06
1.91174e-05
1.91557e-05
4.1746e-06
6.43745e-06
5.9287e-06
1.49919e-05
8.96991e-06
5.31054e-06
1.76873e-05
1.09187e-05
5.41119e-06
1.0325e-05
5.34194e-06
5.56534e-06
6.58203e-06
1.68929e-05
1.07104e-05
6.38104e-06
1.8363e-05
2.50089e-05
2.83011e-06
2.44249e-05
1.30432e-05
1.33963e-05
1.67527e-05
6.63671e-06
8.59677e-06
1.79353e-05
1.48635e-05
9.62786e-06
1.37713e-05
6.3249e-06
1.18946e-05
4.67972e-06
1.34327e-05
1.39548e-05
4.94214e-06
1.15767e-05
1.14045e-05
8.88172e-06
8.58227e-06
5.29377e-06
4.94567e-06
1.03349e-05
1.50853e-05
5.38306e-06
1.66894e-05
9.36373e-06
1.51303e-05
1.50226e-05
1.28857e-05
1.03043e-05
1.02996e-05
1.32092e-05
3.56317e-05
8.43013e-06
1.00035e-05
1.94005e-05
8.29406e-06
1.18478e-05
9.83546e-06
7.39853e-06
2.11713e-05
1.54606e-05
6.5207e-06
2.11891e-05
1.34641e-05
6.06161e-06
5.67319e-06
1.23999e-05
7.93273e-06
6.9889e-06
1.3048e-05
1.84859e-05
2.4073e-05
5.4257e-06
1.52825e-05
1.24291e-05
2.55188e-05
1.36029e-05
1.83351e-05
9.86092e-06
8.1474e-06
4.47822e-06
7.51084e-06
2.76323e-05
7.74286e-06
6.47836e-06
7.93945e-06
9.18781e-06
6.56741e-06
8.3556e-06
8.65552e-06
1.89848e-05
6.5072e-06
1.09483e-05
1.28272e-05
1.1341e-05
9.40083e-06
5.62911e-06
6.72254e-06
1.7339e-05
1.36668e-05
9.18529e-06
8.11981e-06
9.64352e-06
1.60985e-05
7.23313e-06
1.53719e-05
1.10017e-05
1.49913e-06
6.17799e-06
1.29206e-05
1.8076e-05
1.60024e-05
1.57097e-05
1.40672e-05
7.42457e-06
2.27313e-05
1.42732e-05
7.10229e-06
1.03519e-05
3.50434e-06
5.23668e-06
1.41009e-05
1.93017e-05
3.13267e-05
1.02442e-05
3.3531e-05
1.36466e-05
1.17221e-05
1.20783e-05
1.00387e-05
4.81433e-06
7.32164e-06
2.10699e-06
1.28422e-05
6.1258e-06
1.067e-05
1.04446e-05
8.16719e-06
8.97018e-06
9.27313e-06
3.61255e-05
7.16094e-06
2.58001e-05
6.87554e-06
1.25429e-05
6.38823e-06
1.36374e-05
1.12195e-05
1.8238e-05
1.9236e-05
1.15352e-05
2.08323e-05
1.24772e-05
3.84014e-05
1.93487e-05
1.56614e-05
5.88258e-06
4.11297e-06
1.82194e-05
2.0038e-05
2.38531e-05
6.96566e-06
1.43782e-05
4.87302e-06
9.21452e-06
1.07012e-05
1.8107e-05
7.22012e-06
2.0796e-05
7.10891e-06
1.08645e-05
1.58309e-05
1.16345e-05
1.23625e-05
8.63613e-06
2.66676e-05
2.56969e-05
8.45752e-06
9.5751e-06
4.41014e-06
1.71715e-05
9.53758e-06
1.97851e-05
1.15416e-05
4.68264e-06
1.36384e-05
2.93629e-05
8.15312e-06
1.22116e-05
1.03629e-05
1.46427e-05
1.14473e-05
1.02879e-05
7.74544e-06
1.14297e-05
2.11761e-05
8.95139e-06
1.42725e-05
2.09275e-05
5.96686e-06
1.80573e-05
5.59819e-06
1.4976e-05
5.7455e-06
9.94007e-06
1.13865e-05
9.21878e-06
4.63892e-06
2.01408e-05
1.25889e-05
8.38289e-06
4.95353e-06
4.10827e-06
1.17775e-05
1.3906e-05
1.43351e-05
5.07573e-06
1.58322e-05
1.51226e-05
1.6486e-05
1.23101e-05
1.63388e-05
5.97867e-06
1.0081e-05
4.15442e-06
1.38639e-05
1.85984e-05
4.81144e-06
1.31179e-05
1.39282e-05
1.96745e-05
7.37178e-06
8.30861e-06
1.50866e-05
2.23088e-05
1.87153e-05
7.09033e-06
1.46858e-05
9.73261e-06
1.67489e-05
1.58433e-05
3.79826e-06
6.52678e-06
5.13255e-06
1.45885e-05
1.36179e-05
1.15006e-05
1.47709e-05
9.75782e-06
1.49011e-05
2.68592e-05
1.16971e-05
6.35405e-06
6.99881e-06
6.70549e-06
1.49595e-06
3.80319e-06
8.63284e-06
1.14348e-05
8.52119e-06
1.11259e-05
4.8751e-06
2.4531e-05
6.21287e-06
1.60529e-05
1.4064e-05
6.78315e-06
6.14231e-06
6.04117e-06
1.00964e-05
1.26792e-05
4.40129e-06
1.13678e-05
1.07065e-05
1.33303e-05
8.78326e-06
2.40896e-05
1.00624e-05
2.19973e-05
9.57407e-06
1.29992e-05
9.50785e-06
7.80292e-06
1.00345e-05
1.00284e-05
2.75583e-05
4.91592e-06
4.40437e-06
1.1222e-05
1.27398e-05
3.40811e-06
1.03159e-05
6.05285e-06
1.50938e-05
9.51614e-06
6.82402e-06
1.92316e-05
8.92388e-06
1.55718e-05
1.45793e-05
1.36808e-05
1.65732e-05
7.67212e-06
9.01405e-06
1.55414e-05
5.64853e-06
1.23892e-05
2.51655e-05
7.30483e-06
5.11331e-06
6.89539e-06
8.10583e-06
6.4825e-06
5.272e-06
3.4021e-06
8.39208e-06
6.06606e-06
1.42885e-05
5.8043e-06
5.38521e-06
1.82502e-05
2.04983e-05
3.41395e-06
7.60019e-06
1.76422e-05
1.77393e-05
1.22817e-05
5.06267e-06
1.20949e-05
2.8118e-06
1.31051e-05
1.25108e-05
4.09898e-06
1.41718e-05
7.03578e-06
1.15402e-05
7.99789e-06
1.95302e-05
4.6477e-06
2.55311e-05
2.07351e-05
4.39895e-06
1.67498e-05
2.45152e-05
9.54958e-06
1.46594e-05
1.0728e-05
9.00779e-06
6.41565e-06
3.40807e-06
1.05817e-05
1.36062e-05
1.589e-05
1.86565e-05
1.03924e-05
3.09808e-05
8.91613e-06
1.03978e-05
1.89732e-05
6.34534e-06
6.01531e-06
6.74673e-06
1.8182e-05
2.37454e-05
2.81691e-06
9.17776e-06
1.84652e-05
1.8039e-05
1.45994e-05
1.74961e-05
7.28644e-06
7.89817e-06
1.26321e-05
1.32715e-05
1.58073e-05
1.55513e-05
8.76847e-06
5.90496e-06
1.4122e-05
1.58681e-05
2.10547e-05
1.2863e-05
1.053e-05
1.28574e-05
4.39761e-06
8.91368e-06
2.37656e-05
6.68912e-06
1.46281e-05
2.14199e-05
1.58706e-05
1.14524e-05
6.91762e-06
4.88867e-06
2.45596e-05
1.10985e-05
1.48773e-06
6.16858e-06
2.45253e-05
1.98772e-05
1.30258e-05
1.47507e-05
8.09277e-06
2.45071e-05
1.8182e-05
1.5655e-05
1.26471e-05
1.3895e-05
2.01253e-05
1.04947e-05
8.3368e-06
3.34433e-05
3.41274e-06
6.29852e-06
5.39051e-06
5.55551e-06
9.59419e-06
7.18626e-06
6.13901e-06
9.65153e-06
1.41848e-05
9.75864e-06
7.14488e-06
5.90233e-06
1.52485e-05
1.50276e-06
8.50875e-06
5.14901e-06
7.44545e-06
2.22301e-06
3.1902e-05
1.08106e-05
1.13752e-05
6.01563e-06
6.85695e-06
1.69204e-05
4.91275e-06
1.00403e-05
1.32792e-05
1.59189e-05
1.81962e-05
1.06357e-05
2.09885e-05
1.87199e-05
7.49871e-06
9.11265e-06
2.11447e-05
2.40049e-05
2.61856e-05
1.78826e-05
2.66668e-05
2.15323e-05
6.20671e-06
2.2174e-05
2.47579e-05
1.53281e-05
1.42164e-05
6.68107e-06
1.50729e-05
1.09167e-05
1.98506e-05
1.26221e-05
1.74547e-05
2.16392e-05
2.00556e-05
4.83825e-06
1.28206e-05
1.28055e-05
4.09893e-06
3.08575e-05
9.33498e-06
9.68011e-06
1.8341e-05
6.6046e-06
5.77141e-06
1.91983e-05
1.23091e-05
4.17226e-05
2.24359e-05
2.16309e-05
1.09997e-05
9.37126e-06
8.31822e-06
6.35569e-06
8.29103e-06
2.22712e-05
3.40285e-06
7.70255e-06
5.20179e-06
1.4524e-05
1.36067e-05
9.29783e-06
1.15652e-05
1.30761e-05
1.62301e-05
1.00433e-05
9.43741e-06
1.56673e-05
2.50992e-05
6.36624e-06
2.80404e-06
4.44241e-06
5.51036e-06
7.53462e-06
1.74385e-05
4.17291e-06
6.44232e-06
6.23851e-06
1.80385e-05
2.20868e-06
4.63379e-06
6.43852e-06
1.22416e-05
9.78805e-06
2.04597e-05
1.20177e-05
9.46649e-06
1.398e-05
9.06418e-06
1.01537e-05
9.00612e-06
3.402e-06
4.63996e-06
9.44239e-06
9.22902e-06
5.67147e-06
1.77653e-05
1.10443e-05
6.50793e-06
3.2837e-05
3.65157e-05
1.01816e-05
9.6376e-06
9.39929e-06
6.8864e-06
1.12429e-05
2.5232e-05
7.22156e-06
4.69658e-06
8.2574e-06
1.65041e-05
1.15762e-05
1.44526e-05
7.04782e-06
9.47394e-06
6.42404e-06
1.39932e-05
1.57801e-05
2.11303e-06
6.62239e-06
1.32582e-05
9.12439e-06
1.4894e-05
5.92752e-06
2.33481e-05
7.03106e-06
3.49489e-06
1.20413e-05
3.50757e-06
5.0743e-06
1.15704e-05
6.22067e-06
7.23435e-06
1.79835e-05
9.83108e-06
1.75636e-05
3.0617e-05
2.23409e-05
1.07779e-05
7.46481e-06
9.47149e-06
5.71577e-06
5.16903e-06
1.61952e-05
1.61545e-05
9.50402e-06
8.66653e-06
1.22571e-05
2.52695e-05
1.33197e-05
1.41536e-05
1.88837e-05
2.27177e-05
9.39193e-06
1.30281e-05
5.76415e-06
6.77262e-06
1.45194e-05
5.71323e-06
1.23917e-05
6.63269e-06
4.10642e-06
2.34433e-05
6.16933e-06
2.4735e-05
5.59129e-06
6.86672e-06
2.31342e-05
8.90455e-06
5.61541e-06
6.64515e-06
3.40355e-06
9.46876e-06
4.3885e-06
8.09269e-06
1.1808e-05
3.40711e-06
1.3142e-05
1.25779e-05
2.39653e-05
1.70173e-05
1.02096e-05
2.41813e-05
9.31895e-06
2.31076e-05
1.42423e-05
2.0266e-05
8.73156e-06
2.14123e-05
1.09463e-05
6.16635e-06
9.5444e-06
1.47569e-05
7.93926e-06
2.9242e-05
3.09111e-06
7.36423e-06
1.12423e-05
1.18255e-05
9.73947e-06
4.10863e-06
2.23688e-05
7.70336e-06
2.24102e-05
2.29883e-05
1.64716e-05
8.22279e-06
2.23846e-05
1.23056e-05
6.2338e-06
6.23157e-06
1.30433e-05
6.91534e-06
8.10983e-06
9.57435e-06
1.85294e-05
2.00577e-05
2.09331e-05
5.01943e-06
9.28096e-06
6.69148e-06
1.84614e-05
1.19477e-05
4.39619e-06
1.51534e-05
6.99077e-06
1.48193e-05
1.40545e-05
6.31697e-06
9.10972e-06
1.86216e-05
4.17352e-06
1.26928e-05
1.0292e-05
2.2751e-05
1.29087e-05
3.21081e-05
3.28529e-05
1.83457e-05
5.45668e-06
1.29507e-05
4.09893e-06
1.23349e-05
7.41476e-06
4.6868e-06
6.12399e-06
6.47171e-06
7.89764e-06
5.32883e-06
4.09895e-06
9.17683e-06
2.46481e-05
2.21837e-05
1.30693e-05
1.24764e-05
7.2573e-06
9.85643e-06
2.37347e-05
1.25624e-05
2.34073e-05
2.03907e-05
1.30843e-05
1.50799e-06
8.66205e-06
1.19863e-05
6.93063e-06
4.61142e-06
7.21695e-06
6.12295e-06
1.50096e-06
2.50036e-06
4.62051e-06
1.4508e-05
6.03389e-06
1.3615e-05
1.58523e-05
1.4623e-05
6.05074e-06
1.73651e-05
2.80869e-05
1.46965e-05
9.52756e-06
1.8249e-05
8.08302e-06
3.06201e-05
1.69758e-05
1.10501e-05
1.78878e-05
9.91309e-06
1.16467e-05
8.28883e-06
5.13921e-06
6.03507e-06
1.43965e-05
6.19171e-06
9.97646e-06
1.17947e-05
1.6805e-05
9.27514e-06
5.63274e-06
1.51039e-06
9.76412e-06
1.58617e-05
1.21642e-05
5.43613e-06
2.48311e-05
4.68889e-06
1.19413e-05
6.85706e-06
1.88736e-05
1.84115e-05
1.29127e-05
1.19158e-05
2.11332e-05
6.70088e-06
1.18669e-05
1.10137e-05
1.50392e-05
2.11837e-05
7.59086e-06
2.05777e-05
5.42478e-06
3.4914e-06
2.11153e-06
1.59513e-05
1.46072e-05
5.79177e-06
1.21842e-05
1.27327e-05
7.18033e-06
1.37309e-05
1.45098e-05
1.4699e-05
1.50685e-06
8.23791e-06
7.19924e-06
1.14613e-05
6.27936e-06
4.38936e-06
7.24606e-06
6.26935e-06
1.64673e-05
7.36884e-06
5.99781e-06
3.47578e-06
1.22097e-05
7.8866e-06
6.20341e-06
1.49996e-05
6.9619e-06
1.21589e-05
1.20796e-05
6.39501e-06
1.70612e-05
2.38499e-05
3.04058e-05
1.32994e-05
5.94408e-06
8.67011e-06
6.5788e-06
6.28797e-06
1.65737e-05
5.10054e-06
2.14242e-05
4.88541e-06
6.91626e-06
1.00524e-05
5.70488e-06
1.29613e-05
9.46944e-06
6.27718e-06
9.95593e-06
1.75068e-05
2.17761e-05
1.49883e-06
1.51635e-05
5.62052e-06
5.64726e-06
3.50648e-06
4.46084e-06
1.56709e-05
1.56749e-05
5.05358e-06
7.50085e-06
5.34554e-06
1.19817e-05
1.34992e-05
8.19008e-06
2.11363e-05
2.15085e-05
8.93361e-06
1.89984e-05
1.94838e-05
1.6318e-05
6.85293e-06
1.80131e-05
4.61856e-06
2.47679e-06
1.60574e-05
8.10606e-06
7.86819e-06
9.2898e-06
1.26941e-05
5.43346e-06
1.58465e-05
1.68838e-05
1.82121e-05
7.08864e-06
4.56981e-06
6.49721e-06
1.50002e-06
6.67328e-06
7.48161e-06
6.01323e-06
5.16484e-06
4.40116e-06
7.15983e-06
5.44668e-06
8.64584e-06
2.41061e-05
9.45476e-06
1.6866e-05
2.45228e-05
1.50185e-06
2.09137e-05
2.80788e-06
2.66758e-05
7.58709e-06
2.79957e-05
9.29556e-06
5.6365e-06
7.85317e-06
1.22593e-05
1.43135e-05
1.20037e-05
5.4343e-06
4.68073e-06
5.36436e-06
6.35499e-06
3.5062e-06
4.93186e-06
3.48584e-06
1.42823e-05
9.23916e-06
1.20265e-05
6.23343e-06
5.41066e-06
8.90354e-06
1.65128e-05
1.7466e-05
1.67703e-05
1.15173e-05
6.22394e-06
4.15991e-06
6.58762e-06
4.38848e-06
1.22239e-05
2.77228e-05
6.47295e-06
1.49991e-06
4.68835e-06
9.40282e-06
1.47993e-05
3.76138e-05
1.64105e-05
1.0625e-05
1.92756e-05
4.809e-06
4.69265e-06
2.6743e-05
1.17561e-05
9.03951e-06
5.11815e-06
5.23507e-06
3.07963e-05
1.24917e-05
1.62626e-05
1.12468e-05
1.05323e-05
9.39288e-06
2.19454e-05
6.74302e-06
7.87098e-06
3.50122e-06
4.99631e-06
5.59498e-06
5.1122e-06
4.8021e-06
4.80285e-06
4.92209e-06
7.59539e-06
1.31306e-05
5.85923e-06
4.80971e-06
1.06352e-05
6.34079e-06
8.93562e-06
4.16425e-06
4.89417e-06
7.00247e-06
2.3311e-05
4.38861e-06
3.50711e-06
4.80205e-06
1.14499e-05
2.80683e-05
2.93202e-05
2.92795e-05
6.60909e-06
1.50017e-06
5.49006e-06
3.80249e-06
2.80889e-06
8.66543e-06
6.01837e-06
4.3145e-06
1.68363e-05
7.24359e-06
2.92546e-05
7.55806e-06
1.12524e-05
4.39143e-06
1.09191e-05
1.51707e-06
1.24395e-05
2.04926e-05
1.60657e-05
1.5935e-05
1.55517e-05
2.53228e-05
1.91135e-05
1.40589e-05
9.44047e-06
1.28953e-05
6.58667e-06
1.06914e-05
8.74183e-06
2.67171e-05
4.97213e-06
6.32505e-06
1.85554e-05
7.02795e-06
7.6423e-06
1.43176e-05
1.21839e-05
5.80616e-06
4.79897e-06
7.58449e-06
1.10426e-05
1.11868e-05
9.89128e-06
9.41582e-06
1.32204e-05
3.40985e-06
9.28668e-06
5.79361e-06
4.62229e-06
1.48706e-06
4.6698e-06
6.89456e-06
2.73239e-06
5.34504e-06
4.41718e-06
6.1428e-06
4.39494e-06
5.58966e-06
9.49615e-06
1.74393e-05
1.06551e-05
2.08556e-05
1.16255e-05
9.85776e-06
2.28564e-05
1.00682e-05
1.87379e-05
1.10141e-05
8.15996e-06
8.59337e-06
1.2554e-05
1.93014e-05
1.68753e-05
5.21705e-06
5.13555e-06
6.61358e-06
1.02779e-05
1.31168e-05
5.62906e-06
5.50353e-06
3.50385e-06
2.41984e-05
1.22805e-05
1.10685e-05
8.04954e-06
4.41373e-06
2.48714e-05
1.22349e-05
5.90553e-06
4.90578e-06
4.42122e-06
6.19518e-06
6.0376e-06
1.62593e-05
8.17652e-06
7.77474e-06
9.06084e-06
1.7774e-05
2.34086e-05
4.10003e-06
1.11572e-05
9.42441e-06
1.20241e-05
2.11291e-06
1.03734e-05
6.41613e-06
7.03257e-06
9.68517e-06
8.51794e-06
5.49606e-06
6.89065e-06
2.72482e-06
5.77187e-06
1.54844e-05
5.52749e-06
2.43476e-05
8.18222e-06
6.64209e-06
1.04439e-05
1.72383e-05
4.69231e-06
2.31204e-05
7.72403e-06
1.66245e-05
2.44087e-05
1.4322e-05
5.50912e-06
4.45803e-06
1.59472e-05
1.50543e-06
1.30097e-05
3.40411e-06
5.49769e-06
7.29331e-06
4.69102e-06
5.04621e-06
1.27011e-05
1.14734e-05
5.66041e-06
1.77884e-05
6.60574e-06
5.15966e-06
6.92992e-06
1.54497e-05
1.44669e-05
6.99188e-06
6.23197e-06
3.69439e-06
2.21032e-06
4.90726e-06
6.12914e-06
1.4129e-05
3.43849e-05
2.90121e-05
7.25799e-06
1.22567e-05
6.91569e-06
8.73883e-06
5.76881e-06
1.42191e-05
2.58081e-05
1.16758e-05
1.36934e-05
1.218e-05
9.51496e-06
6.44221e-06
1.83216e-05
9.81559e-06
1.05095e-05
1.01217e-05
9.0645e-06
5.76278e-06
4.91906e-06
2.39742e-05
9.33224e-06
7.53757e-06
5.10536e-06
5.81174e-06
1.62787e-05
3.69516e-06
6.73081e-06
4.45579e-06
1.4657e-05
6.90138e-06
9.79934e-06
6.24892e-06
5.06908e-06
1.22693e-05
1.12283e-05
1.98066e-05
8.05265e-06
6.67086e-06
2.47834e-05
3.75244e-05
3.02305e-05
3.13998e-05
2.21286e-06
5.71004e-06
4.91327e-06
4.69155e-06
3.40424e-06
1.01372e-05
5.11125e-06
4.09963e-06
2.14696e-05
6.3742e-06
2.35781e-05
1.64589e-05
1.0874e-05
1.65575e-05
1.05074e-05
9.4637e-06
1.26396e-05
1.06838e-05
9.93978e-06
8.2917e-06
1.50165e-05
1.01172e-05
1.29982e-05
5.6377e-06
4.16853e-06
1.71735e-05
1.42638e-05
5.51378e-06
1.28227e-05
1.5114e-06
1.702e-05
1.77985e-05
1.27771e-05
9.00387e-06
1.20546e-05
1.61995e-05
1.33506e-05
4.91134e-06
8.99581e-06
4.67804e-06
1.43782e-05
1.5088e-05
4.93119e-06
9.24257e-06
1.09583e-05
5.67115e-06
7.31639e-06
1.55063e-05
5.53738e-06
1.14269e-05
6.98845e-06
1.78036e-05
1.3537e-05
2.33073e-05
5.79724e-06
1.22674e-05
1.49953e-05
1.74948e-05
1.95378e-05
1.47064e-05
1.58106e-05
6.0339e-06
7.28868e-06
4.68421e-06
6.47454e-06
1.37812e-05
2.80516e-06
1.06224e-05
1.46966e-05
2.03415e-05
4.43565e-06
4.58042e-06
1.5027e-06
4.02827e-06
1.98705e-05
4.9922e-06
1.26948e-05
7.36255e-06
9.46761e-06
2.30485e-05
5.89191e-06
8.51483e-06
1.25251e-05
1.33303e-05
4.64803e-06
2.46193e-05
6.15975e-06
9.21601e-06
1.78628e-05
9.18794e-06
8.79831e-06
9.70173e-06
5.71345e-06
1.55112e-05
6.57422e-06
2.70234e-05
1.02651e-05
2.26628e-05
1.18627e-05
1.86988e-05
4.64255e-06
1.73042e-05
2.57792e-05
4.09902e-06
9.03085e-06
3.94839e-06
1.02307e-05
1.57725e-05
9.88005e-06
9.82116e-06
3.11574e-05
8.23246e-06
8.64342e-06
9.2135e-06
1.45047e-05
9.64383e-06
4.65447e-06
5.40912e-06
8.39405e-06
1.81027e-05
4.806e-06
1.54886e-05
1.00456e-05
1.34419e-05
1.00605e-05
1.61179e-05
4.45791e-06
2.33731e-05
9.56084e-06
2.1814e-05
2.1209e-06
1.27534e-05
1.18912e-05
9.58558e-06
1.83218e-05
1.94649e-05
1.96654e-05
1.4951e-05
2.95764e-05
7.17545e-06
1.70238e-05
1.10897e-05
2.73725e-05
6.94012e-06
1.33966e-05
1.23531e-05
8.64434e-06
5.16646e-06
2.21123e-05
5.34733e-06
1.01574e-05
2.46334e-05
7.14648e-06
2.91692e-05
3.4063e-06
1.22813e-05
2.75864e-05
2.46016e-05
4.33822e-06
1.33843e-05
1.69822e-05
1.41056e-05
1.12476e-05
1.20353e-05
1.98684e-05
5.42851e-06
1.57546e-05
9.42874e-06
9.06324e-06
1.66272e-05
3.6674e-05
1.07107e-05
1.23788e-05
6.34173e-06
3.70367e-06
1.93241e-05
9.37774e-06
6.62408e-06
1.63465e-05
6.56737e-06
1.5052e-06
1.48319e-06
1.30989e-05
1.40294e-05
1.54483e-05
1.32047e-05
2.17919e-05
2.16473e-05
1.52181e-05
2.5569e-05
4.13136e-05
1.20772e-05
7.91298e-06
1.69916e-05
9.6661e-06
8.17622e-06
1.80375e-05
5.53374e-06
9.67917e-06
8.6733e-06
6.87112e-06
8.33631e-06
7.30641e-06
7.81411e-06
1.51778e-05
1.12825e-05
9.05927e-06
1.44699e-05
1.94609e-05
7.36259e-06
2.09834e-05
1.47004e-05
2.81842e-06
4.70791e-06
1.85915e-05
6.19002e-06
6.59949e-06
5.86632e-06
8.72607e-06
1.35264e-05
1.56059e-05
1.25797e-05
6.72541e-06
1.11755e-05
5.77763e-06
1.56998e-05
1.36883e-05
2.11421e-06
1.67488e-05
9.52231e-06
9.79656e-06
1.3676e-05
1.5045e-05
2.33635e-05
4.70239e-06
9.57165e-06
8.07073e-06
1.2554e-05
2.41335e-05
1.33496e-05
1.86689e-05
1.17264e-05
8.98538e-06
1.3387e-05
9.58968e-06
1.37173e-05
7.11762e-06
1.2927e-05
4.27829e-06
1.23986e-05
1.15823e-05
1.27376e-05
1.38456e-05
1.78381e-05
8.9586e-06
1.7907e-05
7.04349e-06
8.95148e-06
1.07193e-05
1.00752e-05
8.98013e-06
1.01298e-05
1.97323e-05
1.2554e-05
1.12584e-05
6.31487e-06
1e-05
1.01331e-05
9.67132e-06
1.86463e-05
1.56489e-05
1.56071e-05
1.71262e-05
7.53127e-06
1.05994e-05
1.24391e-05
1.50758e-06
1.97983e-05
6.10025e-06
2.02977e-05
6.30311e-06
1.96846e-05
1.7129e-05
2.23874e-05
2.12117e-05
1.52975e-05
7.17603e-06
1.24704e-05
1.21365e-05
6.78843e-06
1.22129e-05
7.36257e-06
1.9207e-05
2.58698e-05
6.27846e-06
9.7127e-06
1.62521e-05
4.94412e-06
8.74911e-06
1.19648e-05
8.71838e-06
9.56237e-06
9.34935e-06
8.08061e-06
1.7783e-05
8.59393e-06
1.34411e-05
8.37884e-06
8.63732e-06
1.11013e-05
7.20546e-06
6.6272e-06
7.88297e-06
6.1971e-06
7.89463e-06
4.15302e-06
1.18669e-05
6.9111e-06
1.05702e-05
7.11257e-06
2.17587e-05
1.75781e-05
1.96031e-05
1.97042e-05
1.38749e-05
7.21763e-06
1.35129e-05
1.26291e-05
2.81216e-06
1.21547e-05
1.17442e-05
1.59823e-05
9.11216e-06
1.49419e-05
1.50651e-05
1.86118e-05
5.56322e-06
1.19052e-05
2.83017e-05
1.99335e-05
8.22083e-06
2.10056e-05
1.66664e-05
1.31441e-05
1.48538e-05
3.00033e-05
1.66175e-05
1.79713e-05
7.38447e-06
6.26952e-06
1.07848e-05
1.3761e-05
2.01656e-05
4.90282e-06
3.10891e-05
1.08122e-05
1.3979e-05
4.09892e-06
9.73744e-06
1.30487e-05
6.66643e-06
4.77181e-06
7.50691e-06
7.31647e-06
1.07678e-05
7.38118e-06
4.38849e-06
2.11712e-05
7.65321e-06
9.16053e-06
1.83522e-05
7.40136e-06
1.34785e-05
1.87152e-05
1.6499e-05
1.87091e-05
7.08653e-06
7.58271e-06
7.17919e-06
2.00297e-05
1.18194e-05
7.43713e-06
1.28689e-05
1.7988e-05
7.31141e-06
1.08718e-05
1.55577e-05
1.28876e-05
6.63733e-06
1.92632e-05
1.3402e-05
2.18387e-05
1.14676e-05
1.2769e-05
1.24924e-05
1.5045e-05
5.49797e-06
6.33984e-06
2.21552e-05
2.99748e-05
5.58095e-06
1.34434e-05
1.69208e-05
1.09725e-05
1.18683e-05
2.29584e-05
8.12909e-06
7.49352e-06
1.48277e-05
1.40921e-05
8.26988e-06
1.12568e-05
9.46777e-06
6.04153e-06
6.03258e-06
1.90295e-05
1.16028e-05
7.16007e-06
1.32811e-05
6.41327e-06
2.22515e-05
6.33888e-06
1.22543e-05
1.72443e-05
1.38019e-05
2.71297e-06
1.14326e-05
1.25511e-05
7.74608e-06
8.93291e-06
8.35943e-06
1.97204e-05
1.48857e-05
2.00524e-05
1.87238e-05
1.45613e-05
1.04484e-05
7.79513e-06
1.25768e-05
9.46959e-06
9.00426e-06
1.29329e-05
6.87903e-06
1.15938e-05
2.60453e-05
2.40586e-05
5.87329e-06
1.82091e-05
5.08711e-06
2.45362e-05
4.40215e-06
1.10554e-05
8.71995e-06
1.72737e-05
4.68754e-06
3.649e-05
4.86592e-06
6.68673e-06
1.25477e-05
1.96632e-05
1.24396e-05
5.3315e-06
9.93323e-06
6.72883e-06
6.69077e-06
9.59525e-06
1.77864e-05
6.0223e-06
7.76207e-06
2.10914e-05
1.62833e-05
2.04905e-05
1.55279e-05
5.57432e-06
8.16561e-06
1.14668e-05
1.19972e-05
6.66784e-06
4.39662e-06
1.46729e-05
1.0466e-05
1.86593e-05
9.23506e-06
1.50412e-06
7.1547e-06
5.77484e-06
1.31435e-05
9.4819e-06
3.06339e-05
2.29023e-05
9.47361e-06
1.31568e-05
3.71827e-06
2.01045e-05
9.70978e-06
9.28989e-06
1.24528e-05
9.07907e-06
9.94639e-06
1.85514e-05
4.55431e-06
1.20719e-05
6.63142e-06
5.42224e-06
1.9541e-05
6.00164e-06
2.83257e-05
1.27687e-05
6.89192e-06
1.76668e-05
1.96757e-05
4.61067e-06
1.13066e-05
2.58661e-05
6.75289e-06
6.68839e-06
4.45055e-06
1.28776e-05
1.51863e-05
1.90353e-05
1.58584e-05
1.56666e-05
2.02364e-05
8.67096e-06
7.48396e-06
1.50689e-06
2.95438e-05
9.26793e-06
1.83062e-05
5.1246e-06
7.87003e-06
9.31602e-06
5.64086e-06
5.47325e-06
1.55918e-05
4.90914e-06
6.32906e-06
1.09477e-05
2.12457e-05
1.47219e-05
1.43408e-05
2.47808e-05
6.03712e-06
2.49821e-05
9.66206e-06
6.34285e-06
5.82393e-06
9.49585e-06
6.59929e-06
2.01613e-05
7.46053e-06
3.50848e-06
1.77059e-05
1.01372e-05
7.05067e-06
1.26688e-05
1.58472e-05
1.20742e-05
1.16315e-05
5.38419e-06
7.10172e-06
8.04252e-06
9.39287e-06
1.96675e-05
6.60858e-06
7.22113e-06
1.27331e-05
1.21033e-05
2.17455e-05
1.76876e-05
1.02023e-05
6.72505e-06
2.12661e-05
1.70796e-05
6.18879e-06
1.13619e-05
1.01335e-05
7.21294e-06
1.27396e-05
8.75273e-06
1.22486e-05
9.28537e-06
2.01873e-05
6.76173e-06
2.40486e-05
5.99734e-06
5.14254e-06
1.09044e-05
9.49664e-06
1.74041e-05
4.65373e-06
6.68353e-06
1.04273e-05
4.10104e-06
1.69294e-05
4.38876e-06
8.68856e-06
1.06345e-05
2.10781e-05
8.63917e-06
1.34371e-05
4.1614e-06
1.8937e-05
1.42059e-05
7.83724e-06
5.79127e-06
6.16351e-06
1.04203e-05
1.11098e-05
4.86902e-06
1.54927e-05
1.80191e-05
1.2094e-05
2.59749e-06
7.23397e-06
1.13257e-05
1.15032e-05
1.40263e-05
2.50762e-05
1.19111e-05
4.3998e-06
3.40733e-06
1.27482e-05
1.01922e-05
7.43476e-06
1.19614e-05
1.17094e-05
1.92438e-05
5.92793e-06
1.75368e-05
2.1595e-05
1.67029e-05
4.44982e-06
1.50188e-06
2.07271e-05
1.74863e-05
1.8137e-05
1.40488e-05
1.9505e-05
4.66301e-06
1.14205e-05
4.39791e-06
3.75881e-05
6.16485e-06
3.69633e-06
1.34977e-05
8.33247e-06
1.60004e-05
2.0954e-05
1.33189e-05
1.63881e-05
9.64763e-06
1.12279e-05
6.31594e-06
1.99711e-05
4.67929e-06
8.60427e-06
2.187e-05
1.94527e-05
1.68992e-05
4.90933e-06
4.68235e-06
2.0219e-05
2.30652e-05
1.3388e-05
5.25297e-06
1.09231e-05
9.84744e-06
6.65602e-06
1.0829e-05
1.45004e-05
8.0929e-06
9.27246e-06
4.92637e-06
7.17188e-06
6.92807e-06
5.78652e-06
1.87202e-05
2.06207e-05
6.72776e-06
4.90779e-06
1.39098e-05
7.90457e-06
2.81397e-06
1.32868e-05
1.13223e-05
1.31599e-05
2.57804e-05
2.99524e-05
1.58671e-05
1.51363e-06
1.74137e-05
1.06759e-05
1.59588e-05
2.79552e-05
1.7257e-05
1.12847e-05
2.39384e-05
4.79569e-06
1.7315e-05
1.04773e-05
5.51487e-06
4.19684e-06
6.72484e-06
5.15371e-06
4.39186e-06
1.7406e-05
9.03103e-06
6.8617e-06
1.64347e-05
5.98871e-06
1.03063e-05
1.07901e-05
6.97044e-06
1.62846e-05
6.41709e-06
2.49593e-05
1.57452e-05
9.55735e-06
4.21441e-06
6.83187e-06
6.16304e-06
9.52733e-06
1.6427e-05
1.06648e-05
1.4264e-05
8.42469e-06
1.27406e-05
5.24553e-06
1.29413e-05
2.07066e-05
1.59266e-05
5.34507e-06
9.24742e-06
1.72415e-05
1.92157e-05
6.90239e-06
9.64864e-06
1.59426e-05
5.70112e-06
5.10697e-06
5.34311e-06
1.97701e-05
1.51169e-05
9.3041e-06
4.89297e-06
1.51054e-06
6.9523e-06
6.34104e-06
7.93499e-06
1.10653e-05
4.91991e-06
5.99603e-06
1.75176e-05
2.91248e-05
1.2548e-05
4.10024e-06
2.02987e-05
1.11896e-05
3.95116e-06
1.25508e-05
7.99624e-06
4.86998e-06
6.89993e-06
2.36493e-05
5.50384e-06
8.61506e-06
1.53551e-05
6.33276e-06
8.90261e-06
1.60534e-05
7.89691e-06
1.00998e-05
1.00734e-05
1.50242e-05
5.97524e-06
4.69699e-06
1.19815e-05
2.02515e-05
1.02336e-05
2.5882e-05
1.30084e-05
9.92054e-06
7.15801e-06
9.17686e-06
1.55311e-05
8.69291e-06
5.99061e-06
1.21265e-05
1.52239e-05
1.13156e-05
6.15827e-06
1.52679e-05
1.53347e-05
4.09897e-06
1.16408e-05
1.1485e-05
5.18721e-06
2.48385e-05
1.23395e-05
2.65789e-05
3.41784e-05
1.23419e-05
1.13669e-05
1.71816e-05
4.6173e-06
3.41128e-06
6.14234e-06
4.91292e-06
4.41028e-06
7.08522e-06
4.65739e-06
9.34023e-06
1.60984e-05
1.27582e-05
9.17105e-06
1.5998e-05
3.41171e-06
1.94606e-05
5.24543e-06
9.84318e-06
8.48351e-06
1.00022e-05
8.05152e-06
3.79114e-06
6.71093e-06
6.5563e-06
5.16305e-06
1.28922e-05
9.82916e-06
1.15864e-05
1.97515e-05
1.28351e-05
1.10226e-05
1.275e-05
8.97269e-06
6.67961e-06
9.09549e-06
1.78427e-05
3.04697e-05
1.11035e-05
6.96752e-06
1.54677e-05
1.03239e-05
1.57428e-05
9.3841e-06
9.1631e-06
4.41309e-06
1.6253e-05
8.88169e-06
1.67146e-05
1.85625e-05
5.43702e-06
9.56506e-06
1.44789e-05
1.75599e-05
1.84895e-05
1.0135e-05
1.37905e-05
1.39565e-05
8.37319e-06
7.38183e-06
7.76188e-06
7.02968e-06
1.20297e-05
8.0167e-06
1.02174e-05
1.60655e-05
1.68386e-05
1.80373e-05
1.77496e-05
1.2084e-05
2.49012e-05
1.09954e-05
8.40864e-06
1.07984e-05
6.33974e-06
2.1852e-05
1.75701e-05
2.13964e-05
1.07384e-05
1.94211e-05
1.56467e-05
8.49343e-06
8.9994e-06
1.57347e-05
1.8687e-05
5.90699e-06
6.86188e-06
1.11429e-05
4.92005e-06
9.74032e-06
2.04515e-05
1.1169e-05
1.47605e-05
7.24819e-06
4.934e-06
1.33198e-05
2.81708e-06
1.39465e-05
4.68014e-06
6.07481e-06
7.99798e-06
5.32742e-06
1.8617e-05
1.39561e-05
7.3247e-06
9.74355e-06
2.17634e-05
8.07899e-06
2.21105e-06
9.42307e-06
7.37074e-06
5.81398e-06
3.02546e-05
1.82395e-05
1.05161e-05
4.57748e-06
5.33984e-06
1.59566e-05
2.27459e-05
2.19435e-05
6.86565e-06
7.44283e-06
1.16735e-05
1.09806e-05
6.96376e-06
5.60677e-06
5.83241e-06
3.98464e-05
9.24045e-06
1.07376e-05
1.11911e-05
9.65171e-06
1.35347e-05
1.17537e-05
6.21318e-06
1.48817e-05
1.7797e-05
9.27688e-06
2.69722e-05
6.78521e-06
2.21313e-05
1.89991e-05
9.02467e-06
1.84566e-05
1.29731e-05
4.454e-06
2.04523e-05
6.46681e-06
1.19063e-05
5.42899e-06
4.09933e-06
6.10984e-06
1.94567e-05
4.47747e-06
9.03326e-06
9.07034e-06
9.22914e-06
1.23116e-05
1.43032e-05
1.49582e-05
1.79924e-05
5.93486e-06
1.49341e-06
1.25514e-05
1.3561e-05
1.14441e-05
7.83163e-06
6.52316e-06
1.87315e-05
1.37132e-05
4.63665e-06
9.04733e-06
8.70655e-06
7.5164e-06
1.37256e-05
2.14745e-05
2.99409e-05
8.53278e-06
7.40339e-06
7.08888e-06
6.59759e-06
1.73848e-05
1.04504e-05
5.16686e-06
1.33358e-05
1.2291e-05
6.17222e-06
7.2939e-06
1.23598e-05
1.35702e-05
2.56432e-05
1.14723e-05
4.6306e-06
1.07425e-05
6.89548e-06
1.43618e-05
8.24743e-06
1.1508e-05
3.39086e-05
1.3103e-05
4.9656e-06
8.01979e-06
9.52895e-06
1.64097e-05
7.28499e-06
7.9181e-06
9.89442e-06
1.09313e-05
7.00914e-06
7.19807e-06
2.4486e-05
1.29512e-05
1.01985e-05
1.00608e-05
6.34596e-06
1.28363e-05
2.09516e-05
1.54752e-05
7.60455e-06
1.93748e-05
5.31178e-06
5.58175e-06
2.33115e-05
1.8565e-05
9.73214e-06
2.00164e-05
2.16556e-05
7.17614e-06
6.90376e-06
4.62892e-06
6.19632e-06
1.36003e-05
4.70605e-06
4.47481e-06
6.86579e-06
9.50941e-06
7.05063e-06
1.35029e-05
5.8835e-06
1.61763e-05
1.87379e-05
1.38463e-05
9.14528e-06
1.96488e-05
1.00416e-05
1.45802e-05
1.32562e-05
9.3574e-06
6.14789e-06
8.32453e-06
1.03202e-05
1.27263e-05
4.10334e-06
1.08344e-05
7.26766e-06
6.27724e-06
6.92185e-06
4.09894e-06
7.23482e-06
1.52015e-05
4.86624e-06
1.05696e-05
7.20673e-06
1.98542e-05
1.22692e-05
5.11087e-06
4.39635e-06
1.6789e-05
5.47031e-06
9.51863e-06
2.3177e-05
6.62233e-06
4.96617e-06
6.92908e-06
7.27137e-06
6.83379e-06
1.15145e-05
1.07492e-05
5.40633e-06
6.09258e-06
2.14309e-05
1.36367e-05
2.86085e-05
2.00099e-05
6.95782e-06
2.51785e-05
9.08616e-06
1.32785e-05
1.64097e-05
2.80381e-06
4.91018e-06
7.33313e-06
5.97346e-06
3.71739e-05
2.50919e-05
6.05592e-06
1.14415e-05
7.54619e-06
4.62171e-06
2.40644e-05
2.45538e-05
1.36573e-05
1.79717e-05
1.66686e-05
1.10159e-05
1.30014e-05
1.58271e-05
1.46209e-05
6.58513e-06
4.91543e-06
1.99003e-05
5.211e-06
1.16961e-05
1.48686e-05
1.48949e-05
1.33172e-05
1.50792e-05
8.64354e-06
2.398e-05
8.24457e-06
1.59349e-05
1.36495e-05
1.95657e-05
1.22507e-05
2.71544e-06
2.20848e-06
1.71689e-05
7.22082e-06
1.70529e-05
1.04393e-05
1.04873e-05
9.35624e-06
7.51909e-06
9.11991e-06
1.55531e-05
4.42823e-06
1.39792e-05
9.79146e-06
5.9522e-06
9.68778e-06
8.45222e-06
1.66457e-06
4.68488e-06
6.25988e-06
1.52251e-05
9.15302e-06
7.81827e-06
3.50588e-06
1.98716e-05
4.1583e-06
9.36759e-06
1.72842e-05
1.21023e-05
1.69308e-05
9.00283e-06
5.52443e-06
1.20164e-05
6.40632e-06
1.06958e-05
4.69276e-06
1.27665e-05
3.48905e-05
6.26125e-06
5.98051e-06
6.58406e-06
8.97044e-06
2.11222e-05
1.04113e-05
1.10662e-05
1.25493e-05
1.11336e-05
1.93423e-05
1.29377e-05
8.23926e-06
2.04661e-05
6.28056e-06
1.26727e-05
2.37018e-05
4.91597e-06
2.24251e-05
6.34922e-06
2.18634e-05
4.87208e-06
1.37614e-05
2.18074e-06
6.91261e-06
5.10118e-06
1.15915e-05
1.93512e-05
4.83107e-06
1.17115e-05
9.17449e-06
1.59898e-05
1.65108e-05
2.65464e-05
1.28625e-05
4.20547e-06
9.97276e-06
6.91792e-06
2.9592e-05
1.35379e-05
1.78521e-05
1.18047e-05
1.3375e-05
2.82443e-05
1.56477e-05
9.86984e-06
1.15996e-05
1.53743e-05
1.73676e-05
1.00478e-05
2.81313e-06
1.28195e-05
1.48e-05
9.25514e-06
2.08995e-05
1.58212e-05
1.11559e-05
1.30287e-05
3.51071e-06
5.4673e-06
4.3716e-06
4.10238e-06
1.06885e-05
2.11595e-05
9.28017e-06
1.15623e-05
7.36788e-06
1.27856e-05
1.86191e-05
5.21342e-06
1.97754e-05
1.0115e-05
1.1884e-05
1.47553e-05
1.54922e-05
2.27394e-05
4.10995e-06
5.26546e-06
1.09016e-05
1.47806e-05
1.91283e-05
1.74286e-05
7.24274e-06
8.99271e-06
6.45822e-06
6.99319e-06
1.07286e-05
6.73099e-06
6.58784e-06
4.81058e-06
1.6287e-05
7.96572e-06
1.21699e-05
1.97642e-05
1.54535e-05
6.27584e-06
7.34943e-06
6.97593e-06
6.06284e-06
7.44094e-06
1.64214e-05
2.88705e-05
2.78709e-05
2.44995e-05
1.21585e-05
7.73308e-06
1.77762e-05
9.94899e-06
3.34249e-05
4.15209e-06
6.23626e-06
8.92079e-06
1.12785e-05
1.76289e-05
7.88621e-06
7.17498e-06
4.6819e-06
2.02448e-06
1.17206e-05
1.32363e-05
1.19997e-05
6.99917e-06
5.25471e-06
8.60216e-06
4.41105e-06
9.25496e-06
9.09306e-06
5.52342e-06
1.33814e-05
1.84357e-05
1.87037e-05
7.36876e-06
6.27465e-06
4.9069e-06
5.33255e-06
6.62649e-06
1.30172e-05
1.73473e-05
1.03236e-05
5.38847e-06
9.19631e-06
1.84762e-05
8.50102e-06
1.87855e-05
1.13321e-05
1.19793e-05
9.5211e-06
4.67665e-06
1.30084e-05
2.9671e-05
8.64078e-06
1.9638e-05
6.38492e-06
9.5505e-06
9.04107e-06
1.10023e-05
6.64735e-06
1.17151e-05
1.18632e-05
9.55936e-06
7.64038e-06
1.67312e-05
6.23377e-06
1.04909e-05
9.35407e-06
1.24893e-05
5.55027e-06
1.48621e-05
1.8394e-05
1.11624e-05
4.62099e-06
5.15586e-06
7.27714e-06
4.91104e-06
1.04226e-05
7.62795e-06
6.95793e-06
1.53407e-05
8.47131e-06
1.70092e-05
1.40192e-05
7.21204e-06
1.56265e-05
2.23877e-05
9.89965e-06
2.47074e-05
1.49607e-05
1.33226e-05
6.65164e-06
1.05773e-05
1.25616e-05
1.5953e-05
2.14394e-05
6.87785e-06
8.96717e-06
7.09902e-06
6.63556e-06
6.30071e-06
1.94813e-05
9.06764e-06
7.25733e-06
1.20283e-05
1.0437e-05
2.51495e-05
2.81484e-06
1.49825e-05
6.26466e-06
1.11948e-05
5.569e-06
4.44467e-06
1.65815e-05
6.96704e-06
2.0134e-05
1.06804e-05
4.42462e-06
1.25407e-05
1.52274e-05
8.08602e-06
6.05209e-06
4.42845e-06
7.2355e-06
9.54131e-06
9.25175e-06
3.11122e-05
9.35929e-06
6.80293e-06
3.4097e-06
6.87775e-06
4.41856e-06
1.00579e-05
8.96384e-06
9.85791e-06
1.10688e-05
9.56505e-06
7.49172e-06
1.27052e-05
1.57249e-05
1.58591e-05
9.64785e-06
6.04571e-06
1.00908e-05
6.87843e-06
1.18653e-05
7.80996e-06
1.07635e-05
2.57294e-05
1.76632e-05
1.5412e-05
1.05429e-05
1.04113e-05
1.24944e-05
1.35076e-05
5.3835e-06
2.28603e-05
1.08099e-05
9.48657e-06
1.94037e-05
2.34677e-05
1.20157e-05
7.09886e-06
1.38249e-05
1.07506e-05
1.4835e-05
5.58019e-06
1.5073e-05
1.65372e-05
1.04389e-05
1.42777e-05
5.81755e-06
4.9142e-06
7.16109e-06
1.0902e-05
4.40288e-06
1.44525e-05
6.6284e-06
2.96714e-05
6.0943e-06
1.04663e-05
6.21759e-06
6.77002e-06
1.57189e-05
1.30486e-05
6.88789e-06
8.24075e-06
6.27831e-06
9.18539e-06
1.3139e-05
6.05314e-06
1.4162e-05
8.927e-06
6.91485e-06
3.27281e-05
3.9808e-05
9.01033e-06
6.2736e-06
4.96734e-06
5.80335e-06
1.70784e-05
5.37439e-06
1.12698e-05
4.39386e-06
6.80527e-06
1.28205e-05
1.44484e-05
1.19613e-05
9.87272e-06
9.12956e-06
6.43614e-06
1.20265e-05
3.09442e-06
6.29194e-06
3.03614e-05
1.06851e-05
1.50665e-05
5.32827e-06
4.68146e-06
6.85613e-06
1.33597e-05
8.66597e-06
7.52127e-06
1.11569e-05
6.81949e-06
2.35694e-05
6.03559e-06
1.92398e-05
5.39927e-06
1.08714e-05
9.29724e-06
1.27109e-05
4.68489e-06
4.04973e-05
1.20763e-05
4.68325e-06
1.49828e-06
4.46846e-06
8.5191e-06
1.15059e-05
1.36311e-05
1.08335e-05
2.52128e-05
1.33631e-05
4.39322e-06
7.28965e-06
1.45116e-05
2.05194e-05
1.27379e-05
1.19253e-05
1.61331e-05
1.13565e-05
2.30708e-05
4.16024e-06
6.7117e-06
2.08314e-05
2.29086e-05
1.22015e-05
1.6833e-05
1.62265e-05
6.16497e-06
4.8045e-06
5.88365e-06
8.02258e-06
2.97439e-05
5.17855e-06
4.70291e-06
6.43952e-06
1.92404e-05
8.72917e-06
6.74219e-06
1.64027e-05
4.61323e-06
1.12639e-05
6.52464e-06
5.2744e-06
9.7923e-06
2.19213e-05
7.86464e-06
2.7168e-06
3.4027e-06
6.72715e-06
2.91511e-06
5.45322e-06
1.98292e-05
1.07811e-05
6.72555e-06
1.95479e-05
5.8194e-06
7.83121e-06
1.52397e-05
8.49171e-06
5.43841e-06
1.50978e-05
5.97673e-06
6.56742e-06
1.93666e-05
1.68931e-05
4.11412e-06
7.05293e-06
4.89996e-06
2.01222e-05
2.16818e-05
2.00504e-05
1.42169e-05
6.63183e-06
1.1716e-05
1.28884e-05
7.94353e-06
2.3288e-05
6.61107e-06
1.59522e-05
1.73652e-05
4.48801e-06
2.49728e-05
4.09895e-06
4.90948e-06
4.41738e-06
1.63765e-05
4.40028e-06
1.77182e-05
1.43713e-05
1.80305e-05
1.23777e-05
7.49983e-06
7.28174e-06
1.18173e-05
1.78814e-05
7.10115e-06
1.86711e-05
1.64046e-05
1.16936e-05
6.90049e-06
6.64688e-06
1.23113e-05
1.83636e-05
1.25985e-05
9.08465e-06
5.01916e-06
5.33606e-06
4.80513e-06
5.25612e-06
5.44823e-06
5.2178e-06
1.31204e-05
2.35958e-05
1.16556e-05
1.72664e-05
2.2329e-05
8.63604e-06
1.03117e-05
1.26011e-05
1.07388e-05
1.37006e-05
4.80397e-06
9.06774e-06
8.91542e-06
6.90042e-06
9.32543e-06
1.23643e-05
2.84119e-05
4.61854e-06
4.3968e-06
1.11605e-05
1.30826e-05
2.02589e-05
8.43759e-06
2.00674e-05
2.33921e-05
2.17041e-05
2.13797e-05
6.73026e-06
1.67464e-05
1.50926e-05
1.93808e-05
1.61502e-05
1.29663e-05
1.7996e-05
7.36971e-06
4.1679e-06
1.24493e-05
1.94332e-05
7.90309e-06
6.56576e-06
1.30447e-05
7.28995e-06
9.07462e-06
1.61866e-05
1.77682e-05
2.6351e-05
9.4122e-06
1.25682e-05
7.7774e-06
1.54082e-05
2.40967e-05
1.00217e-05
1.14595e-05
1.38844e-05
1.50693e-06
6.96551e-06
9.35598e-06
1.78507e-05
1.49834e-05
1.39036e-05
1.7885e-05
2.22144e-05
8.78553e-06
9.28178e-06
9.84852e-06
1.02579e-05
6.34181e-06
1.34169e-05
1.30077e-05
6.3081e-06
1.46586e-05
4.56349e-06
4.39615e-06
3.93863e-06
4.42749e-06
2.13246e-05
8.74872e-06
9.79946e-06
8.98583e-06
1.38702e-05
6.83011e-06
1.43444e-05
4.02326e-06
5.91279e-06
1.88478e-05
1.43876e-05
4.93421e-06
3.88528e-06
6.75043e-06
7.58585e-06
1.75874e-05
1.04939e-05
1.24957e-05
2.04244e-05
1.18798e-05
6.6163e-06
4.68049e-06
1.42579e-05
1.31857e-05
5.65092e-06
1.12042e-05
1.52185e-05
9.75544e-06
1.36039e-05
1.06599e-05
8.0896e-06
1.25926e-05
2.3625e-05
2.65823e-05
4.39471e-06
1.30434e-05
4.47583e-05
6.46114e-06
5.1742e-06
2.11733e-06
1.71393e-05
1.74183e-05
2.53643e-05
5.6255e-06
2.05637e-05
5.70266e-06
6.35182e-06
1.00048e-05
1.81241e-05
6.93644e-06
1.25368e-05
2.41516e-05
1.18093e-05
7.21674e-06
3.19275e-05
4.5612e-06
1.28657e-05
1.50964e-05
6.2126e-06
8.04638e-06
7.38785e-06
8.73499e-06
6.18781e-06
1.50991e-06
2.07167e-05
3.78871e-06
5.12806e-06
5.1283e-06
5.72397e-06
1.78264e-05
1.54354e-05
2.19598e-06
1.35161e-05
1.21712e-05
6.43842e-06
1.18347e-05
1.40392e-05
4.15499e-06
1.77834e-05
1.8982e-05
3.70006e-06
1.48961e-06
5.54687e-06
2.87277e-05
1.2788e-05
9.61806e-06
1.06241e-05
2.45261e-05
6.774e-06
4.95815e-05
1.22281e-05
2.40458e-05
7.50441e-06
1.52812e-05
2.46003e-05
7.19776e-06
1.26514e-05
2.02766e-05
1.07811e-05
2.02309e-05
2.56604e-05
2.37633e-05
4.64451e-06
1.58882e-05
1.79159e-05
1.96114e-05
8.30954e-06
7.1503e-06
1.05345e-05
9.11381e-06
1.49118e-05
1.62715e-05
1.25061e-05
2.23536e-05
1.49363e-06
1.0403e-05
2.78552e-05
6.96686e-06
9.28334e-06
1.18901e-05
2.40908e-05
1.27712e-05
1.32813e-05
1.57202e-05
1.02517e-05
1.90754e-05
1.15209e-05
5.22559e-06
8.20584e-06
8.55892e-06
1.04368e-05
1.23491e-05
1.33654e-05
1.58612e-05
1.17338e-05
1.3991e-05
4.73239e-06
2.00464e-05
4.8773e-06
2.24427e-05
5.85961e-06
1.38182e-05
5.97533e-06
3.36261e-05
4.98093e-06
5.29824e-06
8.71024e-06
4.26734e-06
1.12478e-05
7.85345e-06
5.53017e-06
1.29976e-05
2.80396e-06
1.8518e-05
2.84769e-05
9.90739e-06
1.78832e-05
1.93289e-05
2.30574e-05
1.18855e-05
6.05858e-06
4.40642e-06
9.01149e-06
1.43269e-05
1.59441e-05
1.21434e-05
5.7992e-06
1.19805e-05
2.8106e-05
1.30716e-05
1.70797e-05
4.39276e-06
1.75089e-05
2.34183e-05
1.41572e-05
5.76613e-06
3.33446e-05
1.5092e-05
5.63371e-06
4.44873e-06
9.23296e-06
7.24299e-06
6.88936e-06
7.10307e-06
9.11361e-06
6.37277e-06
1.39014e-05
1.24268e-05
1.29333e-05
1.06533e-05
5.90429e-06
2.9433e-05
2.12669e-05
5.91607e-06
1.20841e-05
1.0432e-05
6.66859e-06
6.74063e-06
5.6393e-06
6.19122e-06
1.52555e-05
1.52104e-06
6.88851e-06
1.57868e-05
9.43544e-06
2.85173e-05
1.50014e-06
1.49082e-06
1.36508e-05
1.81241e-05
9.88245e-06
9.4685e-06
1.7468e-05
4.68346e-06
8.04322e-06
1.47347e-05
6.33693e-06
1.49255e-06
2.81385e-06
1.40919e-05
1.45586e-05
1.09955e-05
2.37541e-05
2.62588e-05
1.7308e-05
1.8477e-05
6.39326e-06
1.25162e-05
1.51294e-05
1.48081e-05
1.42954e-05
1.85167e-05
7.82345e-06
7.034e-06
9.54201e-06
1.583e-05
1.56916e-05
1.07631e-05
8.0858e-06
6.25724e-06
4.93518e-06
9.67147e-06
1.00935e-05
1.3398e-05
5.09698e-06
2.31338e-05
4.92191e-06
1.25279e-05
7.76567e-06
5.60794e-06
9.65356e-06
3.69622e-06
4.97133e-06
2.19888e-06
2.51044e-05
3.24043e-05
9.59041e-06
4.79655e-06
7.78749e-06
6.52119e-06
9.17088e-06
1.28058e-05
2.13118e-05
2.91352e-05
1.25727e-05
8.44023e-06
1.83717e-05
4.61387e-06
9.23302e-06
1.21096e-05
5.11402e-06
1.5373e-05
1.50382e-06
7.26038e-06
5.80074e-06
3.01111e-05
1.24936e-05
3.41668e-06
9.99924e-06
7.92754e-06
4.45509e-06
1.05058e-05
8.99288e-06
6.74053e-06
4.10772e-06
1.51461e-05
5.81358e-06
6.4721e-06
4.26507e-06
5.90389e-06
1.82881e-05
1.77378e-05
1.1875e-05
1.09212e-05
1.39275e-05
8.0255e-06
2.88043e-05
1.02515e-05
2.53248e-05
2.80242e-06
2.1122e-06
9.81165e-06
1.31146e-05
1.03245e-05
5.88967e-06
1.13352e-05
1.82943e-05
1.7696e-05
4.39982e-06
5.85973e-06
1.8903e-05
1.3608e-05
4.17075e-06
1.30737e-05
5.56507e-06
2.32079e-05
1.16959e-05
9.42298e-06
8.90033e-06
4.61492e-06
2.07653e-05
2.50347e-05
2.17826e-05
1.21619e-05
9.78821e-06
1.35087e-05
2.96811e-05
1.28447e-05
2.21769e-05
6.78964e-06
6.58028e-06
9.72904e-06
3.24444e-05
2.44831e-05
4.71418e-06
8.329e-06
1.235e-05
3.01495e-05
1.34387e-05
7.72834e-06
1.39348e-05
1.17548e-05
7.59261e-06
5.47715e-06
4.27063e-06
5.64085e-06
8.27213e-06
5.49018e-06
1.1644e-05
2.20102e-06
1.18272e-05
5.78571e-06
1.58487e-05
1.6534e-05
4.44774e-06
1.17442e-05
9.8921e-06
1.67978e-05
1.67018e-05
1.9736e-05
1.55361e-05
6.31448e-06
1.44113e-05
4.88396e-06
6.87149e-06
7.97795e-06
4.68237e-06
1.70476e-05
1.18574e-05
4.45164e-06
1.42896e-05
1.78631e-05
1.68943e-05
2.41321e-05
8.64763e-06
2.48284e-05
1.02729e-05
6.91823e-06
7.83786e-06
9.2639e-06
2.56358e-05
1.92669e-05
1.388e-05
1.54375e-05
1.31853e-05
7.60186e-06
1.15219e-05
1.3398e-05
1.61175e-05
8.07938e-06
1.71681e-05
1.16533e-05
1.87662e-05
9.08333e-06
5.34336e-06
1.32992e-05
3.40605e-06
1.41075e-05
1.25109e-05
1.25113e-05
1.08757e-05
1.36846e-05
2.13572e-05
5.99534e-06
7.603e-06
1.04016e-05
1.02193e-05
1.7577e-05
6.86425e-06
1.66286e-05
1.6355e-06
9.26902e-06
8.05806e-06
2.05853e-05
2.20662e-05
1.44147e-05
1.28112e-05
1.98976e-05
3.40686e-06
1.25139e-05
1.20395e-05
1.56161e-05
1.76365e-05
1.14502e-05
1.35934e-05
1.28589e-05
1.92035e-05
1.00024e-05
9.46638e-06
8.96775e-06
2.12474e-05
7.11992e-06
1.98022e-05
6.04332e-06
6.02108e-06
1.54169e-05
9.10832e-06
1.07751e-05
7.45005e-06
1.60515e-05
9.79637e-06
5.45812e-06
4.93359e-06
2.39825e-05
9.03418e-06
1.80171e-05
1.3266e-05
2.67145e-05
1.88039e-05
7.72339e-06
7.32017e-06
2.27389e-05
4.90312e-06
5.88127e-06
6.58372e-06
2.07107e-05
9.11753e-06
9.54999e-06
3.40482e-06
8.58076e-06
2.36973e-05
6.90485e-06
2.22793e-05
1.06957e-05
9.89783e-06
1.54877e-05
9.54845e-06
1.04676e-05
1.59173e-05
5.24256e-06
2.46628e-05
1.48603e-05
2.80526e-05
7.72342e-06
7.07645e-06
2.01643e-05
7.25084e-06
1.05449e-05
1.09673e-05
1.29524e-05
9.15869e-06
1.66622e-05
2.37493e-05
2.21391e-05
1.47048e-05
9.54265e-06
6.90823e-06
8.67483e-06
5.45699e-06
5.75031e-06
8.79126e-06
2.41042e-05
8.37092e-06
7.7021e-06
1.86794e-05
7.20937e-06
6.62721e-06
3.32366e-05
5.06063e-06
4.67945e-06
1.51047e-06
7.23509e-06
2.85058e-05
6.74498e-06
4.70483e-06
1.84375e-05
9.68104e-06
1.90085e-05
2.5046e-05
2.12013e-06
8.20693e-06
3.51033e-05
2.28792e-05
1.83753e-05
1.72008e-05
7.91912e-06
1.19207e-05
9.65879e-06
1.3643e-05
1.74882e-05
1.29657e-05
1.46041e-05
9.47063e-06
7.29828e-06
1.63578e-05
7.50334e-06
6.25725e-06
7.17431e-06
9.96947e-06
2.02631e-05
1.25693e-05
1.53619e-05
6.72776e-06
1.32541e-05
5.17096e-06
9.59267e-06
2.77801e-05
5.76472e-06
6.13778e-06
1.74076e-05
2.01623e-05
1.90976e-05
1.8192e-05
1.17893e-05
1.55196e-05
2.57219e-05
1.69732e-05
1.82528e-05
3.45637e-05
2.33223e-05
1.13633e-05
1.05638e-05
1.21441e-05
1.49932e-06
2.71781e-06
8.60419e-06
1.05534e-05
1.52119e-05
1.45219e-05
4.68685e-06
6.98144e-06
2.03922e-05
6.8089e-06
5.13506e-06
1.33021e-05
1.41943e-05
4.93391e-06
8.39379e-06
1.49558e-05
2.222e-05
7.30206e-06
1.63315e-05
1.23566e-05
9.46948e-06
1.59768e-05
2.90414e-05
9.44521e-06
1.50848e-05
1.85879e-05
1.82085e-05
1.26014e-05
2.54818e-05
5.4154e-06
5.44404e-06
1.37648e-05
1.13402e-05
1.31235e-05
1.62221e-05
2.57547e-05
1.81832e-05
4.57628e-06
7.10717e-06
6.15819e-06
7.60304e-06
3.12777e-05
7.19652e-06
1.97761e-05
2.323e-05
1.41533e-05
1.28627e-05
9.53823e-06
1.18084e-05
9.06897e-06
7.71582e-06
7.36043e-05
5.60156e-06
1.14559e-05
1.11447e-05
3.50586e-06
2.66067e-05
1.85534e-05
1.24576e-05
2.29944e-05
1.87326e-05
9.71636e-06
6.79014e-06
1.14593e-05
1.24249e-05
8.92674e-06
5.62588e-06
5.21275e-06
1.9864e-05
1.34441e-05
1.18976e-05
1.18954e-05
6.60895e-06
1.88495e-05
1.98959e-05
6.12574e-06
9.89344e-06
3.42268e-05
2.54296e-05
8.6361e-06
1.1186e-05
7.16698e-06
1.04103e-05
1.76256e-05
1.58934e-05
1.08108e-05
4.38849e-06
6.86891e-06
6.18818e-06
6.37743e-06
6.50243e-06
4.93404e-06
1.38099e-05
5.04056e-06
1.74945e-05
1.17774e-05
1.77441e-05
1.32106e-05
1.19986e-05
7.41551e-06
7.4617e-06
1.49445e-06
2.51915e-06
6.91365e-06
8.42353e-06
5.10815e-06
1.55438e-05
5.5662e-06
1.21283e-05
1.26553e-05
1.1129e-05
1.08919e-05
8.41377e-06
9.42188e-06
1.81322e-05
1.01321e-05
1.50766e-05
1.53433e-05
9.99823e-06
1.44308e-05
1.2878e-05
3.52763e-05
9.64883e-06
9.89739e-06
1.34282e-05
1.14589e-05
7.18313e-06
1.61649e-05
2.84515e-06
5.27193e-06
7.09463e-06
6.86362e-06
3.49657e-05
1.28233e-05
2.09229e-05
2.18464e-05
3.04972e-05
4.68784e-06
4.92037e-06
1.5079e-05
1.20855e-05
1.37532e-05
1.24445e-05
6.03721e-06
8.87816e-06
7.32255e-06
9.48434e-06
1.28572e-05
4.94091e-06
7.88748e-06
1.53767e-05
1.87702e-05
1.10763e-05
9.5191e-06
7.44345e-06
9.68732e-06
2.24077e-05
8.74717e-06
1.20667e-05
1.10356e-05
1.85893e-05
9.38624e-06
6.27629e-06
1.29107e-05
2.4201e-05
4.70082e-06
1.2678e-05
5.14244e-06
1.34529e-05
2.33964e-05
7.38637e-06
1.81982e-05
7.86074e-06
9.08207e-06
2.58969e-05
6.87859e-06
1.55412e-05
3.10354e-06
1.66569e-05
4.63394e-06
1.35319e-05
1.82949e-05
4.6893e-06
7.04113e-06
1.20548e-05
1.74539e-05
2.04311e-05
1.09035e-05
1.67905e-05
1.12396e-05
1.50192e-05
9.82597e-06
9.86826e-06
6.34837e-06
1.13479e-05
5.00076e-06
7.70729e-06
5.07457e-06
5.87902e-06
1.93925e-05
2.60493e-05
2.88105e-05
1.02713e-05
1.29725e-05
1.29012e-05
6.28939e-06
8.06441e-06
9.29358e-06
8.9329e-06
7.29864e-06
3.70049e-06
1.2935e-05
2.02906e-05
1.6201e-05
1.56803e-05
1.33968e-05
1.18166e-05
1.15747e-05
1.12597e-05
5.39887e-06
2.59447e-05
1.33599e-05
2.21698e-05
2.71035e-05
1.25464e-05
8.704e-06
5.80774e-06
1.30368e-05
3.40605e-06
1.0281e-05
5.21367e-06
2.42888e-05
2.6718e-05
1.53226e-05
1.1263e-05
7.45988e-06
3.00668e-05
1.16104e-05
6.00287e-06
8.56836e-06
2.1358e-05
6.08889e-06
1.11336e-05
1.87213e-05
4.91762e-06
5.53228e-06
9.28663e-06
1.2268e-05
6.89497e-06
8.27086e-06
1.4314e-05
6.93752e-06
3.27923e-05
6.51792e-06
6.81847e-06
2.37834e-05
6.97377e-06
1.27728e-05
8.02465e-06
4.10337e-06
2.04092e-05
1.8469e-05
1.36492e-05
1.2951e-05
1.57223e-05
5.7929e-06
1.89903e-05
1.17933e-05
5.53696e-06
1.00682e-05
5.74551e-06
1.49638e-05
1.70442e-05
7.29156e-06
6.27883e-06
1.73701e-05
1.1268e-05
1.40034e-05
2.91082e-06
1.25367e-05
2.95654e-05
1.67244e-05
1.47009e-05
1.2912e-05
6.3668e-06
1.84157e-05
1.35889e-05
1.89726e-05
3.06398e-05
2.13395e-05
5.9827e-06
1.01785e-05
2.46286e-05
1.51256e-05
7.29019e-06
2.32161e-05
2.11104e-05
1.49178e-05
1.0789e-05
8.05575e-06
3.80763e-06
6.59581e-06
8.64928e-06
1.7393e-05
2.80552e-06
1.64831e-05
6.93279e-06
6.66778e-06
1.25635e-05
1.31815e-05
2.12038e-05
8.63021e-06
2.99185e-05
7.98113e-06
1.5742e-05
4.93e-06
1.61769e-05
1.53227e-05
2.03964e-05
1.18185e-05
1.85215e-05
1.11793e-05
6.05833e-06
1.58775e-05
1.8357e-05
1.18354e-05
8.82188e-06
2.87882e-05
1.2436e-05
7.18909e-06
6.17263e-06
7.27189e-06
1.28476e-05
2.42059e-05
1.5068e-05
9.30004e-06
9.18291e-06
1.87479e-05
1.02554e-05
9.23599e-06
1.87104e-05
7.38655e-06
1.60917e-05
6.8247e-06
4.69099e-06
5.59624e-06
1.03601e-05
5.43653e-06
1.78213e-05
1.73178e-05
1.06001e-05
1.74677e-05
1.41892e-05
1.78683e-05
1.30523e-05
6.21993e-06
2.52086e-05
8.33826e-06
8.73916e-06
7.59561e-06
9.302e-06
5.38938e-06
2.028e-05
4.68974e-06
6.1771e-06
9.98863e-06
1.75756e-05
6.95444e-06
5.56895e-06
1.23804e-05
5.15916e-06
3.45008e-05
1.03523e-05
1.49837e-06
1.14439e-05
1.55728e-05
4.39133e-06
1.36238e-05
1.1316e-05
7.78623e-06
1.5917e-05
8.92563e-06
1.10396e-05
7.86488e-06
1.7087e-05
1.53492e-05
6.85404e-06
1.15507e-05
5.49643e-06
1.53687e-05
6.54535e-06
8.38247e-06
1.65322e-05
9.22963e-06
9.1362e-06
7.4001e-06
3.14784e-05
1.30069e-05
7.42167e-06
6.01511e-06
1.11569e-05
1.25124e-05
1.07669e-05
1.59545e-05
1.51918e-05
3.03238e-05
5.1104e-06
5.74899e-06
1.2018e-05
1.80099e-05
5.16349e-06
7.17642e-06
1.22382e-05
9.66624e-06
2.55574e-05
2.82015e-05
9.57237e-06
6.42207e-06
2.41382e-05
1.55951e-05
1.27935e-05
6.97634e-06
6.14883e-06
1.35329e-05
1.13291e-05
9.86195e-06
1.03935e-05
6.86316e-06
1.56507e-05
6.95212e-06
6.78778e-06
1.35075e-05
1.05812e-05
1.11536e-05
4.2509e-05
1.94056e-05
1.11207e-05
1.23852e-05
4.64896e-06
1.06139e-05
8.31016e-06
1.08359e-05
8.63982e-06
1.62929e-05
3.89642e-06
7.39924e-06
6.92667e-06
5.8879e-06
7.17442e-06
6.66697e-06
1.655e-05
9.09733e-06
7.47412e-06
6.1872e-06
4.91128e-06
8.3937e-06
8.3074e-06
3.92222e-05
9.19347e-06
7.87792e-06
1.62536e-05
1.04546e-05
2.341e-05
1.48777e-05
1.84656e-05
9.81823e-06
1.77229e-05
1.40814e-05
1.43132e-05
3.41355e-06
1.94436e-05
2.70043e-05
6.21288e-06
5.45758e-06
9.64969e-06
6.11521e-06
4.41613e-06
2.01752e-05
1.82049e-05
1.05965e-05
9.13575e-06
1.89501e-05
2.88612e-05
4.95211e-06
6.14e-06
1.21623e-05
2.29138e-05
1.28292e-05
7.01723e-06
9.47907e-06
8.15216e-06
2.81207e-06
1.68076e-05
5.55677e-06
9.4032e-06
6.21279e-06
1.48937e-06
5.41991e-06
8.08319e-06
1.04145e-05
8.6365e-06
4.47037e-06
1.31484e-05
8.04955e-06
7.35983e-06
1.80121e-05
1.02109e-05
1.38458e-05
1.50293e-06
2.27265e-05
1.08281e-05
6.03624e-06
1.16237e-05
1.1318e-05
9.70531e-06
1.52063e-05
5.36878e-06
9.36779e-06
1.22119e-05
9.13266e-06
1.20007e-05
9.66943e-06
5.63267e-06
5.25947e-06
2.36694e-05
1.16344e-05
7.1928e-06
5.62363e-06
9.50246e-06
9.43734e-06
1.30343e-05
9.10847e-06
6.34365e-06
2.74699e-05
1.10887e-05
1.11245e-05
7.14475e-06
9.73949e-06
3.69636e-06
3.97967e-05
1.32913e-05
1.03589e-05
1.51443e-05
9.44399e-06
1.54043e-05
1.37368e-05
1.24796e-05
6.03506e-06
2.08819e-05
9.19066e-06
1.01021e-05
6.3174e-06
1.53172e-05
1.74806e-05
1.0804e-05
2.56868e-05
1.43297e-05
6.95978e-06
1.25761e-05
1.0164e-05
2.80461e-06
9.58378e-06
6.635e-06
1.1887e-05
4.12175e-05
1.50396e-06
1.84239e-05
9.68726e-06
2.01572e-05
1.03329e-05
1.54524e-05
1.56482e-05
1.05068e-05
1.3717e-05
1.54733e-05
1.82532e-05
1.74341e-05
3.14837e-05
1.82428e-05
1.74158e-05
5.32317e-06
1.37933e-05
8.94275e-06
4.09897e-06
1.39575e-05
1.34722e-05
9.6888e-06
6.98978e-06
1.96026e-05
1.3913e-05
1.30623e-05
1.71898e-05
2.83145e-05
9.73355e-06
1.37527e-05
1.09334e-05
1.71784e-05
6.21287e-06
4.69904e-06
1.41536e-05
2.66247e-05
6.21284e-06
1.49647e-05
1.06438e-05
1.21085e-05
9.9513e-06
9.32872e-06
4.39147e-06
1.27885e-05
2.49946e-05
1.28688e-05
7.83852e-06
1.33518e-05
8.6167e-06
1.91835e-05
1.85155e-05
1.01166e-05
9.11445e-06
1.32992e-05
7.47647e-06
5.4469e-06
6.99183e-06
1.1764e-05
7.79962e-06
9.08216e-06
1.45669e-05
9.41727e-06
1.22378e-05
1.85957e-05
8.66344e-06
1.01847e-05
5.22217e-06
2.63246e-05
6.98629e-06
3.11103e-06
6.84298e-06
1.24917e-05
9.28705e-06
4.45154e-06
1.99295e-05
1.3e-05
6.47372e-06
8.77941e-06
7.25112e-06
8.33713e-06
4.40125e-06
7.57952e-06
2.4581e-05
6.70888e-06
1.29826e-05
6.23855e-06
1.84675e-05
1.24328e-05
6.95645e-06
7.23773e-06
6.60764e-06
4.09893e-06
7.77374e-06
8.38204e-06
1.08534e-05
7.52962e-06
5.15615e-06
9.45385e-06
2.15472e-05
7.36994e-06
1.49885e-05
6.00318e-06
7.39795e-06
1.05163e-05
9.93742e-06
1.0055e-05
1.11369e-05
6.45432e-06
6.25094e-06
1.22535e-05
2.37265e-05
2.16313e-05
2.23577e-05
1.12755e-05
5.15062e-06
1.20787e-05
1.99653e-05
5.81345e-06
6.94962e-06
1.16186e-05
1.45041e-05
1.92683e-05
1.76676e-05
2.13355e-05
1.52483e-05
2.56578e-05
2.14571e-05
6.61837e-06
6.9e-06
1.54232e-05
7.64322e-06
2.80203e-06
1.53667e-05
5.70798e-06
1.25557e-05
1.30027e-05
5.1651e-06
8.54964e-06
6.90582e-06
3.03329e-05
6.60725e-06
1.04441e-05
1.43494e-05
1.04126e-05
6.57786e-06
1.15036e-05
7.33081e-06
4.3929e-06
1.31928e-05
1.71861e-05
1.91861e-05
1.24218e-05
8.37453e-06
4.39216e-06
1.70867e-05
7.76192e-06
1.33041e-05
9.25632e-06
6.68443e-06
1.5644e-05
2.15215e-05
1.50099e-06
1.02804e-05
9.90048e-06
1.37999e-05
7.08053e-06
1.28708e-05
1.96702e-05
2.88891e-05
6.65032e-06
1.23818e-05
1.54141e-05
1.10278e-05
5.39501e-06
6.45528e-06
1.51324e-06
6.70615e-06
9.33759e-06
1.71925e-05
6.60427e-06
8.16313e-06
2.80784e-06
9.75342e-06
1.73668e-05
5.37042e-06
4.44501e-06
7.47845e-06
1.58109e-05
7.50516e-06
1.76145e-05
3.31074e-05
8.20506e-06
2.30475e-05
1.14142e-05
1.70986e-05
7.16074e-06
1.55657e-05
2.47577e-05
7.63768e-06
1.58122e-05
7.93659e-06
1.36564e-05
1.36621e-05
9.81111e-06
1.22542e-05
3.95804e-06
4.4478e-06
7.8755e-06
1.29388e-05
6.28299e-06
5.10767e-06
1.50459e-05
1.77102e-05
1.40429e-05
6.89352e-06
6.70804e-06
1.02277e-05
1.14903e-05
2.37771e-05
1.45464e-05
7.25606e-06
2.82733e-05
6.6077e-06
1.34957e-05
5.5328e-06
1.53504e-05
6.21877e-06
3.87563e-05
6.63358e-06
4.61857e-06
1.16828e-05
1.78649e-05
8.09987e-06
1.39801e-05
1.10682e-05
1.30047e-05
1.43146e-05
4.90095e-06
2.2147e-05
1.68385e-05
8.77298e-06
2.66059e-05
2.67036e-05
4.91892e-06
2.71521e-05
1.06164e-05
1.89649e-05
6.63044e-06
4.76014e-06
3.71194e-06
1.2065e-05
1.40203e-05
1.37591e-05
1.13057e-05
9.89181e-06
8.32556e-06
6.8765e-06
1.22062e-05
1.89139e-05
1.54767e-05
5.53205e-06
1.36273e-05
9.92447e-06
4.43356e-06
6.02982e-06
6.41738e-06
6.31428e-06
6.92013e-06
1.37849e-05
3.14909e-05
6.27882e-06
7.23452e-06
2.13043e-05
9.24628e-06
2.89806e-05
6.45387e-06
6.44344e-06
1.87983e-05
9.49934e-06
3.41888e-05
7.85433e-06
4.90961e-06
3.85919e-05
1.8938e-05
6.58853e-06
6.36261e-06
1.55353e-05
1.38915e-05
9.6765e-06
7.16104e-06
4.46669e-06
4.10871e-06
6.28731e-06
7.95077e-06
1.6621e-05
1.21419e-05
1.57454e-05
1.54408e-05
4.42821e-06
6.40992e-06
4.42943e-05
1.45944e-05
8.92907e-06
9.82907e-06
1.69725e-05
1.29678e-05
1.36818e-05
9.44727e-06
1.94401e-05
1.60216e-05
7.32528e-06
4.46641e-06
6.41635e-06
1.0495e-05
1.11143e-05
2.17669e-05
6.87267e-06
4.79018e-06
5.95561e-06
1.97045e-05
6.38292e-06
1.47373e-05
1.90022e-05
1.2817e-05
9.60809e-06
1.54625e-05
5.11535e-06
6.18108e-06
1.34156e-05
6.52836e-06
1.22501e-05
1.63201e-05
6.764e-06
8.82275e-06
2.31556e-05
4.68776e-06
5.55823e-06
8.3721e-06
1.43181e-05
6.69108e-06
1.12832e-05
7.87686e-06
6.71663e-06
4.96783e-06
2.70566e-06
1.56472e-05
4.9308e-06
2.87217e-05
3.12634e-05
1.28778e-05
8.72312e-06
1.08505e-05
1.74456e-05
2.86209e-05
1.53842e-05
3.09853e-06
7.51615e-06
6.25813e-06
6.52385e-06
6.10494e-06
1.24491e-05
6.251e-06
1.50644e-06
1.29131e-05
1.10578e-05
5.501e-06
3.10884e-06
5.14018e-06
8.69397e-06
5.35321e-06
1.52412e-05
2.13809e-05
6.25792e-06
3.80241e-05
6.31656e-06
9.59849e-06
1.29967e-05
6.91759e-06
6.52415e-06
2.60986e-05
5.26417e-06
1.22977e-05
4.10028e-06
6.87769e-06
7.29435e-06
8.75606e-06
1.30484e-05
7.98403e-06
1.27227e-05
9.99705e-06
1.5334e-05
1.46769e-05
5.10434e-06
1.09821e-05
1.91325e-05
1.29851e-05
5.46079e-06
7.38162e-06
7.42371e-06
1.54361e-05
2.20805e-05
7.37514e-06
5.48232e-06
1.79097e-05
6.35558e-06
6.10254e-06
4.94501e-06
2.23102e-05
9.20439e-06
1.71395e-05
1.21823e-05
1.02304e-05
7.94763e-06
1.30556e-05
2.4379e-05
1.57166e-05
3.40898e-06
9.97263e-06
6.89874e-06
1.04491e-05
5.54035e-06
2.54243e-05
9.53129e-06
5.47247e-06
1.14288e-05
1.08377e-05
3.70633e-06
9.19133e-06
6.76353e-06
1.50808e-05
1.44827e-05
2.16945e-05
9.64894e-06
5.55077e-06
9.66211e-06
1.47935e-05
1.69401e-05
9.98231e-06
9.39648e-06
3.79934e-06
1.78566e-05
1.07504e-05
5.95488e-06
6.18316e-06
2.10923e-05
1.05281e-05
7.09947e-06
4.10389e-06
3.40221e-06
9.37792e-06
1.60737e-05
5.41566e-06
2.70934e-06
6.96084e-06
1.66703e-05
1.4631e-05
5.36063e-06
9.77694e-06
5.81034e-06
5.93015e-06
6.36117e-06
6.58297e-06
1.01853e-05
7.29879e-06
1.33454e-05
7.23776e-06
7.22767e-06
1.99283e-05
6.95317e-06
1.19478e-05
7.22125e-06
4.81769e-06
6.70493e-06
1.7296e-05
1.87842e-05
6.06938e-06
9.25054e-06
2.19976e-05
1.16618e-05
1.10688e-05
1.88022e-05
3.89813e-05
4.15164e-06
1.08543e-05
6.61349e-06
1.44129e-05
4.71785e-06
7.06122e-06
8.82567e-06
1.30398e-05
8.57236e-06
2.17824e-05
8.6543e-06
6.64993e-06
3.33189e-06
9.374e-06
1.13847e-05
9.31147e-06
1.49546e-05
1.15933e-05
1.54738e-05
1.50174e-05
4.56694e-06
4.00661e-05
1.55142e-05
3.82937e-06
1.43476e-05
5.44342e-06
1.54284e-05
1.56207e-05
1.30038e-05
1.15374e-05
6.62773e-06
4.87481e-06
9.25595e-06
1.19902e-05
1.12936e-05
2.35553e-05
6.99907e-06
5.71256e-06
5.22763e-05
1.26581e-05
5.63468e-06
1.80523e-05
7.39993e-06
3.93744e-06
6.4889e-06
1.066e-05
1.06162e-05
1.6558e-05
9.27993e-06
2.09971e-05
8.97279e-06
2.04556e-05
1.19035e-05
6.81053e-06
5.55765e-06
2.47118e-05
3.40628e-06
4.27124e-06
9.05573e-06
1.08794e-05
1.50331e-06
1.15219e-05
1.24226e-05
5.53262e-06
5.73092e-06
1.06378e-05
6.87286e-06
1.37662e-05
9.31214e-06
8.45864e-06
1.32286e-05
1.76335e-05
1.84911e-05
1.65515e-05
1.18869e-05
6.65321e-06
8.29976e-06
1.03982e-05
4.53544e-06
1.55192e-05
1.70596e-05
2.7052e-05
4.61917e-06
1.28e-05
7.03217e-06
1.80084e-05
1.36323e-05
1.76545e-05
1.59324e-05
5.68635e-06
1.3901e-05
9.27137e-06
2.7772e-05
6.55124e-06
9.71702e-06
1.50844e-05
1.97663e-05
8.15142e-06
9.38431e-06
2.71414e-05
8.76165e-06
1.02446e-05
6.2141e-06
1.77027e-05
1.11855e-05
6.50243e-06
6.63324e-06
5.34147e-06
1.61943e-05
5.10386e-06
9.71042e-06
1.09023e-05
1.62469e-05
5.19637e-06
6.22088e-06
7.96225e-06
1.12864e-05
9.18924e-06
2.40216e-05
9.99567e-06
3.91692e-06
5.83052e-06
5.85313e-06
1.64663e-05
6.67964e-06
7.59435e-06
2.11476e-05
1.49113e-06
2.93877e-06
8.12569e-06
3.40701e-06
9.15844e-06
1.31746e-05
2.46898e-05
1.06193e-05
9.95494e-06
7.97251e-06
1.5041e-05
1.64743e-05
1.08608e-05
1.07749e-05
5.4104e-06
1.00252e-05
2.09391e-05
6.33984e-06
1.24259e-05
8.88836e-06
1.16753e-05
6.34428e-06
6.1075e-06
6.3038e-06
2.07486e-05
3.40746e-06
7.07063e-06
4.6172e-06
1.18828e-05
6.18316e-06
1.45895e-05
1.26955e-05
2.63218e-05
8.94367e-06
2.43218e-05
7.29555e-06
3.2031e-06
1.00282e-05
1.93329e-05
6.60527e-06
6.13982e-06
8.22104e-06
7.43767e-06
6.41074e-06
1.70149e-05
5.51398e-06
9.9859e-06
1.68161e-05
1.6169e-05
5.49357e-06
5.38907e-06
1.19153e-05
4.93678e-06
5.77801e-06
1.09827e-05
7.12287e-06
9.65559e-06
6.58848e-06
1.38314e-05
1.51923e-05
8.42186e-06
8.42729e-06
4.60139e-06
1.24843e-05
1.35041e-05
9.46898e-06
1.2862e-05
4.39864e-06
3.7117e-06
1.16791e-05
1.34573e-05
6.78664e-06
1.15173e-05
1.83841e-05
5.3689e-06
6.58713e-06
5.62397e-06
6.86728e-06
1.21197e-05
9.58048e-06
2.38286e-05
5.70663e-06
2.43347e-05
1.74909e-05
1.96598e-05
1.99705e-05
1.5825e-05
6.08305e-06
9.13602e-06
5.56935e-06
3.40584e-06
9.93815e-06
2.08668e-05
2.15466e-05
6.76883e-06
1.11193e-05
1.13407e-05
1.36764e-05
6.94561e-06
8.06701e-06
1.24404e-05
1.83084e-05
5.83496e-06
4.90919e-06
9.22383e-06
5.16887e-06
1.78491e-05
1.70808e-05
5.54406e-06
7.94247e-06
2.81188e-06
9.61349e-06
7.22488e-06
1.49125e-05
1.10553e-05
4.7254e-06
1.00309e-05
3.62371e-05
5.36219e-06
9.73025e-06
4.46769e-06
4.75029e-06
9.44752e-06
1.62201e-05
1.73151e-05
1.3002e-05
9.27007e-06
2.20466e-05
1.32952e-05
1.04384e-05
1.75845e-05
6.857e-06
7.36422e-06
4.38867e-05
1.65281e-05
9.17694e-06
1.04705e-05
5.15274e-06
1.74339e-05
1.495e-05
6.71312e-06
1.50451e-05
8.67625e-06
1.24161e-05
1.27655e-05
9.69314e-06
1.62164e-05
6.9557e-06
5.63798e-06
1.78226e-05
1.29616e-05
7.67168e-06
1.86299e-05
1.15393e-05
2.05147e-05
1.14935e-05
9.39612e-06
9.49811e-06
2.41718e-05
1.33651e-05
2.42099e-05
5.1445e-06
1.20371e-05
1.91504e-05
8.42521e-06
1.48743e-06
4.9178e-06
8.90209e-06
4.73656e-06
8.29059e-06
1.25772e-05
1.40084e-05
2.01099e-05
1.88311e-05
1.74283e-05
5.14744e-06
1.75529e-05
1.82151e-05
5.97563e-06
5.18448e-06
6.85708e-06
1.28853e-05
1.61509e-05
1.75866e-05
4.70215e-06
9.28442e-06
1.93567e-05
1.16151e-05
6.08345e-06
9.15369e-06
2.22987e-05
6.96127e-06
4.09892e-06
6.89045e-06
1.30876e-05
1.0067e-05
2.86865e-05
3.43027e-06
2.41955e-05
6.58792e-06
1.37542e-05
5.34169e-06
1.25539e-05
1.04089e-05
6.66236e-06
1.60989e-05
4.67835e-06
1.12026e-05
1.49603e-05
2.26098e-05
8.92576e-06
7.63754e-06
8.8992e-06
1.31707e-05
3.40792e-06
7.29633e-06
1.28858e-05
1.62447e-05
2.03012e-05
1.71477e-05
1.8178e-05
1.03095e-05
2.91059e-05
6.62953e-06
1.49617e-06
1.64808e-05
7.3824e-06
6.8724e-06
4.9107e-06
1.27959e-05
6.70729e-06
8.6666e-06
1.73805e-05
9.01e-06
1.65921e-05
8.8748e-06
1.11589e-05
9.21931e-06
9.52849e-06
3.3869e-05
8.31897e-06
6.40848e-06
3.70871e-06
1.59422e-05
6.75446e-06
1.53564e-05
4.90826e-06
1.25552e-05
2.13393e-05
9.49966e-06
1.30488e-05
5.45886e-06
2.81843e-06
4.69451e-06
1.72098e-05
8.10345e-06
8.12922e-06
1.58406e-05
7.63461e-06
4.09174e-06
1.04266e-05
6.91067e-06
6.67352e-06
2.00511e-05
9.14977e-06
1.5189e-05
1.9413e-05
1.29637e-05
6.29838e-06
6.13092e-06
1.77662e-05
9.66704e-06
9.73244e-06
6.60775e-06
2.33112e-05
6.19046e-06
1.36108e-05
1.16479e-05
9.74701e-06
4.18852e-06
1.22539e-05
1.63288e-05
1.43307e-05
1.74208e-05
4.29843e-05
2.39139e-05
2.75877e-05
2.09017e-05
1.52292e-05
1.78406e-05
8.35728e-06
1.12417e-05
3.94803e-05
1.78446e-05
7.79035e-06
3.15163e-05
1.02504e-05
6.67759e-06
6.13665e-06
2.26555e-05
2.80579e-06
1.53451e-05
1.06148e-05
1.60132e-05
5.46093e-06
6.26331e-06
1.34872e-05
1.82658e-05
1.05018e-05
9.0786e-06
2.00892e-05
1.32844e-05
1.11506e-05
1.16665e-05
8.36375e-06
6.66936e-06
6.08686e-06
9.35605e-06
2.93356e-05
3.02544e-05
9.28526e-06
1.08474e-05
1.13959e-05
1.90568e-05
2.28789e-05
2.15063e-05
1.47397e-05
9.26826e-06
1.14307e-05
2.70246e-05
2.19968e-05
1.02052e-05
1.79088e-05
1.67929e-05
1.45488e-05
8.30242e-06
1.17686e-05
6.68583e-06
6.39093e-06
9.94053e-06
2.16164e-05
1.94534e-05
1.48968e-06
1.42241e-05
1.42325e-05
1.73162e-05
1.58905e-05
2.0172e-05
3.38932e-05
1.13317e-05
2.40636e-05
8.72684e-06
2.2331e-05
1.48277e-06
7.0831e-06
8.23563e-06
1.39308e-05
1.29469e-05
7.2387e-06
2.11211e-05
9.50033e-06
1.41519e-05
1.00956e-05
8.40614e-06
1.69727e-05
7.30677e-06
1.0847e-05
1.24165e-05
4.39761e-06
2.36391e-05
6.76788e-06
1.50399e-06
1.39501e-05
6.71218e-06
1.44349e-05
1.63009e-05
1.66736e-05
6.56477e-06
1.06437e-05
6.96016e-06
2.33259e-05
4.45273e-06
6.74586e-06
2.01244e-05
5.63672e-06
1.09934e-05
1.52538e-05
9.11194e-06
1.09663e-05
9.65019e-06
6.03196e-06
6.87748e-06
1.73116e-05
1.21357e-05
9.50393e-06
5.628e-06
8.19017e-06
2.38537e-05
1.17162e-05
2.27736e-05
9.73421e-06
9.70761e-06
5.99252e-06
1.36648e-05
1.24666e-05
8.33059e-06
9.78487e-06
1.44841e-05
1.22647e-05
1.87459e-05
2.04891e-05
6.01308e-06
5.67421e-06
1.16302e-05
1.44275e-05
2.44294e-05
1.05412e-05
1.61479e-05
1.49541e-05
5.92905e-06
1.66313e-05
1.05785e-05
8.42235e-06
6.67848e-06
1.49557e-06
6.23735e-06
6.87557e-06
2.01737e-05
1.24015e-05
9.31652e-06
1.25772e-05
2.36968e-05
1.56097e-05
1.93227e-05
7.18122e-06
5.53218e-06
1.5587e-05
5.62084e-06
5.43316e-06
6.76592e-06
2.51318e-05
7.80684e-06
1.37817e-05
7.81808e-06
2.827e-05
8.81756e-06
1.25671e-05
6.34156e-06
1.49434e-06
9.14434e-06
8.84909e-06
7.19772e-06
5.76906e-06
2.29751e-05
2.25444e-05
1.57041e-05
1.64256e-05
1.63908e-05
1.13466e-05
5.18452e-06
1.81972e-05
6.95011e-06
6.39666e-06
1.31188e-05
8.5118e-06
5.10552e-06
9.08484e-06
6.86007e-06
1.71926e-05
1.26258e-05
1.98858e-05
1.55505e-05
2.1873e-05
1.32147e-05
1.43773e-05
1.40747e-05
5.56301e-06
5.20539e-06
9.709e-06
5.03097e-06
8.11376e-06
1.64128e-05
2.20811e-05
1.90739e-05
1.52863e-05
9.19453e-06
9.47933e-06
9.62659e-06
6.36463e-06
6.97468e-06
6.12133e-06
8.2732e-06
6.54133e-06
7.15815e-06
7.06341e-06
7.57118e-06
2.20713e-06
2.44871e-05
1.24698e-05
1.16939e-05
1.30432e-05
1.50719e-06
8.63251e-06
1.16201e-05
6.13134e-06
7.08797e-06
8.32969e-06
1.25536e-05
1.39097e-05
5.9251e-06
7.36867e-06
8.6011e-06
9.69788e-06
1.77862e-05
5.67804e-06
1.39504e-05
1.83452e-05
1.80527e-05
3.40799e-06
3.31413e-05
1.29247e-05
5.15102e-06
5.80541e-06
8.67264e-06
1.91882e-05
2.70064e-05
8.29376e-06
6.66682e-06
9.22236e-06
1.34861e-05
4.67788e-06
1.17594e-05
1.95309e-05
9.19243e-06
6.85563e-06
9.18947e-06
1.45235e-05
1.65385e-05
1.69651e-05
1.09794e-05
6.38325e-06
1.72665e-05
9.45153e-06
3.41421e-06
6.58706e-06
1.39965e-05
2.31205e-05
9.41033e-06
5.5648e-06
7.85131e-06
5.36736e-06
1.82226e-05
1.03327e-05
1.62064e-05
1.15791e-05
8.37513e-06
6.535e-06
5.85107e-06
1.40548e-05
2.11262e-06
1.61171e-05
7.99994e-06
6.14234e-06
3.41126e-06
1.06192e-05
8.14588e-06
2.27478e-05
2.19652e-05
2.36892e-05
1.18564e-05
5.92867e-06
9.22402e-06
6.39059e-06
7.83503e-06
1.50268e-06
1.12027e-05
1.56141e-05
1.58322e-05
1.49791e-06
8.26898e-06
1.4981e-06
1.67056e-05
6.87354e-06
4.09893e-06
4.93309e-06
9.34929e-06
1.06761e-05
1.1967e-05
1.13618e-05
9.22632e-06
1.36435e-05
7.20227e-06
1.71383e-05
4.66484e-06
7.18416e-06
6.87528e-06
1.80548e-05
1.53426e-05
3.51329e-06
2.12392e-05
1.93219e-05
2.16171e-05
6.68921e-06
8.72828e-06
9.96083e-06
1.07869e-05
2.8119e-05
8.18089e-06
6.67033e-06
1.32256e-05
1.48483e-05
1.47027e-05
4.03674e-06
9.05697e-06
5.45102e-06
6.5883e-06
3.23533e-05
9.55936e-06
1.9199e-05
7.92004e-06
9.81988e-06
2.37972e-05
1.12206e-05
1.00171e-05
4.91919e-06
1.27506e-05
8.71242e-06
1.53062e-05
8.36474e-06
7.43124e-06
5.54302e-06
7.14869e-06
4.46138e-06
1.65231e-05
5.53653e-06
1.29919e-05
1.31576e-05
7.60381e-06
5.869e-06
2.49102e-05
1.34751e-05
3.27991e-05
6.92995e-06
2.67576e-05
8.672e-06
2.63354e-05
3.14821e-05
7.52427e-06
1.32819e-05
1.69515e-05
4.94928e-06
2.80961e-06
7.22067e-06
3.75982e-05
5.47953e-06
7.14649e-06
5.62748e-06
4.39867e-06
9.41076e-06
8.43929e-06
1.50002e-06
1.47176e-05
9.40276e-06
8.79697e-06
5.79352e-06
1.0128e-05
1.20343e-05
1.3427e-05
1.21818e-05
6.37218e-06
1.07599e-05
2.66798e-05
6.39501e-06
8.99022e-06
8.6991e-06
9.19893e-06
2.62963e-05
1.32088e-05
1.11225e-05
1.42447e-05
6.22574e-06
7.39201e-06
1.59592e-05
9.25474e-06
6.54469e-06
6.77415e-06
7.07913e-06
1.54741e-05
5.81736e-06
3.95585e-06
9.5825e-06
9.19335e-06
6.17204e-06
9.569e-06
1.04797e-05
4.38865e-06
9.12225e-06
1.47466e-05
5.77206e-06
3.06319e-05
1.35751e-05
4.09897e-06
6.69071e-06
7.70958e-06
6.16306e-06
6.21369e-06
5.15935e-06
2.34082e-05
9.85869e-06
1.84024e-05
1.77916e-05
1.97282e-05
1.90341e-05
7.47452e-06
1.90541e-05
2.03572e-05
1.73886e-05
2.10021e-05
9.42367e-06
6.03506e-06
5.4069e-06
1.59642e-05
1.11086e-05
8.72912e-06
2.14652e-05
1.88986e-05
1.38125e-05
2.00511e-05
1.27705e-05
6.05597e-06
9.62509e-06
9.46085e-06
1.09158e-05
1.54737e-05
9.87508e-06
1.2538e-05
9.35507e-06
2.88751e-05
1.30874e-05
2.0776e-05
1.43869e-05
6.17806e-06
8.8364e-06
2.77895e-05
9.17477e-06
1.11892e-05
2.1332e-05
1.60117e-05
8.45204e-06
9.52768e-06
1.51284e-05
6.4783e-06
7.1924e-06
2.26971e-05
7.8499e-06
1.58911e-05
7.42375e-06
7.39659e-06
1.277e-05
6.91639e-06
5.83174e-06
1.95295e-05
5.12563e-06
1.75746e-05
6.63103e-06
4.21436e-06
1.45115e-05
1.10493e-05
4.51899e-05
1.93946e-05
9.21034e-06
9.41477e-06
1.28919e-05
7.24496e-06
9.23586e-06
1.29333e-05
1.98972e-05
9.6501e-06
9.46402e-06
6.93829e-06
5.38179e-06
1.73402e-05
2.28881e-06
2.15708e-05
1.33187e-05
6.95766e-06
1.16694e-05
1.59545e-05
1.69867e-05
1.13623e-05
1.65877e-05
1.65315e-05
1.45687e-05
1.15286e-05
1.42445e-05
7.75938e-06
5.39793e-06
1.04937e-05
2.12044e-05
7.82658e-06
9.52393e-06
1.59608e-05
2.25873e-05
9.5007e-06
5.17206e-06
8.30793e-06
5.82857e-06
9.54116e-06
1.10368e-05
2.07489e-05
7.17737e-06
2.53054e-05
8.79515e-06
1.51904e-05
6.65327e-06
6.06713e-06
7.21226e-06
1.62864e-05
9.01455e-06
5.44234e-06
7.86647e-06
2.18732e-05
1.26177e-05
1.21724e-05
1.64248e-05
4.39441e-06
8.38055e-06
1.24273e-05
2.04783e-05
1.27376e-05
2.69374e-05
7.17743e-06
9.08578e-06
1.12598e-05
1.17535e-05
2.36888e-05
7.34251e-06
3.10899e-05
4.68894e-06
1.56234e-05
2.8092e-06
1.29275e-05
1.47948e-05
6.68694e-06
1.51562e-06
2.07581e-05
2.33194e-05
1.33038e-05
8.54396e-06
5.20587e-06
2.08871e-05
1.645e-05
5.06649e-06
2.81205e-05
6.42831e-06
1.33077e-05
6.63739e-06
9.50213e-06
9.76873e-06
5.59728e-06
1.40545e-05
2.84308e-05
1.59967e-05
4.91862e-06
6.39394e-06
1.17758e-05
2.10664e-06
1.01182e-05
7.43258e-06
4.3931e-06
5.64979e-06
1.47142e-05
1.49207e-05
4.57478e-05
4.70806e-06
1.94819e-05
1.64451e-05
6.69989e-06
1.31594e-05
7.12724e-06
7.36429e-06
4.41909e-06
6.83358e-06
2.10663e-05
1.62898e-05
1.49445e-05
1.419e-05
9.57014e-06
1.44365e-05
8.89508e-06
7.47042e-06
1.50181e-05
1.13569e-05
8.44041e-06
1.95593e-05
5.38447e-06
9.5608e-06
5.50305e-06
6.62556e-06
5.43072e-06
8.4723e-06
6.25531e-06
1.79617e-05
5.57549e-06
1.10869e-05
9.89333e-06
1.18036e-05
1.87344e-05
1.75171e-05
3.94727e-06
1.40044e-05
1.27711e-05
1.79184e-05
5.77123e-06
6.22933e-06
6.78587e-06
4.91351e-06
6.03361e-06
1.24062e-05
1.09533e-05
1.50021e-05
3.40328e-06
3.51929e-06
1.83647e-05
8.96706e-06
2.56339e-05
2.20889e-06
9.40093e-06
6.833e-06
7.4073e-06
8.66748e-06
1.5744e-05
1.76613e-05
2.19975e-06
6.24242e-06
4.91286e-06
1.65015e-05
7.39518e-06
1.61109e-05
3.49989e-06
1.70922e-05
9.26015e-06
2.24431e-05
1.49085e-06
6.17155e-06
5.58322e-06
1.30449e-05
5.7936e-06
8.31564e-06
2.36439e-05
7.76091e-06
1.29001e-05
1.1564e-05
6.87723e-06
7.14741e-06
1.09629e-05
6.73262e-06
1.92517e-05
1.01675e-05
8.73305e-06
1.77516e-05
2.1497e-05
6.19572e-06
2.68214e-05
7.56285e-06
1.03964e-05
1.56767e-05
1.33905e-05
1.09474e-05
1.17473e-05
1.13841e-05
2.40269e-05
2.07473e-05
1.5766e-05
1.02342e-05
1.10308e-05
5.68236e-06
1.33827e-05
2.3405e-05
1.54075e-05
1.70919e-05
7.17666e-06
1.91522e-05
5.55165e-06
5.68193e-06
5.06046e-06
4.39123e-06
1.63971e-05
2.28177e-05
1.87618e-05
7.59425e-06
9.43042e-06
2.21494e-05
4.40573e-06
1.25235e-05
6.85694e-06
9.96444e-06
1.48609e-05
2.10672e-06
1.29034e-05
7.88103e-06
1.56888e-05
1.68189e-05
7.03387e-06
1.48918e-06
1.1126e-05
2.45566e-05
1.54616e-05
2.80444e-06
1.77954e-05
9.53876e-06
5.68148e-06
2.16121e-05
7.17149e-06
4.4386e-06
1.73428e-05
1.75354e-05
9.25083e-06
1.50569e-05
9.70851e-06
9.38072e-06
1.71216e-05
6.11142e-06
4.62339e-06
5.38686e-06
6.37777e-06
1.27621e-05
5.90554e-06
6.77331e-06
2.22416e-05
2.11357e-06
9.17739e-06
4.18076e-06
1.69074e-05
1.53748e-05
3.06911e-05
4.47179e-06
1.53831e-05
6.05151e-06
1.74604e-05
1.2512e-05
5.85394e-06
2.90815e-05
8.4709e-06
1.00717e-05
1.6192e-05
1.25939e-05
9.5854e-06
1.4674e-05
2.73467e-05
3.82556e-06
4.68531e-06
1.37328e-05
7.37624e-06
1.47566e-05
1.2969e-05
1.18889e-05
9.042e-06
1.59307e-05
9.43285e-06
1.54139e-05
9.34101e-06
5.59017e-06
9.63414e-06
2.65308e-05
2.1014e-05
7.16038e-06
1.28315e-05
1.65072e-05
7.28707e-06
7.32644e-06
1.61336e-05
2.71107e-06
1.01723e-05
1.84788e-05
7.50722e-06
1.42966e-05
1.85794e-05
1.43908e-05
2.02675e-05
1.49555e-05
1.48568e-06
9.69153e-06
7.69189e-06
4.24291e-06
1.32832e-05
1.11646e-05
1.55996e-05
7.81391e-06
4.87012e-06
1.39684e-05
6.84945e-06
1.14984e-05
1.80873e-05
1.08175e-05
7.42034e-06
2.33113e-05
7.7073e-06
2.84236e-05
2.30872e-05
1.06066e-05
5.39452e-06
1.96229e-05
1.10056e-05
5.83441e-06
8.14255e-06
5.28358e-06
2.47197e-05
1.5302e-05
7.86261e-06
7.80383e-06
4.10017e-06
1.80368e-05
1.59178e-05
3.25985e-05
8.13571e-06
5.40967e-06
2.1819e-05
1.30403e-05
2.93499e-05
6.42887e-06
2.15837e-05
9.4233e-06
9.10702e-06
1.42956e-05
6.25537e-06
1.18189e-05
1.48824e-05
4.38854e-06
1.95313e-05
1.11763e-05
1.02689e-05
1.50017e-06
1.21001e-05
6.58835e-06
4.68205e-06
2.96371e-05
2.16082e-05
1.05904e-05
4.38987e-06
9.64328e-06
1.19579e-05
6.85913e-06
1.50975e-06
1.54594e-05
1.45394e-05
6.17447e-06
3.05933e-05
1.19962e-05
2.54077e-05
7.77702e-06
6.74444e-06
6.64968e-06
3.10438e-06
6.56148e-06
2.81949e-06
7.08004e-06
6.1281e-06
5.43331e-06
1.48938e-05
1.3043e-05
7.10473e-06
7.40481e-06
1.78576e-05
7.58943e-06
4.41356e-06
1.76119e-05
1.10795e-05
1.00553e-05
4.39511e-06
6.62676e-06
1.03064e-05
6.60636e-06
8.65343e-06
5.33683e-06
1.1722e-05
1.70806e-05
8.73478e-06
1.06399e-05
1.55896e-05
3.51508e-06
9.6659e-06
5.58337e-06
4.38849e-06
4.47272e-06
9.90042e-06
6.93336e-06
1.1325e-05
2.19665e-05
2.11759e-05
9.1793e-06
1.57754e-05
5.4002e-06
5.21476e-06
1.19134e-05
7.87087e-06
1.52939e-05
4.40308e-06
1.67592e-05
1.40514e-05
7.20832e-06
1.1565e-05
4.04271e-05
6.07791e-06
8.38572e-06
9.4812e-06
5.45931e-06
1.01006e-05
6.06308e-06
2.07068e-05
6.78855e-06
2.05536e-05
9.4259e-06
1.09802e-05
1.75945e-05
2.48744e-05
6.06559e-06
1.90366e-05
2.50067e-06
4.68172e-06
4.76589e-06
6.85861e-06
9.39578e-06
9.61276e-06
4.91431e-06
6.21788e-06
1.96482e-05
1.98952e-05
6.59249e-06
1.2875e-05
1.52931e-05
9.67545e-06
1.97988e-05
1.08848e-05
6.85693e-06
2.11007e-06
1.36625e-05
1.22555e-05
1.1427e-05
8.91487e-06
1.30921e-05
1.48383e-06
2.15564e-05
2.19624e-05
4.62909e-06
6.06271e-06
1.01863e-05
9.14189e-06
6.27812e-06
8.03022e-06
1.19068e-05
1.01981e-05
9.59382e-06
1.90018e-05
1.35332e-05
1.08949e-05
5.60886e-06
1.37027e-05
1.12566e-05
1.251e-05
1.24675e-05
2.12601e-05
2.46323e-05
8.09479e-06
2.94853e-05
7.37854e-06
5.50364e-06
1.23316e-05
9.78075e-06
6.32082e-06
7.98244e-06
1.72695e-05
6.73021e-06
4.94233e-06
4.92062e-06
7.44943e-06
5.40172e-06
1.46233e-05
1.42366e-05
1.22615e-05
6.87866e-06
1.03201e-05
1.78609e-05
5.83488e-06
7.34243e-06
2.26821e-05
1.0376e-05
5.94828e-06
1.2845e-05
7.98902e-06
1.5728e-05
2.74038e-05
1.80216e-05
1.83336e-05
7.63198e-06
1.74613e-05
2.12077e-05
4.93656e-06
1.97135e-05
2.82201e-05
6.95128e-06
1.7166e-05
6.21856e-06
2.47688e-05
1.12798e-05
6.60693e-06
5.93693e-06
8.56072e-06
1.35828e-05
1.30741e-05
1.52545e-05
1.85162e-05
7.92453e-06
6.30651e-06
8.91791e-06
1.44103e-05
2.36484e-05
1.12729e-05
3.13751e-05
2.26319e-05
1.21632e-05
3.92075e-06
2.84465e-05
9.02043e-06
1.0552e-05
4.91885e-06
1.19274e-05
1.14934e-05
1.07788e-05
1.30281e-05
1.87958e-05
1.23691e-05
8.65827e-06
3.95705e-06
1.53415e-05
6.64629e-06
1.68596e-05
1.00317e-05
1.11513e-05
1.23912e-05
6.03615e-06
2.01999e-05
9.34348e-06
1.10072e-05
6.58446e-06
3.03899e-05
7.4162e-06
1.74854e-05
1.0955e-05
1.58517e-05
3.57042e-05
6.44202e-06
6.69245e-06
5.93276e-06
2.42505e-05
1.06293e-05
1.34909e-05
1.05464e-05
6.64863e-06
6.19698e-06
1.07117e-05
6.70269e-06
4.62895e-06
8.69916e-06
4.70449e-06
3.50775e-06
5.80175e-06
6.17686e-06
5.87683e-06
6.63031e-06
1.07359e-05
1.60859e-05
2.4315e-05
1.71029e-05
1.54756e-05
1.87726e-05
1.75965e-05
2.27338e-05
6.81566e-06
2.35547e-05
1.47217e-05
9.53894e-06
1.96532e-05
4.099e-06
6.9918e-06
1.42347e-05
1.23795e-05
1.97592e-05
9.65643e-06
1.27197e-05
9.20372e-06
9.78715e-06
1.2538e-05
1.77487e-05
1.28699e-05
6.8973e-06
1.04159e-05
1.26511e-05
4.92989e-06
1.35327e-05
6.87037e-06
1.77465e-05
6.54535e-06
1.20314e-05
5.76916e-06
7.17491e-06
1.74306e-05
6.20326e-06
7.33726e-06
9.21116e-06
1.07611e-05
1.26078e-05
1.3498e-05
1.50123e-05
9.36247e-06
1.30157e-05
6.95515e-06
1.69819e-05
2.71058e-06
6.05557e-06
9.28482e-06
1.17507e-05
1.16729e-05
2.8148e-06
1.40732e-05
1.164e-05
1.41552e-05
5.18191e-06
4.92681e-06
5.44161e-06
1.26887e-05
1.13689e-05
4.63301e-06
1.52194e-05
6.24716e-06
9.69801e-06
2.80906e-06
5.39467e-06
5.05589e-06
6.77632e-06
2.52712e-05
5.12828e-06
5.29217e-06
5.44349e-06
1.85415e-05
1.41395e-05
1.84581e-05
4.06267e-06
6.62086e-06
1.27402e-05
1.48952e-05
1.70117e-05
1.48798e-05
8.65932e-06
1.57135e-05
7.44218e-06
2.20636e-06
5.85569e-06
1.17982e-05
1.80162e-05
7.15175e-06
6.40676e-06
2.93112e-05
2.08212e-05
3.50489e-06
8.7307e-06
9.31358e-06
6.68579e-06
1.39891e-05
1.95956e-05
4.91354e-06
5.16212e-06
3.14345e-05
2.11772e-05
7.09109e-06
8.13478e-06
6.43745e-06
2.12064e-05
1.48996e-06
9.16677e-06
1.21926e-05
6.91903e-06
7.03191e-06
1.72901e-05
1.6875e-05
6.22908e-06
5.55701e-06
1.25469e-05
3.79552e-06
7.58828e-06
1.77252e-05
5.79617e-06
1.26128e-05
4.43988e-06
1.06004e-05
8.73971e-06
7.36867e-06
1.06606e-05
1.00708e-05
1.07674e-05
1.13014e-05
1.04952e-05
2.02935e-05
8.99016e-06
9.03361e-06
1.30612e-05
1.73289e-05
1.60225e-05
1.69402e-05
6.33168e-06
6.11389e-06
1.35515e-05
1.3482e-05
4.91587e-06
5.40663e-06
1.87673e-05
1.82174e-05
1.38339e-05
1.16436e-05
1.60227e-05
7.68082e-06
1.20009e-05
8.12145e-06
8.56092e-06
4.10029e-06
1.16596e-05
1.28175e-05
2.20087e-05
1.49148e-06
6.30044e-06
4.44959e-06
9.05359e-06
2.3532e-05
6.46219e-06
1.49931e-05
6.60868e-06
7.03671e-06
1.12068e-05
6.70416e-06
4.35907e-06
1.1474e-05
6.65262e-06
1.89448e-05
4.1061e-06
4.39479e-06
6.99587e-06
1.17998e-05
1.787e-05
2.36857e-05
6.94815e-06
2.48936e-05
2.50635e-05
1.04355e-05
5.79285e-06
1.13165e-05
3.8128e-06
1.64186e-05
8.65391e-06
1.64549e-05
6.88916e-06
1.36051e-05
6.85357e-06
6.85692e-06
6.28655e-06
7.32372e-06
2.62275e-05
1.78454e-05
6.87112e-06
1.17517e-05
1.21515e-05
9.09079e-06
6.32467e-06
1.50614e-06
9.42878e-06
8.65646e-06
4.90458e-06
5.92799e-06
1.57162e-05
2.71542e-06
1.3938e-05
9.19024e-06
1.20283e-05
1.65555e-05
8.04482e-06
1.1967e-05
2.16855e-05
5.15626e-06
6.58123e-06
4.40481e-06
1.03554e-05
1.30804e-05
4.16884e-06
5.62216e-06
1.36912e-05
9.72827e-06
1.49693e-06
1.19255e-05
1.36377e-05
7.78658e-06
1.25653e-05
7.32108e-06
1.40233e-05
2.23936e-05
7.24959e-06
1.3449e-05
6.35686e-06
9.67536e-06
6.70866e-06
1.37582e-05
1.05047e-05
4.52959e-06
9.3071e-06
2.21364e-05
1.02824e-05
1.04429e-05
1.04684e-05
1.46363e-05
5.31792e-06
5.15326e-06
1.43848e-05
1.23519e-05
1.46621e-05
5.84923e-06
1.15197e-05
1.30954e-05
7.42865e-06
1.02001e-05
5.36156e-06
1.03444e-05
1.293e-05
1.49842e-05
1.59437e-05
9.85056e-06
1.17983e-05
1.21494e-05
7.85332e-06
5.12197e-06
1.52578e-05
1.2017e-05
5.19475e-06
3.80329e-06
9.10572e-06
6.08303e-06
1.09671e-05
1.28078e-05
1.48772e-06
9.47134e-06
9.22909e-06
6.14322e-06
1.72047e-05
1.5596e-05
9.27001e-06
1.34227e-05
1.53748e-05
1.22616e-05
9.8556e-06
1.50827e-06
1.79875e-05
1.80842e-05
9.65882e-06
3.00584e-05
1.68543e-05
1.22809e-05
1.86719e-05
1.8e-05
2.1334e-05
1.13189e-05
6.87793e-06
6.16974e-06
1.53159e-05
6.40856e-06
7.4145e-06
1.12789e-05
9.83412e-06
1.66906e-05
1.38339e-05
1.29774e-05
7.40425e-06
1.86112e-05
2.2687e-05
4.76856e-06
1.49259e-05
1.07624e-05
1.65459e-05
6.0272e-06
1.50433e-05
1.25495e-05
1.57749e-05
6.03942e-06
1.25323e-05
3.40714e-06
9.06847e-06
9.60399e-06
1.29679e-05
2.34548e-05
5.13122e-06
6.87806e-06
6.87167e-06
4.38872e-06
4.57648e-06
3.66965e-06
7.16083e-06
7.26757e-06
1.92333e-05
3.49958e-06
9.1691e-06
6.63151e-06
7.83474e-06
1.68575e-05
1.89404e-05
1.95253e-05
1.50919e-06
6.2627e-06
1.27415e-05
5.46256e-06
5.13945e-06
7.83817e-06
8.13251e-06
2.79648e-06
1.30095e-05
1.23223e-05
6.21886e-06
1.36349e-05
7.69555e-06
1.22519e-05
3.51311e-06
4.99003e-06
6.13493e-06
1.21601e-05
1.32801e-05
7.08462e-06
1.76993e-05
1.19029e-05
7.073e-06
9.64435e-06
5.1213e-06
1.83007e-05
1.25412e-05
1.81344e-05
1.11888e-05
2.19585e-05
2.47243e-05
9.22031e-06
1.42969e-05
9.42454e-06
1.0617e-05
6.56034e-06
8.75984e-06
1.82626e-05
7.58213e-06
1.51768e-05
1.13667e-05
1.8952e-05
1.87687e-05
6.58326e-06
2.71918e-06
5.16514e-06
1.62408e-05
1.14101e-05
7.04762e-06
5.98788e-06
6.25986e-06
7.28091e-06
1.49988e-06
5.13684e-06
1.3916e-05
8.74111e-06
1.11109e-05
6.44528e-06
7.64911e-06
8.99438e-06
1.70024e-05
1.05766e-05
4.68205e-06
6.02873e-06
2.66058e-05
8.04242e-06
4.39708e-06
3.8023e-06
2.29574e-05
1.5363e-05
8.91889e-06
1.39827e-05
6.63434e-06
9.96693e-06
1.67752e-05
6.12671e-06
1.25361e-05
1.23063e-05
1.50603e-06
8.80115e-06
9.93104e-06
1.95898e-05
7.48773e-06
2.80714e-06
2.11469e-05
5.17576e-05
1.028e-05
1.2479e-05
6.60874e-06
4.30101e-06
6.87656e-06
4.52081e-05
3.44099e-06
1.01849e-05
5.3167e-06
6.56738e-06
8.6528e-06
1.47765e-05
1.07362e-05
1.81352e-05
1.5485e-05
3.84239e-05
1.46473e-05
2.95205e-05
6.62056e-06
7.4461e-06
5.41469e-06
6.13727e-06
1.20795e-05
1.28527e-05
6.628e-06
5.94392e-06
1.28387e-05
1.1187e-05
1.81059e-05
9.23412e-06
8.85131e-06
1.31888e-05
6.17092e-06
2.21999e-05
4.3885e-06
6.85693e-06
1.29299e-05
1.28408e-05
8.15789e-06
4.66919e-06
1.05125e-05
4.88581e-06
6.27126e-06
1.14757e-05
3.40347e-05
6.61503e-06
1.32721e-05
1.22143e-05
1.6767e-05
8.38504e-06
2.11512e-06
2.2068e-05
3.40957e-06
4.72288e-06
6.22909e-06
7.81287e-06
6.80518e-06
2.28991e-05
1.7764e-05
1.09242e-05
2.29978e-05
1.92956e-05
2.08493e-05
7.23451e-06
9.67397e-06
1.30642e-05
3.72187e-06
4.21009e-06
1.4571e-05
1.06826e-05
1.26687e-05
2.88147e-05
1.332e-05
7.0902e-06
2.5611e-05
9.18082e-06
1.31882e-05
5.1303e-06
6.46378e-06
1.78436e-05
7.83234e-06
7.86989e-06
3.51227e-05
7.81802e-06
4.69414e-06
5.07874e-06
8.23998e-06
5.96565e-06
6.35892e-06
8.90222e-06
2.03786e-05
2.16181e-05
1.40841e-05
6.11049e-06
7.72403e-06
7.82533e-06
1.05769e-05
1.57542e-05
1.7052e-05
1.25622e-05
1.45463e-05
3.40178e-06
1.73365e-05
1.53409e-05
3.51588e-06
1.79562e-05
7.90393e-06
1.38464e-05
6.38864e-06
1.4613e-05
1.08394e-05
2.74403e-05
1.57639e-05
4.40056e-06
1.66851e-05
7.17793e-06
1.26898e-05
2.89985e-06
6.61585e-06
2.40698e-05
9.25367e-06
1.67234e-05
1.3891e-05
7.88797e-06
1.50328e-06
6.26532e-06
6.03379e-06
9.50874e-06
3.70936e-06
2.49575e-05
3.40487e-06
1.22759e-05
7.76717e-06
1.30049e-05
9.26486e-06
1.1443e-05
1.2546e-05
2.6717e-05
6.7688e-06
2.31862e-05
2.03788e-05
1.23275e-05
1.95051e-05
9.06846e-06
1.01992e-05
4.51411e-06
1.67876e-05
5.11732e-06
1.74203e-05
5.88467e-06
1.8172e-05
1.5171e-05
6.60829e-06
4.77285e-06
1.36819e-05
6.97161e-06
1.66094e-05
1.31424e-05
2.15029e-05
1.82616e-05
1.12718e-05
1.25102e-05
1.51509e-06
2.26326e-05
1.35068e-05
9.13012e-06
4.60097e-06
7.78957e-06
1.20983e-05
3.4194e-06
1.57107e-05
6.71324e-06
4.39476e-06
4.69503e-06
1.94512e-05
2.87363e-05
8.58089e-06
1.60712e-05
5.40343e-06
7.17738e-06
6.21507e-06
1.66256e-05
4.98764e-06
1.16512e-05
1.03518e-05
4.34382e-06
2.35953e-05
5.42186e-06
9.49308e-06
8.33101e-06
6.80954e-06
5.95224e-06
5.6013e-06
1.45769e-05
5.58586e-06
6.687e-06
8.83437e-06
7.82645e-06
9.31983e-06
1.20662e-05
1.74325e-05
6.36368e-06
1.27723e-05
1.63278e-05
1.08924e-05
1.17743e-05
5.09987e-06
2.98498e-05
1.28926e-05
1.69056e-05
1.31826e-05
4.87813e-06
6.14809e-06
2.81383e-06
6.15787e-06
8.83402e-06
1.31227e-05
8.42391e-06
1.24784e-05
8.2978e-06
7.09951e-06
2.57646e-05
1.65163e-05
4.90207e-06
6.86998e-06
4.86067e-06
7.17755e-06
1.98653e-05
2.62086e-05
1.34017e-05
1.22012e-05
8.96753e-06
1.37611e-05
2.81105e-05
2.83051e-05
8.55751e-06
3.12066e-05
5.96654e-06
5.87085e-06
6.12239e-06
2.69636e-05
1.20409e-05
1.03604e-05
1.45934e-05
6.27548e-06
6.35509e-06
1.86507e-05
9.79943e-06
9.38786e-06
5.47054e-06
1.85331e-05
1.5019e-06
7.37231e-06
3.41282e-06
1.48001e-05
2.35369e-05
1.58523e-05
1.92849e-05
4.67971e-06
9.76619e-06
6.66881e-06
2.58219e-05
1.64245e-05
7.19352e-06
1.45942e-05
2.08938e-05
1.55558e-05
1.18382e-05
4.45078e-06
9.796e-06
7.20752e-06
9.29283e-06
9.28049e-06
1.19745e-05
1.32759e-05
1.42597e-05
6.10949e-06
1.57664e-05
9.8615e-06
1.70729e-05
9.15473e-06
7.79406e-06
8.0985e-06
9.83471e-06
1.49769e-06
6.61773e-06
7.8521e-06
1.41643e-05
9.2894e-06
1.18065e-05
1.33888e-05
2.21132e-06
5.16943e-06
7.21082e-06
1.8434e-05
1.28722e-05
9.4555e-06
1.88092e-05
1.39578e-05
9.50559e-06
2.23785e-05
1.50965e-05
1.28049e-05
1.8259e-05
7.21902e-06
1.53353e-05
4.17749e-06
9.76365e-06
1.99753e-05
2.74636e-05
7.01056e-06
9.27586e-06
1.2504e-05
9.20667e-06
9.2673e-06
2.22189e-05
1.78147e-05
1.67277e-05
2.06125e-05
5.37228e-06
1.33605e-05
7.80639e-06
9.79164e-06
9.55673e-06
2.01879e-05
5.14161e-06
1.60358e-05
2.13425e-05
6.22512e-06
7.64848e-06
2.20071e-05
1.05809e-05
9.12888e-06
6.89253e-06
1.21618e-05
8.18782e-06
4.39968e-06
6.70837e-06
9.18699e-06
1.02297e-05
1.23981e-05
1.51362e-05
2.70543e-05
1.06115e-05
9.89345e-06
1.67479e-05
1.81396e-05
8.44918e-06
6.73985e-06
1.04716e-05
9.36145e-06
9.18322e-06
1.05678e-05
1.01646e-05
1.45597e-05
1.15471e-05
1.875e-05
6.27464e-06
7.65651e-06
1.51188e-05
7.1465e-06
6.36644e-06
2.42876e-05
1.07646e-05
1.09326e-05
6.99815e-06
2.84332e-05
8.16352e-06
1.46999e-05
1.49128e-05
1.40174e-05
4.10586e-06
2.81105e-06
6.87879e-06
1.48312e-05
6.50802e-06
6.70537e-06
1.66482e-05
2.09302e-05
1.8084e-05
8.08863e-06
1.27671e-05
6.60126e-06
9.92536e-06
2.09051e-05
2.1946e-05
9.71666e-06
9.16603e-06
1.40642e-05
7.12529e-06
1.05023e-05
1.16622e-05
4.6821e-06
9.86155e-06
6.16186e-06
1.40402e-05
5.75359e-06
2.49152e-05
1.57652e-05
8.22218e-06
7.83221e-06
2.63361e-05
3.08064e-05
2.45399e-05
1.82116e-05
9.94045e-06
1.40304e-05
6.60644e-06
1.13568e-05
6.68086e-06
1.12398e-05
1.95819e-05
1.93623e-05
4.09894e-06
7.39007e-06
8.85215e-06
7.95163e-06
1.9143e-05
6.54056e-06
1.27689e-05
1.01577e-05
1.55952e-05
1.69474e-05
7.04223e-06
1.43198e-05
2.31904e-05
3.79823e-06
1.04268e-05
2.0899e-05
6.66645e-06
7.99112e-06
1.34661e-05
6.7246e-06
2.56288e-05
7.42921e-06
7.07991e-06
4.45376e-06
9.31751e-06
1.31492e-05
3.95698e-05
5.3358e-06
1.51219e-05
7.83725e-06
9.48006e-06
1.42576e-05
5.95254e-06
1.08573e-05
8.57776e-06
6.94367e-06
5.88831e-06
2.27714e-05
1.22148e-05
8.60932e-06
1.52189e-05
1.28162e-05
4.2713e-06
2.90069e-05
9.33545e-06
1.91192e-05
2.16444e-05
5.78692e-06
9.34582e-06
7.79414e-06
8.67985e-06
1.05019e-05
1.48588e-06
1.10028e-05
4.39748e-06
1.80035e-05
8.48066e-06
1.0845e-05
2.5487e-05
1.44741e-05
1.74705e-05
2.62657e-05
1.23272e-05
1.6009e-06
9.3696e-06
1.08046e-05
1.40409e-05
1.32699e-05
1.55664e-05
1.43985e-05
1.47798e-05
1.7942e-05
1.77021e-05
7.59089e-06
1.14556e-05
7.11483e-06
1.35916e-05
1.28941e-05
6.05684e-06
1.56634e-05
1.43458e-05
4.69022e-06
6.65112e-06
3.06744e-05
1.21531e-05
6.73137e-06
1.06461e-05
8.75113e-06
7.14649e-06
1.04222e-05
5.85815e-06
1.42575e-05
1.16466e-05
2.93814e-06
2.11358e-06
2.35582e-05
1.48203e-05
2.14262e-05
1.09899e-05
8.63808e-06
2.34811e-05
9.52916e-06
1.14914e-05
2.98846e-05
1.14921e-05
1.0769e-05
2.93181e-05
2.45114e-05
1.59873e-05
5.8605e-06
9.32701e-06
9.24946e-06
1.35159e-05
3.06576e-05
9.89914e-06
1.31074e-05
1.35483e-05
5.59602e-06
1.14005e-05
1.0487e-05
1.53891e-05
1.52624e-05
9.4136e-06
1.28238e-05
1.28064e-05
8.68811e-06
1.32328e-05
7.17645e-06
1.60198e-05
1.27293e-05
1.44509e-05
7.18455e-06
1.81402e-05
5.53493e-06
1.2614e-05
7.11078e-06
6.64172e-06
9.29183e-06
2.11193e-06
8.93889e-06
1.9099e-05
9.03289e-06
1.702e-05
1.42897e-05
4.62976e-06
2.08964e-05
1.12696e-05
6.64333e-06
1.08712e-05
1.16282e-05
1.40755e-05
2.02614e-05
9.38281e-06
1.37619e-05
7.62246e-06
1.7593e-05
4.57624e-06
8.59951e-06
1.29051e-05
9.32945e-06
2.11656e-06
1.37876e-05
4.79502e-06
2.74923e-05
7.18668e-06
6.82423e-06
9.44105e-06
1.80036e-05
1.12675e-05
6.13921e-06
1.13355e-05
1.03417e-05
1.70179e-05
6.39488e-06
1.02057e-05
8.15643e-06
1.64978e-05
9.27566e-06
9.69386e-06
1.61178e-05
2.46964e-05
1.18108e-05
1.83511e-05
9.02675e-06
1.03429e-05
1.5325e-05
4.62007e-06
1.08558e-05
1.26773e-05
1.09214e-05
2.23237e-05
1.22346e-05
9.21484e-06
5.39602e-06
5.40071e-06
1.00765e-05
2.82152e-06
7.59622e-06
1.63599e-05
1.50546e-06
1.97562e-05
7.59364e-06
1.24355e-05
9.89817e-06
3.00748e-05
8.538e-06
7.18157e-06
8.42067e-06
5.40129e-06
6.95853e-06
1.44597e-05
2.17452e-05
1.82781e-05
1.76396e-05
1.71304e-05
6.76906e-06
1.35091e-05
1.51497e-05
8.63146e-06
6.52385e-06
7.44584e-06
4.92599e-06
9.59065e-06
2.80974e-06
2.02722e-05
1.32359e-05
1.3755e-05
5.15926e-06
7.91631e-06
8.33571e-06
1.10659e-05
6.87311e-06
1.28832e-05
1.35059e-05
1.24571e-05
3.62717e-05
1.97819e-05
1.19645e-05
1.04012e-05
1.17675e-05
2.27033e-05
1.66721e-05
5.11521e-06
1.63296e-05
1.64838e-05
1.05551e-05
3.70738e-06
1.51168e-05
1.49319e-06
1.50169e-06
1.02264e-05
1.09825e-05
2.16436e-05
6.22773e-06
2.80472e-06
1.16972e-05
1.12614e-05
9.4693e-06
1.11429e-05
7.83209e-06
1.30493e-05
1.20615e-05
8.74022e-06
2.63041e-05
8.39272e-06
1.59017e-05
9.25193e-06
8.97067e-06
6.17038e-06
1.62034e-05
1.20187e-05
4.93163e-06
1.28376e-05
3.74332e-05
6.95887e-06
9.26504e-06
2.12104e-05
5.78425e-06
7.64216e-06
1.27522e-05
8.06752e-06
6.52159e-06
1.00346e-05
1.99692e-05
6.65089e-06
1.29366e-05
1.21597e-05
6.96235e-06
1.0441e-05
5.94087e-06
1.31461e-05
9.16971e-06
9.45915e-06
8.60602e-06
8.64067e-06
1.83842e-05
2.85533e-05
1.30465e-05
1.49807e-05
1.57209e-05
1.02656e-05
7.40265e-06
4.38858e-06
5.85378e-06
1.75052e-05
4.91017e-06
2.00488e-05
1.35269e-05
4.09892e-06
2.05628e-05
4.6804e-06
2.16154e-05
1.96663e-05
7.76828e-06
1.4664e-05
7.60293e-06
5.32996e-06
5.90718e-06
1.75563e-05
1.33749e-05
9.81059e-06
7.03498e-06
1.38742e-05
9.31484e-06
1.52622e-05
1.34992e-05
1.30483e-05
3.24885e-05
1.31602e-05
1.2593e-05
1.31647e-05
5.82177e-06
1.46109e-05
9.2212e-06
8.36371e-06
1.03434e-05
6.65656e-06
1.12815e-05
1.45599e-05
2.03116e-05
2.69329e-05
1.37917e-05
1.76879e-05
1.24949e-05
9.15141e-06
1.66817e-05
5.20701e-06
1.86152e-05
9.741e-06
1.73847e-05
1.17447e-05
5.61358e-06
1.35051e-05
5.21877e-06
1.56846e-05
1.65943e-05
1.62237e-05
2.48254e-05
7.0275e-06
4.39462e-06
7.19664e-06
1.17108e-05
1.84166e-05
1.39168e-05
9.89367e-06
1.16531e-05
1.54916e-05
8.96876e-06
2.81739e-06
2.33664e-05
8.25131e-06
7.15266e-06
1.52338e-05
1.44296e-05
1.41525e-05
5.136e-06
6.80949e-06
1.25539e-05
1.71566e-05
8.03322e-06
2.445e-05
2.38255e-05
1.19253e-05
1.20513e-05
6.34883e-06
1.63796e-05
2.2194e-05
1.11843e-05
1.71873e-05
2.40135e-05
1.70185e-05
1.53255e-05
9.25627e-06
1.3536e-05
8.67443e-06
1.03226e-05
1.64649e-05
6.9504e-06
1.24232e-05
7.54298e-06
6.60961e-06
7.72385e-06
1.14254e-05
6.87072e-06
1.23384e-05
9.6615e-06
7.21208e-06
1.54063e-05
4.11715e-06
8.02624e-06
4.10166e-06
1.8272e-05
3.09654e-06
9.27153e-06
7.28893e-06
1.53266e-05
1.73729e-05
1.92291e-05
1.99844e-05
1.07838e-05
3.08149e-05
8.61409e-06
1.8031e-05
3.11317e-05
2.00427e-05
1.06462e-05
1.76541e-05
1.36058e-05
4.33852e-06
2.20416e-05
1.89726e-05
1.10585e-05
1.30886e-05
5.38183e-06
1.54973e-05
1.23712e-05
1.24737e-05
3.30829e-05
8.7978e-06
1.89196e-05
1.70865e-05
1.27601e-05
1.29868e-05
4.09902e-06
1.76184e-05
1.94004e-05
6.58463e-06
1.55445e-05
1.24934e-05
5.4128e-06
2.1546e-05
1.00074e-05
1.42531e-05
5.96776e-06
1.15022e-05
1.2242e-05
1.33884e-05
1.50705e-05
1.90279e-05
1.67784e-05
8.71334e-06
1.43029e-05
7.38872e-06
6.27438e-06
9.47139e-06
1.96178e-05
2.11533e-05
1.84053e-05
1.08563e-05
5.34759e-06
9.05781e-06
8.8546e-06
2.89974e-05
1.64142e-05
1.62825e-05
1.36385e-05
6.10511e-06
1.30537e-05
2.33939e-05
8.62296e-06
1.39036e-05
1.9332e-05
1.03174e-05
1.07659e-05
1.01041e-05
1.19879e-05
1.33754e-05
7.67594e-06
1.33228e-05
7.05288e-06
1.34489e-05
5.12855e-06
1.68984e-05
9.26412e-06
1.28728e-05
1.564e-05
3.42527e-06
1.41679e-05
3.50158e-06
9.25506e-06
1.15292e-05
1.15574e-05
7.77214e-06
8.61108e-06
1.68441e-05
1.04451e-05
1.40204e-05
8.18687e-06
1.80263e-05
1.15667e-05
1.57575e-05
6.91495e-06
1.61215e-05
8.70654e-06
6.09331e-06
1.8276e-05
2.11888e-06
5.62205e-06
2.84905e-05
2.14768e-05
1.03622e-05
5.57712e-06
9.13957e-06
1.64377e-05
1.05378e-05
5.1897e-06
7.19727e-06
1.60779e-05
7.56231e-06
3.40622e-06
6.79359e-06
6.61586e-06
1.11501e-05
6.03127e-06
1.49708e-05
1.36732e-05
1.46987e-05
8.3486e-06
1.43119e-05
6.54859e-06
1.55482e-05
9.46077e-06
7.28725e-06
8.5662e-06
1.94048e-05
7.29514e-06
1.24201e-05
1.01893e-05
1.74362e-05
8.78269e-06
1.12745e-05
8.6239e-06
6.33744e-06
7.45604e-06
7.25012e-06
1.65113e-05
1.60675e-05
8.31578e-06
5.34123e-06
4.43876e-06
2.12107e-05
3.40409e-06
1.92635e-05
7.02309e-06
2.1186e-05
2.18179e-05
7.29643e-06
1.56737e-05
1.02198e-05
1.74698e-05
7.94553e-06
3.3967e-05
1.30836e-05
2.6685e-05
1.06983e-05
2.38187e-05
6.18932e-06
5.25748e-06
4.90961e-06
1.23742e-05
1.28148e-05
6.59546e-06
3.8006e-06
1.16802e-05
6.78007e-06
1.17546e-05
1.20725e-05
2.1631e-05
7.52297e-06
1.76224e-05
1.0006e-05
9.2113e-06
2.39382e-05
2.13222e-05
6.24315e-05
1.18298e-05
9.17552e-06
5.11807e-06
1.29319e-05
1.62745e-05
7.17521e-06
6.59858e-06
6.64875e-06
7.16623e-06
7.41251e-06
6.74491e-06
1.60443e-05
1.16335e-05
1.15937e-05
4.91791e-06
1.38256e-05
2.4318e-05
8.39338e-06
1.53827e-05
6.1888e-06
3.97996e-05
1.52516e-05
2.49269e-05
9.44402e-06
1.7042e-05
2.53842e-05
9.12177e-06
9.27668e-06
1.82018e-05
1.34892e-05
1.52183e-05
9.22435e-06
9.6139e-06
1.74182e-05
9.56021e-06
3.50671e-06
3.50458e-06
1.22876e-05
8.65926e-06
8.03901e-06
1.52015e-05
2.14409e-05
1.40062e-05
1.36893e-05
6.69035e-06
1.42543e-05
8.63206e-06
8.12468e-06
4.58743e-06
2.20127e-05
1.09084e-05
4.93192e-06
2.98307e-05
1.09978e-05
1.22345e-05
7.07912e-06
6.56736e-06
7.21856e-06
1.84113e-05
9.28958e-06
5.0669e-06
6.18912e-06
7.66859e-06
2.15526e-05
1.48117e-05
1.91415e-05
1.12273e-05
1.13502e-05
1.16454e-05
3.30966e-05
2.32783e-06
1.53363e-05
1.74793e-05
1.05864e-05
1.99479e-05
5.13595e-06
9.21567e-06
6.78128e-06
9.54838e-06
9.57121e-06
1.07285e-05
2.6175e-05
1.63776e-05
6.38287e-06
7.0295e-06
2.34177e-05
1.15205e-05
1.31188e-05
1.77499e-05
6.64423e-06
1.98821e-05
8.10087e-06
2.07645e-05
9.1155e-06
8.31319e-06
9.64459e-06
1.17005e-05
7.32784e-06
4.40396e-06
9.38435e-06
9.45632e-06
1.14366e-05
7.89743e-06
6.71517e-06
9.16368e-06
1.763e-05
1.89129e-05
1.48827e-05
1.22332e-05
4.39745e-06
2.40773e-05
1.43102e-05
5.32932e-06
1.47567e-05
9.57248e-06
7.93628e-06
5.84903e-06
1.10389e-05
8.68686e-06
1.7926e-05
8.94582e-06
4.3928e-06
1.48751e-05
1.51634e-06
3.24707e-05
6.87936e-06
8.35399e-06
9.38413e-06
1.48123e-05
1.25888e-05
8.32816e-06
1.2655e-05
1.26778e-05
1.39718e-05
3.09499e-06
1.75927e-05
1.55841e-05
2.16546e-05
2.38965e-05
5.50766e-06
2.24925e-05
7.88715e-06
3.10185e-05
1.91141e-05
1.49592e-05
7.27545e-06
1.06161e-05
7.02177e-06
1.21366e-05
7.19828e-06
1.67815e-05
6.08925e-06
9.44946e-06
4.10009e-06
1.03197e-05
9.90829e-06
7.18046e-06
4.95899e-06
1.50253e-06
1.25806e-05
1.49188e-05
8.95075e-06
8.94385e-06
6.92208e-06
5.92824e-06
1.41674e-05
1.58479e-05
1.54915e-05
1.0649e-05
8.66901e-06
1.05703e-05
5.90202e-06
7.91431e-06
1.4331e-05
1.36389e-05
1.06107e-05
1.10798e-05
1.821e-05
7.9514e-06
1.10222e-05
1.02708e-05
1.19323e-05
7.72364e-06
6.50298e-06
9.44798e-06
2.7257e-05
2.72102e-05
5.93358e-06
7.98823e-06
2.99275e-05
1.8708e-05
1.14696e-05
2.17353e-05
1.16292e-05
5.17805e-06
6.59188e-06
1.18678e-05
8.95832e-06
7.86922e-06
4.69739e-06
5.60796e-06
1.77831e-05
2.24816e-05
1.77341e-05
9.73633e-06
1.29347e-05
1.28722e-05
2.73342e-05
8.25658e-06
9.63785e-06
2.76903e-05
5.07113e-06
6.72678e-06
3.23808e-05
1.1785e-05
5.57691e-06
1.90473e-05
7.55871e-06
2.15289e-05
1.05904e-05
6.58996e-06
1.18319e-05
1.82161e-05
1.87261e-05
1.164e-05
1.29437e-05
1.31341e-05
1.39472e-05
2.04914e-05
1.14142e-05
1.10495e-05
1.75423e-05
9.66462e-06
9.64434e-06
7.09447e-06
1.19631e-05
1.2688e-05
5.76867e-06
1.97636e-05
2.10672e-06
1.01856e-05
6.93761e-06
4.68648e-06
1.71761e-05
6.25723e-06
6.28037e-06
6.95085e-06
6.6718e-06
6.72136e-06
6.12005e-06
5.37825e-06
1.29008e-05
4.42076e-06
1.15082e-05
6.43745e-06
1.41017e-05
1.38959e-05
5.11689e-06
1.84001e-05
1.77747e-05
9.1837e-06
1.7713e-05
2.79948e-06
6.7079e-06
6.30507e-06
1.46094e-05
7.36491e-06
1.24644e-05
3.41115e-06
7.03673e-06
9.30099e-06
1.41195e-05
1.45372e-05
1.28626e-05
1.93168e-05
9.89357e-06
2.65717e-05
1.05183e-05
1.00548e-05
1.56321e-05
1.31192e-05
7.42069e-06
8.37846e-06
6.35674e-06
8.3811e-06
2.09732e-05
9.51333e-06
8.60288e-06
3.79359e-06
2.01742e-05
9.19961e-06
3.70386e-06
2.52467e-05
6.23335e-06
1.51659e-05
1.47305e-05
4.39092e-06
1.00008e-05
9.70583e-06
1.71727e-05
4.34219e-06
1.98926e-05
9.2863e-06
1.03586e-05
3.12327e-05
9.75869e-06
1.27992e-05
6.2121e-06
1.03096e-05
5.58625e-06
9.44988e-06
4.586e-06
7.76701e-06
9.16074e-06
5.4707e-06
6.54433e-06
1.21645e-05
1.13823e-05
9.45339e-06
7.37571e-06
8.16953e-06
3.22264e-05
1.5643e-05
1.32288e-05
8.61653e-06
1.52128e-05
1.25218e-05
1.23538e-05
9.68643e-06
1.9306e-05
1.51876e-05
1.26329e-05
3.50743e-06
1.18993e-05
1.20654e-05
2.67259e-05
2.22065e-05
6.72412e-06
1.82428e-05
7.19706e-06
1.18047e-05
1.54056e-05
8.04657e-06
3.68233e-05
1.24171e-05
5.66673e-06
1.18408e-05
7.58347e-06
1.30658e-05
6.00302e-06
6.97508e-06
1.08649e-05
1.2508e-05
2.42981e-05
1.66653e-05
6.86884e-06
1.0225e-05
1.40205e-05
1.27637e-05
2.71163e-05
1.62602e-05
1.19358e-05
6.39523e-06
5.44081e-06
1.78594e-05
1.48793e-05
8.82158e-06
2.19895e-06
2.09535e-05
1.57488e-05
1.2798e-05
3.5245e-05
5.15758e-06
1.27647e-05
4.58703e-06
8.91439e-06
1.16051e-05
3.92498e-06
4.41172e-06
7.01416e-06
2.84651e-05
8.43468e-06
1.42343e-05
1.30387e-05
8.64483e-06
9.99116e-06
1.53465e-05
5.28529e-06
2.44161e-05
8.00385e-06
9.27284e-06
6.44225e-06
3.18198e-05
8.62371e-06
5.40815e-06
2.06369e-05
6.25117e-06
1.2321e-05
4.68463e-06
1.11706e-05
4.09899e-06
1.46699e-05
1.48022e-05
1.19609e-05
1.50942e-06
6.63272e-06
5.75001e-06
1.81731e-05
2.64278e-05
3.0071e-05
1.43581e-05
3.35875e-05
1.74455e-05
1.08925e-05
5.59684e-06
4.27567e-05
9.92466e-06
8.31921e-06
2.05154e-05
7.3826e-06
2.6351e-05
6.78032e-06
1.94561e-05
1.1663e-05
6.75044e-06
8.5595e-06
1.23008e-05
7.37449e-06
7.18396e-06
6.61426e-06
5.94138e-06
5.52451e-06
3.41173e-06
1.67356e-05
1.3477e-05
6.65153e-06
8.74015e-06
1.05651e-05
4.99658e-06
1.30775e-05
2.80363e-05
7.12803e-06
1.87856e-05
1.57285e-05
2.65346e-05
1.70366e-05
5.34369e-06
5.22018e-06
9.72364e-06
6.74167e-06
3.40508e-06
1.32387e-05
4.40234e-06
6.8248e-06
3.70883e-06
6.24375e-06
1.66807e-05
2.20495e-05
1.25839e-05
1.26065e-05
2.57589e-05
1.87657e-05
5.55116e-06
6.97518e-06
1.2965e-05
2.12159e-05
3.05831e-05
1.48735e-05
2.12032e-06
4.39166e-06
6.27611e-06
1.09872e-05
1.3542e-05
5.40276e-06
2.80737e-06
1.7311e-05
4.32842e-06
2.22776e-05
7.19397e-06
2.45742e-05
9.9075e-06
1.52359e-05
1.56535e-05
2.80079e-06
6.98416e-06
2.92155e-05
1.11747e-05
5.97166e-06
6.58685e-06
2.86616e-05
8.52948e-06
1.60523e-05
1.15134e-05
1.5603e-05
2.12797e-06
4.19913e-06
6.62227e-06
2.10731e-05
4.39786e-06
6.73701e-06
4.78409e-06
8.37468e-06
8.66425e-06
4.68279e-06
5.94889e-06
7.0519e-06
1.55327e-05
1.11962e-05
1.29998e-05
9.29826e-06
9.26352e-06
6.61755e-06
2.1946e-05
2.69084e-05
1.5458e-05
2.34686e-05
9.44414e-06
3.43964e-05
3.88095e-06
1.50243e-05
7.14946e-06
4.39329e-06
4.71364e-06
7.25927e-06
7.75785e-06
1.11085e-05
1.49419e-05
2.99125e-05
9.36807e-06
1.35881e-05
2.07022e-05
5.56534e-06
2.71135e-06
6.94139e-06
1.97456e-05
4.58604e-06
2.85838e-05
1.32623e-05
7.59769e-06
6.63797e-06
5.89807e-06
6.47685e-06
8.1954e-06
1.12432e-05
5.82335e-06
8.47224e-06
6.34189e-06
7.96055e-06
1.77255e-05
9.17877e-06
8.63744e-06
1.49359e-05
1.90845e-05
9.14694e-06
3.69538e-06
1.26461e-05
5.12194e-06
2.93322e-06
3.93497e-06
4.62916e-06
1.10743e-05
2.99865e-05
2.22648e-05
1.10355e-05
2.06645e-05
1.55436e-05
4.68743e-06
6.47241e-06
6.13576e-06
1.51256e-06
2.70368e-05
1.17904e-05
1.97043e-05
1.05956e-05
6.61176e-06
2.11692e-05
2.37278e-05
5.16033e-06
7.38154e-06
7.90387e-06
5.99151e-06
6.33529e-06
5.93119e-06
2.41307e-05
2.12019e-05
8.618e-06
1.00191e-05
1.44168e-05
1.12348e-05
1.16703e-05
4.69765e-06
3.10339e-05
2.11898e-05
2.52272e-05
8.50488e-06
5.10236e-06
1.88263e-05
1.83451e-05
1.15298e-05
1.6512e-05
5.88188e-06
1.09032e-05
8.02755e-06
1.24325e-05
7.96908e-06
6.53805e-06
5.76887e-06
4.86662e-06
1.54325e-05
1.25904e-05
1.30451e-05
1.81954e-05
8.90307e-06
4.1098e-06
5.38506e-06
1.19427e-05
1.27962e-05
1.47716e-06
7.15715e-06
1.27308e-05
9.87003e-06
1.05399e-05
6.10553e-06
2.49166e-05
8.10853e-06
7.53235e-06
1.15238e-05
8.6217e-06
9.00864e-06
4.38874e-06
1.2591e-05
2.86511e-05
7.14095e-06
5.86368e-06
1.98335e-05
9.51749e-06
6.99049e-06
9.97128e-06
1.74591e-05
1.02038e-05
1.29148e-05
2.23471e-05
8.99858e-06
5.53819e-06
6.68576e-06
1.11941e-05
1.25921e-05
7.14928e-06
3.79136e-06
1.71055e-05
1.31411e-05
9.13419e-06
4.43835e-06
8.12631e-06
5.9017e-06
4.68239e-06
4.95693e-06
8.37317e-06
1.26629e-05
7.15086e-06
1.30814e-05
1.90979e-05
3.40232e-06
1.35212e-05
4.38996e-06
4.68385e-06
1.38756e-05
4.61545e-06
6.77457e-06
7.19417e-06
6.30513e-06
2.20734e-05
5.67119e-06
7.22035e-06
1.79372e-05
7.39572e-06
1.56866e-05
1.1664e-05
9.32697e-06
4.45721e-06
4.43896e-06
2.1166e-06
6.12259e-06
5.46396e-06
1.84251e-05
6.88959e-06
1.35533e-05
1.37805e-05
8.66776e-06
1.57921e-05
4.82042e-06
5.40839e-06
6.14789e-06
6.97545e-06
5.91095e-06
8.17132e-06
1.54818e-05
7.18141e-06
6.27034e-06
6.95069e-06
4.69203e-06
7.41056e-06
7.59406e-06
7.22825e-06
1.83068e-05
4.93508e-06
1.28715e-05
1.06061e-05
1.41894e-05
5.16128e-06
3.02872e-05
1.00316e-05
6.9858e-06
9.71897e-06
1.73473e-05
7.53698e-06
5.09795e-06
1.13249e-05
3.03572e-05
2.18832e-05
8.91281e-06
1.35712e-05
8.52214e-06
1.13348e-05
5.27991e-06
2.80294e-06
6.89991e-06
5.9596e-06
9.05681e-06
1.0684e-05
6.63196e-06
1.3444e-05
1.70895e-05
1.90047e-05
1.69017e-05
8.63637e-06
9.67083e-06
9.41132e-06
8.36705e-06
8.79798e-06
4.90865e-06
5.71838e-06
5.85101e-06
4.59178e-06
8.20336e-06
1.51476e-05
1.46016e-05
6.75285e-06
1.2298e-05
1.16425e-05
4.93884e-06
9.94567e-06
4.98484e-06
1.37592e-05
3.68555e-06
1.47649e-05
1.96078e-05
1.59332e-05
1.60339e-05
1.55836e-05
1.26071e-05
7.20954e-06
6.26726e-06
1.31486e-05
2.11081e-05
6.29096e-06
2.0266e-05
9.27194e-06
8.80768e-06
4.10461e-06
3.4259e-06
5.65161e-06
7.40521e-06
8.05215e-06
6.1656e-06
6.43746e-06
6.25115e-06
9.52832e-06
1.54905e-05
4.38914e-06
2.54426e-05
1.6223e-05
5.82085e-06
1.57423e-06
1.67632e-05
1.51565e-05
6.96519e-06
1.53394e-05
5.15895e-06
6.17493e-06
7.17442e-06
1.21408e-05
5.41943e-06
7.5783e-06
5.09693e-06
6.7498e-06
2.18817e-05
7.4916e-06
2.86394e-05
6.27847e-06
4.33259e-06
5.40916e-06
7.48339e-06
4.63732e-06
4.72736e-06
7.2162e-06
9.37212e-06
8.37751e-06
9.58529e-06
1.58725e-05
5.24396e-06
1.26012e-05
2.0545e-05
2.08044e-05
1.12737e-05
1.19239e-05
5.95984e-06
7.36776e-06
7.0528e-06
1.94812e-05
2.43421e-05
1.82879e-05
1.21826e-05
5.7583e-06
1.27236e-05
3.40835e-06
7.86667e-06
1.43712e-05
3.41428e-06
7.24316e-06
5.13415e-06
2.5433e-05
4.91383e-06
7.60017e-06
1.52045e-05
1.01147e-05
8.19273e-06
2.36495e-05
2.46792e-05
2.0777e-05
1.83404e-05
4.39105e-06
1.37303e-05
1.327e-05
3.4194e-06
6.65187e-06
6.31613e-06
9.27647e-06
6.91718e-06
5.635e-06
6.31977e-06
9.55543e-06
2.72875e-06
1.04008e-05
1.08969e-05
9.28959e-06
6.27334e-06
1.69198e-05
1.5853e-05
9.52404e-06
8.41577e-06
6.33806e-06
5.68097e-06
6.63233e-06
8.47074e-06
1.23995e-05
2.39022e-05
7.00321e-06
1.54594e-05
6.4297e-06
9.96511e-06
8.65007e-06
1.81634e-05
9.48428e-06
5.12301e-06
1.26145e-05
5.77205e-06
1.48546e-05
6.15706e-06
5.77093e-06
2.11676e-06
6.17786e-06
7.40556e-06
5.29246e-06
6.73299e-06
1.73519e-05
2.05632e-05
1.22256e-05
9.87461e-06
1.48095e-05
1.75918e-05
1.37141e-05
3.40926e-06
9.53605e-06
7.59105e-06
1.17914e-05
1.20827e-05
7.58894e-06
1.10364e-05
1.18939e-05
1.66121e-05
9.61487e-06
8.15275e-06
9.37371e-06
1.22241e-05
7.04008e-06
1.50837e-05
4.38861e-06
2.54145e-05
4.07571e-05
3.77489e-05
8.12428e-06
1.74958e-05
4.63792e-06
2.05379e-05
1.19092e-05
1.20032e-05
1.16658e-05
2.0545e-05
1.34118e-05
1.07699e-05
7.06173e-06
6.91523e-06
1.83876e-05
1.37007e-05
4.39005e-06
1.2313e-05
6.16551e-06
4.94914e-06
6.91657e-06
5.50408e-06
9.45387e-06
5.14088e-06
1.09761e-05
1.29846e-05
6.36779e-06
8.64581e-06
7.40645e-06
1.00288e-05
6.3819e-06
4.20312e-06
2.40093e-05
2.29826e-05
1.88624e-05
2.31123e-05
4.39773e-06
1.62825e-05
6.42895e-06
2.85001e-05
6.91731e-06
1.13603e-05
1.01722e-05
4.87295e-06
1.38591e-05
4.17762e-06
2.19985e-05
1.50307e-06
2.28652e-05
3.37746e-05
4.94795e-06
1.38959e-05
1.57343e-05
7.24229e-06
4.45848e-06
9.07769e-06
2.38508e-05
1.23887e-05
9.73275e-06
4.38854e-06
1.69266e-05
3.87911e-06
1.9493e-05
1.82755e-05
8.27118e-06
1.43414e-05
2.14891e-05
2.51242e-05
6.07612e-06
4.98311e-06
9.84496e-06
2.5559e-05
1.19003e-05
9.1626e-06
7.19578e-06
1.52258e-05
1.02818e-05
1.37737e-05
7.93433e-06
4.2577e-06
9.21855e-06
9.55938e-06
1.16635e-05
5.94414e-06
1.20435e-05
2.8642e-05
7.59505e-06
1.02866e-05
2.45139e-05
7.14648e-06
9.16325e-06
1.83738e-05
1.25967e-05
6.62029e-06
6.39952e-06
3.09865e-06
6.08321e-06
2.11217e-06
6.21301e-06
1.21271e-05
1.76737e-05
1.50115e-06
5.10663e-06
5.15928e-06
9.46637e-06
1.90062e-05
1.77835e-05
1.32844e-05
1.51967e-05
9.9511e-06
2.80253e-06
1.88575e-05
9.62293e-06
1.19887e-05
2.22857e-05
4.87194e-06
1.67006e-05
2.71387e-06
5.58064e-06
7.81655e-06
8.33387e-06
1.60404e-05
9.03082e-06
1.49975e-05
1.14476e-05
1.7105e-05
6.98105e-06
6.87316e-06
1.53e-05
1.77023e-05
4.63303e-06
9.60563e-06
1.81329e-05
1.00376e-05
1.11101e-05
1.96418e-05
2.83698e-05
1.02815e-05
7.23111e-06
2.27432e-05
2.91198e-06
5.74564e-06
6.63113e-06
5.39809e-06
9.71533e-06
2.52181e-05
1.50884e-05
1.65081e-05
8.28251e-06
3.19527e-05
7.76537e-06
1.37121e-05
1.49939e-06
9.46188e-06
6.078e-06
8.10638e-06
8.79417e-06
9.5206e-06
5.44409e-06
2.42508e-05
1.26982e-05
7.44402e-06
9.42175e-06
1.65221e-05
1.25646e-05
1.74219e-05
1.2695e-05
7.98276e-06
9.26616e-06
1.63647e-05
1.57742e-05
1.25265e-05
2.20652e-06
1.16133e-05
6.85692e-06
7.27098e-06
1.70416e-05
1.85945e-05
3.58485e-06
5.89866e-06
1.25467e-05
5.16934e-06
1.12821e-05
1.22084e-05
7.17522e-06
7.59563e-06
4.17959e-06
6.25915e-06
8.71334e-06
1.07307e-05
3.49778e-06
2.11649e-05
1.83269e-05
2.14911e-05
4.4462e-06
5.5828e-06
9.44557e-06
9.03776e-06
2.46777e-05
2.28884e-05
7.36788e-06
2.27921e-05
1.12267e-05
1.02215e-05
1.64536e-05
8.75598e-06
7.23869e-06
1.22587e-05
7.16182e-06
5.63268e-06
1.13066e-05
5.87543e-06
4.39504e-06
1.0537e-05
6.6072e-06
1.87599e-05
1.52017e-05
1.51808e-05
1.48131e-05
1.31446e-05
1.00023e-05
1.6119e-05
1.68476e-05
2.83471e-06
4.7733e-06
9.42281e-06
8.71372e-06
1.92903e-05
1.18402e-05
1.02123e-05
5.49539e-06
1.32883e-05
1.03888e-05
1.79105e-05
5.69023e-06
2.33116e-05
1.15621e-05
3.51338e-06
4.68986e-06
1.49576e-05
1.55913e-05
9.57757e-06
6.88343e-06
2.1079e-06
7.15032e-06
5.77018e-06
4.38854e-06
9.93541e-06
6.5817e-06
1.21811e-05
6.35469e-06
1.62683e-05
9.19127e-06
1.51037e-05
4.39092e-06
4.63326e-06
7.08467e-06
8.50132e-06
1.81964e-05
1.65295e-05
6.46777e-06
1.84188e-05
7.82499e-06
1.73703e-05
6.12775e-06
6.37595e-06
4.36981e-06
5.20054e-06
1.29562e-05
1.4174e-05
9.16803e-06
7.83487e-06
5.97611e-06
1.46988e-05
4.10927e-06
1.64133e-05
1.34884e-05
5.85788e-06
1.5278e-05
1.43669e-05
5.91337e-06
8.16418e-06
4.03473e-06
5.13711e-06
6.26516e-06
6.01129e-06
1.25437e-05
5.58653e-06
7.80145e-06
6.55929e-06
7.79708e-06
6.19861e-06
1.54666e-05
5.15626e-06
2.70157e-05
1.75605e-05
1.61486e-05
1.91248e-05
7.74591e-06
9.56083e-06
7.77597e-06
9.43653e-06
6.63194e-06
1.25423e-05
1.11556e-05
1.50961e-06
1.16695e-05
6.04609e-06
6.27692e-06
1.51321e-05
7.29912e-06
1.15435e-05
2.185e-05
9.17124e-06
1.08615e-05
1.20537e-05
6.6978e-06
4.73179e-06
1.3064e-05
7.80794e-06
1.2909e-05
7.14892e-06
1.75687e-05
1.68588e-05
1.34526e-05
3.10827e-05
1.52677e-05
8.7558e-06
5.2292e-06
1.26908e-05
3.7047e-06
1.95255e-05
2.87547e-05
1.50656e-05
1.4991e-05
9.87815e-06
1.048e-05
6.24554e-06
4.37722e-06
6.66861e-06
1.91944e-05
4.68672e-06
1.85759e-05
1.36565e-05
1.18568e-05
3.20812e-06
8.86759e-06
2.12252e-05
1.77377e-05
9.16856e-06
3.89114e-06
2.10399e-05
1.30397e-05
1.42581e-05
1.24661e-05
1.18927e-05
6.39074e-06
1.49728e-05
1.55518e-05
1.35799e-05
1.06328e-05
1.06544e-05
6.76118e-06
1.9434e-05
9.17665e-06
1.64978e-05
8.65265e-06
1.40943e-05
5.4451e-06
2.04647e-05
8.63914e-06
1.58172e-05
2.02052e-05
2.20544e-05
1.40096e-05
1.46049e-05
6.71114e-06
6.63766e-06
1.13807e-05
7.15997e-06
4.97058e-06
4.45018e-06
1.1402e-05
4.17381e-06
1.93892e-05
1.45319e-05
7.81387e-06
1.02513e-05
2.60624e-05
1.89417e-05
1.0407e-05
7.66489e-06
1.5445e-05
5.83042e-06
5.10633e-06
2.09728e-05
2.56488e-05
8.93596e-06
1.655e-05
2.96805e-05
4.50538e-05
7.61719e-06
7.38614e-06
1.23497e-05
5.10414e-06
1.14905e-05
4.90827e-06
2.00732e-05
1.09452e-05
1.36509e-05
6.04941e-06
2.24566e-05
7.50239e-06
9.67618e-06
1.51761e-05
1.12532e-05
8.86861e-06
9.16923e-06
1.64002e-05
4.54072e-05
6.9504e-06
7.39993e-06
1.12218e-05
5.13621e-06
8.98567e-06
9.56022e-06
1.19743e-05
2.80512e-05
6.66958e-06
1.11401e-05
4.68598e-06
8.30116e-06
7.1167e-06
1.81971e-05
4.19555e-06
1.2494e-05
1.49619e-05
3.01888e-05
6.76891e-06
1.07151e-05
1.85429e-05
6.63121e-06
1.2855e-05
1.74361e-05
9.18685e-06
7.78805e-06
6.87079e-06
1.27512e-05
1.94114e-05
1.81908e-05
4.62016e-06
8.79534e-06
6.76985e-06
1.22688e-05
8.90359e-06
1.15544e-05
6.63158e-06
6.74595e-06
1.49981e-06
8.99131e-06
1.25872e-05
1.30536e-05
1.73211e-05
1.3156e-05
2.47092e-05
1.11865e-05
2.35827e-05
6.39354e-06
5.36963e-06
2.59693e-05
1.24276e-05
1.08728e-05
9.94663e-06
7.83665e-06
5.22038e-06
1.15119e-05
2.46272e-05
1.93336e-05
2.20959e-06
7.36867e-06
2.58007e-05
6.38253e-06
8.64484e-06
9.98082e-06
8.96052e-06
3.50884e-06
2.61282e-05
2.76345e-05
2.10866e-06
1.57235e-05
1.00807e-05
1.24224e-05
4.40296e-06
1.61541e-05
1.26223e-05
2.68744e-05
7.14846e-06
1.23479e-05
1.71314e-05
4.68329e-06
1.43377e-05
6.56408e-06
2.63932e-06
2.1101e-05
9.24953e-06
1.81296e-06
1.60745e-05
8.64824e-06
1.0153e-05
8.72361e-06
2.17562e-05
1.32715e-05
4.81108e-06
2.14217e-05
4.86794e-06
1.71367e-05
1.65811e-05
1.11413e-05
8.65482e-06
2.25239e-05
1.3523e-05
1.13043e-05
1.29478e-05
9.53427e-06
1.60819e-05
1.81471e-05
1.85652e-05
1.28563e-05
7.90481e-06
6.99126e-06
5.1505e-06
1.36982e-05
1.23684e-05
2.75245e-05
8.1132e-06
1.50678e-06
6.97752e-06
4.39782e-06
1.52821e-06
5.84839e-06
1.82514e-05
3.31685e-05
9.21303e-06
1.31077e-05
1.0998e-05
1.50321e-05
7.37389e-06
6.22663e-06
6.89181e-06
5.83195e-06
7.04041e-06
1.47148e-05
1.29072e-05
1.23665e-05
1.45573e-05
1.46928e-05
8.56902e-06
6.36443e-06
1.30494e-05
6.5887e-06
2.38611e-05
1.27237e-05
5.81337e-06
4.63856e-06
1.29116e-05
6.27879e-06
7.88461e-06
5.92098e-06
1.26055e-05
1.24935e-05
4.68674e-06
9.21841e-06
3.4033e-06
1.69774e-05
6.19003e-06
9.17372e-06
6.61111e-06
9.51588e-06
9.69475e-06
1.15104e-05
7.02108e-06
2.02034e-05
4.79459e-06
4.38886e-06
6.46289e-06
1.1981e-05
6.32414e-06
4.92377e-06
1.5783e-05
4.40683e-06
1.85554e-05
5.39456e-06
2.20198e-06
4.64676e-06
2.36288e-05
1.27907e-05
1.87991e-05
8.23346e-06
5.21609e-06
5.80001e-06
3.41047e-06
1.24456e-05
5.39846e-06
1.36355e-05
9.90705e-06
7.59381e-06
3.07207e-05
6.85764e-06
7.90192e-06
1.91685e-05
5.67383e-06
5.15989e-06
1.67944e-05
1.56162e-05
6.43746e-06
4.79853e-06
1.61845e-05
8.93853e-06
5.10107e-06
6.24688e-06
1.32126e-05
1.37128e-05
1.24715e-05
9.35297e-06
1.40673e-05
4.1878e-06
1.40793e-05
2.15741e-05
8.74271e-06
1.30287e-05
7.54131e-06
1.1704e-05
8.02307e-06
2.432e-05
1.07681e-05
6.65966e-06
2.31031e-05
1.49426e-05
5.38579e-06
8.10719e-06
1.86033e-05
1.55972e-05
3.87733e-06
6.07906e-06
1.51747e-05
1.30503e-05
1.47388e-05
1.7846e-05
1.87049e-05
1.63307e-05
2.04131e-05
1.22511e-05
5.14079e-06
2.31803e-05
1.33374e-05
3.51634e-06
4.67006e-06
1.28909e-05
3.21822e-05
1.61002e-05
1.46201e-05
1.89324e-05
7.38889e-06
1.31234e-05
9.70196e-06
1.35773e-05
6.47023e-06
7.45052e-06
3.7947e-06
3.51481e-06
1.18171e-05
7.02404e-06
6.98235e-06
1.81614e-05
5.99794e-06
6.97331e-06
1.23851e-05
2.02932e-05
1.97808e-05
8.08484e-06
6.93699e-06
5.12611e-06
2.2061e-05
1.95754e-05
1.2549e-05
1.35291e-05
1.79808e-05
1.33886e-05
1.67077e-05
2.06791e-05
2.69072e-05
1.7237e-05
6.87161e-06
5.9777e-06
1.35393e-05
2.16516e-05
1.41622e-05
1.50438e-06
1.08661e-05
1.96788e-05
1.54462e-05
1.01151e-05
7.40211e-06
5.81462e-06
1.79993e-05
5.67149e-06
5.55649e-06
5.60386e-06
5.36987e-06
2.69286e-05
7.9804e-06
1.30757e-05
2.29697e-05
5.00113e-06
4.06142e-06
9.59636e-06
1.30352e-05
1.30943e-05
2.01428e-05
4.6458e-06
8.64965e-06
5.77036e-06
7.36358e-06
5.76861e-06
8.6131e-06
1.48406e-05
8.08353e-06
9.16392e-06
3.54734e-05
1.3187e-05
5.8949e-06
1.88619e-05
1.56039e-05
4.17947e-06
9.72569e-06
6.47635e-06
1.4679e-05
7.01327e-06
7.27074e-06
7.3815e-06
6.16634e-06
6.91859e-06
1.7736e-05
5.20339e-06
6.81172e-06
2.1158e-06
1.39747e-05
1.24619e-05
1.41184e-05
1.30278e-05
3.16564e-05
1.06953e-05
2.52753e-05
1.41271e-05
7.8779e-06
9.38469e-06
1.00883e-05
6.40613e-06
1.00342e-05
1.13185e-05
2.051e-05
4.53753e-06
2.44212e-05
1.28182e-05
2.13552e-05
6.29672e-06
5.92876e-06
2.39941e-05
1.84723e-05
1.09131e-05
1.01709e-05
6.1674e-06
9.7219e-06
1.15474e-05
1.16678e-05
3.92814e-06
1.46386e-05
1.50531e-06
1.6711e-05
1.5792e-05
1.52919e-05
2.91231e-06
1.23222e-05
2.34856e-05
1.05187e-05
8.69646e-06
8.04664e-06
2.62655e-05
2.16181e-05
2.53023e-05
5.53561e-06
1.61787e-05
1.07832e-05
1.30754e-05
1.59646e-05
9.12363e-06
1.12218e-05
2.34689e-05
3.50463e-06
1.73379e-05
1.16726e-05
3.96181e-05
9.30594e-06
6.46502e-06
1.76454e-05
2.21379e-05
1.4411e-05
1.60889e-05
1.13053e-05
1.01154e-05
1.1753e-05
6.43745e-06
6.19918e-06
1.74085e-05
6.69312e-06
2.25278e-05
6.97276e-06
1.25343e-05
5.32373e-06
1.86997e-05
1.07459e-05
1.2254e-05
2.74174e-05
4.26854e-06
2.18841e-05
1.50183e-05
1.45225e-05
9.74609e-06
6.80595e-06
1.97955e-05
1.56761e-05
1.1449e-05
5.60392e-06
2.2021e-05
8.94542e-06
2.2784e-05
2.25543e-05
5.38925e-06
2.27582e-05
1.68362e-05
9.93497e-06
1.85479e-05
5.0174e-06
1.4939e-06
1.61573e-05
1.78859e-05
9.59346e-06
2.30232e-05
2.14746e-05
4.3925e-06
1.83706e-05
5.4941e-06
3.09567e-06
1.24028e-05
6.68279e-06
1.43494e-05
5.85922e-06
5.71572e-06
7.07497e-06
6.74543e-06
4.92271e-06
4.45618e-06
1.62036e-05
9.55932e-06
1.03184e-05
8.94845e-06
9.34116e-06
1.29784e-05
2.45746e-05
1.54126e-05
1.49968e-05
5.83249e-06
9.48516e-06
2.33306e-05
9.27945e-06
1.07036e-05
1.89491e-05
1.84434e-05
1.30605e-05
8.29671e-06
1.3264e-05
1.50111e-05
1.22944e-05
2.77506e-05
1.82289e-05
4.28213e-05
6.54056e-06
1.01813e-05
7.26029e-06
1.1438e-05
4.88717e-06
8.97317e-06
1.07277e-05
3.12017e-05
9.74899e-06
9.92476e-06
1.18674e-05
1.88195e-05
6.27757e-06
6.35023e-06
7.80399e-06
1.74438e-05
2.02884e-05
1.82329e-05
6.58637e-06
5.15838e-06
1.20763e-05
1.61052e-05
8.97775e-06
5.63543e-06
1.50126e-06
6.87756e-06
1.00242e-05
3.1115e-06
1.53503e-05
1.52259e-05
1.77901e-05
1.33993e-05
6.87545e-06
9.81058e-06
1.74587e-05
4.68271e-06
6.63166e-06
1.35772e-05
3.51142e-06
1.2741e-05
9.11661e-06
9.67705e-06
1.15233e-05
2.15162e-05
2.12909e-05
1.95662e-05
7.46699e-06
6.87848e-06
1.47514e-05
1.3739e-05
9.76191e-06
1.13463e-05
5.76259e-06
2.19286e-05
5.10034e-06
5.40708e-06
9.4023e-06
1.78003e-05
1.70807e-05
6.74425e-06
8.67075e-06
1.52698e-05
2.84885e-05
1.50648e-05
7.31695e-06
1.81492e-05
1.87515e-05
5.54432e-06
9.00651e-06
2.21386e-05
3.70044e-06
9.52209e-06
2.28062e-05
1.61099e-05
6.2935e-06
5.52533e-06
1.58848e-05
3.61775e-05
8.37496e-06
3.68178e-06
1.30775e-05
1.25294e-05
5.48325e-06
1.09377e-05
8.38278e-06
6.09908e-06
6.66288e-06
1.25754e-05
2.97334e-05
6.71926e-06
2.33252e-05
1.04893e-05
2.11573e-06
2.63825e-05
5.59948e-06
2.33173e-05
1.44346e-05
8.67419e-06
1.57046e-05
2.10669e-05
8.96683e-06
1.45357e-05
6.8711e-06
1.83759e-05
1.50492e-05
6.89942e-06
5.71084e-06
1.50069e-05
9.1696e-06
1.49786e-05
6.82583e-06
2.32063e-05
5.86669e-06
1.29251e-05
2.20949e-05
1.56743e-05
2.19097e-05
1.88969e-05
9.35578e-06
1.50308e-06
1.04381e-05
7.51916e-06
1.34641e-05
1.23012e-05
1.58021e-05
5.42671e-06
1.43566e-05
2.08591e-05
1.25972e-05
1.2818e-05
1.28599e-05
1.14388e-05
1.62384e-05
1.36164e-05
7.97267e-06
4.32881e-05
2.05843e-05
9.79477e-06
1.83188e-05
5.50502e-06
1.44762e-05
5.43745e-06
1.00274e-05
2.44961e-05
6.67639e-06
6.64846e-06
6.28853e-06
3.14958e-05
1.59086e-05
9.30772e-06
1.81223e-05
1.04142e-05
7.66394e-06
1.59099e-05
1.81317e-05
1.89075e-05
3.89738e-06
1.10031e-05
2.13267e-05
1.65458e-05
1.56991e-05
2.07109e-05
1.64979e-05
4.39491e-06
3.09155e-06
4.62168e-06
1.48681e-06
1.94581e-05
1.35452e-05
1.14131e-05
7.59495e-06
1.97406e-05
2.81425e-06
6.8686e-06
9.40913e-06
9.49819e-06
1.00998e-05
3.1013e-06
1.53333e-05
1.33529e-05
4.39946e-06
9.89577e-06
9.41368e-06
2.58631e-05
1.4444e-05
2.38554e-05
1.76645e-05
1.21086e-05
5.96922e-06
4.73532e-06
7.1605e-06
9.40409e-06
1.63879e-05
4.39449e-06
2.66645e-05
1.1563e-05
4.40678e-06
1.46078e-05
9.05798e-06
5.39488e-06
4.19213e-06
1.03474e-05
4.70602e-06
5.86872e-06
5.99887e-06
7.80216e-06
4.90322e-06
7.09899e-06
6.27674e-06
3.40529e-06
6.23147e-06
8.90715e-06
1.13125e-05
1.57123e-05
4.38852e-06
1.40772e-05
6.21397e-06
9.13011e-06
1.47685e-05
2.62752e-05
1.17568e-05
1.54178e-05
1.00606e-05
2.15217e-05
8.94606e-06
7.84396e-06
4.93258e-06
6.82136e-06
4.40036e-06
1.21595e-05
1.13629e-05
6.29753e-06
6.72721e-06
9.32605e-06
4.93345e-06
6.95453e-06
8.86321e-06
1.87793e-05
5.15884e-06
1.9593e-05
9.48845e-06
1.27527e-05
9.00237e-06
2.1986e-05
6.39856e-06
2.08052e-05
2.82661e-06
6.90163e-06
1.41651e-05
1.6017e-05
1.84936e-05
5.04409e-06
9.74214e-06
7.26891e-06
1.49336e-05
3.87789e-06
2.37079e-05
5.50255e-06
1.25122e-05
1.0833e-05
1.43711e-05
2.00641e-05
6.73188e-06
9.53918e-06
8.46415e-06
1.41885e-05
5.20039e-06
1.91867e-05
1.75138e-05
1.01587e-05
5.76227e-06
1.22239e-05
4.41023e-06
5.9747e-06
1.54576e-05
1.45056e-05
1.58694e-05
5.28729e-06
1.71186e-05
9.73997e-06
1.64476e-05
1.61589e-05
1.2269e-05
6.63235e-06
2.71269e-06
1.00154e-05
5.3844e-06
8.7369e-06
6.07929e-06
4.92396e-06
4.9113e-06
1.90909e-05
3.40995e-05
9.84705e-06
1.25383e-05
3.16863e-05
1.25537e-05
6.03258e-06
7.06812e-06
2.61521e-05
3.54853e-05
6.4718e-06
6.42894e-06
2.34876e-05
2.15875e-05
2.35335e-05
4.80242e-06
1.29323e-05
1.19494e-05
2.61581e-05
2.3184e-05
1.69349e-05
5.30472e-06
2.00416e-05
5.07722e-06
6.87663e-06
1.22614e-05
6.32506e-06
2.19308e-05
2.22583e-05
6.31904e-06
8.84635e-06
1.2135e-05
1.48381e-06
1.01658e-05
1.80006e-05
4.67533e-06
1.5474e-05
1.60182e-05
6.86422e-06
1.60852e-05
1.32967e-05
3.40139e-06
4.91598e-06
1.15498e-05
2.12937e-05
1.3731e-05
6.46858e-06
1.10092e-05
4.65408e-06
4.26642e-06
5.18464e-06
9.57125e-06
2.45177e-05
5.12526e-06
7.8971e-06
6.71444e-06
1.40334e-05
8.6409e-06
3.48793e-05
9.91088e-06
3.79994e-06
1.35527e-05
1.41951e-05
8.35141e-06
1.11957e-05
1.85725e-05
4.40763e-06
4.62145e-06
5.10874e-06
1.32032e-05
6.96238e-06
1.55167e-05
9.14784e-06
2.0374e-05
1.8676e-05
4.3893e-06
1.2518e-05
3.40454e-06
9.41152e-06
7.77726e-06
1.79353e-05
5.86153e-06
6.75078e-06
2.36689e-05
1.06447e-05
2.42749e-05
5.17264e-06
6.73294e-06
4.68649e-06
1.58786e-05
4.98015e-06
9.27921e-06
9.50181e-06
9.5474e-06
1.71991e-05
6.68285e-06
1.27784e-05
6.6414e-06
6.87247e-06
1.21669e-05
4.88979e-06
1.36442e-05
2.47729e-05
4.68778e-06
1.10893e-05
7.52908e-06
2.01516e-05
2.04876e-05
6.44107e-06
7.36867e-06
7.26117e-06
8.358e-06
1.47049e-05
9.44148e-06
5.38648e-06
1.40064e-05
6.7635e-06
1.83814e-05
5.38453e-06
4.58092e-06
1.30455e-05
1.3514e-05
2.50994e-05
1.10031e-05
6.18876e-06
1.02134e-05
7.03289e-06
1.63041e-05
7.87753e-06
5.4618e-06
1.20944e-05
1.95763e-05
1.02654e-05
7.25026e-06
6.26885e-06
1.0725e-05
1.05199e-05
2.59027e-05
4.36179e-06
1.67995e-05
7.41949e-06
5.40623e-06
1.84101e-05
1.41659e-05
1.3427e-05
6.53993e-06
2.47267e-05
1.44896e-05
6.93682e-06
1.60799e-05
6.9157e-06
1.82899e-05
6.23581e-06
1.60563e-05
2.2225e-05
1.49782e-06
1.6868e-05
1.5006e-05
1.2703e-05
3.16713e-06
4.63973e-06
2.11734e-06
2.80656e-06
1.28537e-05
1.45107e-05
5.88282e-06
1.37176e-05
5.77855e-06
1.48097e-05
8.83812e-06
1.01804e-05
9.14118e-06
7.66782e-06
6.63978e-06
4.69556e-06
6.81845e-06
1.65709e-05
9.44345e-06
1.5579e-05
2.80697e-06
5.63847e-06
6.87771e-06
1.50186e-05
6.58847e-06
1.32308e-05
6.82603e-06
5.95092e-06
1.06404e-05
4.92751e-06
1.20036e-05
1.64564e-05
7.41445e-06
4.39047e-06
3.53856e-05
2.41052e-05
4.25546e-06
6.25959e-06
6.88784e-06
8.2228e-06
5.83107e-06
6.35773e-06
1.6627e-05
1.36404e-05
1.41865e-05
9.55649e-06
1.99183e-05
1.01862e-05
2.32454e-05
1.23149e-05
7.17674e-06
1.35015e-05
5.20257e-06
5.20412e-06
5.16924e-06
1.7846e-05
2.28846e-05
6.35661e-06
1.64571e-05
1.96691e-05
2.24705e-05
2.17645e-05
1.48417e-05
1.4285e-05
1.48685e-05
2.11845e-05
5.80928e-06
1.50857e-05
7.92598e-06
8.65864e-06
1.44694e-05
2.64275e-05
7.45094e-06
9.51981e-06
1.50275e-06
6.46353e-06
5.99043e-06
7.17747e-06
1.62982e-05
2.0695e-05
9.7481e-06
3.93032e-06
1.26004e-05
1.73865e-05
1.20737e-05
2.70273e-05
1.55717e-05
3.13285e-05
9.53754e-06
2.25716e-05
1.9166e-05
2.98309e-05
9.69061e-06
2.49425e-05
2.00849e-05
8.07791e-06
1.0088e-05
4.09913e-06
6.41937e-06
5.15536e-06
7.40778e-06
7.3994e-06
1.59616e-05
4.63308e-06
6.82437e-06
4.40231e-06
1.51125e-05
1.64059e-05
1.31469e-05
1.30615e-05
6.1889e-06
6.50241e-06
7.41137e-06
1.15252e-05
8.64984e-06
4.40559e-06
1.8539e-05
2.96093e-05
1.26147e-05
1.21223e-05
1.8239e-05
4.99769e-06
1.29201e-05
5.10676e-06
4.92003e-06
7.20401e-06
8.86733e-06
7.17423e-06
2.19142e-05
3.14946e-05
1.69493e-05
1.84388e-05
1.99856e-05
1.40351e-05
2.81839e-05
1.36811e-05
1.21388e-05
1.89784e-05
4.62243e-06
5.44227e-06
1.67922e-05
1.12729e-05
3.48374e-05
7.87029e-06
8.12668e-06
6.5112e-06
1.6722e-05
2.4867e-05
5.21059e-06
6.60088e-06
3.32371e-05
6.21675e-06
1.4918e-06
8.31414e-06
5.85356e-06
5.6433e-05
1.53191e-05
1.12155e-05
7.27007e-06
6.32021e-06
1.48457e-06
7.36633e-06
7.55659e-06
3.49828e-06
5.51518e-06
4.09896e-06
1.48979e-06
5.29347e-06
1.03482e-05
2.66043e-05
2.10507e-05
1.08498e-05
7.14649e-06
1.25816e-05
6.84212e-06
7.41901e-06
6.43482e-06
9.66807e-06
1.15489e-05
3.88682e-06
7.6177e-06
6.32212e-06
9.40998e-06
2.17571e-05
2.63958e-05
1.27719e-05
6.70456e-06
1.22672e-05
9.33143e-06
7.27058e-06
5.5801e-06
6.17263e-06
1.48891e-05
1.37229e-05
1.20699e-05
1.66825e-05
2.22386e-05
5.55982e-06
3.67338e-05
2.28509e-05
5.5425e-06
7.43447e-06
5.34453e-06
2.35443e-05
8.14798e-06
9.88814e-06
9.78853e-06
1.50258e-06
6.62798e-06
1.1014e-05
9.31437e-06
1.49995e-06
1.2986e-05
6.13715e-06
1.53347e-05
6.60763e-06
6.97625e-06
7.53011e-06
6.68747e-06
2.81491e-06
1.14935e-05
1.31555e-05
1.11653e-05
4.75727e-06
5.16494e-06
5.64087e-06
6.60665e-06
1.25847e-05
1.4619e-05
1.25125e-05
1.1219e-05
6.49257e-06
5.86355e-06
1.02928e-05
8.25373e-06
1.77549e-05
1.19069e-05
2.16127e-05
2.56806e-05
1.72278e-05
2.82583e-05
4.69412e-06
1.6462e-05
3.10239e-05
9.73463e-06
3.41298e-06
1.2599e-05
4.42069e-06
1.1447e-05
7.57072e-06
1.31714e-05
4.62979e-06
3.44041e-05
9.37376e-06
1.27681e-05
3.41821e-05
1.12355e-05
9.67316e-06
1.63855e-05
2.13795e-05
1.69263e-05
1.27844e-05
2.55599e-05
1.29067e-05
8.38517e-06
1.1026e-05
1.35485e-05
1.21488e-05
6.3234e-06
4.92504e-06
1.08355e-05
1.56935e-05
9.11354e-06
1.2042e-05
2.51851e-05
2.72264e-05
4.97425e-06
9.36845e-06
4.09894e-06
7.98061e-06
2.36342e-05
2.81316e-06
1.22124e-05
6.70422e-06
6.37735e-06
5.64514e-06
1.01309e-05
4.62132e-06
7.1237e-06
2.36399e-05
5.40108e-06
2.11655e-06
1.2465e-05
1.10899e-05
1.37711e-05
1.35954e-05
4.91743e-06
4.68839e-06
7.27244e-06
3.13783e-05
1.29947e-05
1.21171e-05
2.8191e-06
8.59548e-06
5.56442e-06
1.00063e-05
5.99834e-06
1.62283e-05
2.27342e-05
1.43299e-05
7.37424e-06
2.70612e-05
4.56944e-06
2.74273e-05
1.42693e-05
2.81613e-06
1.64674e-05
3.08378e-05
1.39873e-05
1.0037e-05
1.01316e-05
1.49941e-05
1.50707e-06
4.68654e-06
5.58645e-06
1.4174e-05
3.6968e-06
2.73424e-05
8.4163e-06
1.55747e-05
5.79439e-06
5.13274e-06
3.46363e-05
1.14952e-05
1.40622e-05
8.97291e-06
8.39049e-06
1.83501e-05
2.51605e-05
4.91702e-06
1.11479e-05
1.47108e-05
3.17004e-05
1.76862e-05
4.45869e-06
7.66853e-06
1.10251e-05
1.77168e-05
2.1817e-05
7.47352e-06
1.53393e-05
1.92008e-05
1.63718e-05
1.01652e-05
5.87864e-06
1.62336e-05
8.38392e-06
7.80307e-06
1.27043e-05
5.22338e-06
1.74701e-05
1.47234e-05
1.30817e-05
1.15148e-05
1.55635e-05
5.43847e-06
9.0142e-06
1.85072e-05
9.05144e-06
9.53954e-06
1.64045e-05
4.79353e-06
5.42579e-06
1.2291e-05
6.22802e-06
3.39176e-06
2.20406e-05
9.17656e-06
1.18127e-05
9.70386e-06
7.18729e-06
6.58749e-06
1.08564e-05
4.39204e-06
6.60356e-06
2.13001e-05
7.1652e-06
2.34346e-05
7.09293e-06
1.53501e-05
1.85875e-05
1.16488e-05
6.27744e-06
1.37721e-05
8.99099e-06
5.78609e-06
5.40082e-06
3.93826e-06
3.87868e-06
9.94842e-06
1.40009e-05
4.68513e-06
5.99381e-06
5.35609e-06
1.92965e-05
1.6572e-05
5.3875e-06
3.16556e-05
8.69638e-06
9.80599e-06
8.66565e-06
1.24996e-05
2.53425e-05
5.1575e-06
7.65238e-06
1.16215e-05
1.54568e-05
4.68179e-06
1.56646e-05
1.11785e-05
2.51395e-05
2.2327e-05
4.2828e-06
2.70208e-05
4.63768e-06
8.58269e-06
1.28645e-05
6.42638e-06
8.19373e-06
5.24065e-06
6.49285e-06
1.02304e-05
6.1682e-06
1.84961e-05
9.16787e-06
6.68988e-06
5.23502e-06
1.07369e-05
5.90234e-06
5.58443e-06
1.3063e-05
7.57854e-06
2.04454e-05
1.63299e-05
6.60639e-06
9.42839e-06
6.89152e-06
2.0961e-05
4.11756e-06
2.22232e-05
1.28599e-05
4.10906e-06
6.3129e-06
4.71277e-06
4.03734e-06
4.33526e-06
6.4727e-06
8.8584e-06
3.69987e-06
9.30169e-06
2.22561e-05
4.39507e-06
7.1145e-06
3.50506e-06
4.78571e-06
2.34421e-05
1.16373e-05
1.07738e-05
4.17838e-06
8.98476e-06
1.26783e-05
5.146e-06
6.52732e-06
2.73476e-05
7.63753e-06
1.16345e-05
6.61145e-06
6.5024e-06
5.79558e-06
3.4063e-06
6.17005e-06
1.5056e-06
6.88985e-06
1.16306e-05
7.54944e-06
8.76861e-06
4.87523e-06
1.85647e-05
1.36554e-05
1.59769e-05
6.80237e-06
5.86642e-06
7.01486e-06
5.86572e-06
1.50582e-05
2.20849e-06
1.11721e-05
5.7282e-06
4.28434e-06
4.3948e-06
4.79987e-06
9.40222e-06
5.68088e-06
2.94519e-05
9.88967e-06
1.42949e-05
2.75188e-05
1.62442e-05
1.49743e-06
8.91185e-06
2.28837e-05
6.13953e-06
1.66341e-05
3.79745e-06
1.31639e-05
6.97876e-06
1.66849e-05
6.3419e-06
1.13282e-05
4.8685e-06
4.10125e-06
1.07214e-05
9.64747e-06
1.84604e-05
5.14198e-06
1.82784e-05
1.31778e-05
8.38044e-06
6.13321e-06
5.66964e-06
7.28349e-06
1.10257e-05
1.34456e-05
6.38487e-06
1.17974e-05
3.69147e-06
5.9511e-06
5.37528e-06
6.52185e-06
1.75938e-05
1.54539e-05
4.39274e-06
1.73963e-05
5.60585e-06
1.021e-05
9.4528e-06
1.41725e-05
1.44594e-05
7.38195e-06
4.67951e-06
2.46341e-05
2.50461e-05
1.48169e-05
8.44782e-06
3.5822e-06
2.08118e-05
7.48263e-06
1.33095e-05
6.34703e-06
5.54326e-06
1.11219e-05
1.85476e-05
3.13924e-06
1.26383e-05
9.68902e-06
2.20844e-06
1.77591e-05
1.27057e-05
1.61495e-05
1.6532e-05
7.43146e-06
7.99183e-06
2.31953e-05
1.28595e-05
8.93935e-06
4.02523e-05
1.01759e-05
1.21094e-05
7.03281e-06
9.5897e-06
1.89737e-05
5.47364e-06
3.13129e-06
2.43095e-05
1.74727e-05
6.16269e-06
1.04638e-05
1.20628e-05
6.86486e-06
3.41827e-06
7.90691e-06
9.73989e-06
1.66992e-05
5.10717e-06
1.96935e-05
1.49496e-06
1.19752e-05
6.95795e-06
7.3747e-06
6.33747e-06
1.99161e-05
1.52596e-05
5.7455e-06
6.47243e-06
1.98541e-05
3.13802e-05
1.33512e-05
1.00027e-05
5.16825e-06
4.09894e-06
6.25691e-06
5.5775e-06
2.73864e-05
7.85843e-06
6.65357e-06
1.22874e-05
1.23496e-05
1.50896e-05
1.57103e-05
1.58976e-05
1.20314e-05
1.41042e-05
6.69988e-06
1.48136e-06
2.203e-05
9.35437e-06
8.02749e-06
1.47781e-05
3.01421e-05
4.15076e-06
5.15968e-06
4.67932e-06
5.58948e-06
1.76388e-05
7.05696e-06
1.26988e-05
3.67126e-05
9.34891e-06
7.95447e-06
9.38456e-06
2.35955e-05
2.43693e-05
6.69326e-06
1.2642e-05
1.35731e-05
9.44378e-06
1.67082e-05
5.59612e-06
7.36171e-06
1.49742e-06
1.30536e-05
1.15954e-05
6.30287e-06
9.06084e-06
9.26656e-06
2.46772e-05
7.18325e-06
6.61306e-06
5.71397e-06
5.22585e-06
5.90719e-06
8.22714e-06
1.25598e-05
1.00814e-05
1.46257e-05
1.44214e-05
2.5513e-05
1.50142e-05
5.49266e-06
9.16287e-06
2.29098e-05
1.43074e-05
4.68534e-06
6.09138e-06
6.80824e-06
9.81275e-06
1.0543e-05
4.10137e-06
6.65013e-06
2.71506e-06
7.01082e-06
6.06928e-06
2.78463e-05
1.31317e-05
5.29161e-06
1.61328e-05
9.42062e-06
6.71525e-06
1.94391e-05
6.59185e-06
9.43325e-06
1.48268e-05
5.97262e-06
9.59728e-06
1.24062e-05
2.467e-05
2.81122e-06
4.39094e-06
7.12071e-06
4.58113e-06
5.99707e-06
1.88e-05
9.75631e-06
2.31507e-05
6.54465e-06
1.19798e-05
5.09534e-06
5.17159e-06
1.06922e-05
4.11946e-06
1.62769e-05
1.51678e-05
9.20784e-06
9.90252e-06
2.57304e-05
8.3164e-06
1.28095e-05
1.6785e-05
5.65443e-06
3.40474e-05
1.71663e-05
6.53895e-06
7.59311e-06
1.54244e-05
1.05024e-05
6.93473e-06
6.08625e-06
1.0091e-05
1.1577e-05
1.64869e-05
1.26462e-05
3.51158e-05
4.41476e-06
2.45899e-05
1.08549e-05
1.25992e-05
1.35555e-05
1.47182e-05
1.91467e-05
9.43091e-06
7.89662e-06
7.29752e-06
6.1292e-06
1.54515e-05
2.03286e-05
1.53209e-05
7.09726e-06
4.69606e-06
1.96125e-05
1.13497e-05
2.21046e-05
1.26702e-05
9.55306e-06
1.29969e-05
8.67137e-06
2.56507e-05
1.49222e-05
6.34517e-06
1.03286e-05
4.92584e-06
1.24594e-05
1.47282e-05
2.53985e-05
1.52663e-05
1.26403e-05
3.79726e-06
4.61406e-06
1.42424e-05
1.75679e-05
8.45999e-06
2.97137e-05
1.05878e-05
1.7036e-05
7.19433e-06
1.39426e-05
5.60192e-06
9.67894e-06
1.62847e-05
1.09869e-05
1.09289e-05
1.71104e-05
6.89055e-06
7.44258e-06
1.7655e-05
1.6862e-05
2.17567e-05
9.93195e-06
9.39149e-06
1.06961e-05
8.35874e-06
5.72294e-06
1.21558e-05
1.55722e-05
7.43957e-06
7.89986e-06
1.25332e-05
1.23313e-05
1.0375e-05
5.67615e-06
2.1451e-05
1.03273e-05
8.34657e-06
1.15001e-05
6.2368e-06
7.2758e-06
5.02549e-06
1.95864e-05
7.89493e-06
3.39843e-05
2.05704e-05
5.90647e-06
7.96443e-06
6.29184e-06
8.99183e-06
1.74776e-05
6.18288e-06
1.05003e-05
8.29307e-06
8.70203e-06
2.64714e-05
4.38851e-06
6.45425e-06
8.66748e-06
5.54922e-06
1.14666e-05
1.32771e-05
8.57319e-06
1.38983e-05
2.27166e-05
9.10991e-06
1.14787e-05
4.2459e-06
1.40957e-05
1.04709e-05
6.76356e-06
1.22105e-05
5.39084e-06
1.52812e-05
1.94754e-05
1.18712e-05
6.41636e-06
1.38259e-05
1.29119e-05
1.60585e-05
5.34335e-06
1.47703e-05
1.20696e-05
3.72703e-06
1.64353e-05
8.91693e-06
9.59817e-06
1.64759e-05
1.00165e-05
6.11663e-06
7.17733e-06
1.52054e-05
6.25924e-06
9.70429e-06
1.71885e-05
1.48745e-06
7.92269e-06
2.75051e-05
8.6391e-06
5.87512e-06
1.22914e-05
1.30368e-05
6.82381e-06
1.29435e-05
9.3861e-06
1.08144e-05
2.04706e-05
6.25809e-06
9.93504e-06
1.68626e-05
1.61835e-05
6.58721e-06
6.40822e-06
1.38251e-05
7.805e-06
1.00253e-05
1.38725e-05
1.74307e-05
2.60034e-05
1.31178e-05
1.28641e-05
1.03751e-05
2.07975e-05
1.63987e-05
1.07825e-05
1.64806e-05
1.3967e-05
1.52374e-05
5.85145e-06
8.10519e-06
2.81443e-06
2.7834e-05
1.54986e-05
1.20005e-05
1.72487e-05
1.20938e-05
1.57447e-05
1.29115e-05
9.03527e-06
1.84525e-05
1.25037e-05
6.77458e-06
6.94791e-06
1.5344e-05
2.10805e-06
1.34927e-05
1.27947e-05
1.77961e-05
9.87058e-06
7.19238e-06
1.67518e-05
2.28355e-05
1.84907e-05
6.3948e-06
5.52437e-06
1.21603e-05
1.17006e-05
1.15459e-05
1.20811e-05
9.52074e-06
2.12467e-05
9.3717e-06
1.1221e-05
4.16606e-06
9.141e-06
8.26231e-06
2.81125e-06
7.44708e-06
1.10454e-05
8.38386e-06
6.69705e-06
4.71245e-06
1.37267e-05
1.17551e-05
2.65796e-05
1.1698e-05
2.06791e-05
1.73343e-05
1.17832e-05
1.57614e-05
7.31587e-06
7.34807e-06
1.65872e-05
1.1274e-05
5.71381e-06
1.27385e-05
1.42276e-05
2.21462e-05
1.98903e-05
9.90651e-06
6.42258e-06
3.18875e-05
6.47129e-06
1.17906e-05
1.90358e-05
1.58003e-05
8.94007e-06
8.4772e-06
5.56632e-06
4.40429e-06
2.20587e-06
1.24077e-05
4.13209e-05
2.02182e-05
4.45019e-06
9.40326e-06
1.25323e-05
1.27153e-05
2.14299e-05
3.40626e-06
1.1414e-05
1.26661e-05
4.45367e-06
2.7258e-05
1.1004e-05
5.40327e-06
2.85336e-05
9.19818e-06
1.10671e-05
9.4488e-06
6.11663e-06
2.00698e-05
8.30109e-06
4.69591e-06
1.14371e-05
1.51374e-05
4.90537e-06
1.57817e-05
1.94212e-05
3.70474e-06
4.68244e-06
2.11564e-05
1.23763e-05
5.49467e-06
1.14954e-05
1.55779e-05
1.51464e-05
1.54636e-05
1.78934e-05
1.261e-05
4.11351e-06
6.36512e-06
9.12643e-06
1.67821e-05
3.91529e-06
1.08466e-05
6.15826e-06
6.83354e-06
8.51075e-05
6.9017e-06
6.23663e-06
8.79912e-06
1.26525e-05
9.70326e-06
2.1738e-05
1.73695e-05
8.02461e-06
4.70647e-06
9.72259e-06
1.54259e-05
1.09005e-05
3.81389e-05
1.80548e-05
8.62056e-06
1.70374e-05
1.15198e-05
9.68426e-06
6.94529e-06
1.58007e-05
7.38333e-06
1.78878e-05
5.95082e-06
1.52435e-05
8.91139e-06
1.40595e-05
7.56546e-06
1.70185e-05
9.6625e-06
9.44979e-06
6.7485e-06
1.30551e-05
8.4074e-06
3.04931e-05
1.41507e-05
2.15624e-05
8.92296e-06
8.33238e-06
2.0324e-05
1.91542e-05
1.50084e-06
5.95028e-06
2.14978e-05
4.7747e-06
2.46528e-05
8.91896e-06
5.83084e-06
9.29491e-06
1.24248e-05
7.26189e-06
1.19135e-05
6.47587e-06
6.96413e-06
3.07445e-05
5.80469e-06
3.50347e-06
1.53489e-05
3.40433e-06
1.27366e-05
2.02863e-05
1.70835e-05
2.38102e-05
1.53127e-06
2.24926e-05
1.50711e-06
1.56016e-06
1.33864e-05
6.92398e-06
5.34496e-06
2.21375e-05
9.6548e-06
1.60582e-05
1.08575e-05
1.16596e-05
5.40309e-06
6.97486e-06
6.62323e-06
9.40048e-06
1.42998e-05
1.39359e-05
2.09036e-05
2.10002e-05
1.36017e-05
1.88213e-05
1.90279e-05
5.11589e-06
1.17894e-05
5.20545e-06
4.10461e-06
4.44248e-06
4.69243e-06
1.38031e-05
7.06129e-06
7.04172e-06
1.31478e-05
9.44572e-06
1.02418e-05
7.63253e-06
6.55102e-06
1.21579e-05
2.43826e-05
2.05714e-05
1.10022e-05
2.17877e-05
1.34106e-05
2.21258e-06
1.12824e-05
1.22436e-05
2.16083e-05
6.0523e-06
2.00949e-05
1.54941e-05
1.26124e-05
1.50964e-05
2.02267e-05
5.87507e-06
6.72031e-06
1.44784e-05
1.27835e-05
1.24486e-05
1.46069e-05
7.84843e-06
8.64312e-06
1.98968e-05
7.62446e-06
4.70013e-06
1.0974e-05
1.67715e-05
2.27261e-05
2.72902e-05
1.21673e-05
1.62971e-05
8.29399e-06
2.29545e-05
9.0004e-06
5.18551e-06
5.61663e-06
5.48718e-06
6.43768e-06
6.93053e-06
3.93932e-06
1.19841e-05
4.59705e-06
5.57367e-06
1.79615e-05
8.95497e-06
6.46362e-06
5.95188e-06
2.69546e-05
1.53868e-05
1.54154e-05
8.11906e-06
5.13057e-06
1.91503e-05
6.88773e-06
1.94074e-05
1.06797e-05
1.5324e-05
1.00864e-05
6.9587e-06
5.97277e-06
1.53268e-05
3.69276e-06
8.91192e-06
2.16485e-05
5.74551e-06
9.16442e-06
5.57508e-06
1.42314e-05
1.38399e-05
1.95371e-05
6.98796e-06
1.25022e-05
7.24849e-06
2.14555e-05
1.19895e-05
2.82588e-05
1.46697e-05
9.90291e-06
7.16724e-06
6.63306e-06
1.89557e-05
1.64355e-05
6.56738e-06
9.26136e-06
8.55939e-06
4.94337e-06
4.68937e-06
2.15837e-05
5.55629e-06
4.38848e-06
4.10095e-06
9.59312e-06
1.47054e-05
2.1327e-05
1.37404e-05
1.71532e-05
9.56723e-06
1.77895e-05
2.14047e-05
9.58905e-06
5.9081e-06
1.39994e-05
2.57511e-05
9.43452e-06
1.77437e-05
1.13675e-05
9.31438e-06
8.66778e-06
1.619e-05
1.30134e-05
7.59756e-06
1.0927e-05
2.91158e-06
2.40418e-05
7.08075e-06
8.6967e-06
1.11318e-05
3.41643e-06
4.39889e-06
6.62093e-06
1.4098e-05
3.39312e-05
1.24684e-05
1.22122e-05
1.23775e-05
7.65446e-06
1.08357e-05
1.20337e-05
1.31198e-05
1.04448e-05
6.78291e-06
2.25451e-05
1.2099e-05
6.02589e-06
2.81134e-06
1.58523e-05
1.45033e-05
1.49722e-05
2.83264e-05
9.52374e-06
3.69634e-06
5.11938e-06
6.9529e-06
1.59027e-05
1.82953e-05
1.31136e-05
1.77036e-05
1.93028e-05
2.81699e-06
3.24247e-05
4.68061e-06
1.81165e-05
6.67023e-06
4.10946e-06
6.91247e-06
6.87117e-06
1.45246e-05
2.20852e-05
5.48082e-06
1.8534e-05
8.89052e-06
5.51393e-06
1.00183e-05
1.10742e-05
5.39538e-06
7.18078e-06
1.95397e-05
5.5034e-06
5.29606e-06
1.97826e-05
1.60044e-05
1.00018e-05
5.39975e-06
2.01654e-05
1.76146e-05
6.41692e-06
1.4262e-05
9.73211e-06
9.55924e-06
6.12025e-06
6.70824e-06
1.30945e-05
3.18304e-05
8.62782e-06
5.79159e-06
1.56273e-05
8.98906e-06
9.9876e-06
2.56455e-05
4.91447e-06
1.874e-05
2.4891e-05
1.18138e-05
5.53141e-06
1.43654e-05
6.43305e-06
1.74648e-05
1.09737e-05
6.43745e-06
2.11914e-06
8.09145e-06
7.90296e-06
1.59973e-05
8.35403e-06
1.30494e-05
1.91073e-05
1.25967e-05
1.1187e-05
6.36288e-06
1.22335e-05
1.62234e-05
1.0403e-05
6.2565e-06
5.76265e-06
7.91791e-06
1.20688e-05
4.583e-06
3.22417e-05
1.98e-05
7.15921e-06
2.24564e-05
5.05067e-06
6.87112e-06
2.14195e-05
1.44451e-05
7.42863e-06
1.38852e-05
8.85862e-06
7.36867e-06
1.05472e-05
7.4967e-06
2.2262e-05
9.29413e-06
1.2942e-05
9.95875e-06
9.31561e-06
6.64593e-06
1.19431e-05
2.21006e-05
4.38855e-06
9.90311e-06
3.37023e-05
7.98607e-06
1.86861e-05
9.71389e-06
9.58857e-06
6.04364e-06
1.07926e-05
8.96765e-06
8.62278e-06
5.35737e-06
1.25526e-05
3.13845e-05
1.95539e-05
7.29044e-06
6.01817e-06
7.22894e-06
4.41297e-06
1.13975e-05
2.25701e-05
1.02016e-05
6.69655e-06
2.15652e-05
6.60378e-06
4.09895e-06
1.40422e-05
1.49035e-05
8.85377e-06
1.29762e-05
9.63031e-06
6.92884e-06
9.60818e-06
1.7406e-05
1.26742e-05
2.622e-05
2.04354e-05
2.36754e-05
8.42933e-06
1.27392e-05
1.01699e-05
1.16458e-05
8.64792e-06
1.24448e-05
6.97188e-06
8.80035e-06
1.29118e-05
1.36546e-05
6.6617e-06
9.35602e-06
1.00806e-05
7.6888e-06
6.53962e-06
5.34312e-06
1.77601e-05
9.93675e-06
1.57389e-05
1.2792e-05
4.09075e-05
1.1907e-05
1.49812e-05
6.17823e-06
7.80859e-06
2.34468e-05
2.09939e-05
3.13148e-05
1.99966e-05
1.92635e-05
1.85397e-05
1.54157e-05
1.34646e-05
6.10359e-06
1.41099e-05
2.80975e-06
1.02318e-05
8.81473e-06
7.12092e-06
1.74234e-05
1.22351e-05
9.83399e-06
5.80542e-06
1.17456e-05
1.78566e-05
2.98404e-05
1.61045e-05
1.29807e-05
2.74542e-05
6.44775e-06
3.10964e-06
5.69799e-06
1.86617e-05
1.56709e-05
5.77229e-06
1.29409e-05
1.30393e-05
1.68093e-05
1.52962e-05
8.0145e-06
7.4756e-06
1.20268e-05
7.67092e-06
8.95516e-06
9.51815e-06
1.32927e-05
1.71514e-05
7.02971e-06
4.94305e-05
8.87822e-06
4.69011e-06
1.65918e-05
1.23157e-05
9.99173e-06
8.34656e-06
6.92131e-06
6.27976e-06
1.34284e-05
1.78359e-05
1.34479e-05
1.25101e-05
5.88272e-06
4.94214e-06
6.30371e-06
8.42412e-06
6.49726e-06
2.11456e-05
9.25876e-06
1.17655e-05
1.0778e-05
1.77541e-05
1.22127e-05
1.86756e-05
9.65316e-06
1.56477e-05
7.19119e-06
1.31314e-05
5.20956e-06
1.30226e-05
1.78703e-05
1.01791e-05
4.68697e-06
6.61402e-06
8.87982e-06
6.66904e-06
2.39331e-05
6.35824e-06
6.91576e-06
1.73166e-05
2.25716e-05
8.01808e-06
4.58303e-06
7.8621e-06
9.18553e-06
2.11267e-05
1.68243e-05
1.00426e-05
1.82373e-05
6.78672e-06
3.5679e-05
9.63197e-06
7.36379e-06
6.46281e-06
4.69426e-06
1.29838e-05
2.70848e-05
4.69169e-06
1.16825e-05
1.40881e-05
1.2364e-05
7.7495e-06
1.28576e-05
1.44005e-05
1.00855e-05
1.20723e-05
2.26912e-05
9.41652e-06
5.13073e-06
5.54236e-06
5.4393e-06
4.85856e-06
4.21771e-06
1.25905e-05
8.29766e-06
7.79794e-06
9.69032e-06
1.34141e-05
1.5073e-06
6.9087e-06
7.17228e-06
5.81743e-06
1.07656e-05
1.0872e-05
2.10759e-05
1.1879e-05
5.58944e-06
8.21205e-06
7.16178e-06
1.96855e-05
1.88145e-05
1.02569e-05
3.22797e-05
1.0727e-05
1.32487e-05
6.24297e-06
1.46988e-05
1.26521e-05
1.5188e-05
2.80601e-05
8.9618e-06
1.44122e-05
6.25909e-06
5.10053e-06
2.18767e-05
2.23509e-05
8.8014e-06
1.52063e-05
7.52935e-06
8.03378e-06
1.96801e-05
5.41318e-06
6.15055e-06
1.00573e-05
1.91337e-05
8.32157e-06
1.64932e-05
9.58746e-06
8.63199e-06
9.84536e-06
4.81484e-06
5.64089e-06
3.15364e-05
8.7683e-06
1.17667e-05
6.2471e-06
8.94119e-06
4.44607e-06
1.27372e-05
7.41985e-06
1.78642e-05
7.06195e-06
1.39288e-05
9.69994e-06
1.27126e-05
5.16255e-06
1.1073e-05
6.55058e-06
6.68864e-06
1.42524e-05
2.37882e-05
8.95956e-06
1.27185e-05
5.88222e-06
1.52247e-05
7.45596e-06
7.58433e-06
1.2763e-05
1.4578e-05
4.68965e-06
2.19295e-05
7.16018e-06
1.29302e-05
1.29094e-05
8.7691e-06
1.34735e-05
6.38282e-06
1.43981e-05
2.4792e-05
6.72711e-06
4.68876e-06
1.32422e-05
2.88915e-05
1.06359e-05
2.35576e-05
9.24818e-06
1.6225e-05
1.86498e-05
1.24491e-05
1.24269e-05
1.31305e-05
1.95851e-05
1.53598e-05
4.63651e-06
9.12216e-06
9.69051e-06
2.20792e-05
1.43523e-05
8.8441e-06
8.46001e-06
8.35387e-06
6.07189e-06
7.30247e-06
2.11765e-06
6.35698e-06
1.21492e-05
5.58405e-06
1.53642e-05
1.13417e-05
3.4144e-06
2.04071e-05
5.27121e-06
1.01322e-05
2.48137e-05
6.30671e-06
1.07752e-05
1.52474e-05
2.95766e-05
1.32954e-05
8.74215e-06
1.06689e-05
6.77168e-06
4.23468e-06
8.66171e-06
6.78019e-06
5.62317e-06
6.1888e-06
9.00433e-06
2.25955e-06
6.21767e-06
2.51197e-05
9.63292e-06
1.63821e-05
5.15219e-06
9.28329e-06
1.44046e-05
1.26354e-05
9.19412e-06
1.63217e-05
5.88851e-06
1.50721e-06
5.39978e-06
2.00821e-05
1.73354e-05
2.27129e-05
1.05406e-05
7.36996e-06
8.08589e-06
4.39178e-06
8.86836e-06
6.43747e-06
1.60711e-05
9.07162e-06
9.48509e-06
2.13327e-05
1.18872e-05
1.87068e-05
4.38862e-06
4.3885e-06
4.59717e-06
1.40743e-05
1.63441e-05
9.00948e-06
7.31021e-06
7.22029e-06
1.06493e-05
1.81373e-05
1.69115e-05
6.31741e-06
2.06287e-05
5.23862e-06
1.22284e-05
3.41312e-06
9.47145e-06
2.4077e-05
5.39517e-06
5.35325e-06
9.54148e-06
7.57419e-06
1.28695e-05
1.70274e-05
1.24828e-05
1.35749e-05
6.12327e-06
1.85062e-05
1.2087e-05
2.90042e-06
2.1686e-05
1.35206e-05
1.88057e-05
4.0949e-06
7.7732e-06
1.66398e-05
5.64534e-06
6.99154e-06
6.51293e-06
1.22261e-05
6.37553e-06
1.91411e-05
2.11968e-05
9.4354e-06
5.82868e-06
6.06244e-06
6.36152e-06
6.25684e-06
7.45153e-06
1.50335e-05
1.3258e-05
1.49724e-05
1.78775e-05
2.54356e-05
8.90457e-06
8.30619e-06
2.41913e-05
4.09902e-06
7.54313e-06
1.08607e-05
5.773e-06
9.41028e-06
5.83289e-06
1.85013e-05
5.35015e-06
5.89415e-06
5.93242e-06
1.6312e-05
1.97127e-05
5.80944e-06
1.41567e-05
1.87333e-05
1.08897e-05
1.02692e-05
1.2795e-05
4.14372e-05
6.84181e-06
1.69714e-05
1.72254e-05
6.23337e-06
1.27182e-05
1.42333e-05
1.09326e-05
9.79355e-06
2.47348e-05
4.69442e-06
1.11093e-05
1.57099e-05
8.66168e-06
4.39733e-06
1.16087e-05
1.65217e-05
4.39572e-06
6.17131e-06
9.54618e-06
1.32042e-05
4.61319e-06
1.09518e-05
1.00595e-05
1.4184e-05
1.23438e-05
1.85716e-05
5.66196e-06
1.55032e-05
1.03609e-05
1.78768e-05
1.46653e-05
4.38849e-06
9.38088e-06
5.20795e-06
7.27398e-06
1.30907e-05
9.2165e-06
5.86196e-06
2.10933e-06
9.45353e-06
4.91513e-06
8.16052e-06
8.50288e-06
5.49463e-06
6.35996e-06
2.80225e-06
5.81949e-06
9.05625e-06
4.69576e-06
2.71116e-05
1.7696e-05
1.25142e-05
2.53305e-05
6.22666e-06
9.99812e-06
5.71858e-06
1.19654e-05
3.40855e-06
1.39367e-05
1.91802e-05
1.75969e-05
1.5276e-05
2.14772e-05
9.11644e-06
6.05347e-06
2.00037e-05
6.87529e-06
9.04966e-06
5.16613e-06
6.76973e-06
6.37808e-06
4.94452e-06
8.18878e-06
1.57995e-05
1.2722e-05
3.85178e-05
1.53271e-05
1.94805e-05
6.36875e-06
9.64257e-06
7.23261e-06
1.83375e-05
4.68726e-06
6.36962e-05
6.96732e-06
1.50848e-05
6.6901e-06
5.14412e-06
6.62113e-06
1.81842e-05
9.21629e-06
6.94321e-06
1.24978e-05
4.1727e-06
1.24577e-05
5.94814e-06
1.21136e-05
6.78816e-06
2.17569e-05
1.73094e-05
1.01998e-05
4.44229e-06
6.63789e-06
4.0995e-06
1.60527e-05
8.83263e-06
1.23698e-05
5.20717e-06
1.72246e-05
1.28821e-05
1.7228e-05
2.43247e-06
1.69996e-05
5.63483e-06
9.91123e-06
9.28589e-06
1.23019e-05
6.08138e-06
1.09996e-05
8.9871e-06
1.48799e-05
4.93017e-06
7.3869e-06
1.05998e-05
1.112e-05
1.45609e-05
1.38673e-05
1.18902e-05
6.42575e-06
9.02941e-06
1.25947e-05
8.40976e-06
6.24514e-06
5.36979e-06
5.76969e-06
1.90889e-05
6.9314e-06
3.41685e-06
1.07304e-05
6.47403e-06
4.82572e-06
7.38384e-06
1.99415e-05
2.59542e-05
2.50608e-05
2.16073e-05
9.94977e-06
1.48344e-05
1.41497e-05
6.67594e-06
1.54581e-05
1.36926e-05
8.74929e-06
4.39889e-06
1.2604e-05
2.45219e-05
3.51071e-06
9.21947e-06
1.18055e-05
1.00838e-05
9.30372e-06
1.30975e-05
1.00776e-05
5.15492e-06
3.06403e-05
1.59825e-05
8.92208e-06
1.09027e-05
1.60795e-05
6.63221e-06
6.60724e-06
2.06362e-05
1.2892e-05
1.16103e-05
6.81132e-06
1.51478e-05
5.77695e-06
2.03294e-05
2.02763e-05
6.97109e-06
1.34972e-05
1.52855e-05
7.05173e-06
2.43521e-05
1.39916e-05
1.55275e-05
7.3121e-06
1.30299e-05
8.40048e-06
1.96301e-05
7.05357e-06
6.82962e-06
2.37949e-05
4.72534e-06
1.26442e-05
6.58035e-06
1.13585e-05
1.18046e-05
1.22351e-05
1.27617e-05
5.91066e-06
6.63011e-06
7.22237e-06
1.15516e-05
7.37041e-06
6.56708e-06
1.39947e-05
1.5478e-05
2.04075e-05
2.89019e-05
5.72904e-06
2.24059e-05
1.04473e-05
2.0612e-05
2.60859e-05
1.23708e-05
6.85693e-06
2.44497e-05
4.92091e-06
1.18471e-05
3.41602e-06
5.06213e-06
3.05829e-05
8.97367e-06
7.14971e-06
6.08715e-06
6.54859e-06
8.17738e-06
8.97062e-06
1.07894e-05
2.18038e-05
4.67537e-06
6.00854e-06
1.41807e-05
1.17327e-05
7.28212e-06
8.39813e-06
1.16951e-05
6.12807e-06
6.26082e-06
2.64141e-05
1.23252e-05
1.88323e-05
6.885e-06
9.69361e-06
2.27424e-05
8.96876e-06
5.16115e-06
1.21153e-05
7.92938e-06
5.6342e-06
4.92907e-06
4.12419e-06
1.7042e-05
1.41694e-05
6.09198e-06
1.81543e-05
2.30877e-05
6.27504e-06
7.37723e-06
1.35446e-05
3.09043e-05
6.47225e-06
4.6906e-06
2.2314e-05
6.7561e-06
6.3366e-06
1.26136e-05
8.81066e-06
1.0623e-05
2.14705e-05
1.97132e-05
1.32137e-05
4.06301e-06
7.03096e-06
4.56938e-06
4.56961e-06
7.70528e-06
1.25341e-05
1.66127e-05
1.22623e-05
2.19008e-05
1.89242e-05
8.96193e-06
1.50692e-05
1.87812e-05
4.09903e-06
2.11804e-06
8.08052e-06
5.67582e-06
6.06319e-06
1.20861e-05
4.83649e-06
9.16954e-06
2.04747e-05
4.38848e-06
2.30365e-05
4.93672e-06
3.9563e-06
2.09729e-05
9.89685e-06
8.27914e-06
1.58416e-05
1.73629e-05
5.59081e-06
2.30287e-05
1.332e-05
9.22754e-06
1.24041e-05
1.74442e-05
6.87226e-06
4.39433e-06
2.6071e-05
1.59828e-05
1.57307e-05
1.52817e-05
6.98341e-06
1.95873e-05
5.95267e-06
1.04906e-05
5.21079e-06
4.99348e-06
1.20132e-05
1.26505e-05
5.45594e-06
1.37263e-05
4.40733e-06
7.49919e-06
1.15749e-05
1.04e-05
1.50118e-06
1.10477e-05
2.13533e-05
7.22019e-06
4.44443e-06
7.31302e-06
1.27496e-05
1.83724e-05
5.07386e-06
2.36208e-05
1.59698e-05
7.48589e-06
4.68907e-06
5.16946e-06
6.36868e-06
1.51692e-05
4.68098e-06
3.11613e-05
1.87729e-05
6.5628e-06
9.44523e-06
1.1043e-05
1.53206e-05
6.19717e-06
9.80572e-06
1.27308e-05
1.65813e-05
2.76187e-05
2.49204e-05
2.11959e-06
1.96899e-05
3.08261e-05
5.77506e-06
5.60874e-06
5.58454e-06
1.18887e-05
7.46023e-06
1.33452e-05
8.58488e-06
1.87438e-05
7.36867e-06
6.27492e-06
2.8642e-05
6.97317e-06
1.25555e-05
1.99639e-05
1.18498e-05
6.53405e-06
8.4896e-06
1.14689e-05
2.8216e-05
1.18705e-05
1.82865e-05
1.67468e-05
1.46987e-05
1.29961e-05
7.85777e-06
1.41946e-05
9.2738e-06
5.62673e-06
5.05356e-06
8.66178e-06
1.58113e-05
2.85141e-05
7.15945e-06
9.39756e-06
4.27221e-05
1.27337e-05
1.68347e-05
1.27076e-05
6.81282e-06
5.47571e-06
6.27433e-06
1.01347e-05
6.56391e-06
9.26684e-06
8.95346e-06
7.3023e-06
2.85304e-05
9.78647e-06
1.11951e-05
6.09699e-06
5.6036e-06
1.67544e-05
5.15659e-06
1.73011e-05
9.04886e-06
3.40441e-06
1.64906e-05
6.3307e-06
2.20991e-05
7.35224e-06
4.79721e-05
8.17785e-06
1.65409e-05
1.19827e-05
1.80328e-05
2.31264e-05
4.90917e-06
1.39386e-05
7.023e-06
1.44981e-05
3.40541e-06
2.42915e-05
2.12842e-05
1.16437e-05
1.9493e-05
9.72682e-06
7.72293e-06
4.15125e-06
1.22451e-05
4.68165e-06
6.87665e-06
8.11432e-06
1.97776e-05
1.5918e-05
1.48485e-06
1.87372e-05
4.704e-06
4.68273e-06
9.83365e-06
5.27856e-06
8.96782e-06
6.25365e-06
1.6138e-05
2.14257e-05
1.17748e-05
3.50695e-06
2.36219e-05
1.28391e-05
1.21717e-05
1.98813e-05
9.69059e-06
6.28645e-06
1.36855e-05
4.33109e-06
9.02294e-06
1.42975e-05
1.24547e-05
2.79972e-06
1.11566e-05
6.03506e-06
7.27076e-06
9.80652e-06
5.99832e-06
7.72191e-06
1.55959e-05
3.79129e-05
2.1393e-05
1.40028e-05
8.09796e-06
1.09671e-05
4.58392e-06
1.61524e-05
6.47336e-06
6.95442e-06
1.50038e-06
1.59652e-05
2.0501e-05
2.13306e-05
3.16281e-05
2.73107e-05
5.86406e-06
9.12173e-06
4.39697e-06
5.3934e-06
6.59248e-06
7.19303e-06
9.01267e-06
1.26799e-05
6.18812e-06
1.48691e-05
2.81202e-06
1.11822e-05
9.51233e-06
7.39951e-06
1.64859e-05
8.75819e-06
4.87215e-06
2.15374e-05
5.43807e-06
1.48896e-06
1.17981e-05
1.18864e-05
5.47287e-06
9.21323e-06
4.62396e-06
2.12318e-05
1.12528e-05
5.5508e-06
6.14302e-06
9.7422e-06
3.37062e-05
2.17489e-05
4.4582e-06
1.13307e-05
1.4627e-05
1.26771e-05
1.38389e-05
1.50449e-05
1.16225e-05
1.05844e-05
5.83394e-06
1.22878e-05
1.32237e-05
1.87097e-05
9.84308e-06
1.12826e-05
8.42284e-06
1.43732e-05
1.37872e-05
5.09966e-06
5.98453e-06
1.23285e-05
1.39742e-05
1.97382e-05
4.8654e-06
1.29397e-05
4.44652e-06
2.2528e-05
1.24367e-05
4.39159e-06
7.99311e-06
4.9323e-06
9.43822e-06
9.1478e-06
1.22765e-05
6.7456e-06
1.82679e-05
1.20532e-05
8.46756e-06
1.3461e-05
1.00557e-05
1.21388e-05
1.29847e-05
1.68423e-05
1.40785e-05
8.72839e-06
8.2977e-06
1.48417e-06
6.60174e-06
9.64118e-06
6.09405e-06
7.05396e-06
5.89741e-06
5.20164e-06
1.01863e-05
1.79488e-05
1.00477e-05
2.887e-05
7.13365e-06
5.08866e-05
1.88777e-05
8.6608e-06
1.00281e-05
1.42429e-05
4.69546e-06
3.71996e-06
1.67245e-05
1.49735e-06
4.65693e-06
6.8899e-06
1.19632e-05
2.46454e-05
4.19874e-06
1.82225e-05
3.80344e-06
1.2813e-05
1.53344e-05
2.562e-05
1.32953e-05
1.39847e-05
7.41093e-06
9.64055e-06
1.2912e-05
1.59149e-05
2.79821e-05
7.59612e-06
8.04829e-06
7.8691e-06
3.21172e-05
1.22722e-05
8.00682e-06
7.84082e-06
1.33668e-05
8.06713e-06
1.13826e-05
9.42288e-06
4.68912e-06
1.29282e-05
6.54896e-06
6.53558e-06
1.65234e-05
7.77099e-06
6.67513e-06
9.27423e-06
6.08636e-06
1.57537e-05
1.67984e-05
7.73368e-06
1.3608e-05
1.59066e-05
8.07882e-06
2.52815e-06
5.95962e-06
6.47209e-06
2.80118e-06
2.01025e-05
1.99064e-05
5.05722e-06
8.41489e-06
1.15478e-05
3.82674e-05
9.53539e-06
1.02078e-05
5.57976e-06
1.79579e-05
1.34727e-05
2.29421e-05
6.42862e-06
8.024e-06
1.49533e-05
9.60274e-06
7.35255e-06
1.71309e-05
6.23998e-06
4.63786e-06
1.03687e-05
1.60329e-05
2.06719e-05
4.10459e-06
2.82267e-06
1.26187e-05
2.10854e-05
2.45227e-05
1.37957e-05
2.23846e-05
8.09559e-06
4.3662e-06
1.20078e-05
1.01688e-05
9.26207e-06
6.19301e-06
5.27963e-06
1.86205e-05
1.22509e-05
2.0774e-05
1.26119e-05
1.47845e-05
5.20011e-06
1.1856e-05
2.08979e-05
1.34075e-05
6.56737e-06
1.81858e-05
5.15976e-06
1.40062e-05
2.58945e-05
3.03854e-05
9.16446e-06
2.38343e-05
1.42763e-05
6.06468e-06
1.81139e-05
9.54114e-06
5.50847e-06
4.67815e-06
7.42656e-06
3.42334e-06
1.47651e-05
5.95348e-06
1.32072e-05
6.35282e-06
4.67923e-06
9.5262e-06
1.30633e-05
1.08115e-05
1.51134e-05
4.68163e-06
4.46614e-06
1.96098e-05
1.00463e-05
1.10696e-05
8.53806e-06
1.4018e-05
3.41102e-05
1.26252e-05
6.61505e-06
5.90602e-06
4.10441e-06
1.15099e-05
9.99829e-06
4.10053e-06
4.69622e-06
4.97558e-06
1.90939e-05
1.43956e-05
1.31746e-05
1.33383e-05
6.2068e-06
1.49354e-05
2.94031e-05
1.50432e-06
4.67767e-06
1.33577e-05
1.48461e-05
7.3722e-06
1.78317e-05
9.12348e-06
1.71299e-05
9.73303e-06
5.58452e-06
8.69959e-06
8.95576e-06
1.68976e-05
9.2208e-06
6.97928e-06
4.55988e-06
6.68931e-06
7.89866e-06
5.38872e-06
5.08127e-06
4.6823e-06
7.21246e-06
6.63297e-06
4.45462e-06
1.52301e-05
5.00974e-06
1.38583e-05
6.97431e-06
3.64209e-05
9.31295e-06
8.35808e-06
9.16287e-06
4.39305e-06
1.30993e-05
5.1903e-06
1.75694e-05
2.79534e-05
9.18377e-06
2.80377e-06
2.90886e-06
1.10764e-05
1.3458e-05
1.13084e-05
8.77961e-06
2.79995e-06
1.9612e-05
5.17937e-06
5.36496e-06
1.50578e-05
1.75034e-05
1.37225e-05
6.33342e-06
1.96027e-05
2.69972e-05
9.30276e-06
9.72601e-06
1.74937e-05
2.81606e-06
1.60465e-05
6.68881e-06
1.00081e-05
6.45416e-06
4.09956e-05
6.36982e-06
1.28304e-05
6.56359e-06
1.68216e-05
9.20271e-06
1.27665e-05
3.01175e-05
3.64702e-05
8.10788e-06
7.07149e-06
9.16702e-06
9.51048e-06
1.56318e-05
9.29077e-06
7.58919e-06
1.85914e-05
8.94305e-06
2.17492e-05
9.23241e-06
4.42838e-06
1.63007e-05
1.42674e-05
1.05769e-05
5.11141e-06
1.47497e-05
3.50352e-06
6.25363e-06
1.67704e-05
1.70461e-05
1.77053e-05
7.37175e-06
1.90099e-05
8.38449e-06
1.68728e-05
4.63956e-06
8.34932e-06
6.65374e-06
1.04175e-05
1.15373e-05
9.52279e-06
5.48526e-06
9.16377e-06
1.33309e-05
1.14296e-05
1.12571e-05
6.58993e-06
6.63857e-06
1.65267e-05
7.96095e-06
1.80505e-05
5.10778e-06
1.64857e-05
7.60848e-06
1.19821e-05
2.62392e-05
9.47703e-06
2.90809e-05
1.89511e-05
6.89216e-06
9.61031e-06
1.04677e-05
3.20978e-05
9.13184e-06
4.59275e-06
7.09804e-06
6.5226e-06
1.08529e-05
2.16291e-05
6.60648e-06
1.16447e-05
1.14667e-05
5.47927e-06
1.9691e-05
7.30489e-06
2.40187e-05
1.38185e-05
5.41543e-06
6.16576e-06
1.55636e-05
7.88964e-06
2.03478e-05
5.35537e-06
9.05211e-06
6.52289e-06
1.43648e-05
1.79746e-05
2.28835e-05
4.40246e-06
7.6687e-06
9.27747e-06
1.17791e-05
9.76161e-06
1.71441e-05
1.14897e-05
1.26934e-05
1.33947e-05
1.87184e-05
9.40692e-06
1.1242e-05
1.15073e-05
1.63251e-05
1.31705e-05
1.84735e-05
1.16049e-05
2.94476e-05
1.36458e-05
1.11025e-05
1.36109e-05
1.76577e-05
9.69676e-06
6.45499e-06
2.23256e-05
1.53244e-05
1.61991e-05
8.9665e-06
1.32548e-05
1.50839e-05
1.29897e-05
1.76528e-05
9.19387e-06
9.45935e-06
2.0436e-05
2.13002e-05
2.21491e-05
1.01833e-05
9.30534e-06
6.14789e-06
6.88257e-06
2.62896e-05
9.57723e-06
1.32945e-05
8.93972e-06
1.28915e-05
1.38763e-05
5.42811e-06
6.68849e-06
1.16176e-05
1.00402e-05
4.38849e-06
1.34918e-05
8.44097e-06
9.52275e-06
8.22994e-06
1.05949e-05
1.01589e-05
1.8181e-05
2.42765e-05
1.53118e-05
2.01364e-05
1.86661e-05
1.36272e-05
1.59304e-06
1.75092e-05
1.49849e-06
8.09175e-06
1.29313e-05
1.41344e-05
1.50473e-05
1.92592e-05
1.42292e-05
6.65386e-06
1.63988e-05
8.67176e-06
1.51436e-05
7.77177e-06
5.16289e-06
8.15922e-06
1.49551e-06
1.02137e-05
6.90078e-06
1.50473e-06
5.14248e-06
9.85429e-06
1.09596e-05
9.65247e-06
6.11956e-06
1.49219e-05
9.22779e-06
1.58388e-05
1.13512e-05
2.5692e-05
1.57926e-05
1.43677e-05
6.50245e-06
9.66857e-06
9.04373e-06
3.54163e-05
1.64193e-05
1.61645e-05
7.83874e-06
1.39563e-05
1.72795e-05
2.46375e-05
1.05827e-05
5.66346e-06
8.60165e-06
6.1525e-06
8.04298e-06
2.64367e-05
1.15486e-05
1.19688e-05
1.7598e-05
1.25703e-05
1.13122e-05
2.20301e-06
1.27554e-05
2.19038e-05
9.7067e-06
2.80201e-06
9.49568e-06
1.78502e-05
1.7201e-05
1.14109e-05
6.04776e-06
1.3272e-05
1.08022e-05
6.76867e-06
1.39949e-05
8.46065e-06
1.22819e-05
6.96062e-06
2.19097e-06
1.42627e-05
2.51585e-05
1.7217e-05
1.02841e-05
1.20586e-05
7.34494e-06
5.86829e-06
6.86176e-06
1.51347e-05
8.1299e-06
5.91517e-06
1.00001e-05
6.09818e-06
4.39598e-06
1.93365e-05
1.17344e-05
9.71951e-06
1.2787e-05
2.37462e-05
1.67282e-05
5.13276e-06
2.71203e-06
1.0488e-05
9.65037e-06
8.60419e-06
1.67459e-05
1.15424e-05
1.25423e-05
7.82089e-06
6.09201e-06
8.05334e-06
3.83302e-05
6.76039e-06
7.15999e-06
9.17785e-06
1.13085e-05
9.31433e-06
1.05935e-05
9.21858e-06
9.21905e-06
1.17362e-05
6.88259e-06
1.06539e-05
1.00619e-05
6.27868e-06
1.28975e-05
6.56754e-06
1.14947e-05
9.33078e-06
6.58622e-06
8.1112e-06
7.84733e-06
1.50894e-05
1.11911e-05
1.51237e-05
1.13411e-05
1.54641e-05
1.18397e-05
2.03958e-05
2.71291e-05
1.39708e-05
1.0301e-05
4.98521e-06
6.68757e-06
8.78553e-06
7.76797e-06
1.91051e-05
5.15559e-06
6.71858e-06
1.48122e-05
3.79609e-06
1.33462e-05
7.22078e-06
8.31569e-06
1.20156e-05
6.73209e-06
4.41281e-06
8.66567e-06
2.07239e-05
1.62957e-05
8.66122e-06
1.85618e-05
6.35984e-06
7.41668e-06
9.19713e-06
1.11626e-05
1.39625e-05
5.36631e-06
2.34119e-05
9.88343e-06
2.46002e-05
1.44739e-05
2.80068e-06
1.87907e-05
1.37854e-05
6.77017e-06
1.24685e-05
3.07115e-05
7.41244e-06
7.73632e-06
8.20185e-06
1.28554e-05
1.12879e-05
6.47464e-06
5.88801e-06
8.29141e-06
6.13636e-06
5.35723e-06
7.78529e-06
9.48437e-06
9.06409e-06
5.16497e-06
1.68702e-05
1.36862e-05
6.12656e-06
1.30625e-05
7.90419e-06
2.62156e-05
2.57627e-05
7.19409e-06
1.36365e-05
1.49273e-05
1.92771e-05
2.34223e-05
1.31912e-05
1.84982e-05
6.60753e-06
9.93617e-06
6.36433e-06
1.21771e-05
1.39373e-05
1.65471e-05
6.69424e-06
9.27295e-06
1.25874e-05
1.82961e-05
7.78968e-06
2.81363e-05
4.90609e-06
1.05601e-05
5.73238e-06
7.23476e-06
6.60543e-06
5.34007e-06
7.70184e-06
8.93776e-06
1.37715e-05
2.81275e-06
6.62252e-06
1.31337e-05
6.7029e-06
2.02032e-05
5.61575e-06
1.28288e-05
9.5864e-06
1.61129e-05
2.17835e-05
7.36921e-06
5.92842e-06
1.46302e-05
4.80112e-06
4.16743e-06
2.24579e-05
1.80185e-05
1.09705e-05
3.1338e-05
5.38785e-06
9.63934e-06
2.05695e-05
1.00401e-05
8.00866e-06
1.66388e-05
7.51402e-06
1.68399e-05
2.34058e-05
1.5435e-05
1.43649e-05
9.50186e-06
9.06261e-06
6.10413e-06
1.13194e-05
5.10475e-06
9.69018e-06
4.19711e-06
1.05865e-05
1.22086e-05
1.2779e-05
1.08928e-05
1.56785e-05
8.17862e-06
7.58718e-06
9.89415e-06
1.48567e-06
1.61663e-05
8.44221e-06
9.49087e-06
2.1833e-06
1.33294e-05
6.59753e-06
2.80818e-06
1.75542e-05
1.04025e-05
1.34596e-05
1.28022e-05
2.09128e-05
1.78564e-05
1.57669e-05
1.56039e-05
9.2402e-06
2.57077e-05
5.98181e-06
1.20991e-05
6.89803e-06
1.45829e-05
6.16251e-06
1.50279e-06
1.34572e-05
2.04102e-05
1.0462e-05
1.31102e-05
2.80958e-06
4.20626e-06
2.43708e-05
4.39153e-06
2.8593e-05
1.00284e-05
6.28847e-06
1.52144e-05
1.76055e-05
6.728e-06
6.9024e-06
1.1281e-05
9.43547e-06
2.91564e-05
1.66552e-05
1.51517e-05
1.16969e-05
7.07873e-06
1.02364e-05
8.85739e-06
1.99507e-05
4.44745e-06
1.21982e-05
9.46493e-06
2.1029e-05
6.62707e-06
2.35565e-05
2.61685e-05
1.22249e-05
8.88577e-06
9.03168e-06
9.18825e-06
1.28528e-05
1.21395e-05
4.02389e-05
2.55811e-05
8.63219e-06
5.16477e-06
6.18471e-06
6.91246e-06
1.87341e-05
1.40625e-05
8.98953e-06
1.22215e-05
8.97815e-06
3.13311e-05
1.89431e-05
7.03211e-06
3.10606e-05
5.9446e-06
2.08266e-05
7.11771e-06
1.1345e-05
1.17779e-05
4.8051e-06
5.89458e-06
9.63869e-06
3.71317e-06
2.94315e-05
2.24545e-05
2.04716e-05
6.34825e-06
9.53588e-06
1.74507e-05
1.78166e-05
1.15914e-05
1.72208e-05
9.76838e-06
2.0222e-05
1.24411e-05
1.50971e-06
4.40247e-06
1.20299e-05
1.57932e-05
3.40443e-06
3.1084e-06
3.33319e-05
1.34385e-05
1.21813e-05
1.55226e-05
8.39368e-06
1.51652e-05
5.78194e-06
1.12347e-05
4.41102e-06
1.05668e-05
1.00484e-05
1.95466e-05
3.06021e-05
1.21892e-05
5.19851e-06
1.30878e-05
3.70545e-05
1.289e-05
6.3714e-06
8.72267e-06
9.07409e-06
1.61157e-05
5.89891e-06
4.51112e-06
1.4796e-05
2.79957e-05
4.10994e-06
8.71596e-06
4.4666e-06
9.55999e-06
1.06027e-05
4.39874e-06
2.20822e-05
7.41932e-06
1.55222e-05
9.17229e-06
2.00521e-05
2.26833e-05
1.46037e-05
9.83595e-06
1.61513e-05
2.54038e-05
1.59637e-05
3.07722e-05
8.09978e-06
9.15991e-06
9.24961e-06
1.76681e-05
1.87229e-05
3.11075e-05
1.05094e-05
1.45362e-05
1.14207e-05
6.63814e-06
1.25483e-05
2.22015e-05
1.23431e-05
3.40209e-06
9.60352e-06
4.96018e-06
1.19503e-05
1.2403e-05
1.56128e-05
1.25257e-05
4.45278e-05
6.88183e-06
3.30021e-05
4.40578e-06
1.96586e-05
6.76992e-06
1.76504e-05
3.67409e-05
1.89008e-05
7.36735e-06
1.58882e-05
4.45324e-06
5.62338e-06
6.85596e-06
4.68149e-06
1.79139e-05
1.57066e-06
1.95514e-05
1.22786e-05
1.10602e-05
1.1929e-05
1.55474e-05
1.60625e-05
1.89022e-05
1.77144e-05
6.39165e-06
1.25116e-05
7.24182e-06
9.10415e-06
1.29376e-05
9.82337e-06
7.271e-06
6.4702e-06
4.93982e-06
2.71748e-06
5.41775e-06
2.19447e-05
1.16235e-05
9.64214e-06
9.74892e-06
8.09188e-06
8.22094e-06
2.13868e-05
1.64849e-05
8.90854e-06
1.39265e-05
9.90334e-06
1.39856e-05
1.0051e-05
3.51403e-05
1.03332e-05
8.18693e-06
9.60814e-06
1.44326e-05
5.11324e-06
8.07203e-06
6.09515e-06
6.29152e-06
1.44128e-05
9.10357e-06
1.31411e-05
1.5962e-05
1.13794e-05
1.12421e-05
2.1775e-05
9.87013e-06
5.44107e-06
1.14931e-05
6.69177e-06
7.35997e-06
7.01892e-06
9.0415e-06
1.55082e-05
8.0799e-06
1.29569e-05
9.92315e-06
2.64597e-05
1.31206e-05
7.06276e-06
5.5143e-06
2.38671e-05
6.99675e-06
6.08372e-06
5.15969e-06
1.45719e-05
4.39852e-06
1.68973e-05
5.65287e-06
1.36254e-05
2.83191e-05
1.34483e-05
1.78759e-05
6.32942e-06
1.3256e-05
1.37327e-05
2.1865e-05
1.17529e-05
1.09559e-05
1.65524e-05
1.10993e-05
9.09249e-06
7.25398e-06
5.47139e-06
8.31847e-06
1.02027e-05
2.11203e-05
1.63108e-05
1.20547e-05
1.8153e-05
1.1915e-05
5.14042e-06
1.40599e-05
1.39453e-05
5.20552e-06
4.13898e-06
6.01985e-06
7.21988e-06
3.69559e-06
5.46684e-06
1.44306e-05
1.47373e-05
6.03746e-06
1.35762e-05
7.67355e-06
2.53801e-05
4.39181e-06
7.87044e-06
1.45643e-05
1.50046e-06
1.4897e-06
9.80823e-06
1.21577e-05
1.24597e-05
4.39257e-06
1.35475e-05
1.56798e-05
1.51789e-05
4.40667e-06
7.19885e-06
6.87676e-06
6.64473e-06
5.80953e-06
1.89325e-05
6.99098e-06
2.71729e-05
6.52639e-06
1.30601e-05
2.10955e-05
1.65523e-05
1.50823e-06
4.39395e-06
2.69637e-05
9.70845e-06
8.00066e-06
1.7404e-05
4.67805e-06
1.91562e-05
1.23352e-05
7.87214e-06
5.15548e-06
1.12057e-05
1.68079e-05
1.56224e-05
1.26049e-05
4.71203e-06
8.17951e-06
1.28514e-05
7.88101e-06
1.42573e-05
2.50605e-05
4.57344e-06
2.09216e-05
1.34882e-05
3.49909e-05
2.0132e-05
6.25745e-06
1.47071e-05
1.82995e-05
9.20526e-06
1.22346e-05
8.69076e-06
9.51934e-06
3.80135e-06
4.99114e-06
2.08538e-05
1.21678e-05
9.35453e-06
6.71207e-06
6.47851e-06
2.14281e-05
1.76593e-05
7.88179e-06
1.14185e-05
1.53375e-05
5.14382e-06
1.49136e-05
9.35351e-06
1.07682e-05
5.85833e-06
9.49623e-06
1.77595e-05
8.08524e-06
9.84182e-06
9.43173e-06
1.18841e-05
9.49885e-06
6.36767e-06
1.38066e-05
1.09461e-05
6.70493e-06
6.05308e-06
1.46888e-05
1.25207e-05
4.09893e-06
1.04709e-05
8.87616e-06
7.09636e-06
1.29812e-05
1.53076e-05
8.92171e-06
4.10726e-06
6.34884e-06
7.94941e-06
2.43007e-05
6.7665e-06
6.10655e-06
4.4391e-06
7.40686e-06
1.00915e-05
2.82108e-06
1.09637e-05
5.09851e-06
4.63302e-06
6.52706e-06
1.25979e-05
2.31759e-05
5.79781e-06
1.06006e-05
1.49181e-06
2.71216e-06
5.8233e-06
6.15992e-06
6.14346e-06
2.24126e-05
2.21182e-05
1.77648e-05
2.87315e-05
3.20765e-05
9.32747e-06
1.06645e-05
2.33123e-05
1.99149e-05
6.90014e-06
1.72106e-05
9.97249e-06
6.5888e-06
9.24808e-06
7.31131e-06
1.70385e-05
1.08653e-05
2.65728e-05
5.94161e-06
5.78213e-06
6.01596e-06
1.84544e-05
7.95179e-06
1.50348e-06
6.63949e-06
8.99473e-06
1.28827e-05
1.25231e-05
9.54808e-06
9.3033e-06
1.58846e-05
2.76653e-05
2.49617e-05
2.71711e-06
1.78969e-05
7.14649e-06
6.86115e-06
5.39752e-06
5.72579e-06
5.4013e-06
6.03806e-06
2.90522e-05
9.04331e-06
7.37296e-06
9.25408e-06
2.08426e-05
9.53773e-06
6.55787e-06
8.32107e-06
1.55875e-05
1.18555e-05
1.48911e-05
8.2828e-06
1.34473e-05
5.8416e-06
6.65611e-06
1.82577e-05
6.19594e-06
8.95365e-06
4.10554e-06
1.32011e-05
1.66154e-05
1.1331e-05
1.25543e-05
5.68369e-06
5.59047e-06
8.65664e-06
4.6419e-06
3.50636e-06
9.98046e-06
2.0388e-05
1.22003e-05
1.07476e-05
9.18306e-06
9.88931e-06
1.76491e-05
2.18347e-05
6.12553e-06
1.93313e-05
9.76066e-06
9.50155e-06
7.78689e-06
7.19169e-06
4.6242e-06
6.32206e-06
4.97774e-06
1.94537e-05
7.22855e-06
1.80715e-05
1.19336e-05
1.25763e-05
4.63264e-06
2.63548e-05
4.78536e-06
7.23608e-06
6.36618e-06
6.54753e-06
9.89508e-06
1.09107e-05
9.19672e-06
1.15685e-05
1.52699e-05
6.87205e-06
6.86831e-06
2.36014e-05
2.19657e-06
5.82462e-06
1.68304e-05
5.68184e-06
2.03244e-05
9.93979e-06
1.51519e-05
5.83057e-06
1.08516e-05
9.03241e-06
9.80017e-06
4.10032e-06
5.81364e-06
2.44466e-05
9.53036e-06
9.93046e-06
6.86024e-06
1.12693e-05
5.15541e-06
6.80695e-06
9.70495e-06
1.41763e-05
1.77067e-05
1.43636e-05
2.10816e-05
1.47717e-05
1.4314e-05
9.09413e-06
7.09945e-06
9.92015e-06
5.85675e-06
7.28822e-06
1.74126e-05
4.67794e-06
1.47021e-05
4.64355e-06
8.98346e-06
1.38635e-05
4.62084e-06
1.15978e-05
3.45748e-05
1.13425e-05
1.51556e-05
1.49175e-05
6.52436e-06
2.42484e-05
4.3903e-06
2.24833e-05
1.13848e-05
6.25402e-06
4.60641e-06
4.5594e-06
6.23059e-06
1.30831e-05
1.1088e-05
4.58012e-06
8.90979e-06
8.36753e-06
5.85251e-06
1.93813e-05
1.90757e-05
6.1723e-06
1.03653e-05
1.04028e-05
1.10118e-05
2.01942e-05
9.30577e-06
1.106e-05
1.82934e-05
4.09894e-06
2.1069e-06
2.61642e-05
1.25848e-05
9.39371e-06
5.44935e-06
7.04993e-06
2.25799e-05
9.84276e-06
1.67819e-05
9.67079e-06
1.68419e-05
3.10666e-05
1.63966e-05
1.74975e-05
2.38968e-05
6.27644e-06
6.57987e-06
7.30073e-06
1.14123e-05
1.31469e-05
1.93205e-05
6.55589e-06
1.47979e-05
1.71335e-05
3.41309e-06
1.04571e-05
5.43671e-06
8.10381e-06
9.65872e-06
1.79492e-05
4.15727e-06
6.30972e-06
1.60253e-05
9.94825e-06
1.26567e-05
2.40479e-05
1.29679e-05
6.70929e-06
8.08273e-06
6.29573e-06
3.51035e-06
1.63568e-05
2.19781e-05
5.75327e-06
5.38351e-06
2.81839e-06
5.40169e-06
2.00044e-05
8.48093e-06
7.22067e-06
4.59647e-06
4.69727e-06
4.91434e-06
2.71517e-05
2.58695e-05
4.57623e-06
2.01164e-05
1.81794e-05
6.54432e-06
1.90671e-05
6.87916e-06
1.69957e-05
7.1026e-06
1.99419e-05
2.84027e-05
1.09816e-05
4.40053e-06
1.13297e-05
1.06273e-05
1.15315e-05
1.98031e-05
4.6219e-06
2.28967e-05
1.04407e-05
2.13442e-05
1.43499e-05
5.3628e-06
2.09745e-05
1.26163e-05
5.55743e-06
6.44797e-06
6.34777e-06
6.99245e-06
5.34825e-06
2.32534e-05
1.43722e-05
7.14015e-06
1.8077e-05
9.47148e-06
5.81612e-06
7.37206e-06
9.68314e-06
5.16392e-06
9.92504e-06
6.90354e-06
7.06735e-06
8.53644e-06
9.86616e-06
8.46171e-06
1.91926e-05
2.06459e-05
1.60411e-05
8.08763e-06
9.84016e-06
9.36356e-06
1.93717e-05
1.88523e-05
1.4372e-05
2.18503e-05
1.04948e-05
1.18073e-05
6.86167e-06
8.64902e-06
1.04477e-05
1.43935e-05
8.93714e-06
5.70251e-06
8.70504e-06
2.40756e-05
8.09948e-06
1.28207e-05
9.1329e-06
5.49329e-06
1.32616e-05
1.06518e-05
5.17764e-06
7.04873e-06
6.85838e-06
8.36317e-06
6.92409e-06
1.25675e-05
4.17249e-06
1.27205e-05
2.37044e-05
5.63267e-06
7.23634e-06
7.03302e-06
2.63396e-05
3.51175e-06
1.85877e-05
1.67816e-05
1.94531e-05
4.10237e-06
5.19789e-06
8.82336e-06
7.18974e-06
6.40384e-06
2.11534e-06
5.85755e-06
5.92786e-06
1.31058e-05
1.28151e-05
8.63365e-06
1.08848e-05
1.17235e-05
1.57225e-05
1.19869e-05
4.48189e-06
6.23627e-06
3.27547e-05
1.5306e-05
1.77267e-05
5.99087e-06
3.88003e-06
4.42201e-06
9.45444e-06
1.32567e-05
2.04754e-05
7.94655e-06
2.44179e-05
1.2e-05
5.13936e-06
3.7024e-06
4.68846e-06
7.55533e-06
5.67248e-06
1.42799e-05
2.11212e-05
9.77204e-06
4.18273e-06
1.91215e-05
1.01978e-05
3.48342e-05
1.44914e-05
1.21506e-05
1.1257e-05
1.83615e-05
4.11297e-06
2.36708e-05
4.38946e-06
5.81828e-06
9.97904e-06
6.97312e-06
4.03897e-06
5.86137e-06
1.3138e-05
6.64241e-06
7.14649e-06
2.52651e-05
1.67011e-05
1.322e-05
9.51593e-06
1.14715e-05
6.42035e-06
1.49554e-05
1.4909e-05
6.07282e-06
1.20739e-05
6.50247e-06
6.65508e-06
9.25735e-06
7.96303e-06
8.60081e-06
9.68208e-06
1.09212e-05
1.26489e-05
1.22814e-05
5.47992e-06
5.7099e-06
7.78149e-06
1.50766e-06
7.51181e-06
2.2823e-05
1.80986e-05
1.26782e-05
6.70437e-06
1.62631e-05
9.50269e-06
8.48452e-06
7.09002e-06
1.4347e-05
9.74968e-06
3.58818e-05
1.07094e-05
2.00699e-05
7.40392e-06
1.08096e-05
7.6263e-06
1.40897e-05
5.37886e-06
9.79231e-06
5.16524e-06
6.44295e-06
4.92592e-06
1.02301e-05
4.38848e-06
1.91012e-05
9.05813e-06
1.91044e-05
6.45488e-06
1.64584e-05
8.16291e-06
1.38836e-05
1.0802e-05
1.92891e-05
4.10149e-06
9.19401e-06
9.16849e-06
6.57174e-06
1.03613e-05
1.52582e-05
9.13134e-06
1.06366e-05
1.64554e-05
6.11089e-06
9.06016e-06
1.80807e-05
7.82874e-06
6.93758e-06
7.70983e-06
1.38941e-05
7.08544e-06
2.02999e-05
7.39023e-06
1.52158e-05
1.17464e-05
6.5641e-06
1.71894e-05
1.76706e-05
1.54226e-05
1.29739e-05
1.68568e-05
1.23017e-05
3.40958e-06
8.66413e-06
4.68329e-06
5.99356e-06
1.97512e-05
5.91172e-06
2.37567e-05
1.07929e-05
1.29173e-05
9.34361e-06
1.66122e-05
1.81965e-05
5.93491e-06
9.24262e-06
1.16791e-05
7.72988e-06
7.73109e-06
5.88888e-06
2.08965e-05
2.06885e-05
1.48699e-06
1.5055e-06
5.87772e-06
5.31482e-06
1.53574e-05
1.61789e-05
1.01757e-05
2.29522e-05
1.56524e-05
6.38259e-06
1.43121e-05
1.5927e-05
1.41131e-05
2.38253e-05
1.15097e-05
1.78224e-05
2.22201e-05
1.32226e-05
1.24783e-05
9.47367e-06
8.80345e-06
1.47747e-05
1.617e-05
2.00329e-05
5.97647e-06
9.33791e-06
2.46331e-05
1.36805e-05
4.04915e-06
1.3897e-05
2.29201e-05
1.78604e-05
2.05618e-05
5.58418e-06
2.22056e-05
1.42157e-05
7.09159e-06
2.24616e-05
2.23526e-05
1.99616e-05
4.47678e-06
2.80614e-06
1.32421e-05
1.61702e-05
9.00729e-06
1.73855e-05
9.03349e-06
8.91709e-06
1.97926e-05
6.49031e-06
6.78917e-06
2.56034e-05
9.66755e-06
2.09438e-05
1.54872e-05
1.57488e-05
8.8048e-06
1.43545e-05
8.49943e-06
6.9015e-06
1.65605e-05
8.82674e-06
1.53323e-05
7.37334e-06
7.30254e-06
6.23935e-06
2.19082e-05
2.48718e-05
4.93163e-06
1.52517e-05
5.17163e-06
3.12812e-05
4.92042e-06
1.07634e-05
1.9241e-05
1.26414e-05
8.14982e-06
1.235e-05
1.00882e-05
1.65142e-05
1.341e-05
7.08783e-06
1.51286e-05
6.45602e-06
1.88977e-05
8.86183e-06
5.51674e-06
8.27281e-06
1.75666e-05
7.03987e-06
1.07032e-05
2.47688e-06
9.12459e-06
4.61867e-06
1.2147e-05
6.56169e-06
1.44692e-05
4.39583e-06
4.925e-06
1.96767e-05
1.21516e-05
9.73278e-06
2.04522e-05
6.89286e-06
1.25753e-05
1.3816e-05
6.715e-06
4.42248e-06
6.1122e-06
4.80389e-06
5.65283e-06
8.00842e-06
1.15321e-05
1.47144e-05
1.37921e-05
5.13129e-06
6.58244e-06
9.64063e-06
6.53994e-06
1.67861e-05
1.47162e-05
1.79416e-05
1.51564e-06
1.37611e-05
5.17076e-06
5.77126e-06
6.37619e-06
1.75505e-05
1.38735e-05
7.58933e-06
1.36913e-05
1.1877e-05
8.42991e-06
2.03411e-05
1.26761e-05
2.0179e-05
1.03984e-05
6.877e-06
9.25355e-06
8.92626e-06
9.40212e-06
7.95593e-06
7.72504e-06
1.15961e-05
1.06267e-05
7.53059e-06
8.21797e-06
6.15875e-06
1.24223e-05
4.39937e-06
1.07314e-05
2.45932e-05
1.1164e-05
9.18797e-06
1.31967e-05
2.35049e-05
4.58478e-06
1.74508e-05
9.01448e-06
7.54212e-06
1.48587e-06
7.20819e-06
1.33085e-05
1.12572e-05
1.73857e-05
9.58989e-06
5.7455e-06
1.97303e-05
3.66897e-05
1.59443e-05
5.76842e-06
1.21591e-05
3.67242e-06
1.07682e-05
1.66839e-05
8.09375e-06
1.49921e-05
1.49864e-05
5.6579e-06
5.67191e-06
1.37339e-05
1.01373e-05
9.18623e-06
1.61099e-05
6.3142e-06
1.49541e-06
1.63411e-05
6.33954e-06
8.5372e-06
1.55706e-05
1.25798e-05
2.33513e-05
2.38115e-05
1.38003e-05
2.72266e-05
1.26086e-05
2.4419e-05
5.7635e-06
2.27659e-05
1.47756e-05
1.44026e-05
8.65576e-06
1.00307e-05
1.14374e-05
2.02852e-05
5.7874e-06
2.18028e-05
1.29974e-05
6.50824e-06
1.00948e-05
5.74559e-06
1.45067e-05
8.63612e-06
2.39159e-05
1.27295e-05
1.55331e-05
1.64748e-05
4.1697e-06
9.67271e-06
4.38848e-06
6.07034e-06
1.07775e-05
2.80509e-06
2.01912e-05
1.23904e-05
1.4768e-05
1.79958e-05
1.94007e-05
9.70794e-06
5.95605e-06
3.50781e-06
5.80011e-06
4.94346e-06
1.86446e-05
8.385e-06
4.39916e-06
8.38446e-06
8.7596e-06
1.26655e-05
9.76215e-06
1.48703e-05
1.24108e-05
1.14648e-05
6.96616e-06
2.35366e-05
9.89928e-06
3.89318e-06
8.90658e-06
2.23499e-05
6.29926e-06
9.05451e-06
1.71849e-05
1.23716e-05
1.30694e-05
4.445e-06
9.61599e-06
3.42623e-05
2.25244e-05
6.28255e-06
5.85948e-06
6.00774e-06
9.09858e-06
9.37358e-06
7.49344e-06
2.2254e-05
1.52024e-05
9.90406e-06
9.54597e-06
7.41762e-06
1.28443e-05
2.47828e-05
1.61464e-05
1.33004e-05
3.26091e-05
1.89883e-05
7.59248e-06
2.07222e-05
5.8246e-06
7.82041e-06
1.26016e-05
3.1367e-05
2.29599e-05
6.37889e-06
9.41108e-06
1.07467e-05
6.47297e-06
1.86327e-05
1.69954e-05
2.61972e-05
7.67711e-06
5.18369e-06
4.09892e-06
1.4008e-05
1.14701e-05
8.22752e-06
7.202e-06
8.9372e-06
9.91765e-06
9.05062e-06
1.50219e-05
1.27219e-05
6.06237e-06
2.10868e-05
2.40577e-05
1.64873e-05
1.26344e-05
2.4275e-05
7.55589e-06
8.82826e-06
1.06824e-05
1.41452e-05
9.89921e-06
1.7171e-05
1.15681e-05
2.2614e-05
1.11667e-05
1.96845e-05
8.56963e-06
1.19388e-05
2.19775e-05
1.94773e-05
1.32701e-05
9.77245e-06
1.44935e-05
1.01434e-05
5.80104e-06
1.84181e-05
1.1769e-05
1.6202e-05
9.82828e-06
1.95416e-05
9.11045e-06
4.68735e-06
4.92992e-06
1.91907e-05
1.80046e-05
7.78044e-06
1.12483e-05
1.21205e-05
1.13437e-05
8.26559e-06
5.66748e-06
1.33028e-05
9.86351e-06
1.26911e-05
1.44518e-05
4.41665e-06
1.75429e-05
1.61745e-05
1.76856e-05
2.36805e-05
1.08752e-05
6.26042e-06
4.38848e-06
1.65035e-05
4.91721e-06
3.62901e-05
6.28534e-06
4.91676e-06
5.34685e-06
3.79541e-06
1.47124e-05
3.07712e-05
1.45332e-05
2.80391e-06
8.86323e-06
1.50164e-06
3.4051e-06
5.40888e-06
1.23154e-05
2.05062e-05
4.96894e-06
1.3226e-05
1.07573e-05
7.1465e-06
2.87256e-05
4.45416e-06
1.87395e-05
8.95445e-06
8.65843e-06
2.32353e-05
1.59112e-05
1.49253e-05
1.594e-05
6.09649e-06
1.04551e-05
9.33711e-06
1.06757e-05
1.20816e-05
3.89112e-06
1.42025e-05
1.20574e-05
9.16577e-06
4.09893e-06
1.60174e-05
1.79761e-05
6.85692e-06
1.17017e-05
1.03982e-05
2.80148e-06
1.5838e-05
1.53675e-05
7.1002e-06
6.30911e-06
8.74706e-06
1.35086e-05
1.33092e-05
2.21011e-06
6.41819e-06
1.75087e-05
1.04155e-05
5.32114e-06
3.69607e-06
6.31226e-06
1.66902e-05
1.96035e-05
5.80281e-06
9.4551e-06
3.51863e-06
9.26958e-06
1.9169e-05
6.42049e-06
1.46523e-05
8.01938e-06
1.29379e-05
4.14188e-05
9.22542e-06
1.02003e-05
2.41359e-05
4.1868e-06
6.38546e-06
1.28972e-05
2.68942e-05
5.57763e-06
1.63358e-05
7.8914e-06
6.51935e-06
1.27849e-05
1.24892e-05
9.48363e-06
6.80291e-06
2.34424e-05
2.31376e-05
9.51468e-06
1.09864e-05
1.15335e-05
2.55384e-05
1.54821e-05
7.53778e-06
1.57968e-05
7.35278e-06
2.01556e-05
6.68676e-06
5.13503e-06
1.98265e-05
6.10678e-06
1.30314e-05
1.35063e-05
1.32866e-05
1.26383e-05
3.69868e-06
1.62354e-05
3.15096e-05
4.3885e-06
6.65264e-06
9.29411e-06
2.40098e-05
4.97951e-06
1.16282e-05
2.08215e-05
1.77236e-05
2.48428e-05
1.25047e-05
8.6441e-06
1.33694e-05
1.62586e-05
1.1601e-05
5.10786e-06
8.85951e-06
2.10112e-05
7.09877e-06
6.87657e-06
1.10744e-05
3.4531e-05
6.50587e-06
6.14217e-06
7.7562e-06
6.62685e-06
2.13384e-05
5.92824e-06
1.25812e-05
6.63892e-06
4.419e-06
1.49464e-05
4.55495e-06
9.34154e-06
7.86958e-06
1.14586e-05
1.00611e-05
1.03386e-05
1.5968e-05
6.77792e-06
7.03427e-06
9.93426e-06
6.00325e-06
5.34964e-06
5.78034e-06
4.09972e-06
1.50201e-06
2.36392e-05
9.18161e-06
4.9981e-06
1.74945e-05
3.47586e-05
6.69572e-06
6.67098e-06
6.03767e-06
1.27232e-05
6.57495e-06
7.8039e-06
1.2808e-05
1.10905e-05
6.91172e-06
1.01801e-05
7.07833e-06
1.56686e-05
8.65751e-06
4.67937e-06
1.35431e-05
1.6193e-05
5.14565e-06
4.67705e-06
1.23222e-05
9.8949e-06
3.18034e-05
8.99955e-06
2.13671e-05
9.58794e-06
1.16461e-05
1.45194e-05
1.42022e-05
9.92192e-06
4.92423e-06
2.81297e-06
1.03786e-05
7.84751e-06
7.18414e-06
1.06903e-05
2.79456e-05
4.94642e-06
2.56525e-05
8.86556e-06
1.9993e-05
1.17427e-05
1.81411e-05
9.55389e-06
1.57877e-05
8.08395e-06
1.78293e-05
1.48493e-05
7.47168e-06
1.64554e-05
1.32757e-05
6.17139e-06
8.93309e-06
1.17786e-05
2.0895e-05
1.07383e-05
1.29444e-05
3.79302e-06
6.12281e-06
1.928e-05
3.16101e-05
1.6391e-05
1.13679e-05
1.2696e-05
7.3021e-06
1.15834e-05
1.82904e-05
9.70285e-06
9.25732e-06
2.00638e-05
8.71427e-06
1.23243e-05
1.88978e-05
1.65674e-05
3.02901e-05
2.806e-06
1.74919e-05
1.28782e-05
1.05042e-05
9.81548e-06
6.94888e-06
1.53526e-05
5.85435e-06
2.44527e-05
1.02747e-05
1.22791e-05
1.05886e-05
3.40971e-06
8.25409e-06
5.76775e-06
7.77657e-06
1.07999e-05
5.85456e-06
1.38217e-05
9.07155e-06
2.80829e-06
7.07402e-06
8.61041e-06
9.93907e-06
7.16182e-06
4.68953e-06
1.51409e-05
2.8155e-05
1.12624e-05
1.57948e-05
8.47447e-06
1.06733e-05
3.30176e-05
2.26851e-05
1.37272e-05
9.15816e-06
1.50652e-05
5.67675e-06
1.27778e-05
5.79866e-06
1.06989e-05
8.9656e-06
6.45703e-06
2.20269e-05
1.04615e-05
3.91361e-05
1.42858e-05
1.48285e-05
5.90038e-06
1.85227e-05
1.51091e-06
1.11229e-05
4.97805e-06
1.27238e-05
1.46738e-05
1.69569e-05
7.91894e-06
1.23694e-05
8.90801e-06
1.1915e-05
7.44334e-06
6.05116e-06
1.14417e-05
6.70404e-06
6.32103e-06
1.01244e-05
1.48705e-05
2.64226e-05
1.80724e-05
1.39714e-05
1.74855e-05
4.92059e-06
1.35955e-05
4.69121e-06
9.53444e-06
1.02161e-05
1.47255e-05
6.7406e-06
1.20594e-05
2.15128e-05
1.24819e-05
1.68066e-05
1.92218e-05
7.44145e-06
5.13516e-06
1.88862e-05
1.31516e-05
4.92791e-06
6.27145e-06
2.2052e-06
1.57665e-05
1.91657e-05
9.32941e-06
1.86777e-05
1.04725e-05
6.0685e-06
1.90708e-05
9.13091e-06
6.3097e-06
3.92531e-06
3.09722e-06
6.44956e-06
2.09565e-05
7.68059e-06
1.02561e-05
4.90753e-06
3.40459e-06
1.49474e-05
6.36224e-06
1.10316e-05
1.21629e-05
7.86179e-06
2.08444e-05
3.71795e-06
1.28974e-05
8.67643e-06
1.44051e-05
7.4603e-06
7.42396e-06
9.61131e-06
6.18675e-06
1.86643e-05
9.86862e-06
2.23529e-05
4.37445e-06
8.15594e-06
7.23382e-06
5.94768e-06
1.57636e-05
2.13452e-05
9.94739e-06
1.03356e-05
9.13923e-06
1.46571e-05
1.03394e-05
8.38256e-06
7.48337e-06
8.37657e-06
2.17775e-05
1.26257e-05
1.33608e-05
5.80933e-06
1.49699e-05
1.9807e-06
9.93155e-06
1.22217e-05
1.17805e-05
4.92287e-06
1.20026e-05
1.34636e-05
8.72367e-06
7.27952e-06
1.12644e-05
1.47031e-05
4.41342e-06
1.22487e-05
8.59525e-06
1.04392e-05
1.06806e-05
5.39615e-06
1.80077e-05
4.67931e-06
1.1396e-05
4.68986e-06
7.67983e-06
3.40434e-06
7.25373e-06
1.73708e-05
1.44176e-05
1.06597e-05
3.49888e-06
2.53511e-05
1.11685e-05
1.21933e-05
4.38892e-06
6.88452e-06
1.64618e-05
3.80292e-06
6.79782e-06
4.9214e-06
1.91597e-05
6.8251e-06
1.5281e-05
4.39412e-06
4.71114e-06
7.59771e-06
1.51174e-06
7.30042e-06
1.04092e-05
1.18858e-05
9.25402e-06
3.69665e-06
1.63677e-05
2.36016e-05
5.97795e-06
3.41073e-06
6.9808e-06
4.38987e-06
1.87924e-05
7.20714e-06
1.09038e-05
1.2231e-05
2.48746e-05
1.86955e-05
1.01315e-05
4.67753e-06
5.34766e-06
1.36403e-05
1.80832e-05
3.68191e-06
1.34242e-05
6.4026e-06
4.92734e-06
7.06543e-06
5.70098e-06
4.70611e-06
4.09894e-06
1.15344e-05
1.0855e-05
2.11121e-05
1.28024e-05
9.6811e-06
9.15617e-06
1.21241e-05
6.54294e-06
2.79922e-05
1.45415e-05
1.48785e-05
9.9197e-06
4.38854e-06
9.66392e-06
1.35241e-05
6.4204e-06
8.68026e-06
4.90414e-06
1.1377e-05
4.78845e-06
8.96174e-06
1.85542e-05
1.47086e-05
9.06027e-06
9.74616e-06
1.82431e-05
5.81348e-06
1.65817e-05
1.27505e-05
9.53667e-06
2.29792e-05
6.08695e-06
6.40307e-06
6.32038e-06
1.26731e-05
1.36859e-05
7.18218e-06
1.49517e-06
8.18124e-06
1.13573e-05
1.02529e-05
4.91353e-06
5.43399e-06
9.10553e-06
6.36978e-06
6.53864e-06
2.81096e-06
6.05244e-06
1.7211e-05
8.66201e-06
1.60047e-05
1.21247e-05
8.99109e-06
1.1912e-05
1.06109e-05
1.56675e-05
8.18112e-06
1.50917e-05
5.99161e-06
2.06556e-05
1.37845e-05
1.27883e-05
4.98833e-06
4.41907e-06
8.31848e-06
7.14733e-06
4.69632e-06
1.60212e-05
5.36459e-06
8.87987e-06
4.41181e-06
8.16585e-06
5.96731e-06
6.71069e-06
4.67806e-06
6.42709e-06
5.73139e-06
1.19126e-05
7.0442e-06
7.17957e-06
1.44934e-05
7.17922e-06
1.2741e-05
1.05e-05
5.21949e-06
1.2967e-05
5.24927e-06
4.88891e-06
1.21575e-05
8.89938e-06
6.59508e-06
6.67333e-06
4.57855e-06
7.17526e-06
9.80148e-06
5.51107e-06
2.19788e-06
7.27249e-06
8.06048e-06
1.47082e-05
6.28067e-06
1.19203e-05
6.2566e-06
8.05921e-06
3.40856e-06
7.2749e-06
7.36068e-06
1.1482e-05
1.04522e-05
9.3471e-06
6.47219e-06
6.63036e-06
8.60875e-06
6.54858e-06
1.02817e-05
9.84905e-06
1.04185e-05
2.82644e-06
8.50805e-06
9.58606e-06
3.79316e-06
6.15785e-06
4.60012e-05
3.03743e-05
2.35867e-05
2.47529e-05
1.95557e-05
9.68217e-06
4.82921e-06
5.28709e-05
1.46949e-06
4.80475e-05
1.11199e-05
2.47226e-05
1.94078e-05
4.99133e-06
1.12016e-05
9.40248e-06
2.47665e-05
1.43597e-05
5.45325e-05
2.3582e-05
1.73487e-05
2.74155e-05
1.20459e-05
4.27121e-05
4.47372e-05
3.07463e-05
5.82238e-06
2.78396e-05
2.12718e-05
2.13039e-05
1.72872e-05
1.4969e-05
2.47761e-05
5.18486e-06
4.33692e-05
2.29295e-05
8.80161e-06
2.89153e-05
5.99974e-06
2.60729e-05
3.44509e-05
1.82534e-05
8.84984e-06
7.97945e-05
5.17828e-06
1.70396e-05
1.23784e-05
2.02746e-05
1.50365e-05
2.23773e-05
2.83121e-05
2.32075e-05
2.30399e-05
2.37126e-05
1.4872e-06
1.85005e-05
1.08065e-05
3.15667e-05
1.23168e-05
7.7284e-06
1.41481e-05
1.39475e-05
1.44934e-05
1.87153e-05
1.47504e-06
6.16579e-05
8.78677e-06
2.74926e-05
1.84756e-05
2.0404e-05
1.67282e-05
2.33578e-05
1.0933e-05
7.62635e-06
1.90405e-05
8.29719e-06
1.83404e-05
5.83936e-05
3.08743e-05
1.49251e-06
1.75062e-05
3.8797e-05
2.14498e-05
5.01692e-05
3.577e-05
1.19101e-05
3.91115e-05
6.01383e-06
1.50725e-05
1.24831e-05
5.18062e-06
5.65817e-05
1.13237e-05
1.87263e-05
1.2186e-05
1.83557e-05
2.39156e-05
6.5827e-06
1.56567e-05
2.31615e-05
2.43268e-05
1.26388e-05
2.51894e-05
2.20918e-05
1.54713e-05
7.14539e-06
1.05686e-05
3.40881e-05
1.36879e-05
4.32274e-05
2.85919e-05
1.28677e-05
1.09089e-05
3.10632e-05
2.02641e-05
4.27576e-05
1.83644e-05
1.00124e-05
1.72457e-05
2.39529e-05
2.9047e-05
1.24307e-05
2.683e-05
2.29933e-05
9.51911e-06
2.70836e-06
3.07622e-05
3.78608e-05
2.8393e-05
2.06488e-05
9.40122e-06
2.28727e-05
3.67613e-05
1.69807e-05
2.48596e-05
2.0742e-05
4.46043e-06
1.93675e-05
2.5184e-05
1.8497e-05
2.73368e-05
2.78209e-05
1.47753e-06
1.05251e-05
1.07565e-05
3.54605e-05
9.01801e-06
2.52868e-05
1.24527e-05
1.50701e-06
2.66005e-05
1.92018e-05
8.97575e-06
2.18329e-05
1.4516e-05
4.8265e-06
1.77554e-05
1.49566e-05
1.50287e-06
1.36188e-05
9.13775e-06
1.48769e-06
7.2968e-06
1.97247e-05
1.47637e-06
4.62387e-05
2.02641e-05
2.60621e-05
1.80993e-05
1.82632e-05
2.71915e-06
1.69607e-05
2.73463e-05
4.48932e-05
1.49883e-05
1.73488e-05
1.4567e-06
2.28972e-05
2.30107e-05
4.01244e-05
1.50201e-05
3.47313e-05
3.41617e-05
5.27325e-06
1.34019e-05
4.24368e-05
8.40509e-06
1.49271e-06
3.5485e-05
7.13915e-06
4.20281e-05
8.68318e-06
1.72521e-05
2.13644e-05
1.68919e-05
4.55385e-05
3.05134e-05
1.53214e-05
6.89906e-06
4.09908e-06
1.33633e-05
1.97092e-05
8.84939e-06
1.57954e-05
1.6093e-05
1.25862e-05
6.7691e-06
4.45823e-05
2.08776e-05
1.10774e-05
6.08556e-06
4.64412e-05
2.58351e-05
4.05574e-05
9.02933e-06
4.02039e-05
1.09343e-05
3.32793e-05
1.81413e-05
1.69618e-05
6.44039e-06
1.5753e-05
1.05214e-05
3.89128e-05
1.86035e-05
1.49908e-06
1.73064e-05
5.41057e-05
1.42547e-05
2.87606e-05
1.57055e-05
7.3054e-06
1.70122e-05
9.09327e-06
5.95481e-06
2.63585e-05
1.9876e-05
1.86597e-05
1.86787e-05
1.29872e-05
1.49695e-05
2.69786e-05
2.81219e-05
4.56043e-05
3.47554e-05
1.07366e-05
2.52079e-05
1.10402e-05
2.07666e-05
2.81025e-05
1.95044e-05
9.79187e-06
1.45597e-05
2.29435e-05
2.33308e-05
3.62943e-05
2.52188e-05
2.10533e-05
8.55547e-06
1.18705e-05
1.45814e-05
3.5927e-05
2.08735e-05
8.29204e-06
1.20333e-05
1.71765e-05
3.49278e-05
4.29366e-05
2.87783e-05
1.24686e-05
1.74195e-05
1.4647e-06
3.75569e-05
1.26221e-05
4.83666e-05
3.63177e-05
2.33319e-05
1.38112e-05
6.41411e-06
2.05798e-05
1.05255e-05
6.27231e-06
1.05332e-05
1.49347e-05
8.79136e-06
3.17885e-05
1.15937e-05
2.25199e-05
2.16853e-05
6.72315e-06
8.52095e-06
1.4449e-05
1.36812e-05
2.44837e-05
1.97673e-05
4.97509e-06
7.14055e-06
1.99015e-05
1.58064e-05
1.19018e-05
1.48894e-06
1.45389e-05
1.16484e-05
1.72866e-05
8.80732e-06
1.49981e-05
1.34685e-05
8.8889e-06
4.13143e-06
3.70422e-06
2.60822e-06
4.69733e-06
5.70898e-06
3.40153e-06
1.49683e-06
2.79924e-06
4.1881e-06
4.36207e-06
1.49295e-06
1.49028e-06
2.79634e-06
2.71449e-06
2.15008e-06
2.70909e-06
5.58867e-06
3.51935e-06
4.40096e-06
5.897e-06
3.93675e-06
7.12698e-06
6.70718e-06
2.80641e-06
9.4725e-06
6.25698e-06
4.57625e-06
4.91329e-06
3.50185e-06
3.79531e-06
3.49877e-06
7.36612e-06
6.33606e-06
4.89883e-06
2.90923e-06
4.39014e-06
1.4862e-06
4.38762e-06
3.5095e-06
6.34838e-06
2.20292e-06
1.50824e-06
3.33434e-06
1.04464e-05
2.80664e-06
2.03563e-06
2.80441e-06
7.1956e-06
5.46699e-06
3.40751e-06
5.49214e-06
5.99286e-06
2.81288e-06
1.50103e-06
9.41341e-06
4.63055e-06
4.92672e-06
3.11023e-06
1.47469e-06
4.67804e-06
4.12584e-06
4.41473e-06
1.49355e-06
3.80912e-06
4.38849e-06
4.09892e-06
2.11316e-06
4.09897e-06
2.72608e-06
9.58158e-06
1.49149e-06
3.41569e-06
1.4908e-06
4.31793e-06
2.20183e-06
5.15833e-06
4.61906e-06
6.9104e-06
1.50965e-06
6.38186e-06
1.49078e-06
1.49987e-06
1.48869e-06
1.49554e-06
6.90316e-06
2.20206e-06
4.68827e-06
4.40376e-06
4.64363e-06
3.40135e-06
2.8252e-06
8.58366e-06
6.85692e-06
5.75589e-06
3.53936e-06
4.69966e-06
6.71203e-06
5.70742e-06
2.81141e-06
2.21826e-06
5.85833e-06
4.39049e-06
6.2768e-06
1.50799e-06
1.48971e-06
2.20952e-06
3.79759e-06
4.62805e-06
2.71599e-06
3.41383e-06
6.10861e-06
2.12142e-06
4.10558e-06
2.80103e-06
2.10575e-06
1.48343e-06
2.11188e-06
5.05359e-06
1.4983e-06
3.40409e-06
1.49435e-06
5.10971e-06
3.1107e-06
2.20181e-06
4.39335e-06
6.90403e-06
5.12919e-06
2.14945e-06
2.16766e-06
7.03315e-06
4.79679e-06
2.11121e-06
9.37994e-06
5.40568e-06
5.65736e-06
5.59058e-06
2.49037e-06
9.67424e-06
2.80566e-06
6.26593e-06
1.50641e-06
6.4526e-06
4.39496e-06
8.13018e-06
2.80639e-06
4.10261e-06
5.68164e-06
1.51264e-06
5.45274e-06
6.15851e-06
6.67672e-06
2.79997e-06
7.29914e-06
3.40106e-06
5.53057e-06
2.18092e-06
2.82059e-06
5.98096e-06
1.48945e-06
6.36035e-06
2.71469e-06
1.50125e-06
6.27469e-06
5.85833e-06
2.11049e-06
1.49927e-06
2.8092e-06
4.09894e-06
5.41407e-06
2.20101e-06
3.40996e-06
4.6573e-06
1.50395e-06
4.82574e-06
3.40404e-06
4.1172e-06
2.79814e-06
1.47925e-06
4.10007e-06
2.71001e-06
1.48741e-06
2.23866e-06
4.22672e-06
5.84399e-06
1.49142e-06
5.80233e-06
6.17132e-06
4.09892e-06
2.81348e-06
4.08474e-06
1.50464e-06
1.48948e-06
4.39309e-06
3.70215e-06
4.6921e-06
4.46372e-06
5.44649e-06
4.92323e-06
2.20201e-06
2.80627e-06
4.39035e-06
3.50906e-06
2.19553e-06
6.46249e-06
4.914e-06
2.91036e-06
1.4888e-06
1.4981e-06
1.49665e-06
1.49141e-06
2.16951e-06
2.48419e-06
6.68744e-06
4.80071e-06
2.81022e-06
1.4954e-06
2.20291e-06
4.91856e-06
3.69601e-06
2.11395e-06
2.80389e-06
4.68469e-06
3.40674e-06
7.46699e-06
6.25352e-06
4.27168e-06
2.20496e-06
3.70211e-06
2.79589e-06
4.09892e-06
7.31481e-06
2.81683e-06
4.71149e-06
3.40495e-06
1.57786e-06
3.09587e-06
8.07006e-06
4.58054e-06
2.21603e-06
4.09893e-06
4.38852e-06
2.20502e-06
2.79712e-06
4.39019e-06
3.79462e-06
2.71265e-06
4.38851e-06
3.55162e-06
3.40662e-06
1.48554e-06
5.93417e-06
4.69676e-06
2.21515e-06
6.60454e-06
7.71846e-06
6.52443e-06
8.79595e-06
1.48347e-06
5.81701e-06
4.92566e-06
7.03276e-06
1.49623e-06
4.63374e-06
3.49683e-06
4.61911e-06
4.63005e-06
6.25318e-06
1.96274e-06
5.50278e-06
4.98121e-06
1.50099e-06
4.10376e-06
3.4054e-06
2.80079e-06
1.82201e-06
2.80412e-06
1.49538e-06
3.10154e-06
2.20972e-06
5.4542e-06
4.67922e-06
5.56811e-06
1.0622e-05
1.49844e-06
3.50172e-06
1.50385e-06
5.18607e-06
1.50616e-06
3.40525e-06
6.86251e-06
1.4888e-06
1.48292e-06
6.54414e-06
1.50456e-06
8.02558e-06
7.86061e-06
4.97976e-06
3.11759e-06
1.48232e-06
6.03432e-06
4.10088e-06
5.20559e-06
1.50617e-06
5.9063e-06
4.86582e-06
3.49737e-06
4.7254e-06
4.95265e-06
1.49589e-06
1.49876e-06
3.10202e-06
3.09189e-06
4.90756e-06
3.33761e-06
2.19832e-06
3.50653e-06
4.68632e-06
5.63452e-06
5.15772e-06
4.67807e-06
5.16318e-06
4.86586e-06
3.8008e-06
4.9049e-06
2.19763e-06
2.8195e-06
2.11575e-06
3.40285e-06
6.07548e-06
3.50916e-06
5.18122e-06
6.68213e-06
1.54182e-06
3.40935e-06
4.09895e-06
2.11453e-06
5.99338e-06
7.43653e-06
1.49046e-06
3.41418e-06
3.80284e-06
2.00726e-06
2.11988e-06
5.44766e-06
4.78759e-06
4.91146e-06
2.7147e-06
5.4955e-06
6.23656e-06
4.90653e-06
5.20662e-06
1.49601e-06
4.70395e-06
4.39233e-06
3.70611e-06
6.20558e-06
6.01798e-06
2.19954e-06
7.28118e-06
4.3967e-06
4.92243e-06
1.49745e-06
1.49626e-06
6.7217e-06
4.39394e-06
1.49874e-06
1.50261e-06
1.03346e-05
4.48126e-06
1.50473e-06
2.80455e-06
1.49213e-06
5.16132e-06
1.91037e-06
2.21076e-06
5.74551e-06
4.38849e-06
4.391e-06
1.59739e-06
4.32829e-06
4.22557e-06
6.33984e-06
2.2092e-06
5.42045e-06
1.49731e-06
5.19996e-06
1.48171e-06
5.55857e-06
2.79856e-06
6.94964e-06
3.80539e-06
3.69404e-06
4.09905e-06
6.68453e-06
6.88257e-06
2.9111e-06
1.95597e-06
5.48483e-06
2.21383e-06
4.38849e-06
3.50918e-06
9.26321e-06
4.8559e-06
1.4893e-06
2.80772e-06
2.81374e-06
1.49269e-06
1.4928e-06
1.51048e-06
6.27717e-06
7.0749e-06
3.40585e-06
8.39076e-06
5.5558e-06
5.21416e-06
1.49223e-06
2.20966e-06
7.44519e-06
1.50393e-06
4.9095e-06
3.95196e-06
1.50096e-06
4.17714e-06
5.53838e-06
3.79806e-06
3.69978e-06
1.50364e-06
2.71537e-06
6.79113e-06
2.81001e-06
2.85952e-06
3.50355e-06
2.80264e-06
1.49857e-06
3.88922e-06
3.69142e-06
1.49171e-06
1.50193e-06
6.58356e-06
2.10754e-06
3.41332e-06
2.20161e-06
1.49982e-06
4.44495e-06
4.45561e-06
2.71195e-06
6.21319e-06
6.14789e-06
4.92426e-06
1.48327e-06
4.92202e-06
4.09897e-06
6.24653e-06
1.91035e-06
5.85111e-06
1.69393e-06
6.48448e-06
7.36867e-06
5.67039e-06
2.80776e-06
2.23957e-06
1.79474e-06
3.4002e-06
5.10918e-06
1.51003e-06
4.92794e-06
4.47583e-06
4.40979e-06
3.49905e-06
3.40629e-06
6.73398e-06
1.51159e-06
2.70514e-06
5.0671e-06
1.48177e-06
1.50352e-06
5.81406e-06
1.46785e-06
5.8502e-06
4.36666e-06
1.48674e-06
1.4936e-06
4.41483e-06
2.81001e-06
2.81212e-06
2.91044e-06
1.12407e-05
5.14925e-06
6.40788e-06
1.49376e-06
4.39312e-06
4.64667e-06
1.49564e-06
4.39648e-06
2.19338e-06
2.82061e-06
4.69167e-06
5.67218e-06
1.50061e-06
7.04237e-06
1.50328e-06
4.85475e-06
4.44124e-06
4.68525e-06
4.09899e-06
4.55955e-06
4.69012e-06
6.60515e-06
1.50481e-06
5.65921e-06
6.56736e-06
2.80104e-06
4.6348e-06
7.0306e-06
1.23494e-05
2.20139e-06
1.48972e-06
8.99193e-06
6.63911e-06
7.20807e-06
4.90396e-06
6.315e-06
2.20184e-06
1.48999e-06
5.45235e-06
3.79549e-06
4.91241e-06
4.9795e-06
7.22035e-06
2.7992e-06
4.68347e-06
2.10329e-06
4.62845e-06
4.10304e-06
8.31337e-06
5.40545e-06
5.63181e-06
1.49053e-06
3.14356e-06
5.35529e-06
2.82354e-06
4.92618e-06
1.47935e-06
2.64778e-06
6.8579e-06
1.49715e-06
5.63267e-06
1.51155e-06
1.5037e-06
6.91874e-06
3.69327e-06
2.18755e-06
2.70671e-06
6.55507e-06
3.50685e-06
6.66805e-06
6.25202e-06
5.71465e-06
4.18729e-06
9.1518e-06
4.61274e-06
6.2539e-06
2.80268e-06
6.12214e-06
9.45843e-06
4.35528e-06
6.23548e-06
3.10206e-06
5.56634e-06
3.42583e-06
4.18182e-06
2.07917e-06
2.80721e-06
6.91088e-06
4.87147e-06
4.3979e-06
1.49622e-06
4.02691e-06
3.51906e-06
2.40013e-06
6.66993e-06
1.63054e-06
4.68214e-06
7.30574e-06
2.20965e-06
4.39053e-06
4.68056e-06
2.89225e-06
6.55724e-06
5.85833e-06
2.19959e-06
4.67966e-06
3.40633e-06
9.79074e-06
1.50065e-06
4.39708e-06
3.41382e-06
6.66949e-06
1.49429e-06
5.98822e-06
3.69976e-06
5.08647e-06
2.81992e-06
2.20604e-06
1.49281e-06
4.67848e-06
5.75268e-06
6.14789e-06
4.3885e-06
2.21118e-06
5.02751e-06
2.20521e-06
4.59326e-06
3.42111e-06
3.40585e-06
2.90661e-06
4.62392e-06
4.38849e-06
3.41266e-06
1.50519e-06
1.48493e-06
5.12815e-06
4.66504e-06
2.19777e-06
6.87796e-06
3.78972e-06
9.56291e-06
4.45588e-06
1.50276e-06
3.10197e-06
3.69346e-06
4.47e-06
6.50242e-06
1.48542e-06
5.09292e-06
2.80427e-06
4.45682e-06
4.70227e-06
4.09896e-06
6.2739e-06
6.57275e-06
3.09903e-06
1.50053e-06
4.68179e-06
2.70695e-06
2.82348e-06
2.2055e-06
4.56083e-06
6.62888e-06
4.26306e-06
3.51555e-06
2.11425e-06
5.63161e-06
4.09899e-06
1.50848e-06
2.20611e-06
2.19454e-06
1.50931e-06
7.7115e-06
3.79865e-06
1.50577e-06
1.50663e-06
3.31875e-06
1.4956e-06
1.51685e-06
2.72138e-06
2.79901e-06
1.48669e-06
1.49488e-06
9.4622e-06
2.80445e-06
1.49351e-06
4.91224e-06
6.6713e-06
4.80888e-06
6.15764e-06
1.49555e-06
5.18607e-06
3.50905e-06
6.53913e-06
5.65925e-06
6.84195e-06
7.0412e-06
5.15926e-06
2.81368e-06
4.10242e-06
4.69633e-06
1.00368e-05
4.17079e-06
4.38849e-06
4.10582e-06
1.50142e-06
4.682e-06
4.21761e-06
6.40736e-06
2.1089e-06
2.80727e-06
4.06152e-06
6.59107e-06
6.97404e-06
1.49127e-06
5.47928e-06
1.49326e-06
3.50279e-06
2.70473e-06
7.07914e-06
5.88084e-06
4.40064e-06
3.40827e-06
7.77892e-06
6.41098e-06
1.49119e-06
2.18534e-06
1.06926e-05
6.56489e-06
4.62134e-06
7.52254e-06
4.55584e-06
3.51568e-06
4.57789e-06
1.50092e-06
2.19657e-06
1.78157e-06
4.38848e-06
2.20607e-06
5.06571e-06
2.79705e-06
1.48734e-06
4.67804e-06
6.60838e-06
4.09898e-06
3.40476e-06
3.69606e-06
6.44642e-06
3.40542e-06
6.23578e-06
1.49439e-06
1.49716e-06
5.85833e-06
6.12663e-06
3.40046e-06
3.40455e-06
6.42293e-06
1.48873e-06
4.90979e-06
1.50196e-06
1.23538e-05
5.22051e-06
4.39475e-06
2.10613e-06
1.48439e-06
6.46456e-06
1.48189e-06
1.47853e-06
1.61175e-06
2.8125e-06
1.4948e-06
2.80324e-06
6.24681e-06
2.19788e-06
1.49725e-06
1.51011e-06
2.8011e-06
1.49923e-06
1.49143e-06
9.59738e-06
1.48294e-06
7.5008e-06
5.5248e-06
1.4964e-06
1.48183e-06
1.49622e-06
1.48749e-06
3.44383e-06
1.49136e-06
1.47426e-06
3.49545e-06
2.7999e-06
1.48522e-06
5.66853e-06
4.15741e-06
1.48921e-06
5.39181e-06
5.52557e-06
1.49789e-06
4.10105e-06
4.16362e-06
1.50158e-06
2.90241e-06
1.48456e-06
4.39417e-06
1.50338e-06
1.52246e-06
5.39771e-06
5.81762e-06
1.49802e-06
1.4817e-06
6.14789e-06
1.49386e-06
2.92237e-06
4.63629e-06
1.4946e-06
1.4918e-06
5.96986e-06
2.12426e-06
2.20444e-06
4.4183e-06
7.45217e-06
1.48073e-06
1.47847e-06
3.79623e-06
5.58609e-06
3.41377e-06
4.77627e-06
1.49638e-06
4.17644e-06
1.49401e-06
1.4781e-06
1.49942e-06
1.48412e-06
3.40525e-06
1.49392e-06
3.40727e-06
2.80109e-06
3.17942e-06
4.11534e-06
5.09911e-06
1.49097e-06
1.49722e-06
7.27452e-06
3.49839e-06
4.10424e-06
4.45163e-06
6.66284e-06
6.88334e-06
4.10992e-06
1.49497e-06
3.50078e-06
2.207e-06
4.6326e-06
2.80492e-06
4.39601e-06
1.48323e-06
1.48716e-06
1.49908e-06
1.48739e-06
8.21188e-06
3.69607e-06
3.50916e-06
5.53832e-06
2.11399e-06
7.91228e-06
1.49586e-06
3.40264e-06
1.53534e-06
3.79115e-06
2.70517e-06
4.10024e-06
4.09897e-06
2.20572e-06
6.0188e-06
1.47671e-06
2.19702e-06
4.559e-06
2.80422e-06
2.81044e-06
3.79343e-06
5.82616e-06
7.15492e-06
4.09895e-06
2.87402e-06
3.49178e-06
1.49582e-06
4.09895e-06
4.76745e-06
2.2077e-06
2.1878e-06
3.7961e-06
2.10737e-06
2.11401e-06
2.19949e-06
4.39039e-06
2.18783e-06
4.39522e-06
2.22881e-06
6.46243e-06
2.20421e-06
1.50294e-06
1.49228e-06
2.80297e-06
2.20392e-06
1.50512e-06
1.4801e-06
2.20677e-06
1.49096e-06
4.6356e-06
8.13597e-06
2.80143e-06
1.51497e-06
8.67752e-06
4.09897e-06
4.64185e-06
1.4627e-06
6.58922e-06
2.80883e-06
4.39544e-06
1.48034e-06
6.17181e-06
2.19564e-06
3.79557e-06
6.49188e-06
3.40423e-06
5.43067e-06
1.49045e-06
1.49812e-06
1.49272e-06
1.96041e-06
3.51008e-06
1.48976e-06
1.47497e-06
2.17927e-06
3.79941e-06
1.63695e-06
1.46073e-06
3.09444e-06
6.03506e-06
1.4909e-06
5.53069e-06
1.47937e-06
2.20224e-06
1.52968e-06
2.11467e-06
6.79197e-06
1.47941e-06
1.49707e-06
2.13047e-06
1.49402e-06
1.49129e-06
1.48964e-06
4.09893e-06
1.48338e-06
1.52546e-06
2.20029e-06
2.80063e-06
1.50202e-06
2.21682e-06
1.47822e-06
1.03623e-05
1.47717e-06
4.6894e-06
5.27836e-06
3.52751e-06
4.02992e-06
3.9273e-06
2.2035e-06
6.32771e-06
5.57069e-06
4.10638e-06
3.80557e-06
2.80351e-06
5.9643e-06
3.50751e-06
1.51328e-06
5.86829e-06
4.39824e-06
2.91364e-06
2.70872e-06
4.09895e-06
2.90617e-06
4.09897e-06
5.9511e-06
3.50445e-06
4.15822e-06
4.09892e-06
1.50056e-06
2.1103e-06
6.54381e-06
2.20471e-06
7.36868e-06
4.62053e-06
6.17278e-06
1.50585e-06
1.49375e-06
1.4796e-06
4.36571e-06
3.40704e-06
2.20004e-06
8.62702e-06
2.196e-06
1.49832e-06
1.49715e-06
1.49213e-06
2.20592e-06
1.48352e-06
2.80402e-06
2.11245e-06
3.80345e-06
4.02819e-06
1.49139e-06
4.97476e-06
4.80554e-06
5.9066e-06
3.7976e-06
4.68801e-06
6.51984e-06
1.47842e-06
3.49179e-06
4.38848e-06
2.71543e-06
1.47988e-06
1.49956e-06
3.69623e-06
4.92887e-06
3.6952e-06
5.42522e-06
6.07977e-06
4.09893e-06
4.39166e-06
1.48183e-06
5.81101e-06
1.47919e-06
1.50797e-06
2.80205e-06
1.48908e-06
4.9586e-06
1.50569e-06
2.80393e-06
1.48192e-06
4.26984e-06
6.22021e-06
4.56192e-06
5.50788e-06
1.49756e-06
5.78729e-06
2.11037e-06
1.48777e-06
4.68796e-06
7.04984e-06
6.77155e-06
1.50077e-06
1.48296e-06
2.11166e-06
4.39609e-06
3.50119e-06
2.71087e-06
2.81433e-06
1.47721e-06
4.03055e-06
1.48023e-06
2.80563e-06
6.14207e-06
3.09896e-06
7.05527e-06
6.05178e-06
1.48247e-06
1.49263e-06
2.71635e-06
1.48807e-06
2.81119e-06
6.52303e-06
1.48139e-06
4.61669e-06
1.48703e-06
2.71409e-06
4.39297e-06
2.50186e-06
2.19124e-06
1.48125e-06
1.48178e-06
1.49382e-06
4.09897e-06
1.49264e-06
1.49148e-06
6.12449e-06
1.49703e-06
3.69521e-06
3.4013e-06
1.50368e-06
1.49583e-06
2.11021e-06
1.48399e-06
4.87732e-06
1.46547e-06
8.92005e-06
5.90849e-06
1.48521e-06
1.4832e-06
6.62209e-06
1.47683e-06
1.49235e-06
3.10029e-06
3.40687e-06
2.10223e-06
2.10561e-06
5.27171e-06
9.92887e-06
2.19321e-06
3.70052e-06
1.50444e-06
4.44502e-06
1.47879e-06
4.4021e-06
1.50088e-06
2.10683e-06
4.0323e-06
1.48714e-06
4.61437e-06
0
