0.000000000000000000e+00
6.375550999999999599e-12
1.304477999999999927e-11
1.238375000000000002e-11
1.486521000000000023e-11
8.043929000000000267e-12
9.000911000000000440e-12
1.220600999999999960e-11
1.103151999999999983e-11
1.070947000000000041e-11
4.226596999999999666e-12
6.368397999999999861e-12
1.137222999999999990e-11
6.488535999999999849e-12
5.872241999999999971e-12
1.666318999999999940e-12
4.820917000000000308e-12
8.003721000000000728e-12
6.499075999999999923e-12
5.392097999999999669e-12
6.313748999999999656e-12
2.877041000000000201e-12
7.083397999999999945e-12
6.491110000000000197e-12
7.250273999999999849e-12
7.955953000000000764e-12
5.072382000000000186e-12
4.963434999999999641e-12
4.997437999999999814e-12
6.988811000000000158e-12
4.259272999999999596e-12
3.008748000000000136e-12
6.515006999999999605e-12
1.379603000000000013e-12
5.548732000000000272e-12
3.594451999999999839e-12
5.637656999999999916e-12
3.567385000000000152e-12
1.770740999999999957e-12
3.141051000000000002e-12
4.850205999999999902e-12
5.569568000000000124e-12
4.446442000000000129e-12
2.679277999999999926e-12
2.626036999999999870e-12
2.588700000000000067e-12
4.511442000000000357e-12
3.698738999999999877e-12
5.777193999999999829e-12
4.511360999999999643e-12
3.400401000000000103e-12
6.042043999999999856e-12
2.284103000000000047e-12
4.880876999999999984e-12
3.051475999999999952e-12
4.728550999999999851e-12
3.883389000000000307e-12
2.204174000000000176e-12
1.778896999999999907e-12
4.741069000000000344e-12
1.609500999999999929e-12
1.900010000000000100e-12
2.698813000000000003e-12
4.016612999999999901e-12
3.466837000000000084e-12
4.781115000000000070e-12
3.046950999999999827e-12
5.028434999999999869e-12
5.356333999999999944e-12
3.346510000000000045e-12
2.984552999999999955e-12
3.407933000000000116e-12
2.891617999999999806e-12
4.885863000000000060e-12
3.156793000000000037e-12
3.112168000000000114e-12
1.616790000000000020e-12
1.300811999999999930e-12
1.641202000000000058e-12
2.716992999999999831e-12
3.109133999999999987e-12
9.757582000000000458e-13
2.589241999999999924e-12
2.925512999999999835e-12
3.994341999999999662e-12
2.540499000000000159e-12
4.315466999999999872e-12
2.721843000000000159e-12
2.905463000000000138e-12
2.905409000000000065e-12
1.937155999999999910e-12
4.333944999999999664e-12
2.547814999999999883e-12
2.112078999999999850e-12
2.709325999999999840e-12
2.740050999999999994e-12
2.096553999999999873e-12
2.554072999999999956e-12
2.889423000000000137e-12
2.876770000000000070e-12
1.659518000000000038e-12
1.661928999999999996e-12
2.447157999999999901e-12
2.962498000000000005e-12
3.502438999999999996e-12
2.709568999999999963e-12
3.560503000000000141e-12
2.472600000000000188e-12
1.874025999999999956e-12
2.575099000000000032e-12
2.511860000000000164e-12
3.517990999999999807e-12
2.337398000000000175e-12
3.050447000000000078e-12
2.292339999999999904e-12
2.001017999999999946e-12
2.230157000000000147e-12
1.537782000000000081e-12
2.429167000000000124e-12
4.844787000000000286e-13
1.645076000000000007e-12
1.851997999999999840e-12
1.747330999999999959e-12
2.607422999999999925e-12
1.418835999999999953e-12
4.413521999999999902e-12
1.798268999999999999e-12
3.232008000000000136e-12
1.358361000000000052e-12
1.604245000000000098e-12
1.879688999999999868e-12
2.201518000000000152e-12
3.498673000000000192e-12
1.752805000000000022e-12
3.502249000000000176e-12
1.518084000000000017e-12
2.459513000000000003e-12
1.832707000000000059e-12
1.383261000000000077e-12
1.404313999999999988e-12
5.588805000000000236e-13
1.638411000000000055e-12
1.696609999999999977e-12
1.106002000000000077e-12
2.421607999999999873e-12
1.375267999999999911e-12
1.529463999999999914e-12
2.012234999999999857e-12
8.313709999999999923e-13
1.805394999999999902e-12
2.231755999999999886e-12
8.583301999999999528e-13
2.634924000000000133e-12
2.489697000000000069e-12
1.680027999999999917e-12
1.019028000000000007e-12
3.444185999999999800e-12
1.680137000000000033e-12
3.684189999999999875e-12
4.447851000000000048e-12
1.467253999999999919e-12
3.209302000000000011e-12
1.758656999999999985e-12
3.249889999999999999e-12
3.802971999999999843e-12
2.189624000000000001e-12
2.256331000000000112e-12
1.832055999999999883e-12
1.941490999999999810e-12
1.630229000000000040e-12
1.977282999999999947e-12
2.060165999999999807e-12
1.681870999999999953e-12
1.771798000000000040e-12
2.465771999999999846e-12
1.928025000000000158e-12
2.772185000000000067e-12
1.760255999999999926e-12
1.385889000000000094e-12
1.043088000000000008e-12
2.571223999999999910e-12
2.333686000000000039e-12
1.698669000000000100e-12
1.800139000000000071e-12
2.809277999999999977e-12
1.532633999999999990e-12
1.991020000000000133e-12
2.436158000000000049e-12
1.693466999999999937e-12
1.178750999999999972e-12
1.443085999999999976e-12
1.079909999999999990e-12
1.515971000000000024e-12
2.720054999999999965e-12
1.310404000000000037e-12
1.330805999999999974e-12
2.713985999999999943e-12
2.212843999999999977e-12
2.503379000000000010e-12
2.980298999999999961e-12
2.813586000000000044e-12
2.321167999999999950e-12
1.647812999999999938e-12
2.236470000000000062e-12
1.097792000000000054e-12
1.709994999999999925e-12
2.443040000000000059e-12
2.107580999999999964e-12
3.369512999999999963e-12
1.737252000000000038e-12
1.687317000000000009e-12
1.768709000000000072e-12
1.619282000000000087e-12
1.877547999999999867e-12
1.174171999999999977e-12
2.031065999999999860e-12
1.774046999999999983e-12
1.058748999999999935e-12
2.561198999999999859e-12
1.499958000000000059e-12
1.223051000000000096e-12
2.836940999999999998e-12
2.054774000000000025e-12
7.645285999999999741e-13
1.213351000000000047e-12
1.740096999999999911e-12
1.791711999999999989e-12
1.211941999999999926e-12
1.732321000000000005e-12
1.342023000000000087e-12
2.072413000000000168e-12
1.069748999999999989e-12
2.360970000000000188e-12
1.735816000000000083e-12
2.108313000000000046e-12
9.202955000000000543e-13
1.343324000000000063e-12
1.611288999999999921e-12
1.304279999999999972e-12
2.184394999999999802e-12
1.415179000000000063e-12
1.504752999999999940e-12
5.505082999999999717e-13
2.321546999999999821e-12
2.168977999999999969e-12
2.526192999999999877e-12
1.347143999999999939e-12
2.562256000000000144e-12
1.834739000000000145e-12
2.885873999999999988e-12
2.202033000000000175e-12
1.305174000000000069e-12
1.882290000000000050e-12
1.465900000000000044e-12
2.052715000000000104e-12
1.153634000000000090e-12
1.181676999999999954e-12
1.166531000000000051e-12
2.037080999999999810e-12
1.424877999999999939e-12
2.350945000000000137e-12
1.802007999999999969e-12
1.348986000000000004e-12
9.582550999999999969e-13
1.413958999999999993e-12
2.821605999999999842e-12
2.334416999999999947e-12
1.987010000000000032e-12
1.604570000000000099e-12
1.457283999999999912e-12
1.606494000000000041e-12
1.250388999999999914e-12
3.135686000000000054e-12
1.277591999999999955e-12
1.728175999999999926e-12
8.670545999999999555e-13
1.704440999999999926e-12
1.702137999999999911e-12
1.155558000000000033e-12
1.368385999999999901e-12
1.112287999999999955e-12
1.277618999999999991e-12
1.779546999999999909e-12
5.594495000000000185e-13
1.902773000000000095e-12
9.941012999999999174e-13
1.980480999999999829e-12
1.001470999999999944e-12
2.406408000000000100e-12
1.214081999999999956e-12
1.559294999999999971e-12
1.578260999999999953e-12
9.372567999999999570e-13
1.049753999999999931e-12
1.227466999999999903e-12
1.236706000000000001e-12
1.166992000000000002e-12
1.477848000000000066e-12
2.366361999999999969e-12
1.102912999999999907e-12
1.039701000000000075e-12
7.407396000000000035e-13
2.493707000000000170e-12
1.659761999999999931e-12
1.672685999999999927e-12
2.047811000000000108e-12
1.383612999999999913e-12
1.936342999999999921e-12
1.121229000000000089e-12
1.490338999999999916e-12
1.573113000000000064e-12
1.763858999999999946e-12
6.294348999999999759e-13
1.299078000000000011e-12
8.992701000000000215e-13
8.130008999999999836e-13
9.849704000000000214e-13
8.432655999999999849e-13
5.745682999999999722e-13
1.603215000000000051e-12
8.563252000000000032e-13
8.740450000000000385e-13
1.622262999999999910e-12
1.793635999999999932e-12
8.156291000000000147e-13
1.636351999999999932e-12
2.070055000000000109e-12
1.273284000000000091e-12
1.307315000000000069e-12
1.570945999999999999e-12
2.112295999999999909e-12
1.972622999999999843e-12
1.614567999999999911e-12
1.924178000000000043e-12
9.964856000000000126e-13
1.008299000000000084e-12
1.998850999999999881e-12
8.849912999999999915e-13
1.312029000000000043e-12
8.172275999999999700e-13
2.153507000000000065e-12
1.490555999999999975e-12
8.312626000000000208e-13
8.269274999999999618e-13
1.023526000000000096e-12
8.887031999999999689e-13
8.849912999999999915e-13
9.302662999999999173e-13
9.892784000000000874e-13
1.890363999999999921e-12
6.108480000000000241e-13
1.107248000000000009e-12
1.311459999999999947e-12
1.725899999999999946e-12
1.970456000000000182e-12
4.791411000000000454e-13
5.692035999999999961e-13
4.245454000000000138e-13
1.725818000000000068e-12
1.374753000000000090e-12
7.121004999999999504e-13
2.064608999999999851e-12
2.018249999999999806e-12
5.676049999999999831e-13
1.420976999999999954e-12
1.774941000000000080e-12
2.198781999999999991e-12
1.141061999999999930e-12
8.229174999999999617e-13
1.382989999999999946e-12
1.150382999999999906e-12
1.482888000000000012e-12
1.161438000000000003e-12
1.473405000000000021e-12
4.880281000000000054e-13
8.215085999999999999e-13
7.488408000000000256e-13
1.828046000000000186e-12
8.942846999999999891e-13
1.057908999999999910e-12
1.150491000000000050e-12
5.994682999999999974e-13
1.026343999999999933e-12
7.885614999999999817e-13
1.387568999999999941e-12
1.501096000000000049e-12
1.500661999999999932e-12
1.225950000000000042e-12
1.079530999999999916e-12
1.417265000000000020e-12
1.170027000000000099e-12
1.304714000000000089e-12
8.756978000000000372e-13
2.852926999999999926e-12
1.545178999999999913e-12
1.117463000000000082e-12
1.222373000000000087e-12
1.606141000000000032e-12
1.574088000000000068e-12
1.548619999999999918e-12
6.418171000000000279e-13
1.068258999999999962e-12
8.980780000000000028e-13
9.418899000000000819e-13
1.313139999999999997e-12
1.458448999999999938e-12
1.269355000000000098e-12
1.684553000000000042e-12
1.059046999999999900e-12
1.798838000000000095e-12
1.034743000000000007e-12
1.000062000000000025e-12
1.505512000000000058e-12
1.156561000000000044e-12
9.258769999999999735e-13
1.413201000000000049e-12
7.517399999999999856e-13
2.149794999999999929e-12
4.334053999999999881e-13
1.443871999999999929e-12
1.843137999999999815e-12
1.223077999999999931e-12
1.134506000000000094e-12
9.981113000000000184e-13
1.025855999999999946e-12
1.520630999999999925e-12
1.156478999999999964e-12
1.534666000000000077e-12
1.156371000000000021e-12
1.286154000000000014e-12
8.471401000000000205e-13
1.653936000000000032e-12
1.401740000000000043e-12
1.453816000000000073e-12
1.553442000000000036e-12
1.110581000000000072e-12
5.020630999999999552e-13
3.197706000000000026e-13
6.707270999999999522e-13
9.771670999999999066e-13
1.344624000000000067e-12
1.369577999999999963e-12
7.467274999999999602e-13
2.227447999999999820e-12
1.506515000000000069e-12
1.212131999999999949e-12
1.300731000000000024e-12
1.392039999999999994e-12
5.590430999999999810e-13
8.791388000000000425e-13
8.144640000000000321e-13
1.279299000000000040e-12
9.461438000000000180e-13
6.812940000000000048e-13
1.361882999999999964e-12
5.376925000000000336e-13
8.620692000000000240e-13
1.211590000000000091e-12
8.627194999999999975e-13
1.071781000000000076e-12
1.806967000000000009e-12
9.332468000000000579e-13
1.324330000000000073e-12
1.357359000000000012e-12
6.288929999999999740e-13
7.947661999999999825e-13
8.374944000000000145e-13
1.289270000000000019e-12
9.884926999999999043e-13
1.306827000000000082e-12
1.129817999999999983e-12
1.458828000000000012e-12
8.653206000000000358e-13
7.992368000000000059e-13
1.886598000000000116e-12
1.332946000000000003e-12
1.159487000000000025e-12
1.088850999999999921e-12
4.883804000000000139e-13
6.660667999999999786e-13
1.392419000000000067e-12
1.157806999999999976e-12
6.484552999999999582e-13
1.324981000000000047e-12
1.124534999999999913e-12
1.049997000000000055e-12
9.628882999999999776e-13
9.494764000000000517e-13
9.954018000000000086e-13
1.139490999999999996e-12
1.833085999999999930e-12
6.658771000000000284e-13
1.306665000000000067e-12
3.459168999999999818e-13
6.178654999999999990e-13
5.689325999999999662e-13
8.874297999999999715e-13
1.479176000000000078e-12
1.281467000000000077e-12
1.363888000000000014e-12
1.361097999999999983e-12
7.907290999999999896e-13
1.108683999999999964e-12
5.334115999999999604e-13
1.560134999999999996e-12
1.165636999999999954e-12
2.039221999999999810e-12
1.885296999999999939e-12
9.582550999999999969e-13
3.521215999999999826e-13
1.075140999999999972e-12
1.825688999999999896e-12
1.020031000000000018e-12
8.027861999999999827e-13
1.277701000000000071e-12
1.389411999999999977e-12
7.694056000000000350e-13
1.133340000000000096e-12
1.074815999999999971e-12
6.916982999999999992e-13
7.394932000000000422e-13
6.945432000000000167e-13
5.983574000000000006e-13
1.295934999999999970e-12
2.310546999999999969e-12
1.003828000000000032e-12
9.477153000000000381e-13
9.515898000000000737e-13
1.279624000000000041e-12
1.657160999999999950e-12
1.323110999999999975e-12
1.703600999999999902e-12
9.846722999999999987e-13
5.806104000000000157e-13
1.360745999999999945e-12
1.016345999999999919e-12
1.290110000000000043e-12
1.061512999999999902e-12
1.393339999999999998e-12
5.423799000000000000e-13
2.363191999999999893e-13
1.002582000000000100e-12
1.832842000000000037e-12
1.296802000000000031e-12
1.101586000000000068e-12
1.033035999999999921e-12
1.468093999999999944e-12
5.626467000000000445e-13
1.191674999999999968e-12
1.158836000000000052e-12
9.816918999999999158e-13
1.418945000000000069e-12
5.434907999999999968e-13
1.039402999999999908e-12
6.854123999999999765e-13
1.396321000000000024e-12
7.311209999999999903e-13
1.000467999999999933e-12
1.102126999999999955e-12
6.732198000000000189e-13
5.423257000000000143e-13
1.090178999999999933e-12
1.551870999999999901e-12
4.343808000000000205e-13
1.227250000000000047e-12
1.064872000000000029e-12
1.413336000000000027e-12
5.028218000000000012e-13
1.059886999999999925e-12
1.103915999999999918e-12
1.071239999999999987e-12
7.300371999999999864e-13
1.072377999999999977e-12
8.180134000000000089e-13
1.161167000000000075e-12
9.807707000000000711e-13
1.794773999999999921e-12
1.130495999999999993e-12
9.191305000000000285e-13
1.144476000000000101e-12
6.015815999999999617e-13
3.595996999999999808e-13
9.632134000000000364e-13
4.964545000000000431e-13
9.151746999999999132e-13
1.025720999999999967e-12
5.938596999999999843e-13
8.284177000000000033e-13
1.299565999999999998e-12
1.085329000000000009e-12
8.833384999999999928e-13
2.625738999999999905e-13
1.147728000000000055e-12
1.786673000000000015e-12
1.063111000000000073e-12
9.010854999999999776e-13
1.574116000000000075e-12
8.514209999999999927e-13
8.066065000000000325e-13
1.219420000000000069e-12
1.447122999999999912e-12
9.239533000000000026e-13
6.945432000000000167e-13
1.009192999999999979e-12
6.889346999999999604e-13
6.960333999999999572e-13
1.453328000000000085e-12
1.508871999999999955e-12
1.413038000000000062e-12
1.238576000000000073e-12
5.451435999999999956e-13
9.227611000000000272e-13
1.186310000000000021e-12
5.913128000000000328e-13
9.599079000000000966e-13
1.137080000000000038e-12
8.544284999999999675e-13
1.038102999999999903e-12
8.217794999999999720e-13
4.234074999999999808e-13
8.185824000000000038e-13
1.111529000000000039e-12
1.099471999999999902e-12
1.218173999999999935e-12
5.905811999999999796e-13
1.266402000000000080e-12
1.317718999999999992e-12
6.314670000000000193e-13
8.783259999999999674e-13
1.093511000000000024e-12
8.598474999999999871e-13
1.570240999999999953e-12
5.606958999999999797e-13
1.197364999999999917e-12
1.076333000000000034e-12
9.682259000000000618e-13
1.085871000000000069e-12
5.039868000000000270e-13
1.108603000000000057e-12
8.109688000000000411e-13
1.205709999999999918e-12
6.552830999999999829e-13
1.690540999999999955e-12
6.886637000000000315e-13
5.978154999999999986e-13
5.591514999999999525e-13
2.568569000000000059e-13
1.027481999999999923e-12
6.655790999999999624e-13
5.465795999999999503e-13
8.924422999999999968e-13
1.251851999999999905e-12
1.450022000000000059e-12
9.431091999999999493e-13
1.219148999999999938e-12
7.229655000000000257e-13
9.448432999999999267e-13
1.015587000000000002e-12
1.207199999999999945e-12
9.364167999999999323e-13
4.634262000000000029e-13
7.202560000000000159e-13
9.622380000000000041e-13
9.234927000000000803e-13
6.640889000000000219e-13
6.800204999999999497e-13
1.119414000000000061e-12
7.598141999999999715e-13
1.279326000000000076e-12
1.166287999999999927e-12
1.103129999999999966e-12
9.646765000000000850e-13
1.069748999999999989e-12
5.903915999999999862e-13
9.079133000000000023e-13
7.570233999999999830e-13
4.440264999999999761e-13
8.243806000000000103e-13
1.773829999999999925e-12
6.777446000000000281e-13
1.730288999999999919e-12
7.849308999999999830e-13
9.627527999999999122e-13
5.239556000000000055e-13
1.052490000000000092e-12
8.939325000000000383e-13
1.172790000000000095e-12
6.247204000000000166e-13
6.154270000000000190e-13
3.902165999999999834e-13
5.713711000000000472e-13
1.944309000000000000e-13
3.148123000000000136e-13
1.049022000000000051e-12
9.343576000000000980e-13
5.583928000000000075e-13
1.578640000000000027e-12
1.790439000000000021e-12
1.283716000000000020e-12
9.184802000000000550e-13
7.983969000000000389e-13
1.174469999999999942e-12
9.062875999999999964e-13
4.773798999999999741e-13
5.161522999999999917e-13
8.301788999999999736e-13
1.140819000000000008e-12
4.398267999999999753e-13
6.663107000000000156e-13
8.655373000000000221e-13
2.493788000000000077e-13
5.047454999999999721e-13
4.658375999999999900e-13
9.259311999999999593e-13
1.366192000000000001e-12
5.733219999999999677e-13
7.448850000000000113e-13
9.600432999999999024e-13
7.772902000000000275e-13
1.038238000000000084e-12
1.383776000000000101e-12
6.388095999999999521e-13
1.198367999999999928e-12
8.354622999999999710e-13
8.444035000000000178e-13
8.619879000000000453e-13
8.494702000000000289e-13
4.339201999999999972e-13
1.035610000000000067e-12
8.974548000000000222e-13
4.563545000000000423e-13
1.108955000000000095e-12
2.853062000000000006e-13
6.769046000000000034e-13
1.483781999999999907e-12
1.067528000000000053e-12
5.697996999999999838e-13
1.291790000000000093e-12
1.232127000000000006e-12
7.684031000000000098e-13
4.743994999999999921e-13
4.078551999999999967e-13
1.052924000000000008e-12
1.280734999999999995e-12
6.221734999999999641e-13
1.170215999999999948e-12
3.535846999999999807e-13
9.589053999999999704e-13
1.099715999999999996e-12
3.991577999999999796e-13
5.799330000000000493e-13
7.730091999999999976e-13
6.743578000000000086e-13
8.167670000000000477e-13
7.402518000000000306e-13
8.062813999999999737e-13
9.820983000000000543e-13
8.533717999999999565e-13
8.226465999999999896e-13
6.418171000000000279e-13
3.332637000000000010e-13
4.447308999999999786e-13
3.009669000000000067e-13
7.197412000000000069e-13
1.175852000000000027e-12
6.471547999999999679e-13
6.618129999999999993e-13
4.699288999999999688e-13
6.192472999999999679e-13
8.828778999999999695e-13
6.878780000000000503e-13
1.259628000000000012e-12
4.328363999999999933e-13
8.171464000000000491e-13
9.282613000000000687e-13
1.462864999999999947e-12
6.248016999999999952e-13
2.900748999999999962e-13
2.909960999999999923e-13
1.978719000000000053e-13
6.486991999999999951e-13
5.518358999999999549e-13
9.910937000000000868e-13
4.631553000000000308e-13
1.287454999999999990e-12
8.148703999999999687e-13
7.049475999999999678e-13
1.103942999999999954e-12
7.997245000000000221e-13
4.876758999999999536e-13
5.731594000000000104e-13
1.071267000000000023e-12
8.003477000000000027e-13
1.507353999999999920e-12
6.452310000000000403e-13
1.144800999999999900e-12
8.216981999999999934e-13
9.890345999999999063e-13
3.957168000000000249e-13
4.419131000000000045e-13
7.251060000000000407e-13
6.430363999999999963e-13
9.598808000000000028e-13
1.090748000000000029e-12
7.973944000000000137e-13
5.069943000000000019e-13
8.724193999999999893e-13
1.066795999999999971e-12
7.112063999999999976e-13
9.125464999999999830e-13
1.219393000000000033e-12
7.456165999999999634e-13
1.020058000000000055e-12
5.781177000000000500e-13
5.386138000000000369e-13
3.498185000000000103e-13
6.834614999999999550e-13
8.095056999999999926e-13
1.183844999999999991e-12
4.920651999999999983e-13
6.424674000000000014e-13
9.162312999999999675e-13
9.117606999999999441e-13
9.967293999999999918e-13
6.792076999999999757e-13
9.198348999999999300e-13
4.234617000000000171e-13
7.271380999999999831e-13
1.018973999999999935e-12
5.230072999999999660e-13
9.383134000000000113e-13
7.824923000000000463e-13
4.549997999999999653e-13
1.236841999999999952e-12
1.027941999999999903e-12
8.459479000000000450e-13
5.641910999999999707e-13
5.439785000000000130e-13
1.448965999999999947e-12
9.885739999999999839e-13
8.967231999999999690e-13
9.608562000000000351e-13
5.016567000000000186e-13
9.229778999999999703e-13
1.027210999999999994e-12
5.570381000000000314e-13
6.443097999999999937e-13
6.556082999999999985e-13
1.071646000000000097e-12
1.364023999999999964e-12
4.455438000000000104e-13
3.568359999999999852e-13
1.059806000000000018e-12
9.414564000000000515e-13
4.081532000000000122e-13
8.924152000000000040e-13
7.542055999999999584e-13
8.516107000000000439e-13
6.366150000000000091e-13
6.513001999999999757e-13
8.870774999999999630e-13
6.706728999999999664e-13
7.915689999999999565e-13
7.953351999999999774e-13
9.068836999999999842e-13
5.360397999999999915e-13
7.716274000000000287e-13
8.211021999999999624e-13
7.136990999999999634e-13
8.958562000000000092e-13
5.004916000000000360e-13
7.276528999999999922e-13
4.171485999999999942e-13
1.140493000000000036e-12
3.291724000000000222e-13
2.514650999999999864e-13
1.292196000000000000e-12
1.168292999999999978e-12
4.864565999999999853e-13
5.458209000000000053e-13
1.494864000000000041e-12
4.125695999999999993e-13
6.174590999999999615e-13
6.606750000000000096e-13
6.631405999999999825e-13
7.464023000000000456e-13
7.714105999999999846e-13
7.791868000000000055e-13
8.818482999999999513e-13
7.701100999999999943e-13
5.803395000000000436e-13
7.244827999999999591e-13
5.022257000000000135e-13
1.016074999999999990e-12
4.319964999999999758e-13
4.322132000000000127e-13
6.827842000000000463e-13
4.387972000000000076e-13
5.241722999999999919e-13
5.806646000000000015e-13
5.783615999999999859e-13
1.221859000000000034e-12
4.494182999999999956e-13
5.449539000000000454e-13
6.576946000000000277e-13
5.934802999999999829e-13
8.893806000000000363e-13
7.067086999999999814e-13
9.301308999999999096e-13
7.354832000000000422e-13
7.362418000000000305e-13
1.303711000000000078e-12
6.052665000000000039e-13
4.023279000000000128e-13
7.687554000000000183e-13
6.753061000000000481e-13
9.798223999999999306e-13
1.009410000000000038e-12
5.128467999999999509e-13
4.516129999999999963e-13
7.781300999999999945e-13
7.759083999999999576e-13
6.614877999999999837e-13
6.837595999999999777e-13
1.353510999999999926e-12
7.138346000000000288e-13
9.439490999999999163e-13
6.314399000000000265e-13
5.997933999999999553e-13
1.402281999999999901e-12
5.442222999999999923e-13
1.107681999999999924e-12
4.222423999999999982e-13
6.697517000000000208e-13
1.066958999999999957e-12
8.499307999999999513e-13
9.380696000000000321e-13
5.631343999999999597e-13
8.947994999999999982e-13
9.116794000000000664e-13
9.073172000000000146e-13
4.596872000000000327e-13
6.497558000000000494e-13
3.884825000000000059e-13
5.820734999999999633e-13
4.313191000000000094e-13
7.849850000000000120e-13
3.219653000000000034e-13
3.272216000000000079e-13
1.042871999999999921e-12
5.840785000000000138e-13
1.712622999999999941e-12
7.326383000000000247e-13
4.710668999999999585e-13
9.814480999999999365e-13
6.147767000000000455e-13
4.227030000000000215e-13
6.535219999999999693e-13
6.527633999999999810e-13
7.978279000000000441e-13
5.948080000000000238e-13
6.295704000000000413e-13
3.789452000000000219e-13
1.052815000000000094e-12
2.592412000000000001e-13
1.268758999999999966e-12
6.853310999999999978e-13
8.711188000000000423e-13
9.856747999999999229e-13
6.311147999999999676e-13
8.211292999999999553e-13
1.055714000000000039e-12
1.433412999999999963e-12
3.279261000000000177e-13
6.500267999999999783e-13
6.172423000000000184e-13
4.440536000000000194e-13
7.977736999999999573e-13
8.558374999999999871e-13
5.601268999999999849e-13
1.019976999999999946e-12
4.651602999999999804e-13
5.672257000000000394e-13
6.406250000000000092e-13
2.580762000000000247e-13
3.814649999999999806e-13
6.542805999999999576e-13
7.896723999999999785e-13
4.799539000000000195e-13
7.070609999999999899e-13
9.050954999999999777e-13
4.864023999999999995e-13
6.746557999999999736e-13
5.718318000000000272e-13
7.515774000000000283e-13
6.510293000000000036e-13
1.103562999999999909e-12
8.895702000000000297e-13
5.665482999999999721e-13
7.667774999999999606e-13
4.804416000000000356e-13
3.342119999999999900e-13
9.634842999999999076e-13
7.447766000000000397e-13
6.224986999999999797e-13
7.634176999999999773e-13
4.594974999999999815e-13
5.941577000000000503e-13
6.201143000000000288e-13
4.830697999999999658e-13
6.839491999999999712e-13
7.408750000000000112e-13
6.678549999999999851e-13
5.799330000000000493e-13
4.423194999999999915e-13
1.213486000000000026e-12
7.677799999999999859e-13
5.753811000000000473e-13
7.928154000000000187e-13
3.802458000000000194e-13
4.698746999999999830e-13
9.181279999999999022e-13
9.857561000000000026e-13
1.124100999999999998e-12
5.531094000000000100e-13
7.021296999999999864e-13
7.518483000000000004e-13
8.862375999999999960e-13
1.261335000000000098e-12
9.976506000000000384e-13
2.291661999999999995e-13
5.346578999999999649e-13
3.936304999999999957e-13
9.338699000000000818e-13
6.334990999999999618e-13
6.043181999999999644e-13
3.108023000000000135e-13
5.053144999999999669e-13
4.965087000000000288e-13
6.050767999999999527e-13
9.904434999999999691e-13
6.453935999999999976e-13
9.862438000000000188e-13
9.185344000000000407e-13
7.959041999999999722e-13
4.734240999999999598e-13
9.576860999999999011e-13
4.834491000000000105e-13
1.080017999999999932e-12
2.914296000000000227e-13
1.078066999999999954e-12
6.161856000000000073e-13
9.456832000000000957e-13
4.114046000000000240e-13
6.786928999999999666e-13
4.882991000000000352e-13
8.421005000000000023e-13
6.378613000000000136e-13
7.360251000000000441e-13
2.980678000000000035e-13
6.759562999999999639e-13
8.775673000000000224e-13
3.106397000000000057e-13
1.668757000000000086e-13
8.057936999999999575e-13
6.793703000000000339e-13
7.932217999999999553e-13
3.435596999999999805e-13
5.415942000000000188e-13
9.395597999999999725e-13
1.018512999999999984e-12
8.816586000000000011e-13
3.147852000000000207e-13
9.681987999999999679e-13
6.691014000000000473e-13
7.247808000000000251e-13
5.538950999999999912e-13
8.860209000000000097e-13
4.061753000000000050e-13
4.146016999999999922e-13
6.150205999999999815e-13
4.641035999999999693e-13
6.015002999999999831e-13
4.043600000000000057e-13
6.944619999999999948e-13
5.488283999999999801e-13
7.864211000000000245e-13
5.978425999999999915e-13
5.107063000000000369e-13
2.083845999999999964e-13
1.815338999999999895e-13
1.057015000000000015e-12
4.183408000000000202e-13
1.000522999999999977e-12
5.347663000000000374e-13
5.381530999999999559e-13
2.507605999999999766e-13
3.423675000000000050e-13
3.330740000000000003e-13
7.925714999999999818e-13
3.889159999999999859e-13
3.984804000000000133e-13
2.899122999999999884e-13
8.990534000000000352e-13
8.826069000000000406e-13
6.501623000000000437e-13
9.691200000000000145e-13
6.644139999999999798e-13
7.285470000000000459e-13
4.238410000000000112e-13
7.554247999999999700e-13
6.670422000000000110e-13
6.130156000000000320e-13
4.709313999999999940e-13
5.597476000000000412e-13
8.665669000000000403e-13
6.941909999999999649e-13
3.712232999999999940e-13
5.159085000000000125e-13
2.362379000000000106e-13
5.059917999999999766e-13
5.254729000000000399e-13
6.155624999999999835e-13
5.327341999999999940e-13
6.530071999999999602e-13
9.122483999999999603e-13
8.432384999999999920e-13
4.750497999999999657e-13
6.998808999999999567e-13
5.401851999999999993e-13
7.825736000000000250e-13
9.627527999999999122e-13
6.909938000000000399e-13
6.402727000000000007e-13
6.267253999999999661e-13
4.523715999999999846e-13
3.815734000000000026e-13
3.977218000000000249e-13
3.242411999999999755e-13
5.745411999999999793e-13
4.808210000000000370e-13
9.499099000000000821e-13
5.165316999999999931e-13
3.666172000000000062e-13
6.912647999999999688e-13
3.953103999999999874e-13
9.591221000000000577e-13
6.305999999999999585e-13
6.738429999999999995e-13
5.300790000000000277e-13
4.240847999999999905e-13
6.511647999999999680e-13
6.359105000000000498e-13
8.272526000000000207e-13
9.247389999999999838e-13
6.457458000000000493e-13
3.795684000000000026e-13
9.406977999999999622e-13
5.142286000000000208e-13
6.288658999999999811e-13
7.431780999999999835e-13
5.823715999999999860e-13
5.213544999999999673e-13
5.708022000000000091e-13
4.134638000000000098e-13
5.618879999999999985e-13
4.735054000000000394e-13
7.415523999999999776e-13
5.538950999999999912e-13
6.833532000000000411e-13
5.417838000000000123e-13
3.790535999999999935e-13
6.382948000000000440e-13
7.621984999999999657e-13
6.174861999999999544e-13
4.478739000000000188e-13
5.932365000000000037e-13
4.842891000000000351e-13
6.013106999999999896e-13
3.714671000000000237e-13
1.918026999999999941e-13
4.120276999999999973e-13
5.693119999999999676e-13
3.074696000000000230e-13
1.076061999999999904e-12
2.605147000000000047e-13
4.258189000000000184e-13
7.708959000000000332e-13
5.391014999999999521e-13
5.668734000000000309e-13
9.337615999999999660e-13
6.728675999999999672e-13
4.887054999999999718e-13
5.860834999999999634e-13
3.677010000000000101e-13
6.025569999999999941e-13
1.007539999999999966e-12
6.504874000000000016e-13
6.451498000000000184e-13
4.820130999999999548e-13
3.359461000000000179e-13
4.665421000000000503e-13
3.065483999999999764e-13
6.877424999999999849e-13
5.430030999999999807e-13
7.044327999999999587e-13
7.980446999999999872e-13
9.474442999999999073e-13
5.562252999999999564e-13
6.165379000000000158e-13
5.221130999999999556e-13
6.606750000000000096e-13
4.734240999999999598e-13
4.075842000000000173e-13
7.119379999999999498e-13
7.267315999999999889e-13
6.624090000000000303e-13
4.597683999999999536e-13
4.108355999999999786e-13
7.562377000000000018e-13
4.231094000000000086e-13
4.204812999999999847e-13
5.412960999999999961e-13
4.681949000000000491e-13
7.850662999999999907e-13
9.566835999999999768e-13
8.359228999999999943e-13
8.602539000000000247e-13
9.581195999999999315e-13
4.509898000000000157e-13
5.958376000000000419e-13
4.516671999999999821e-13
3.417985000000000102e-13
8.317503000000000369e-13
3.871820000000000157e-13
8.151684000000000347e-13
5.082677999999999560e-13
8.873214000000000000e-13
1.129790999999999947e-12
8.623130999999999600e-13
5.313524000000000251e-13
5.453602999999999820e-13
9.880592000000000758e-13
5.760585000000000137e-13
5.607229999999999726e-13
4.019214000000000185e-13
4.606625999999999641e-13
5.592057000000000393e-13
3.525551000000000130e-13
4.990284999999999875e-13
5.615358000000000477e-13
4.881093999999999840e-13
3.461065999999999825e-13
5.752999000000000254e-13
4.245454000000000138e-13
7.431238999999999977e-13
3.511191000000000079e-13
5.321110999999999701e-13
4.960481000000000055e-13
5.010877000000000238e-13
7.204998999999999519e-13
6.954374000000000272e-13
6.293806999999999902e-13
8.099934000000000088e-13
4.997330000000000477e-13
4.984324999999999565e-13
7.478653999999999932e-13
8.537511999999999579e-13
4.490931999999999872e-13
6.086533000000000234e-13
6.539554999999999997e-13
4.930948000000000165e-13
4.627759000000000294e-13
3.508480999999999780e-13
7.527425000000000108e-13
6.534135999999999977e-13
3.769402000000000219e-13
3.066838999999999914e-13
4.668401000000000153e-13
4.987305000000000225e-13
2.706480999999999764e-13
4.381739999999999765e-13
2.980678000000000035e-13
5.326258000000000224e-13
4.957230000000000476e-13
1.289703000000000013e-13
2.853603999999999864e-13
2.384867999999999971e-13
4.268484999999999860e-13
3.057085000000000095e-13
5.583115000000000288e-13
2.959272999999999885e-13
6.172965000000000041e-13
6.511105999999999822e-13
8.191784000000000347e-13
5.325175000000000076e-13
5.043391000000000355e-13
7.996703000000000363e-13
5.269359999999999875e-13
7.847683000000000257e-13
6.450956000000000326e-13
7.017775000000000356e-13
3.600061000000000184e-13
4.832324000000000241e-13
4.972131999999999881e-13
4.548101000000000151e-13
5.296996000000000263e-13
6.022319000000000362e-13
3.916796999999999815e-13
4.966712999999999862e-13
6.891514000000000477e-13
3.233471000000000228e-13
7.505749000000000030e-13
7.887512000000000329e-13
6.667170999999999521e-13
4.919297000000000339e-13
5.156916999999999684e-13
5.877905000000000489e-13
4.437825999999999896e-13
4.809564000000000447e-13
6.217671000000000275e-13
6.242597999999999933e-13
3.494934000000000020e-13
8.038699999999999866e-13
5.343057000000000141e-13
3.521215999999999826e-13
8.022984999999999665e-13
5.964337000000000297e-13
4.881364999999999769e-13
4.565712999999999854e-13
6.422505999999999574e-13
5.770610000000000389e-13
6.721360000000000150e-13
4.371173000000000160e-13
4.880551999999999983e-13
4.817963999999999684e-13
5.379092999999999767e-13
7.197953999999999926e-13
6.607291999999999954e-13
8.609583000000000272e-13
6.676924999999999845e-13
9.682801000000000476e-13
5.012773999999999740e-13
7.141596999999999867e-13
5.499663999999999698e-13
3.409856999999999856e-13
4.087492999999999999e-13
3.093663000000000083e-13
3.540182000000000111e-13
6.563397999999999939e-13
4.237325999999999892e-13
7.267586999999999818e-13
5.344682999999999714e-13
7.436657999999999996e-13
3.249456999999999853e-13
3.842286999999999761e-13
7.070338999999999970e-13
4.062294999999999908e-13
5.979779999999999992e-13
3.991306999999999868e-13
6.183261000000000223e-13
5.592328000000000322e-13
4.319151999999999972e-13
7.676716000000000143e-13
6.426299999999999588e-13
5.705311999999999792e-13
3.664545999999999984e-13
5.178863999999999691e-13
6.236907999999999984e-13
5.282635999999999706e-13
4.023008000000000199e-13
5.566587999999999868e-13
4.377946999999999824e-13
3.580011000000000183e-13
2.987994000000000061e-13
5.665482999999999721e-13
7.848766999999999972e-13
7.020484000000000078e-13
4.256834000000000035e-13
6.067567000000000454e-13
6.122297999999999930e-13
3.231031999999999858e-13
4.872966000000000100e-13
6.833532000000000411e-13
3.609002000000000216e-13
4.894098999999999743e-13
6.785303000000000093e-13
4.777050999999999897e-13
5.495871000000000261e-13
7.233176999999999765e-13
4.088848000000000148e-13
9.454663999999999506e-13
4.606896999999999570e-13
6.721902000000000008e-13
5.019548000000000414e-13
3.556168000000000241e-13
4.795203999999999890e-13
5.955124000000000263e-13
5.128739000000000448e-13
3.141619999999999896e-13
4.687908999999999791e-13
3.911649000000000229e-13
2.774217000000000153e-13
5.122506999999999632e-13
6.069734999999999885e-13
5.823444999999999931e-13
4.678155000000000477e-13
2.600812000000000248e-13
3.082011999999999752e-13
6.935948999999999772e-13
8.916022999999999722e-13
5.001122999999999914e-13
6.172152000000000255e-13
6.509209000000000320e-13
5.532448000000000177e-13
4.560022999999999905e-13
4.875674999999999821e-13
4.590368999999999582e-13
4.575467000000000178e-13
4.473591000000000097e-13
1.187801000000000019e-12
5.340619000000000349e-13
4.052541000000000089e-13
3.105855000000000199e-13
4.769464000000000446e-13
4.539160000000000118e-13
3.085805000000000199e-13
7.971504999999999767e-13
5.726987999999999871e-13
6.782051999999999504e-13
3.687034999999999849e-13
5.626738000000000374e-13
2.573988000000000078e-13
5.457938000000000124e-13
9.091866999999999997e-13
8.841512999999999668e-13
4.173924999999999807e-13
7.437470999999999783e-13
6.177842000000000203e-13
6.774465000000000053e-13
5.513753000000000326e-13
8.870234000000000350e-13
8.359499999999999872e-13
5.176154000000000403e-13
8.513397999999999708e-13
4.563545000000000423e-13
4.613940999999999595e-13
5.114649999999999820e-13
5.618879999999999985e-13
6.049142999999999522e-13
4.368463999999999934e-13
7.499246000000000295e-13
1.671736999999999988e-13
2.340703000000000028e-13
4.251685999999999944e-13
4.745621000000000504e-13
4.568692999999999504e-13
6.147495999999999517e-13
7.190638999999999972e-13
5.211648000000000171e-13
4.121903000000000051e-13
2.493517000000000148e-13
3.949038999999999931e-13
5.677947000000000343e-13
3.686492999999999991e-13
4.878656000000000048e-13
3.146497000000000057e-13
4.706334000000000290e-13
6.809958999999999821e-13
6.883927999999999584e-13
5.002206999999999629e-13
4.325383999999999778e-13
4.245183999999999776e-13
6.261023000000000432e-13
2.768798000000000134e-13
3.717921999999999816e-13
4.735867000000000181e-13
7.119108999999999569e-13
4.195328999999999884e-13
3.234284000000000015e-13
1.014584999999999963e-12
6.623276999999999506e-13
4.909543000000000015e-13
5.896329000000000411e-13
3.455104999999999948e-13
3.626884999999999848e-13
2.038057000000000087e-13
4.223236999999999769e-13
7.388157999999999749e-13
4.601206999999999622e-13
6.237178999999999913e-13
3.574321000000000235e-13
4.945036999999999783e-13
5.510772999999999666e-13
3.443995999999999980e-13
4.883533000000000210e-13
2.940848999999999963e-13
4.815254000000000396e-13
3.785658999999999773e-13
5.636762999999999617e-13
2.256438999999999903e-13
4.224862999999999847e-13
6.837595999999999777e-13
7.500330000000000010e-13
5.462002000000000499e-13
5.736471000000000266e-13
2.749019000000000062e-13
7.097161999999999562e-13
5.386949999999999578e-13
6.491869000000000113e-13
5.348476000000000161e-13
5.474466000000000111e-13
6.880404999999999499e-13
7.592993999999999624e-13
4.289348000000000152e-13
4.478196999999999826e-13
2.894246000000000227e-13
3.343475000000000049e-13
2.114463000000000075e-13
7.908103999999999682e-13
7.624965000000000317e-13
3.106667999999999986e-13
3.414192000000000160e-13
8.723110000000000178e-13
3.361086000000000184e-13
5.862190000000000288e-13
5.431386000000000461e-13
6.582094000000000367e-13
6.117420999999999768e-13
4.250060999999999938e-13
1.607523000000000117e-13
6.941909999999999649e-13
4.193703999999999879e-13
3.837951999999999962e-13
3.928177000000000216e-13
2.703500000000000042e-13
4.256021000000000248e-13
5.491535999999999957e-13
4.616379999999999965e-13
5.961897999999999927e-13
5.795266000000000118e-13
5.312982000000000393e-13
2.915379999999999943e-13
2.863900000000000045e-13
7.351038999999999975e-13
6.138284000000000060e-13
1.840536999999999986e-13
6.176758000000000488e-13
4.451102999999999800e-13
5.956478999999999908e-13
6.007958999999999805e-13
3.818171999999999818e-13
5.553853000000000326e-13
3.057356000000000024e-13
5.642993999999999855e-13
3.786201000000000136e-13
5.185907999999999717e-13
5.055583000000000471e-13
2.823800000000000044e-13
2.617610000000000092e-13
3.402540999999999830e-13
5.196745999999999756e-13
6.287304000000000166e-13
4.735325000000000323e-13
3.678906000000000036e-13
6.458000000000000351e-13
2.594850999999999865e-13
4.879197000000000338e-13
5.202164999999999776e-13
3.375175999999999875e-13
3.947413999999999925e-13
4.389327000000000225e-13
6.482385999999999718e-13
5.464982999999999717e-13
4.471965000000000019e-13
2.976614000000000164e-13
5.213273999999999744e-13
5.110584999999999877e-13
3.399018999999999817e-13
6.309251000000000174e-13
3.918964000000000183e-13
4.491744000000000091e-13
3.634199999999999802e-13
3.537471999999999813e-13
8.143826999999999525e-13
3.875071000000000241e-13
3.995371000000000243e-13
3.109919000000000069e-13
5.915566000000000120e-13
5.960814000000000212e-13
7.029697000000000111e-13
5.460648000000000422e-13
5.995766000000000122e-13
4.934198999999999744e-13
2.588348000000000130e-13
5.357687999999999617e-13
4.476842000000000181e-13
4.512877999999999807e-13
1.069721999999999953e-12
6.093306999999999898e-13
6.052665000000000039e-13
3.417171999999999810e-13
7.468086999999999821e-13
5.085116000000000362e-13
4.067713999999999928e-13
3.768588999999999927e-13
4.041703000000000050e-13
5.015483000000000471e-13
3.985075000000000061e-13
1.159730999999999918e-12
5.287241999999999939e-13
2.967944000000000061e-13
3.564837999999999840e-13
5.232239999999999524e-13
4.436200999999999890e-13
5.720485000000000136e-13
1.311920999999999949e-13
1.001958999999999982e-13
2.258878000000000021e-13
9.800120999999999566e-14
4.195599999999999813e-13
3.571881999999999865e-13
3.381136000000000185e-13
3.226697000000000059e-13
3.010210999999999925e-13
4.215109000000000028e-13
3.446705000000000206e-13
4.374153999999999882e-13
4.256563000000000106e-13
5.028218000000000012e-13
4.160647999999999903e-13
2.731949999999999784e-13
7.662355999999999587e-13
5.107605000000000227e-13
3.020507000000000107e-13
3.570256999999999859e-13
2.438243999999999804e-13
1.508628000000000011e-13
4.904394999999999925e-13
1.060619000000000007e-12
4.241118999999999834e-13
4.706334000000000290e-13
4.916858999999999537e-13
4.071235999999999940e-13
5.348747000000000089e-13
5.893348999999999751e-13
4.563274000000000494e-13
5.766546000000000014e-13
5.249310000000000379e-13
3.994017000000000166e-13
5.184824999999999569e-13
6.669338000000000394e-13
1.307830000000000093e-12
3.366233999999999770e-13
8.737198999999999796e-13
4.760522999999999909e-13
4.622340999999999842e-13
4.455438000000000104e-13
3.629865000000000003e-13
5.408354999999999728e-13
2.351270000000000138e-13
4.502853000000000059e-13
6.915357000000000419e-13
4.102123999999999980e-13
3.271945000000000151e-13
7.293598000000000200e-13
5.149059999999999872e-13
3.930344000000000080e-13
2.476718000000000231e-13
3.455375999999999877e-13
3.702748999999999978e-13
4.214567000000000170e-13
5.440326999999999988e-13
4.033303999999999875e-13
4.704165999999999850e-13
3.114524999999999798e-13
4.106730000000000213e-13
7.055977999999999845e-13
2.019360999999999911e-13
4.871882000000000384e-13
6.317920999999999772e-13
2.857939000000000168e-13
4.801435999999999697e-13
9.629154000000000714e-13
6.462876999999999503e-13
3.237535000000000098e-13
4.169590000000000008e-13
3.155167000000000161e-13
2.539578000000000026e-13
4.423194999999999915e-13
2.710274000000000211e-13
2.544726000000000117e-13
3.504145999999999981e-13
4.989743000000000017e-13
4.268213999999999932e-13
2.371049000000000210e-13
1.294038999999999884e-13
1.101395999999999945e-13
3.810315000000000006e-13
3.051124000000000217e-13
2.017464999999999977e-13
2.506251000000000122e-13
4.756730000000000473e-13
3.532052999999999793e-13
2.193579999999999929e-13
2.634138000000000080e-13
3.090681999999999856e-13
2.015297000000000041e-13
4.825007999999999710e-13
3.075238000000000088e-13
6.566108000000000237e-13
5.058563999999999689e-13
4.579530999999999543e-13
4.864565999999999853e-13
2.823258000000000186e-13
3.428552000000000212e-13
4.713920000000000173e-13
4.173924999999999807e-13
5.223840999999999854e-13
5.072653000000000317e-13
3.588409999999999853e-13
5.400768999999999845e-13
6.212252000000000256e-13
6.472901999999999756e-13
2.975800999999999873e-13
2.526030999999999761e-13
6.526008000000000237e-13
4.956958999999999538e-13
7.071693000000000047e-13
2.520883000000000175e-13
5.109501999999999729e-13
3.219382000000000105e-13
4.779488999999999689e-13
4.480364999999999761e-13
3.747184999999999850e-13
4.161732000000000123e-13
2.104166999999999893e-13
3.100978000000000037e-13
3.884825000000000059e-13
1.323029999999999917e-13
4.368463999999999934e-13
4.400978000000000051e-13
4.828801000000000156e-13
3.004250000000000048e-13
5.266378999999999647e-13
5.001393999999999843e-13
7.577821000000000291e-13
4.743182000000000135e-13
3.132678999999999863e-13
6.600789000000000219e-13
6.193828000000000333e-13
3.660211000000000185e-13
4.204541999999999918e-13
3.866672000000000066e-13
6.708895999999999528e-13
2.221486999999999993e-13
3.143245999999999974e-13
2.410606999999999848e-13
5.104895999999999496e-13
4.099414999999999754e-13
5.101373000000000421e-13
5.240368999999999842e-13
3.711420000000000154e-13
3.564295999999999982e-13
2.508960999999999915e-13
4.139514999999999755e-13
4.751853000000000311e-13
4.289077000000000223e-13
3.736346999999999811e-13
5.127112999999999865e-13
5.199997999999999912e-13
6.097642000000000202e-13
3.291724000000000222e-13
4.533470000000000170e-13
2.233951000000000111e-13
4.717443000000000258e-13
6.651998000000000188e-13
5.083491000000000356e-13
3.126717999999999986e-13
5.276674999999999829e-13
5.713711000000000472e-13
4.414253999999999883e-13
7.897265999999999643e-13
2.863358000000000187e-13
4.089119000000000077e-13
6.603768999999999869e-13
2.743870999999999972e-13
2.833553999999999863e-13
2.174341999999999895e-13
2.356960000000000087e-13
7.647725000000000111e-13
5.062086000000000207e-13
3.707897000000000069e-13
3.502519999999999903e-13
3.526905000000000207e-13
2.910502999999999781e-13
3.853124999999999801e-13
3.843640999999999838e-13
3.106397000000000057e-13
6.168629999999999737e-13
7.766670000000000469e-13
2.358857000000000094e-13
6.975506999999999915e-13
5.653290000000000037e-13
4.134096000000000240e-13
4.559481000000000048e-13
3.931156999999999866e-13
4.092370000000000161e-13
2.809169000000000063e-13
2.551499000000000213e-13
6.130427000000000248e-13
3.880218999999999826e-13
3.638264000000000177e-13
2.862004000000000110e-13
2.739536000000000172e-13
5.130094000000000092e-13
4.140868999999999832e-13
4.779217999999999760e-13
4.030865000000000011e-13
3.233471000000000228e-13
3.294434000000000016e-13
4.803602999999999560e-13
3.064670999999999978e-13
4.684658000000000212e-13
5.090806000000000310e-13
3.869380999999999787e-13
4.118922999999999897e-13
4.293682999999999952e-13
6.786657999999999737e-13
5.722110999999999709e-13
3.051124000000000217e-13
3.048414999999999991e-13
4.062565999999999837e-13
4.588743000000000009e-13
4.301539999999999764e-13
4.222965999999999840e-13
3.471091000000000078e-13
2.512482999999999928e-13
4.186658999999999781e-13
4.619630999999999544e-13
5.354437000000000038e-13
3.222904000000000118e-13
2.869319000000000065e-13
2.642808000000000183e-13
5.249039000000000450e-13
5.040139000000000199e-13
7.543140000000000310e-13
5.897954999999999984e-13
3.669152000000000217e-13
4.614754000000000392e-13
4.522632000000000131e-13
4.955332999999999965e-13
3.914899999999999808e-13
3.064941999999999907e-13
5.882510999999999712e-13
4.288805999999999790e-13
5.282364999999999777e-13
6.636824999999999844e-13
4.356813000000000108e-13
1.936451999999999936e-13
1.892016999999999884e-13
2.083845999999999964e-13
5.797705000000000487e-13
3.168985999999999923e-13
6.046704000000000162e-13
4.426716999999999928e-13
6.815648999999999770e-13
5.766816999999999943e-13
3.216129999999999949e-13
5.480968999999999847e-13
6.751434999999999898e-13
3.429094000000000070e-13
2.443933999999999752e-13
4.754020000000000174e-13
4.347330000000000218e-13
2.863629000000000116e-13
3.631491000000000081e-13
6.416817000000000202e-13
4.080989999999999759e-13
4.122986999999999767e-13
4.898705999999999544e-13
4.948830999999999797e-13
4.371173000000000160e-13
5.091077000000000239e-13
5.867609000000000307e-13
4.965087000000000288e-13
6.921318000000000296e-13
2.109044000000000055e-13
3.344016999999999907e-13
3.637450999999999886e-13
5.666838000000000375e-13
4.589284999999999867e-13
2.523862999999999825e-13
3.069006999999999849e-13
4.928781000000000302e-13
5.802310999999999711e-13
4.221611000000000196e-13
2.133972000000000038e-13
3.303375000000000048e-13
2.753624999999999790e-13
3.124008999999999760e-13
3.979926999999999971e-13
3.278990000000000248e-13
1.467444000000000043e-13
1.281845999999999948e-13
5.110313999999999948e-13
3.451041000000000077e-13
3.325051000000000126e-13
3.009669000000000067e-13
3.239161000000000176e-13
2.151582999999999921e-13
4.166608999999999780e-13
3.491952999999999792e-13
4.295038000000000101e-13
3.846892999999999994e-13
3.460794999999999896e-13
5.031739999999999520e-13
3.208002000000000208e-13
3.473799999999999799e-13
3.872362000000000014e-13
5.046100000000000077e-13
2.566942999999999981e-13
3.842015999999999833e-13
2.978240000000000242e-13
3.172237000000000006e-13
3.641244999999999900e-13
4.432135999999999947e-13
4.260086000000000191e-13
4.877572000000000333e-13
4.285825000000000067e-13
3.082283000000000186e-13
4.288805999999999790e-13
1.908814999999999980e-13
4.413170000000000167e-13
3.842829000000000124e-13
4.016234000000000030e-13
3.400103000000000037e-13
3.074696000000000230e-13
1.686638999999999898e-13
3.249727999999999782e-13
3.602769999999999905e-13
5.469588999999999950e-13
5.690952000000000245e-13
3.338326999999999958e-13
3.973424999999999803e-13
5.233866000000000107e-13
2.877990000000000240e-13
3.582990999999999833e-13
3.304187999999999835e-13
3.077676999999999953e-13
3.984261999999999770e-13
3.942808000000000197e-13
4.144933000000000207e-13
4.109440000000000007e-13
4.796830000000000473e-13
2.093329999999999927e-13
3.618485000000000106e-13
3.851770000000000156e-13
4.292599000000000236e-13
3.267609999999999846e-13
1.906648000000000117e-13
4.434303999999999883e-13
3.871277999999999794e-13
2.495956000000000013e-13
3.695163000000000095e-13
2.812691000000000076e-13
4.155228999999999883e-13
4.227572000000000073e-13
3.741223999999999973e-13
4.518567999999999755e-13
2.471570000000000141e-13
5.561439999999999777e-13
2.346122000000000047e-13
3.861794999999999904e-13
4.502311000000000201e-13
3.908127000000000216e-13
4.379843999999999831e-13
3.310960999999999931e-13
5.770067999999999522e-13
3.669423000000000146e-13
2.359669999999999880e-13
5.236032999999999970e-13
3.052749999999999791e-13
5.161793999999999846e-13
2.870131999999999851e-13
4.529677000000000228e-13
3.438847999999999889e-13
4.076384000000000031e-13
3.312857999999999938e-13
2.375384000000000009e-13
3.920861000000000190e-13
2.559357000000000098e-13
3.835242000000000169e-13
4.978092999999999759e-13
1.398623999999999938e-13
2.088182000000000088e-13
3.984533000000000204e-13
2.212816999999999890e-13
4.493370000000000169e-13
2.801040999999999818e-13
6.364523999999999508e-13
1.505917999999999965e-13
4.760251999999999980e-13
2.963879000000000118e-13
4.982157000000000134e-13
2.652020000000000144e-13
4.370631999999999869e-13
2.496496999999999798e-13
5.308105000000000231e-13
5.211648000000000171e-13
6.427113000000000384e-13
4.147101000000000143e-13
5.233595000000000178e-13
3.704104000000000127e-13
2.597560000000000091e-13
5.309188999999999946e-13
2.797518999999999805e-13
2.356960000000000087e-13
5.123591000000000357e-13
5.263128000000000068e-13
6.432801999999999755e-13
3.342933000000000191e-13
2.993953999999999866e-13
3.868568000000000001e-13
4.579802000000000482e-13
3.117235000000000096e-13
2.282450000000000034e-13
3.251352999999999788e-13
3.317735000000000100e-13
3.631491000000000081e-13
2.598915000000000241e-13
6.471276999999999750e-13
5.503186000000000215e-13
1.938889999999999981e-13
4.141139999999999760e-13
6.047787999999999877e-13
3.398476999999999959e-13
3.172237000000000006e-13
1.952708999999999995e-13
3.116421999999999804e-13
3.435596999999999805e-13
5.146892000000000441e-13
4.384720999999999992e-13
3.239432000000000105e-13
5.033907999999999961e-13
2.905626000000000124e-13
4.717714000000000187e-13
3.044891999999999906e-13
5.627551000000000160e-13
3.480573999999999968e-13
7.616565999999999637e-13
4.964274000000000502e-13
2.462629000000000108e-13
4.256834000000000035e-13
3.507938999999999922e-13
2.368610999999999913e-13
3.072528999999999862e-13
3.306355000000000203e-13
4.015692000000000172e-13
3.923840999999999840e-13
3.165733999999999766e-13
3.796768000000000246e-13
3.119943999999999817e-13
4.704707999999999707e-13
3.083095999999999973e-13
2.301144999999999885e-13
3.086617999999999985e-13
4.086680000000000213e-13
3.426655000000000205e-13
4.278510000000000113e-13
6.102248000000000435e-13
4.935011999999999531e-13
5.051790000000000025e-13
2.610024000000000209e-13
2.880428000000000033e-13
3.549935999999999930e-13
3.032428999999999861e-13
5.298621999999999836e-13
2.208753000000000020e-13
3.550749000000000222e-13
3.724425000000000056e-13
4.198039000000000183e-13
4.191806999999999872e-13
3.109377000000000212e-13
1.822654000000000101e-13
2.720298999999999958e-13
3.890244000000000079e-13
4.771360999999999948e-13
4.181782000000000124e-13
4.240847999999999905e-13
3.356479999999999951e-13
2.789119000000000063e-13
4.031949000000000231e-13
5.310001999999999733e-13
4.885158000000000216e-13
3.459440000000000252e-13
3.704375000000000056e-13
4.416421000000000251e-13
6.585886999999999804e-13
4.353562000000000024e-13
4.588201000000000151e-13
2.776926999999999947e-13
3.900268999999999827e-13
5.029572999999999656e-13
2.219319999999999877e-13
2.830845000000000142e-13
3.761273999999999973e-13
2.703770999999999971e-13
4.021923999999999978e-13
3.442640999999999830e-13
6.250185000000000393e-13
3.612252999999999795e-13
3.165191999999999909e-13
4.395288000000000103e-13
4.247893000000000002e-13
3.223445999999999975e-13
1.938619000000000052e-13
3.041640999999999823e-13
2.985283999999999763e-13
2.878801999999999955e-13
2.553124999999999786e-13
5.291035000000000385e-13
2.535243000000000227e-13
3.642869999999999905e-13
2.983387999999999828e-13
1.919382000000000091e-13
4.012441000000000088e-13
2.478886000000000167e-13
5.525946000000000009e-13
2.269444999999999878e-13
3.327759999999999848e-13
2.724633999999999758e-13
2.641994999999999891e-13
4.030323000000000153e-13
2.296810000000000085e-13
5.177238000000000118e-13
2.529824000000000207e-13
5.029030999999999799e-13
3.830906999999999864e-13
3.864775000000000059e-13
2.600812000000000248e-13
2.839243999999999812e-13
3.571612000000000009e-13
2.108232000000000089e-13
2.523050000000000038e-13
4.249248000000000152e-13
2.598915000000000241e-13
4.366566999999999927e-13
4.951539999999999518e-13
3.404166999999999908e-13
5.922881999999999642e-13
2.715693000000000230e-13
6.719191999999999709e-13
1.861670999999999954e-13
3.411481999999999862e-13
3.933866000000000092e-13
4.311835999999999945e-13
4.045495999999999991e-13
1.303792999999999956e-13
3.353228999999999868e-13
3.810856999999999864e-13
3.265712999999999840e-13
2.619507000000000099e-13
2.401665999999999816e-13
4.549997999999999653e-13
2.320923999999999956e-13
2.970652999999999782e-13
2.781533000000000180e-13
2.062441999999999887e-13
3.348623000000000140e-13
3.827113999999999923e-13
3.358106000000000030e-13
3.481657000000000116e-13
3.933866000000000092e-13
2.218507000000000091e-13
2.659065000000000242e-13
2.039139999999999983e-13
2.938140000000000242e-13
2.763379000000000114e-13
4.849664000000000448e-13
3.478135000000000103e-13
3.723883000000000199e-13
1.907732000000000085e-13
2.170548999999999953e-13
3.313399999999999796e-13
2.778551999999999953e-13
4.115128999999999883e-13
5.045558000000000219e-13
4.018943999999999823e-13
3.145955000000000200e-13
3.012378999999999861e-13
3.850685999999999936e-13
3.940911000000000190e-13
2.307648000000000125e-13
3.642058000000000191e-13
1.750041000000000055e-13
2.276760000000000085e-13
2.171904000000000103e-13
4.221339999999999762e-13
5.225736999999999789e-13
3.467026000000000135e-13
4.399081000000000044e-13
3.324780000000000198e-13
2.891537000000000001e-13
2.255084000000000007e-13
3.507938999999999922e-13
4.657021999999999823e-13
3.135929999999999947e-13
1.014639000000000035e-12
2.685617999999999977e-13
3.360544999999999894e-13
2.502458000000000180e-13
5.626738000000000374e-13
6.297600000000000348e-13
8.686531999999999685e-14
1.152876000000000095e-13
2.321194999999999885e-13
8.101287999999999912e-14
3.011566000000000074e-13
1.548457000000000083e-13
3.561044999999999898e-13
3.498997999999999890e-13
2.802125000000000038e-13
1.806669000000000044e-13
1.593976000000000104e-13
5.547351000000000159e-13
4.135992000000000175e-13
2.937326999999999950e-13
2.782615999999999823e-13
2.647413999999999911e-13
2.746038999999999907e-13
9.172880000000000795e-13
2.638201999999999950e-13
2.687513999999999912e-13
2.012316999999999886e-13
3.604395999999999983e-13
3.329656999999999855e-13
2.341787000000000248e-13
2.118257000000000089e-13
2.247498000000000124e-13
3.796225999999999883e-13
2.379719999999999881e-13
2.317401999999999944e-13
3.593016000000000086e-13
3.712774000000000230e-13
2.715421999999999797e-13
2.359128000000000022e-13
3.183616999999999903e-13
3.261919999999999898e-13
1.186473000000000108e-13
4.819317999999999761e-13
2.437160000000000088e-13
2.650666000000000067e-13
4.936638000000000113e-13
2.880428000000000033e-13
5.294829000000000399e-13
2.046185000000000081e-13
2.883679000000000117e-13
4.447851000000000149e-13
4.541057000000000125e-13
4.061482000000000121e-13
2.348289999999999983e-13
2.243976000000000111e-13
2.936785000000000092e-13
3.574321000000000235e-13
7.238324999999999856e-13
2.539578000000000026e-13
2.511670000000000141e-13
4.338660000000000114e-13
2.520612000000000246e-13
3.738785000000000108e-13
1.127949000000000059e-13
4.491474000000000234e-13
7.211771999999999616e-13
9.109207999999999771e-14
2.910231999999999852e-13
3.246205000000000202e-13
4.360336000000000193e-13
5.362835999999999708e-13
3.680532000000000114e-13
2.445830000000000192e-13
2.141286999999999992e-13
2.118257000000000089e-13
4.224320999999999989e-13
3.089598000000000140e-13
4.736409000000000038e-13
2.784241999999999901e-13
2.913753999999999865e-13
3.588680999999999782e-13
4.607708999999999789e-13
3.466483999999999772e-13
2.015297000000000041e-13
2.370506999999999847e-13
3.707626000000000140e-13
2.823258000000000186e-13
6.486449999999999841e-14
1.452813000000000062e-13
1.102208999999999984e-13
3.224258999999999762e-13
2.860919999999999890e-13
1.525967999999999966e-13
2.372674999999999783e-13
3.186867999999999987e-13
5.743786000000000220e-13
3.760461000000000187e-13
1.981429000000000099e-13
1.738119000000000048e-13
2.732762000000000003e-13
1.867631000000000012e-13
3.678364000000000178e-13
2.120694999999999881e-13
2.026406000000000009e-13
3.894578999999999878e-13
3.106667999999999986e-13
1.214379999999999921e-13
1.076739999999999964e-13
2.006356000000000009e-13
3.151374000000000219e-13
2.427948000000000127e-13
2.842766999999999897e-13
2.383241999999999893e-13
3.698685000000000107e-13
2.447455999999999765e-13
4.486055000000000215e-13
2.324717999999999970e-13
4.623694999999999919e-13
3.942265999999999835e-13
2.445288999999999901e-13
2.702144999999999893e-13
3.346455000000000204e-13
4.131927999999999799e-13
3.055459000000000017e-13
4.040889999999999758e-13
3.751520000000000154e-13
4.885971000000000002e-13
2.520883000000000175e-13
3.308523000000000139e-13
2.103895999999999965e-13
3.721173999999999972e-13
3.076864000000000166e-13
2.604062999999999826e-13
3.282783000000000190e-13
4.116213000000000103e-13
2.286784999999999833e-13
3.096371999999999804e-13
2.684805000000000191e-13
3.020236000000000178e-13
2.429845000000000134e-13
4.064461999999999771e-13
3.313128999999999867e-13
4.003229000000000127e-13
1.982783999999999996e-13
2.762836999999999752e-13
4.519651999999999976e-13
4.819317999999999761e-13
3.941994999999999906e-13
3.919506000000000041e-13
3.141078000000000038e-13
2.979865000000000248e-13
2.049978000000000022e-13
2.784512999999999830e-13
3.325591999999999912e-13
4.357896999999999823e-13
2.460733000000000174e-13
3.426655000000000205e-13
2.437160000000000088e-13
2.425780000000000191e-13
1.739473999999999945e-13
2.290849000000000208e-13
3.464316999999999909e-13
5.121422999999999916e-13
4.907918000000000010e-13
4.917130000000000476e-13
2.067860999999999907e-13
2.397331000000000016e-13
2.021257999999999918e-13
1.872238000000000065e-13
3.843100000000000053e-13
2.731678999999999855e-13
3.643683000000000197e-13
5.037701000000000407e-13
1.680407999999999912e-13
4.473591000000000097e-13
3.961773999999999977e-13
3.278447999999999886e-13
3.134574999999999798e-13
2.144809000000000004e-13
3.538014000000000175e-13
1.968694000000000053e-13
5.776300000000000338e-13
2.953582999999999937e-13
2.086826999999999939e-13
3.114796000000000231e-13
3.263545999999999976e-13
2.343955000000000184e-13
2.198998999999999948e-13
2.957376999999999951e-13
4.010544000000000081e-13
3.870735999999999936e-13
2.641454000000000106e-13
3.374092000000000160e-13
3.569985999999999930e-13
2.442308000000000179e-13
2.606230999999999762e-13
4.375509000000000031e-13
4.315899999999999815e-13
2.274321999999999788e-13
5.160168999999999840e-13
2.123404999999999927e-13
3.071716000000000076e-13
3.101248999999999966e-13
2.092516999999999888e-13
2.043204999999999926e-13
3.630406999999999861e-13
3.339411000000000178e-13
1.836201999999999934e-13
1.737035000000000080e-13
1.869257000000000090e-13
3.235096000000000234e-13
3.475696999999999806e-13
3.790806999999999864e-13
4.299372999999999900e-13
3.565108999999999769e-13
3.037035000000000094e-13
3.167359999999999844e-13
3.415275999999999876e-13
3.996725999999999887e-13
1.523801000000000102e-13
3.484095999999999980e-13
4.312106999999999874e-13
2.181386999999999993e-13
4.323758000000000205e-13
2.278386000000000163e-13
3.527717999999999994e-13
2.603791999999999898e-13
3.701936999999999759e-13
3.349435999999999926e-13
2.368610999999999913e-13
2.353438000000000074e-13
5.237658999999999543e-13
4.213212000000000021e-13
2.282179000000000105e-13
2.626552000000000196e-13
2.061086999999999990e-13
3.648559999999999854e-13
3.049498000000000139e-13
3.912191000000000086e-13
2.268903000000000021e-13
2.798872999999999882e-13
4.604458000000000210e-13
4.000789999999999758e-13
2.893703999999999864e-13
2.694017000000000152e-13
2.828405999999999772e-13
4.594703999999999886e-13
4.627759000000000294e-13
2.354250999999999861e-13
3.022675000000000042e-13
3.290910999999999931e-13
1.877385999999999903e-13
2.202791999999999890e-13
2.943558000000000189e-13
3.402811999999999758e-13
2.515464000000000155e-13
2.611920000000000143e-13
2.770966000000000070e-13
1.544663999999999889e-13
4.160376999999999974e-13
2.188432000000000090e-13
1.530032999999999909e-13
1.750582999999999913e-13
2.831928999999999857e-13
2.613274999999999788e-13
3.802729000000000123e-13
2.967673000000000132e-13
3.296871999999999808e-13
2.335554999999999937e-13
2.255897000000000046e-13
1.828344000000000050e-13
4.455438000000000104e-13
2.403562999999999823e-13
3.274654999999999944e-13
3.164380000000000194e-13
3.826572000000000065e-13
2.711357999999999926e-13
4.642931999999999628e-13
2.834367000000000155e-13
1.903395999999999961e-13
2.155376000000000115e-13
2.339619999999999880e-13
2.294371999999999788e-13
2.917547999999999879e-13
1.632991999999999884e-13
6.630051000000000180e-14
7.404956999999999918e-14
1.973841999999999891e-13
2.556375999999999870e-13
2.799686000000000173e-13
1.632720999999999955e-13
3.628509999999999854e-13
3.749623000000000147e-13
3.498726999999999961e-13
2.775843000000000232e-13
2.945455000000000196e-13
1.485597000000000036e-13
2.394621999999999790e-13
2.203063000000000071e-13
3.806251000000000136e-13
2.197914999999999980e-13
4.881093999999999840e-13
3.238890000000000248e-13
3.803811999999999766e-13
1.331700000000000021e-13
2.110398999999999952e-13
2.466151000000000121e-13
3.604125000000000054e-13
3.371110999999999932e-13
3.864504000000000130e-13
3.310690000000000002e-13
2.812691000000000076e-13
1.653854999999999924e-13
2.517089000000000161e-13
2.853062000000000006e-13
3.150560999999999928e-13
1.997414999999999976e-13
3.093934000000000012e-13
2.052145999999999958e-13
3.232928999999999865e-13
5.076716999999999683e-13
1.284554999999999922e-13
2.518443999999999805e-13
2.434721999999999791e-13
5.366900000000000083e-13
5.953499000000000257e-13
2.588348000000000130e-13
2.257523000000000124e-13
3.231845000000000150e-13
2.937326999999999950e-13
3.113171000000000226e-13
3.414734000000000018e-13
3.459440000000000252e-13
3.519589999999999748e-13
2.686973000000000127e-13
2.720298999999999958e-13
1.504563999999999889e-13
2.799143999999999811e-13
2.430386999999999992e-13
2.640098999999999957e-13
3.898372999999999892e-13
3.077135000000000095e-13
1.823466999999999888e-13
2.580219999999999885e-13
4.150080999999999793e-13
2.038328000000000016e-13
4.518296999999999826e-13
1.634076000000000105e-13
1.769278000000000017e-13
2.620590999999999814e-13
2.280553000000000027e-13
2.016923000000000119e-13
3.929530999999999788e-13
2.332032999999999924e-13
2.481053000000000031e-13
4.575738000000000106e-13
2.586722000000000052e-13
4.827176000000000150e-13
3.357021999999999809e-13
4.290973000000000158e-13
3.231302999999999787e-13
2.990160999999999925e-13
2.793453999999999862e-13
2.696997999999999874e-13
2.347748000000000126e-13
3.158418999999999812e-13
2.490266000000000064e-13
1.529491000000000051e-13
3.796496999999999812e-13
3.157064000000000168e-13
1.771716999999999881e-13
3.498726999999999961e-13
3.400644999999999895e-13
1.360691000000000053e-13
2.697539000000000164e-13
1.422195999999999951e-13
2.792912000000000005e-13
2.118798999999999947e-13
2.606772000000000053e-13
4.799268000000000266e-13
3.338326999999999958e-13
1.935638999999999897e-13
3.799476999999999967e-13
2.130991000000000063e-13
2.515735000000000084e-13
3.104770999999999979e-13
3.736346999999999811e-13
2.803208000000000186e-13
1.364213999999999886e-13
2.812149999999999786e-13
2.374029999999999932e-13
3.794057999999999947e-13
2.756606000000000018e-13
2.021529000000000100e-13
4.068798000000000148e-13
3.963670999999999984e-13
7.063565000000000306e-14
1.115755999999999997e-13
2.366984999999999834e-13
1.888223000000000122e-13
3.035679999999999945e-13
9.897661000000000279e-14
1.774426000000000107e-13
4.492556999999999877e-13
2.085472000000000042e-13
2.605959999999999833e-13
2.057294000000000049e-13
1.803145999999999959e-13
4.509898000000000157e-13
3.017797999999999881e-13
2.953853999999999865e-13
2.841412000000000252e-13
2.561523999999999961e-13
2.298978000000000021e-13
2.623029000000000111e-13
2.490536999999999993e-13
1.257732000000000078e-13
2.538493999999999806e-13
3.625530000000000204e-13
2.592682999999999930e-13
4.730448000000000161e-13
2.094413000000000075e-13
4.762420000000000421e-13
3.147309999999999844e-13
1.988473000000000124e-13
2.735200999999999868e-13
2.272695999999999962e-13
2.803750000000000044e-13
2.314964000000000151e-13
4.502582000000000130e-13
2.876906000000000020e-13
2.855771999999999799e-13
3.044620999999999977e-13
2.459648999999999953e-13
3.442098999999999973e-13
2.188160999999999909e-13
1.069966000000000047e-13
1.129303000000000010e-13
2.779093999999999810e-13
2.712982999999999932e-13
2.627905999999999768e-13
2.271611999999999994e-13
1.713733999999999996e-13
9.255518999999999399e-14
1.864379999999999928e-13
2.433367000000000147e-13
2.406001000000000120e-13
1.667131000000000008e-13
3.718464000000000179e-13
4.595245999999999744e-13
1.547914999999999973e-13
2.711086999999999997e-13
2.355604999999999937e-13
3.247830999999999775e-13
2.566130999999999762e-13
2.487555999999999766e-13
2.579678000000000027e-13
1.874133999999999999e-13
2.012858999999999996e-13
2.529281999999999845e-13
1.833220999999999959e-13
4.102123999999999980e-13
2.311711999999999995e-13
3.159232000000000104e-13
2.554479999999999936e-13
1.495622000000000036e-13
2.204959000000000006e-13
2.254272000000000040e-13
2.104709000000000004e-13
2.208482000000000091e-13
5.068047000000000084e-13
2.677489000000000164e-13
2.177051999999999941e-13
2.663941999999999899e-13
2.363733999999999751e-13
1.965442999999999969e-13
1.104647000000000029e-13
3.449414999999999999e-13
2.786952000000000200e-13
4.017046999999999817e-13
4.676258999999999532e-13
2.250478000000000026e-13
1.633804999999999923e-13
1.372613000000000060e-13
1.655481000000000002e-13
1.260711999999999980e-13
2.968214999999999990e-13
2.355334000000000009e-13
2.285430000000000188e-13
2.667734999999999840e-13
5.015754000000000400e-13
2.799957000000000102e-13
2.776656000000000018e-13
4.936909000000000042e-13
2.472111999999999998e-13
4.097246999999999818e-13
1.916131000000000007e-13
2.972278999999999860e-13
4.503123999999999988e-13
2.516006000000000013e-13
1.625948000000000111e-13
2.242620999999999962e-13
3.142161999999999753e-13
1.977907000000000086e-13
2.710545000000000140e-13
2.464255000000000186e-13
2.494329999999999934e-13
2.233138000000000072e-13
4.541598999999999983e-13
2.335554999999999937e-13
3.533137000000000013e-13
3.290640000000000002e-13
4.659459999999999616e-13
2.518443999999999805e-13
1.268570000000000117e-13
3.376259000000000023e-13
2.190328000000000025e-13
2.183284000000000000e-13
5.260148000000000418e-13
2.923508000000000188e-13
4.088577000000000220e-13
2.966317999999999983e-13
1.799894999999999875e-13
4.831511000000000454e-13
2.283262999999999820e-13
3.994017000000000166e-13
2.754709000000000011e-13
1.834847000000000037e-13
2.818110000000000096e-13
2.183013000000000071e-13
2.558543999999999806e-13
4.133553999999999877e-13
2.296268000000000228e-13
2.392453999999999854e-13
2.397331000000000016e-13
2.616796999999999800e-13
2.888284999999999845e-13
2.619778000000000028e-13
2.207939999999999980e-13
3.087430999999999772e-13
3.847163999999999923e-13
2.314150999999999860e-13
4.715816999999999675e-13
1.767923000000000120e-13
1.826719000000000044e-13
1.325738999999999891e-13
2.093870999999999964e-13
2.790474000000000212e-13
2.065151000000000113e-13
1.433033999999999990e-13
2.086826999999999939e-13
2.006085000000000080e-13
3.362711999999999758e-13
2.670986999999999997e-13
2.077885999999999907e-13
2.376196999999999796e-13
1.958126999999999942e-13
1.768194000000000049e-13
3.231845000000000150e-13
2.418193999999999803e-13
4.980259999999999622e-13
2.306563999999999904e-13
4.479281000000000046e-13
3.747455999999999779e-13
2.323362999999999821e-13
3.514984000000000020e-13
2.864983999999999760e-13
2.167026999999999941e-13
1.534910000000000070e-13
3.440744999999999896e-13
1.622425000000000026e-13
1.296206000000000000e-13
4.067442999999999999e-13
4.835303999999999891e-13
1.434930999999999997e-13
1.256919000000000039e-13
1.104917999999999958e-13
3.419611000000000180e-13
2.032908999999999997e-13
2.585909999999999833e-13
1.123883999999999990e-13
2.253729999999999930e-13
1.374780999999999996e-13
1.824822000000000037e-13
3.034867000000000159e-13
2.181657999999999921e-13
2.176781000000000012e-13
2.804562999999999830e-13
2.259689999999999987e-13
3.125633999999999766e-13
3.345641999999999912e-13
3.691912000000000011e-13
3.581365999999999827e-13
3.011566000000000074e-13
2.798060000000000095e-13
2.205501000000000116e-13
1.659816000000000053e-13
2.271069999999999884e-13
6.739513000000000143e-13
3.441828000000000044e-13
2.610024000000000209e-13
1.768735999999999906e-13
2.684262999999999828e-13
2.499748999999999954e-13
3.029177000000000210e-13
2.210648999999999954e-13
2.225279999999999935e-13
2.215254999999999935e-13
1.978176999999999943e-13
2.860648999999999961e-13
1.797185999999999901e-13
2.768798000000000134e-13
2.921883000000000183e-13
2.989348000000000138e-13
2.440412000000000244e-13
2.228532000000000091e-13
1.342538000000000060e-13
2.212004000000000103e-13
2.564505000000000188e-13
3.725780000000000205e-13
1.712920999999999957e-13
1.645456000000000002e-13
2.058378000000000017e-13
1.882804000000000103e-13
4.018401999999999966e-13
1.478010999999999901e-13
2.460462000000000245e-13
4.312106999999999874e-13
2.744412999999999829e-13
3.503604000000000123e-13
1.657919000000000046e-13
2.700248999999999958e-13
4.653227999999999810e-13
1.606981000000000006e-13
3.737971999999999817e-13
1.826176999999999934e-13
1.713191999999999886e-13
4.399622999999999902e-13
2.920528000000000034e-13
2.142641999999999889e-13
3.758293000000000251e-13
4.062836999999999766e-13
1.808294000000000049e-13
1.921550000000000026e-13
1.976823000000000118e-13
1.497789999999999972e-13
3.089327000000000211e-13
2.524947000000000045e-13
2.746852000000000199e-13
1.483972000000000030e-13
2.019360999999999911e-13
9.773025999999999468e-14
2.186535000000000083e-13
2.556646999999999799e-13
1.271550000000000019e-13
4.038993999999999824e-13
2.414400999999999862e-13
1.476385000000000075e-13
1.864922000000000038e-13
2.855771999999999799e-13
1.397269000000000041e-13
3.275196000000000234e-13
3.255417000000000163e-13
1.688807000000000086e-13
2.368610999999999913e-13
2.902104000000000111e-13
3.170881999999999857e-13
2.906167999999999982e-13
1.976823000000000118e-13
2.632241000000000073e-13
3.844454000000000130e-13
3.887263999999999924e-13
2.355334000000000009e-13
2.627905999999999768e-13
1.475301999999999927e-13
1.206251999999999927e-13
1.772529000000000100e-13
6.090868000000000033e-14
1.112233999999999984e-13
2.541473999999999961e-13
4.344079000000000134e-13
1.389954000000000087e-13
2.608669000000000060e-13
2.086285000000000081e-13
2.271341000000000065e-13
2.317401999999999944e-13
1.330886999999999981e-13
2.080053000000000023e-13
3.628238999999999925e-13
3.822779000000000124e-13
2.785597000000000050e-13
2.436618000000000230e-13
2.184097000000000039e-13
2.376468000000000229e-13
2.186263999999999902e-13
2.465609999999999831e-13
2.586722000000000052e-13
2.826780999999999767e-13
1.681220999999999951e-13
2.821362000000000252e-13
1.485867999999999965e-13
2.155647000000000044e-13
3.833887000000000019e-13
1.140954000000000088e-13
1.936451999999999936e-13
3.795142000000000168e-13
2.385951000000000119e-13
2.634679999999999937e-13
1.515130999999999999e-13
3.489785999999999929e-13
2.332303999999999853e-13
1.259898999999999941e-13
1.247435999999999896e-13
2.185179999999999934e-13
9.724256000000000373e-14
4.242744999999999912e-13
2.906709999999999839e-13
1.825363999999999895e-13
1.721861999999999989e-13
1.866006000000000006e-13
3.674299999999999803e-13
2.113108999999999998e-13
3.190119000000000071e-13
2.565317999999999975e-13
3.211524000000000221e-13
1.467444000000000043e-13
1.895538999999999896e-13
2.731136999999999998e-13
1.201375000000000018e-13
1.692600000000000028e-13
3.134304999999999941e-13
2.206313999999999902e-13
1.784992999999999965e-13
1.677156000000000008e-13
1.548457000000000083e-13
1.679866000000000054e-13
3.017526999999999952e-13
2.373217000000000146e-13
2.864983999999999760e-13
2.184909000000000005e-13
1.436285000000000074e-13
1.339557999999999905e-13
2.745497000000000050e-13
2.800769999999999889e-13
2.174072000000000038e-13
3.190119000000000071e-13
1.723216999999999886e-13
3.244851000000000125e-13
2.288681999999999840e-13
2.102270999999999959e-13
1.862754000000000102e-13
1.767381000000000010e-13
2.878260000000000097e-13
2.809169000000000063e-13
1.966526999999999937e-13
2.132345999999999959e-13
1.383451000000000100e-13
1.735138999999999893e-13
2.558272999999999877e-13
2.950060999999999924e-13
2.178948999999999948e-13
2.322008000000000177e-13
1.742182999999999918e-13
2.974174999999999795e-13
3.426926000000000134e-13
2.087098000000000120e-13
3.364608999999999765e-13
3.401728000000000043e-13
2.360753000000000028e-13
1.661982999999999917e-13
1.738660999999999906e-13
2.735743000000000231e-13
1.242829999999999916e-13
3.158418999999999812e-13
2.247498000000000124e-13
2.056481000000000010e-13
2.353438000000000074e-13
3.228864999999999995e-13
2.069757000000000094e-13
1.353917999999999957e-13
4.743994999999999921e-13
1.478823999999999940e-13
3.426926000000000134e-13
1.137432000000000075e-13
1.954604999999999930e-13
2.041307999999999919e-13
9.694451999999999544e-14
2.758501999999999952e-13
2.280823999999999955e-13
3.637179999999999957e-13
2.066776999999999939e-13
1.056689999999999964e-13
1.993620999999999962e-13
1.742454000000000100e-13
2.052145999999999958e-13
2.254001000000000111e-13
3.217485000000000098e-13
2.674238000000000080e-13
1.888494000000000051e-13
5.233595000000000178e-13
2.672070000000000144e-13
2.366442999999999977e-13
1.969778000000000020e-13
4.061211000000000193e-13
4.200476999999999975e-13
2.267006000000000014e-13
2.196560000000000083e-13
2.411149000000000210e-13
1.478282000000000082e-13
1.539245000000000122e-13
1.585848000000000111e-13
9.946430999999999374e-14
2.380803000000000029e-13
2.902916999999999898e-13
3.081469999999999894e-13
2.057835999999999906e-13
1.939703000000000020e-13
2.350727999999999776e-13
1.760607999999999913e-13
2.747663999999999913e-13
2.717860000000000094e-13
2.289495000000000131e-13
1.163442999999999953e-13
2.673153999999999860e-13
2.697810000000000093e-13
1.421382999999999912e-13
3.212607999999999936e-13
2.671528999999999854e-13
2.219048999999999949e-13
8.131093000000000561e-14
6.930801000000000186e-14
8.439971000000000055e-14
2.230157000000000097e-13
2.954938000000000086e-13
3.053021000000000224e-13
2.223926000000000110e-13
2.112566999999999888e-13
3.190660999999999929e-13
2.053229999999999926e-13
2.716235000000000088e-13
2.539848999999999955e-13
2.296268000000000228e-13
2.368610999999999913e-13
2.896956000000000020e-13
2.736014000000000160e-13
2.478886000000000167e-13
1.331157999999999910e-13
3.589494000000000073e-13
1.715360000000000074e-13
2.638743999999999808e-13
1.417048000000000113e-13
1.275885000000000071e-13
1.309482999999999904e-13
1.751938000000000062e-13
2.712441000000000074e-13
2.622215999999999820e-13
2.889098000000000136e-13
3.774549999999999805e-13
3.498185000000000103e-13
2.619236000000000170e-13
1.772800000000000029e-13
3.837139000000000176e-13
1.874947000000000038e-13
2.176781000000000012e-13
2.770152999999999778e-13
2.118528000000000018e-13
2.069214999999999983e-13
1.105189000000000013e-13
3.614692000000000164e-13
2.733303999999999861e-13
5.997933999999999553e-13
2.465338999999999902e-13
2.349102999999999770e-13
1.642204000000000098e-13
2.578865000000000240e-13
1.558482000000000084e-13
1.653313000000000066e-13
2.618693999999999807e-13
3.583804000000000125e-13
2.088453000000000017e-13
2.683991999999999899e-13
1.696394000000000042e-13
1.117111000000000020e-13
1.945392999999999968e-13
3.474884000000000019e-13
1.601291000000000058e-13
2.221757999999999922e-13
1.571757999999999915e-13
1.271550000000000019e-13
1.533013000000000064e-13
1.954334000000000001e-13
2.159169000000000056e-13
1.864379999999999928e-13
1.386160000000000073e-13
2.016110000000000080e-13
2.702958000000000184e-13
1.349311999999999976e-13
3.389806999999999856e-13
1.374510000000000067e-13
1.948101999999999942e-13
1.705606000000000003e-13
3.847977000000000215e-13
1.884429999999999928e-13
1.682575000000000027e-13
3.226697000000000059e-13
4.345975000000000068e-13
2.397601999999999945e-13
2.304937999999999826e-13
1.723758999999999996e-13
2.351811999999999996e-13
3.016714000000000165e-13
2.511127999999999779e-13
2.396789000000000159e-13
1.230366000000000051e-13
3.119132000000000103e-13
2.267276999999999943e-13
3.726592999999999992e-13
1.344976000000000105e-13
2.374843000000000224e-13
1.931845999999999956e-13
1.942954999999999924e-13
2.288410999999999911e-13
1.613754999999999923e-13
1.296476999999999929e-13
1.958669000000000052e-13
1.667673000000000118e-13
3.248644000000000066e-13
1.645998000000000112e-13
2.568027000000000201e-13
3.048955999999999777e-13
1.984409000000000001e-13
1.559836999999999980e-13
1.791225000000000024e-13
2.782345999999999967e-13
2.025592999999999970e-13
2.574800999999999865e-13
2.099019000000000055e-13
1.601561999999999987e-13
2.266192999999999975e-13
2.983116999999999899e-13
2.594579999999999936e-13
1.804229999999999927e-13
2.011504000000000099e-13
1.214922000000000031e-13
2.933532999999999936e-13
1.949998999999999949e-13
2.840598999999999961e-13
1.458773999999999939e-13
1.784992999999999965e-13
1.395642999999999963e-13
3.591931999999999865e-13
1.909357000000000090e-13
8.374943999999999640e-14
2.998018999999999809e-13
9.149849999999999377e-14
2.476175999999999869e-13
2.385408999999999757e-13
2.078157000000000088e-13
1.373426000000000099e-13
1.493454999999999920e-13
1.849478000000000018e-13
3.654792000000000165e-13
2.088723999999999946e-13
1.660086999999999982e-13
3.236179999999999949e-13
2.532532999999999928e-13
2.851978999999999858e-13
1.300270000000000123e-13
2.553396000000000220e-13
1.867631000000000012e-13
1.691786999999999989e-13
3.009398000000000139e-13
1.408648999999999938e-13
3.869110000000000111e-14
1.005480999999999995e-13
1.343622000000000028e-13
4.825549999999999694e-14
5.841597999999999672e-14
5.754895000000000441e-14
3.415275999999999876e-13
3.006688999999999912e-13
1.237953000000000006e-13
2.524676000000000116e-13
2.128553000000000018e-13
2.242350000000000033e-13
2.245059000000000006e-13
1.902854000000000103e-13
1.837014999999999973e-13
1.415422000000000035e-13
2.099019000000000055e-13
1.535451999999999928e-13
1.107356999999999948e-13
2.416296999999999796e-13
3.154084000000000013e-13
3.691099000000000224e-13
2.045101000000000113e-13
2.553396000000000220e-13
1.777948000000000120e-13
1.788514999999999978e-13
2.264297000000000040e-13
1.868444000000000051e-13
1.108981999999999954e-13
1.806126999999999934e-13
1.666860000000000079e-13
1.692600000000000028e-13
2.356146999999999795e-13
2.647413999999999911e-13
2.052688000000000068e-13
2.526301000000000122e-13
2.124216999999999894e-13
2.051875000000000029e-13
9.044181000000000618e-14
1.861129000000000096e-13
1.551707999999999915e-13
1.942413000000000066e-13
1.444685000000000069e-13
2.027219000000000048e-13
5.993328000000000582e-14
6.583990000000000554e-14
2.668548000000000132e-13
3.782679000000000123e-13
1.912608999999999994e-13
3.321528000000000041e-13
1.983595999999999962e-13
3.760461000000000187e-13
1.437639999999999971e-13
1.686638999999999898e-13
1.675260000000000073e-13
1.074300999999999973e-13
1.345788999999999891e-13
1.136889999999999965e-13
1.799894999999999875e-13
1.664151000000000105e-13
2.397872999999999874e-13
2.200353000000000025e-13
2.620862000000000248e-13
7.150267999999999538e-14
3.111002999999999785e-13
1.875217999999999967e-13
2.138578000000000018e-13
1.330345000000000124e-13
1.795560000000000076e-13
1.604001000000000104e-13
3.034053999999999867e-13
3.092578999999999863e-13
2.718131000000000023e-13
1.440348999999999945e-13
4.319693999999999829e-13
2.747663999999999913e-13
2.640640999999999815e-13
1.795288999999999894e-13
2.343412999999999821e-13
1.203272000000000025e-13
2.792641000000000076e-13
1.699645000000000125e-13
1.609961999999999981e-13
1.856251999999999935e-13
2.511941000000000070e-13
1.508628000000000011e-13
2.938410000000000098e-13
3.478135000000000103e-13
1.508628000000000011e-13
8.949349999999999373e-14
2.208753000000000020e-13
3.568630999999999781e-13
2.210648999999999954e-13
1.207335999999999895e-13
1.410545000000000125e-13
2.858751999999999954e-13
1.692870999999999957e-13
1.745706000000000003e-13
3.121298999999999966e-13
3.311774000000000223e-13
1.773613000000000068e-13
2.126656000000000011e-13
2.751186999999999998e-13
1.140682999999999907e-13
2.366984999999999834e-13
2.600269999999999885e-13
2.229614999999999987e-13
2.179219999999999877e-13
1.358523999999999937e-13
1.893100000000000032e-13
3.356750999999999880e-13
1.181595999999999946e-13
3.549123000000000143e-13
2.957918999999999808e-13
2.334200999999999860e-13
1.929948999999999949e-13
2.639557000000000099e-13
1.576092999999999967e-13
1.861941999999999883e-13
1.426260000000000074e-13
2.448269000000000056e-13
2.670716000000000068e-13
2.199810999999999915e-13
1.608878000000000013e-13
1.853541999999999889e-13
1.789328000000000017e-13
3.020507000000000107e-13
1.993350000000000034e-13
3.181448999999999968e-13
1.693141999999999885e-13
5.676320999999999886e-14
2.208210999999999909e-13
1.395101000000000106e-13
1.839182000000000089e-13
2.101186999999999991e-13
1.250957999999999909e-13
1.085139000000000012e-13
2.317943999999999801e-13
1.988203000000000015e-13
2.154834000000000005e-13
1.501311999999999985e-13
2.329324000000000203e-13
1.311379000000000091e-13
9.480404000000000212e-14
1.477739999999999972e-13
1.677969000000000047e-13
2.146706000000000011e-13
1.517569000000000044e-13
8.049809000000000087e-14
1.434117999999999958e-13
1.297560999999999897e-13
1.486951999999999933e-13
2.520340999999999812e-13
2.433096000000000218e-13
3.769673000000000148e-13
3.232928999999999865e-13
1.048831999999999953e-13
1.715360000000000074e-13
2.302229000000000105e-13
1.741370999999999952e-13
1.617006000000000007e-13
2.376468000000000229e-13
2.312253999999999853e-13
1.526238999999999895e-13
1.529761999999999980e-13
2.732762000000000003e-13
2.222300000000000032e-13
1.564985000000000071e-13
1.654667999999999963e-13
1.250957999999999909e-13
9.713418000000000334e-14
3.561857000000000117e-13
1.645726999999999930e-13
1.929407000000000091e-13
1.750041000000000055e-13
1.359607999999999905e-13
2.026406000000000009e-13
1.523258999999999992e-13
7.713836000000000494e-14
2.028032000000000087e-13
1.613483999999999994e-13
2.686159999999999835e-13
2.266192999999999975e-13
1.547101999999999934e-13
1.500229000000000089e-13
2.540662000000000246e-13
9.304288999999999756e-14
1.336848000000000111e-13
1.745976999999999932e-13
3.019151999999999957e-13
1.942683999999999995e-13
2.266735000000000085e-13
1.672820999999999956e-13
1.880636999999999987e-13
1.575010000000000071e-13
2.248039999999999981e-13
1.058856999999999953e-13
3.388452000000000211e-13
2.274593000000000222e-13
1.812357999999999920e-13
1.637598000000000117e-13
1.667131000000000008e-13
1.987660999999999905e-13
2.051875000000000029e-13
1.164526000000000101e-13
1.526510000000000076e-13
3.525008999999999768e-13
2.160794999999999882e-13
1.434388999999999887e-13
1.313276000000000098e-13
1.055064000000000012e-13
2.029385999999999912e-13
1.226573000000000109e-13
1.767381000000000010e-13
1.863295999999999960e-13
2.384326000000000114e-13
2.020716000000000061e-13
2.187619000000000051e-13
2.300061000000000169e-13
1.560107999999999909e-13
1.869528000000000019e-13
2.487284999999999837e-13
1.151520999999999946e-13
1.866276999999999935e-13
1.707231000000000008e-13
2.241536999999999994e-13
1.123883999999999990e-13
1.668757000000000086e-13
1.167507000000000076e-13
2.356418000000000229e-13
1.563901000000000103e-13
3.412295000000000153e-13
5.765733000000000480e-14
1.023092000000000004e-13
1.401875000000000022e-13
1.076739999999999964e-13
1.832679000000000102e-13
2.563691999999999897e-13
1.930219999999999877e-13
2.539036000000000168e-13
1.403772000000000029e-13
1.612941999999999884e-13
3.311231999999999860e-13
1.387785999999999899e-13
1.590454000000000091e-13
8.583573000000000214e-14
5.795537000000000047e-14
2.168653000000000019e-13
1.527051999999999934e-13
1.902041999999999884e-13
1.277510999999999897e-13
1.184304999999999920e-13
1.506460000000000076e-13
1.984951000000000111e-13
2.600812000000000248e-13
2.463983999999999753e-13
2.433909000000000004e-13
1.371529000000000092e-13
1.610232999999999910e-13
2.103626000000000108e-13
2.111482999999999920e-13
1.188098999999999934e-13
2.147519000000000050e-13
2.526030999999999761e-13
2.725717999999999978e-13
1.909085999999999909e-13
1.699373999999999944e-13
1.756273000000000114e-13
1.381825000000000022e-13
2.685617999999999977e-13
2.756876999999999947e-13
1.091370999999999945e-13
1.260170000000000122e-13
2.360212000000000243e-13
9.428924000000000567e-14
2.971466000000000074e-13
2.022341999999999886e-13
1.256648000000000110e-13
1.456335000000000075e-13
1.193788999999999882e-13
2.389745000000000133e-13
2.415485000000000082e-13
1.808835999999999907e-13
1.661170999999999950e-13
1.497519000000000043e-13
1.593704999999999922e-13
2.285972000000000046e-13
2.770966000000000070e-13
2.099289999999999984e-13
1.364755999999999996e-13
2.592412000000000001e-13
9.773025999999999468e-14
1.926156000000000007e-13
1.246351999999999928e-13
1.150979000000000088e-13
1.053980000000000044e-13
8.334302000000000034e-14
1.811004000000000095e-13
3.196079999999999948e-13
2.531177999999999779e-13
2.115276000000000114e-13
2.503000000000000038e-13
2.055938999999999899e-13
1.600479000000000091e-13
2.549874000000000208e-13
2.377281000000000016e-13
2.313067000000000144e-13
1.727281000000000009e-13
1.325197000000000033e-13
1.323029999999999917e-13
1.902583999999999994e-13
1.988203000000000015e-13
4.959397000000000340e-13
1.754647000000000036e-13
1.223863999999999883e-13
2.020716000000000061e-13
1.672550000000000027e-13
2.272966999999999891e-13
1.383179999999999918e-13
2.005813999999999898e-13
3.793245000000000161e-13
4.289077000000000097e-14
2.004188000000000073e-13
6.657146000000000278e-14
1.567694000000000045e-13
1.634617999999999962e-13
9.350349999999999381e-14
8.748849999999999369e-14
1.196769000000000037e-13
9.372025999999999460e-14
1.338473999999999937e-13
1.646810000000000078e-13
2.877718999999999807e-13
2.950602999999999782e-13
1.223592999999999954e-13
1.649248999999999943e-13
1.285097000000000032e-13
2.822716999999999896e-13
1.217089999999999967e-13
1.192433999999999986e-13
2.081136999999999991e-13
1.500500000000000018e-13
1.460398999999999945e-13
2.397601999999999945e-13
1.685556000000000002e-13
2.589702999999999775e-13
1.925613999999999897e-13
1.645185000000000073e-13
1.868173000000000122e-13
1.387785999999999899e-13
2.361294999999999886e-13
1.681761999999999988e-13
2.002020999999999957e-13
2.071925000000000029e-13
1.474217999999999959e-13
1.071050000000000015e-13
1.247707000000000077e-13
1.668214999999999976e-13
2.322550000000000034e-13
1.075655999999999996e-13
1.923175000000000032e-13
1.300541000000000052e-13
1.701000000000000022e-13
1.859232000000000089e-13
1.456063999999999893e-13
1.534638999999999889e-13
1.661441999999999879e-13
1.602645999999999955e-13
2.391641000000000068e-13
2.535514000000000156e-13
2.317131000000000015e-13
1.026344000000000034e-13
1.164526000000000101e-13
2.166485000000000083e-13
1.714547000000000035e-13
2.627363999999999911e-13
2.714067000000000152e-13
1.164526000000000101e-13
7.843890000000000063e-14
1.331157999999999910e-13
3.878322999999999892e-13
2.222029000000000104e-13
1.661711999999999988e-13
2.133701000000000109e-13
1.502666999999999882e-13
1.370986999999999982e-13
2.088453000000000017e-13
1.682032999999999917e-13
1.496435000000000075e-13
1.146373000000000108e-13
1.576363999999999896e-13
1.635431000000000001e-13
2.100916000000000062e-13
2.235034000000000006e-13
2.077073000000000120e-13
1.651686999999999988e-13
9.282612999999999677e-14
1.612670999999999955e-13
1.385076000000000105e-13
1.958398000000000124e-13
2.109585999999999913e-13
2.691849999999999784e-13
1.508357000000000083e-13
4.847225999999999772e-14
6.830551000000000184e-14
4.232177999999999801e-14
6.586699999999999843e-14
6.378071000000000531e-14
4.841806999999999752e-14
1.713191999999999886e-13
1.306773000000000111e-13
2.615985000000000086e-13
2.412774999999999784e-13
2.446913999999999907e-13
1.260982999999999909e-13
1.821029000000000096e-13
9.472275999999999462e-14
2.263754999999999930e-13
9.699869999999999744e-14
1.694767999999999963e-13
1.877114999999999974e-13
2.305480000000000189e-13
1.258545000000000117e-13
1.344163999999999885e-13
1.629470000000000124e-13
1.541411999999999986e-13
1.447394000000000042e-13
1.588828000000000013e-13
1.660357999999999911e-13
8.323463999999999994e-14
1.516485000000000076e-13
1.663338000000000066e-13
2.323362999999999821e-13
2.182470999999999960e-13
1.925342999999999968e-13
1.856523000000000116e-13
1.600479000000000091e-13
1.958398000000000124e-13
8.654018999999999387e-14
2.174884000000000005e-13
2.680469999999999887e-13
1.625406000000000001e-13
3.035950999999999874e-13
1.122800999999999968e-13
2.316046999999999794e-13
1.347144000000000040e-13
1.741641999999999881e-13
1.939160999999999910e-13
1.592891999999999883e-13
1.221695999999999947e-13
1.124967999999999958e-13
1.636244000000000040e-13
1.514047000000000031e-13
1.987389999999999976e-13
1.291329000000000091e-13
2.404105000000000185e-13
2.109585999999999913e-13
2.355334000000000009e-13
1.588828000000000013e-13
1.174551000000000101e-13
1.522716999999999882e-13
3.041640999999999823e-13
1.625135000000000072e-13
1.345247000000000033e-13
1.424092999999999958e-13
2.105251000000000114e-13
1.395913999999999892e-13
9.932883999999999866e-14
2.620048999999999956e-13
1.879010999999999909e-13
1.606981000000000006e-13
1.135264000000000013e-13
1.184847000000000030e-13
9.014376999999999789e-14
1.948373000000000123e-13
1.079178000000000009e-13
2.356418000000000229e-13
2.430386999999999992e-13
1.304063999999999885e-13
1.266401999999999929e-13
2.016923000000000119e-13
1.192976000000000096e-13
1.216005999999999999e-13
1.498603000000000011e-13
1.598853000000000013e-13
1.536263999999999895e-13
8.150059000000000089e-14
2.397060000000000087e-13
1.562816999999999883e-13
1.084325999999999973e-13
1.301082999999999910e-13
1.300541000000000052e-13
9.526464999999999838e-14
9.827214999999999844e-14
1.008189999999999968e-13
1.586388999999999896e-13
3.842015999999999833e-14
8.355978000000000112e-14
6.919963000000000147e-14
1.758982000000000087e-13
4.794932999999999961e-13
9.621295999999999820e-14
1.483972000000000030e-13
1.104647000000000029e-13
8.892450999999999708e-14
1.791225000000000024e-13
1.514588999999999889e-13
1.910711999999999987e-13
1.297019000000000039e-13
2.242350000000000033e-13
1.398895000000000119e-13
1.203001000000000096e-13
7.735510999999999491e-14
1.412441999999999880e-13
2.110398999999999952e-13
1.586388999999999896e-13
2.168653000000000019e-13
1.200832999999999908e-13
2.465880000000000192e-13
1.601561999999999987e-13
1.414610000000000068e-13
1.666588999999999897e-13
2.157001999999999940e-13
3.015088000000000087e-13
1.193788999999999882e-13
1.611586999999999987e-13
1.545206000000000000e-13
2.301958000000000176e-13
1.431136999999999983e-13
1.004667999999999956e-13
1.664692999999999963e-13
2.066776999999999939e-13
1.850561999999999986e-13
1.134722000000000029e-13
1.841079000000000096e-13
1.795831000000000004e-13
1.910441000000000058e-13
1.778760999999999907e-13
1.936451999999999936e-13
1.663608999999999995e-13
7.610875999999999941e-14
3.850143999999999952e-14
5.616713000000000121e-14
4.736137999999999731e-14
4.879739000000000070e-14
7.215294999999999953e-14
6.272402000000000509e-14
1.094080000000000045e-13
1.581782999999999915e-13
1.447935999999999900e-13
1.317610999999999897e-13
9.629424000000000571e-14
1.270195000000000123e-13
2.433096000000000218e-13
8.112125999999999951e-14
1.570945999999999948e-13
8.719045999999999803e-14
2.030741000000000061e-13
8.085031999999999673e-14
2.228532000000000091e-13
1.048019999999999986e-13
1.879282000000000090e-13
1.623238000000000065e-13
1.457960999999999900e-13
2.670716000000000068e-13
1.379386999999999977e-13
2.253459000000000001e-13
2.624926000000000118e-13
2.553124999999999786e-13
1.066986000000000019e-13
2.274050999999999859e-13
1.118466000000000043e-13
1.592891999999999883e-13
1.021738000000000053e-13
1.089473999999999938e-13
1.157753000000000005e-13
1.328448999999999937e-13
1.508898999999999940e-13
1.947832000000000086e-13
1.712379000000000099e-13
1.568235999999999902e-13
1.309753000000000013e-13
1.454167999999999959e-13
1.280220000000000123e-13
1.589911999999999981e-13
2.025592999999999970e-13
6.741139000000000221e-14
1.166151999999999927e-13
2.608669000000000060e-13
1.042330000000000038e-13
2.557731000000000019e-13
1.039078000000000008e-13
2.427405999999999764e-13
9.737802999999999881e-14
7.342639000000000233e-14
1.978176999999999943e-13
1.279407000000000084e-13
6.136928999999999659e-14
1.639223999999999943e-13
1.535723000000000110e-13
1.816151999999999934e-13
2.020444999999999879e-13
1.564985000000000071e-13
8.935802000000000045e-14
1.108441000000000043e-13
1.541954000000000096e-13
1.641120999999999950e-13
9.171525999999999456e-14
1.889848999999999948e-13
1.527864999999999973e-13
1.769548999999999945e-13
1.204083999999999992e-13
1.289703000000000013e-13
8.884323000000000220e-14
1.583679999999999922e-13
1.533554999999999921e-13
1.052897000000000022e-13
1.291329000000000091e-13
1.166694000000000037e-13
2.183013000000000071e-13
1.574467999999999961e-13
1.784451000000000107e-13
1.233347000000000026e-13
2.501103000000000031e-13
1.119548999999999938e-13
1.404313999999999887e-13
1.663338000000000066e-13
1.056419000000000035e-13
1.606710000000000078e-13
1.056961000000000019e-13
1.416235000000000074e-13
1.708044000000000047e-13
1.673091999999999885e-13
2.208753000000000020e-13
1.566881000000000006e-13
1.323572000000000027e-13
1.352833999999999989e-13
1.608878000000000013e-13
1.635431000000000001e-13
1.085680999999999996e-13
8.174443999999999636e-14
1.955960000000000079e-13
1.702625000000000028e-13
1.341182999999999911e-13
9.493950999999999720e-14
1.138516000000000043e-13
1.916673000000000117e-13
8.716336000000000514e-14
1.431136999999999983e-13
1.328178000000000008e-13
2.387305999999999764e-13
1.553063000000000064e-13
1.056147999999999980e-13
1.192433999999999986e-13
8.675693999999999646e-14
6.288659000000000568e-14
1.458773999999999939e-13
1.473676000000000101e-13
2.210919999999999883e-13
1.244185000000000065e-13
1.290245000000000123e-13
1.611857999999999916e-13
1.654667999999999963e-13
1.165880999999999998e-13
1.119819999999999993e-13
2.272425000000000033e-13
1.897976999999999941e-13
1.376135000000000073e-13
1.473676000000000101e-13
1.818860999999999907e-13
9.716126999999999803e-14
1.524342999999999960e-13
1.456335000000000075e-13
2.400040999999999810e-13
1.738119000000000048e-13
9.027924000000000559e-14
1.207335999999999895e-13
1.376676999999999931e-13
8.957478000000000124e-14
1.217089999999999967e-13
2.510316000000000064e-13
1.019841000000000047e-13
1.715088999999999893e-13
1.462566999999999881e-13
1.438453000000000010e-13
1.382095999999999950e-13
8.570024999999999624e-14
1.625135000000000072e-13
1.135805999999999997e-13
6.386199999999999839e-14
1.487494000000000043e-13
1.540057999999999909e-13
1.202458999999999986e-13
2.122591999999999888e-13
3.034324999999999796e-13
1.887951999999999941e-13
1.331970999999999949e-13
1.019569999999999991e-13
1.237139999999999967e-13
1.228470000000000116e-13
2.010691000000000060e-13
1.907189999999999975e-13
8.022713999999999988e-14
1.013880000000000043e-13
2.164316999999999895e-13
1.232804999999999915e-13
9.152559000000000108e-14
1.116297999999999981e-13
1.536806000000000005e-13
9.602330000000000293e-14
1.300270000000000123e-13
1.356356000000000002e-13
1.398623999999999938e-13
2.011775000000000028e-13
2.083033999999999998e-13
2.881511999999999748e-13
1.040703999999999960e-13
1.821570999999999953e-13
1.585035000000000071e-13
1.787160000000000081e-13
1.017674000000000057e-13
1.163172000000000024e-13
2.050791000000000061e-13
8.941221000000000065e-14
1.467714999999999972e-13
9.686323000000000236e-14
1.214108999999999992e-13
1.341454000000000092e-13
1.436556000000000003e-13
1.522716999999999882e-13
2.657710000000000093e-13
1.680136999999999983e-13
1.095164000000000012e-13
2.801583000000000180e-13
1.268570000000000117e-13
1.400791000000000054e-13
1.014422000000000027e-13
1.000061999999999975e-13
1.062650999999999967e-13
1.166694000000000037e-13
1.511336999999999985e-13
1.716714999999999971e-13
1.288348999999999936e-13
1.611045999999999949e-13
1.688535999999999905e-13
7.518753999999999428e-14
1.754647000000000036e-13
2.558272999999999877e-13
1.509982999999999908e-13
1.011713000000000053e-13
1.200561999999999979e-13
1.269111999999999975e-13
1.334680999999999995e-13
2.707292999999999983e-13
2.302770999999999963e-13
1.167507000000000076e-13
1.340641000000000053e-13
1.890119999999999877e-13
1.798539999999999978e-13
1.671736999999999988e-13
1.388870000000000119e-13
1.224133999999999992e-13
1.360420000000000124e-13
1.221154000000000089e-13
1.717798000000000119e-13
8.112125999999999951e-14
6.280530999999999818e-14
1.986306000000000008e-13
9.474985000000000193e-14
1.013880000000000043e-13
2.044829999999999931e-13
1.602645999999999955e-13
1.243642999999999955e-13
1.533826000000000103e-13
1.108711000000000025e-13
1.736764999999999971e-13
1.539245000000000122e-13
1.618089999999999975e-13
1.385347000000000034e-13
9.458728000000000134e-14
1.303522000000000027e-13
1.108441000000000043e-13
9.152559000000000108e-14
7.047308000000000247e-14
8.028133000000000008e-14
1.093538000000000061e-13
1.045039000000000011e-13
1.281575000000000020e-13
1.497789999999999972e-13
1.604001000000000104e-13
2.077073000000000120e-13
9.670066000000000177e-14
1.537348000000000115e-13
1.438723999999999939e-13
1.404855999999999997e-13
1.395913999999999892e-13
2.134241999999999894e-13
1.284285000000000066e-13
1.828073000000000121e-13
9.231133999999999852e-14
9.477694999999999481e-14
1.328448999999999937e-13
7.079822000000000365e-14
2.619778000000000028e-13
1.209773999999999940e-13
1.419757999999999906e-13
1.324926000000000104e-13
1.527051999999999934e-13
1.270466000000000051e-13
8.859937999999999411e-14
1.140682999999999907e-13
1.235513999999999889e-13
1.815067999999999966e-13
5.792828000000000578e-14
1.305960000000000072e-13
2.436346999999999797e-13
8.892450999999999708e-14
2.908334999999999845e-13
1.386973000000000112e-13
1.789057000000000088e-13
6.795328000000000598e-14
9.507499000000000310e-14
1.043955000000000044e-13
1.657106000000000007e-13
1.085680999999999996e-13
9.618587000000000352e-14
1.195955999999999998e-13
1.508357000000000083e-13
1.140682999999999907e-13
1.000061999999999975e-13
2.376196999999999796e-13
1.414880999999999997e-13
1.441432999999999913e-13
9.735093000000000593e-14
2.155104999999999933e-13
9.030633999999999848e-14
1.573113000000000064e-13
1.109794999999999993e-13
2.190328000000000025e-13
1.938076999999999942e-13
2.977697999999999880e-13
8.355978000000000112e-14
2.005813999999999898e-13
9.550849999999999385e-14
8.158186999999999577e-14
1.552791999999999883e-13
1.653041999999999885e-13
1.372613000000000060e-13
4.064191999999999915e-14
1.068069999999999987e-13
8.881612999999999669e-14
1.220882999999999908e-13
8.426424000000000547e-14
1.631907999999999916e-13
1.698019000000000047e-13
9.938302999999999885e-14
1.116839999999999965e-13
1.890932999999999916e-13
1.559566000000000051e-13
1.229823999999999940e-13
1.110878999999999961e-13
1.086764999999999964e-13
1.311107999999999910e-13
9.624006000000000371e-14
2.906438999999999910e-13
1.440348999999999945e-13
1.842163000000000064e-13
1.132283999999999985e-13
9.540012000000000608e-14
1.710211999999999983e-13
9.098369999999999732e-14
1.978719000000000053e-13
8.607957999999999761e-14
1.241204000000000090e-13
1.955147000000000040e-13
2.830845000000000142e-13
1.071863000000000054e-13
1.135534999999999942e-13
1.489661999999999979e-13
2.117173000000000121e-13
1.251229000000000090e-13
1.085139000000000012e-13
1.206794000000000038e-13
1.250957999999999909e-13
1.347414999999999969e-13
1.297832000000000078e-13
7.946848999999999534e-14
2.076801999999999939e-13
1.679866000000000054e-13
8.954768999999999393e-14
1.465276999999999927e-13
2.070298999999999951e-13
1.146101999999999926e-13
1.397539999999999970e-13
1.014422000000000027e-13
2.923779000000000117e-13
1.505917999999999965e-13
2.105792999999999972e-13
1.609420000000000124e-13
2.190869999999999883e-13
1.138516000000000043e-13
9.710707999999999783e-14
1.242016999999999876e-13
6.375361999999999800e-14
8.756978000000000120e-14
1.234429999999999921e-13
2.297351999999999943e-13
7.199037999999999894e-14
2.029114999999999983e-13
1.066172999999999980e-13
1.741641999999999881e-13
1.497519000000000043e-13
1.175905999999999998e-13
1.042058999999999983e-13
1.708857000000000086e-13
1.631636999999999987e-13
1.464463999999999888e-13
8.456228000000000114e-14
1.771445999999999952e-13
1.160191000000000049e-13
1.670654000000000093e-13
1.896894000000000045e-13
1.290245000000000123e-13
2.111211999999999991e-13
1.693683999999999996e-13
1.271007999999999909e-13
6.061064000000000466e-14
1.308398999999999936e-13
8.914126999999999787e-14
7.735510999999999491e-14
1.360691000000000053e-13
5.901206000000000068e-14
1.111692000000000000e-13
1.090828999999999961e-13
1.263151000000000097e-13
2.453146000000000218e-13
8.383072000000000390e-14
1.159107000000000081e-13
2.212004000000000103e-13
1.552520999999999954e-13
2.404376000000000114e-13
8.740721000000000061e-14
1.578532000000000084e-13
1.238766000000000045e-13
2.028032000000000087e-13
1.520819999999999875e-13
6.613794000000000121e-14
1.856523000000000116e-13
1.279948999999999941e-13
7.786991000000000398e-14
1.388598999999999938e-13
1.087849000000000058e-13
6.424132000000000157e-14
1.198936999999999973e-13
1.120091000000000048e-13
1.132825999999999968e-13
1.038264999999999969e-13
1.113047000000000023e-13
1.146644000000000036e-13
1.569861999999999981e-13
1.158295000000000115e-13
1.250145000000000122e-13
9.867856999999999450e-14
7.174653000000000347e-14
3.221548999999999842e-14
6.074611999999999794e-14
1.549541000000000051e-13
1.604542999999999962e-13
1.242829999999999916e-13
8.702788999999999744e-14
1.633804999999999923e-13
8.640471000000000059e-14
1.316798000000000111e-13
1.045580999999999995e-13
1.493726000000000102e-13
1.459316000000000049e-13
1.268570000000000117e-13
3.066026000000000127e-13
1.306231000000000001e-13
1.503479999999999921e-13
1.507001999999999933e-13
1.985222000000000040e-13
1.047478000000000002e-13
1.027428000000000002e-13
2.250748999999999955e-13
1.092455000000000039e-13
2.019360999999999911e-13
1.001688000000000053e-13
1.473676000000000101e-13
8.578154000000000195e-14
1.428970000000000120e-13
1.965985000000000079e-13
2.244247000000000040e-13
1.182951000000000096e-13
1.378303000000000009e-13
3.339140000000000250e-13
1.654397000000000034e-13
8.385781999999999679e-14
1.003583999999999988e-13
1.046936000000000018e-13
8.900579000000000459e-14
1.335492999999999962e-13
9.875985000000000201e-14
6.922672999999999436e-14
1.335763999999999891e-13
2.161607999999999921e-13
1.464735000000000069e-13
1.609148999999999942e-13
8.895161000000000259e-14
9.101080000000000283e-14
7.708417000000000475e-14
1.200020000000000121e-13
1.474217999999999959e-13
9.003538999999999750e-14
1.117381999999999949e-13
9.867856999999999450e-14
1.719423999999999944e-13
1.191350000000000018e-13
1.219798999999999940e-13
8.044390000000000067e-14
9.038762000000000598e-14
1.354188999999999886e-13
2.252645999999999962e-13
1.041788000000000054e-13
1.506188999999999894e-13
1.194329999999999920e-13
7.329091999999999463e-14
1.015777000000000050e-13
1.182408999999999985e-13
8.813876999999999785e-14
7.838471000000000043e-14
1.001958999999999982e-13
1.099498999999999938e-13
1.316256000000000001e-13
8.984573000000000222e-14
5.925590999999999615e-14
1.426260000000000074e-13
2.253188000000000072e-13
8.529383000000000018e-14
9.805538999999999765e-14
1.280220000000000123e-13
1.522988000000000063e-13
1.093808999999999989e-13
1.771988000000000063e-13
2.036431000000000009e-13
5.462272999999999923e-14
8.342431000000000604e-14
2.218507000000000091e-13
7.881822000000000380e-14
1.133638000000000061e-13
1.767110000000000081e-13
1.253126000000000097e-13
8.393910000000000430e-14
1.712650000000000028e-13
1.661170999999999950e-13
8.383072000000000390e-14
1.163172000000000024e-13
1.345247000000000033e-13
7.936010999999999494e-14
4.278239000000000058e-14
6.063773999999999755e-14
1.000875000000000014e-13
1.042058999999999983e-13
8.033552000000000028e-14
1.132555000000000040e-13
1.436556000000000003e-13
1.237139999999999967e-13
1.133097000000000024e-13
1.537348000000000115e-13
1.266131000000000000e-13
1.138245000000000114e-13
8.109417000000000482e-14
4.516672000000000199e-14
4.237596999999999821e-14
1.198395000000000115e-13
4.397455000000000219e-14
6.272402000000000509e-14
2.075176000000000113e-13
1.388328000000000009e-13
1.396185000000000073e-13
2.757418000000000237e-13
1.006294000000000034e-13
9.721545999999999822e-14
1.121988000000000055e-13
1.185930999999999998e-13
1.707773000000000119e-13
1.025259999999999940e-13
7.161105999999999577e-14
1.510794999999999875e-13
1.258545000000000117e-13
6.819713000000000145e-14
9.206749000000000305e-14
1.491286999999999985e-13
1.374780999999999996e-13
1.222779999999999915e-13
1.607251999999999935e-13
8.640471000000000059e-14
7.377861999999999820e-14
1.048289999999999969e-13
1.055334999999999940e-13
9.214876999999999793e-14
1.032305000000000038e-13
7.055436999999999555e-14
1.066714999999999964e-13
1.072405000000000038e-13
6.269692999999999778e-14
1.079448999999999938e-13
1.864651000000000109e-13
1.639495000000000124e-13
1.155313999999999887e-13
1.926156000000000007e-13
8.109417000000000482e-14
1.056689999999999964e-13
1.484513999999999888e-13
1.480450000000000018e-13
1.483701000000000102e-13
1.244726000000000103e-13
1.054792999999999957e-13
7.841179999999999512e-14
1.858419000000000050e-13
8.147348999999999538e-14
1.503751000000000102e-13
1.696123000000000113e-13
1.876573000000000116e-13
9.027924000000000559e-14
1.070508000000000031e-13
9.981654000000000222e-14
2.791016000000000070e-13
8.361397000000000132e-14
6.651727000000000259e-14
6.724882000000000163e-14
1.614026000000000104e-13
1.090016000000000048e-13
5.204875000000000074e-14
9.030633999999999848e-14
1.213297000000000025e-13
1.364485000000000067e-13
2.103626000000000108e-13
1.024175999999999972e-13
7.264065000000000310e-14
6.155895000000000448e-14
8.987281999999999691e-14
1.512420999999999953e-13
7.182780999999999835e-14
9.288031999999999697e-14
1.507814999999999972e-13
7.768024999999999608e-14
1.748144000000000048e-13
8.011875999999999949e-14
8.410167000000000488e-14
9.017086000000000520e-14
2.261316000000000065e-13
5.922882000000000147e-14
6.806165999999999375e-14
7.960397000000000124e-14
1.318423999999999937e-13
1.116297999999999981e-13
7.291160000000000408e-14
1.926698000000000117e-13
1.386431000000000002e-13
1.074300999999999973e-13
1.716985000000000080e-13
1.311107999999999910e-13
1.271279000000000090e-13
6.849516999999999712e-14
1.237682000000000077e-13
8.691950999999999705e-14
1.172383999999999985e-13
1.224676000000000102e-13
9.867856999999999450e-14
1.250686999999999980e-13
1.369903000000000014e-13
1.092455000000000039e-13
1.072675999999999967e-13
8.342431000000000604e-14
6.166733000000000488e-14
8.832843000000000575e-14
8.364105999999999600e-14
1.227385999999999896e-13
8.201538999999999734e-14
8.659436999999999587e-14
7.209875999999999933e-14
8.461647000000000134e-14
9.754059999999999940e-14
8.380362999999999659e-14
9.269066000000000169e-14
1.201916999999999876e-13
4.064191999999999915e-14
8.312625999999999955e-14
1.071591999999999999e-13
1.402958999999999990e-13
8.962897000000000144e-14
2.371591000000000067e-13
1.778489999999999978e-13
8.645890000000000079e-14
1.685556000000000002e-13
8.900579000000000459e-14
1.214108999999999992e-13
1.219528000000000011e-13
1.236326999999999928e-13
1.293497000000000027e-13
8.239471000000000051e-14
6.307625000000000096e-14
8.250309000000000091e-14
1.218716000000000045e-13
7.239679999999999500e-14
1.081617000000000000e-13
1.043955000000000044e-13
2.859565000000000246e-13
7.358896000000000292e-14
1.409461999999999977e-13
1.126052000000000052e-13
6.941639000000000225e-14
6.873903000000000341e-14
1.492100000000000024e-13
8.247598999999999540e-14
1.292413000000000059e-13
1.120361999999999977e-13
5.416213000000000117e-14
6.578571000000000535e-14
1.039891000000000047e-13
1.355001000000000105e-13
1.395101000000000106e-13
8.537512000000000588e-14
1.047478000000000002e-13
1.140141000000000049e-13
1.175905999999999998e-13
2.591870000000000143e-13
1.030136999999999976e-13
9.288031999999999697e-14
1.226573000000000109e-13
6.521672999999999428e-14
1.349582999999999905e-13
8.954768999999999393e-14
1.034742999999999956e-13
6.676111999999999806e-14
1.200832999999999908e-13
1.499686999999999979e-13
8.960187999999999413e-14
9.634843000000000591e-14
7.166523999999999776e-14
1.231720999999999947e-13
1.133638000000000061e-13
1.360148999999999943e-13
1.064547000000000028e-13
7.776153000000000359e-14
5.874111999999999790e-14
1.019299000000000063e-13
1.561191000000000057e-13
8.209667000000000484e-14
9.496661000000000271e-14
9.339512000000000604e-14
1.407835999999999899e-13
1.363672000000000028e-13
1.032847000000000022e-13
8.171734000000000347e-14
8.591700999999999703e-14
1.202188000000000057e-13
6.448516999999999704e-14
1.406751999999999931e-13
1.322216999999999878e-13
1.193788999999999882e-13
7.247808000000000251e-14
1.536263999999999895e-13
1.340370000000000124e-13
6.456646000000000274e-14
6.112544000000000111e-14
5.334929000000000274e-14
7.719253999999999432e-14
7.898079000000000439e-14
4.600665000000000142e-14
3.641515999999999829e-14
6.863065000000000302e-14
8.421005000000000528e-14
1.040433000000000031e-13
8.174443999999999636e-14
7.131301000000000190e-14
1.265317999999999961e-13
1.388870000000000119e-13
1.107899000000000059e-13
5.451435999999999704e-14
6.903706999999999908e-14
1.327094000000000040e-13
1.099769999999999993e-13
8.106706999999999932e-14
1.739473999999999945e-13
6.686949999999999845e-14
9.594201999999999542e-14
1.107628000000000004e-13
1.207878000000000006e-13
2.164588000000000076e-13
1.438182000000000081e-13
1.176989999999999966e-13
1.115484999999999942e-13
7.272192999999999798e-14
8.242179999999999520e-14
4.633177999999999809e-14
1.148810999999999900e-13
7.797829000000000437e-14
7.602748000000000453e-14
1.051541999999999999e-13
8.702788999999999744e-14
1.811545999999999953e-13
8.098579000000000443e-14
2.012045999999999957e-13
6.825132000000000164e-14
1.082972000000000023e-13
6.659854999999999747e-14
3.397664000000000299e-14
2.763649999999999854e-14
3.831177999999999793e-14
2.912670999999999717e-14
1.470694999999999874e-13
1.460129000000000089e-13
7.743640000000000061e-14
8.179862999999999655e-14
1.199207000000000082e-13
1.037724000000000057e-13
6.491868999999999861e-14
8.789492000000000238e-14
9.250099999999999379e-14
1.232263000000000058e-13
9.258228000000000130e-14
1.853000000000000031e-13
1.890119999999999877e-13
9.017086000000000520e-14
8.857228000000000122e-14
1.193517999999999954e-13
1.184576000000000101e-13
6.088159000000000564e-14
1.120361999999999977e-13
7.031051000000000188e-14
1.851645999999999954e-13
1.172654999999999914e-13
1.134722000000000029e-13
1.255022000000000032e-13
1.176719000000000037e-13
7.702998000000000455e-14
8.225924000000000543e-14
9.325964999999999834e-14
9.320545999999999814e-14
1.073488000000000060e-13
1.793120999999999958e-13
6.369942999999999780e-14
1.286994000000000039e-13
1.664692999999999963e-13
2.084388000000000074e-13
1.436013999999999893e-13
5.278029999999999978e-14
2.001207999999999918e-13
7.548558000000000257e-14
6.131509999999999639e-14
4.424549999999999686e-14
4.010001999999999719e-14
4.874320000000000050e-14
1.580157999999999910e-13
7.524172999999999447e-14
8.781362999999999667e-14
1.152876000000000095e-13
1.038806999999999953e-13
1.172113000000000056e-13
8.236762000000000583e-14
7.708417000000000475e-14
7.792410000000000418e-14
7.602748000000000453e-14
1.593976000000000104e-13
9.829925000000000395e-14
7.621713999999999981e-14
1.136077000000000052e-13
2.036431000000000009e-13
8.020005000000000520e-14
1.245810000000000070e-13
9.726964999999999842e-14
9.675485000000000197e-14
1.049373999999999937e-13
1.103833999999999990e-13
8.020005000000000520e-14
5.091077000000000113e-14
1.549541000000000051e-13
9.523756000000000369e-14
9.101080000000000283e-14
9.694451999999999544e-14
1.422738000000000061e-13
5.001665000000000150e-14
5.990618000000000031e-14
1.006294000000000034e-13
1.279678000000000013e-13
6.025840999999999617e-14
6.819713000000000145e-14
9.431633999999999856e-14
6.657146000000000278e-14
1.146373000000000108e-13
6.735720000000000202e-14
7.732802000000000022e-14
6.865773999999999771e-14
1.381011999999999982e-13
8.805748000000000477e-14
1.171029000000000089e-13
9.537302999999999877e-14
5.730509999999999631e-14
1.107086000000000020e-13
9.954559999999999944e-14
1.193788999999999882e-13
1.580700000000000020e-13
9.951849999999999393e-14
1.098416000000000042e-13
1.043142000000000004e-13
1.247164999999999967e-13
8.897869999999999728e-14
7.854728000000000102e-14
1.061295999999999944e-13
6.502706000000000080e-14
5.283448999999999998e-14
6.716753999999999412e-14
1.602645999999999955e-13
1.704251000000000106e-13
9.629424000000000571e-14
1.024717999999999956e-13
2.152125000000000031e-13
1.215192999999999960e-13
7.635260999999999489e-14
1.579616000000000052e-13
2.617068000000000234e-13
1.038806999999999953e-13
1.453083999999999991e-13
1.342538000000000060e-13
1.189723999999999940e-13
8.328883000000000014e-14
8.811167000000000496e-14
7.421213999999999977e-14
7.570234000000000335e-14
1.076739999999999964e-13
6.779071000000000539e-14
1.068611000000000024e-13
1.162629999999999914e-13
5.917463000000000127e-14
2.223926000000000110e-13
1.543851000000000103e-13
1.257189999999999967e-13
8.258436999999999579e-14
8.177153000000000367e-14
1.382366999999999879e-13
2.418465000000000237e-13
1.036911000000000018e-13
7.564815000000000316e-14
2.665026000000000119e-13
9.456018999999999403e-14
4.159022999999999897e-14
3.256772000000000060e-14
1.123883999999999990e-13
4.129218999999999699e-14
8.876193999999999650e-14
1.426531000000000003e-13
6.659854999999999747e-14
4.411003000000000178e-14
1.512691999999999882e-13
1.098686000000000025e-13
6.868484000000000321e-14
1.104375999999999974e-13
6.294078000000000588e-14
7.692160000000000416e-14
1.379657999999999906e-13
4.714462000000000283e-14
8.681112999999999665e-14
8.561897000000000136e-14
9.347640999999999913e-14
6.220922999999999422e-14
7.990200999999999691e-14
1.189995000000000121e-13
5.714252999999999572e-14
1.088119999999999987e-13
1.080533000000000032e-13
6.852227000000000263e-14
8.602538999999999742e-14
8.502288999999999740e-14
1.197310999999999895e-13
1.378303000000000009e-13
1.026886000000000018e-13
1.005480999999999995e-13
8.001037999999999910e-14
9.740512000000000612e-14
9.634843000000000591e-14
9.515626999999999799e-14
9.632133999999999860e-14
9.721545999999999822e-14
8.984573000000000222e-14
6.397037000000000058e-14
8.090450999999999693e-14
1.551436999999999986e-13
1.572029000000000096e-13
1.596413999999999896e-13
9.483113999999999501e-14
6.158604999999999737e-14
4.958313999999999813e-14
6.518963000000000139e-14
6.088159000000000564e-14
4.416420999999999746e-14
1.214651000000000102e-13
4.438096999999999825e-14
1.020653999999999959e-13
1.030136999999999976e-13
9.344931000000000624e-14
1.274801000000000103e-13
1.126864999999999965e-13
1.473676000000000101e-13
1.437910999999999900e-13
5.887659000000000560e-14
8.575443999999999644e-14
1.194872000000000030e-13
1.025802000000000050e-13
1.407835999999999899e-13
9.147140000000000089e-14
1.699645000000000125e-13
1.531386999999999985e-13
8.112125999999999951e-14
1.194601000000000102e-13
1.881450000000000026e-13
7.510625999999999939e-14
8.166316000000000147e-14
6.825132000000000164e-14
1.219257000000000083e-13
8.125674000000000541e-14
1.033930000000000043e-13
1.099228000000000009e-13
1.229553000000000012e-13
1.306231000000000001e-13
9.702580000000000295e-14
8.678404000000000197e-14
9.166106999999999436e-14
9.832633999999999864e-14
1.456335000000000075e-13
1.118466000000000043e-13
1.126594000000000036e-13
8.071484000000000345e-14
1.342266999999999878e-13
5.031468999999999717e-14
7.055436999999999555e-14
5.616713000000000121e-14
1.033117000000000004e-13
5.548975999999999786e-14
2.622757999999999930e-14
5.139848000000000290e-14
3.183617000000000156e-14
3.565651000000000005e-14
3.546684000000000026e-14
4.768651000000000029e-14
5.895787000000000049e-14
5.958104999999999733e-14
2.300331999999999846e-14
7.150267999999999538e-14
1.478282000000000082e-13
1.423008999999999990e-13
1.314088999999999885e-13
8.995411000000000261e-14
1.368820000000000119e-13
7.291160000000000408e-14
5.589618000000000023e-14
4.118381000000000291e-14
1.535180999999999999e-13
5.706125000000000084e-14
6.548766999999999706e-14
8.694660000000000435e-14
9.342221999999999893e-14
6.367233000000000492e-14
1.020111999999999975e-13
8.876193999999999650e-14
6.684240000000000556e-14
1.026072999999999979e-13
7.442889000000000235e-14
1.656835000000000079e-13
6.573152000000000515e-14
8.475193999999999642e-14
7.719253999999999432e-14
1.062380000000000038e-13
1.082158999999999984e-13
9.331383999999999854e-14
1.099228000000000009e-13
1.098956999999999954e-13
5.126299999999999700e-14
5.912044000000000107e-14
8.448098999999999544e-14
7.483530999999999841e-14
8.905998000000000479e-14
9.764897999999999979e-14
7.209875999999999933e-14
5.548975999999999786e-14
8.496869999999999720e-14
6.930801000000000186e-14
1.019569999999999991e-13
7.207165999999999383e-14
9.250099999999999379e-14
1.751666999999999881e-13
7.388699999999999859e-14
1.126864999999999965e-13
1.795831000000000004e-13
1.252041999999999877e-13
8.681112999999999665e-14
1.312733999999999988e-13
1.481532999999999913e-13
6.413294000000000117e-14
1.108169999999999987e-13
1.789057000000000088e-13
7.326382999999999994e-14
1.242829999999999916e-13
8.930383999999999846e-14
7.426632999999999996e-14
5.464982999999999843e-14
5.031468999999999717e-14
5.825340999999999614e-14
9.195911000000000265e-14
1.076197999999999980e-13
6.220922999999999422e-14
1.488035999999999901e-13
1.130116000000000049e-13
9.510207999999999779e-14
7.678612999999999646e-14
7.591910000000000414e-14
8.434552000000000036e-14
8.887031999999999689e-14
9.987073000000000242e-14
2.655272000000000048e-14
2.769068999999999873e-14
6.291368999999999857e-14
7.445598999999999524e-14
6.984991000000000382e-14
9.491242000000000252e-14
8.163605999999999597e-14
5.746766999999999690e-14
9.453309999999999934e-14
5.776571000000000519e-14
5.020631000000000309e-14
7.808667000000000477e-14
7.881822000000000380e-14
9.293450999999999716e-14
1.140954000000000088e-13
6.266983000000000490e-14
6.667984000000000318e-14
6.304916000000000627e-14
1.806126999999999934e-13
4.966441999999999933e-14
9.846180999999999372e-14
6.919963000000000147e-14
6.166733000000000488e-14
1.174279999999999920e-13
7.591910000000000414e-14
6.684240000000000556e-14
7.310125999999999935e-14
6.399747000000000609e-14
8.477904000000000193e-14
6.491868999999999861e-14
1.551436999999999986e-13
1.147457000000000075e-13
6.321172999999999424e-14
8.486031999999999681e-14
1.119819999999999993e-13
1.119278000000000009e-13
1.443058999999999991e-13
4.681948999999999986e-14
8.312625999999999955e-14
9.848890999999999922e-14
1.381554000000000093e-13
6.857646000000000282e-14
1.166423000000000108e-13
1.087306999999999948e-13
7.797829000000000437e-14
1.111420999999999945e-13
6.177571000000000527e-14
1.433847000000000029e-13
1.146644000000000036e-13
4.351393999999999962e-14
9.846180999999999372e-14
7.857436999999999571e-14
9.778444999999999487e-14
2.996664000000000291e-14
7.697579000000000435e-14
6.884740000000000560e-14
1.030136999999999976e-13
6.613794000000000121e-14
5.760314000000000460e-14
8.141929999999999518e-14
6.835970000000000204e-14
5.047725999999999776e-14
4.121089999999999760e-14
1.095705999999999996e-13
6.936220000000000206e-14
9.185073000000000226e-14
7.407665999999999387e-14
9.239262000000000602e-14
8.136510999999999498e-14
5.684449000000000005e-14
1.172383999999999985e-13
8.995411000000000261e-14
8.369524999999999620e-14
5.058563999999999815e-14
1.818319000000000050e-13
5.267191999999999939e-14
5.023341000000000229e-14
6.264273999999999759e-14
6.841389000000000223e-14
7.578361999999999824e-14
1.106814999999999964e-13
6.445808000000000235e-14
7.540429999999999506e-14
1.352563000000000060e-13
6.258854999999999739e-14
5.871402000000000501e-14
6.605665999999999371e-14
7.136720000000000210e-14
7.331802000000000014e-14
7.656936999999999567e-14
1.119548999999999938e-13
7.020213999999999969e-14
9.084823000000000224e-14
1.094892999999999957e-13
1.479366000000000050e-13
2.842224999999999913e-14
3.386826000000000260e-14
5.993328000000000582e-14
4.389327000000000099e-14
7.033760999999999477e-14
8.943931000000000616e-14
1.259086999999999974e-13
8.144640000000000069e-14
8.518544999999999979e-14
8.751559000000000100e-14
8.491450999999999701e-14
6.315753999999999404e-14
4.110251999999999721e-14
8.743431000000000612e-14
1.600207999999999910e-13
9.707999000000000314e-14
6.294078000000000588e-14
1.201645999999999947e-13
1.421111999999999983e-13
4.809293000000000266e-14
9.260937999999999419e-14
7.624422999999999449e-14
3.611712000000000262e-14
6.879322000000000361e-14
1.459586999999999978e-13
5.527299999999999707e-14
1.537889999999999973e-13
9.540012000000000608e-14
6.911834999999999396e-14
4.183408000000000076e-14
6.126090999999999619e-14
1.089744999999999993e-13
8.840971000000000063e-14
7.678612999999999646e-14
1.180241000000000050e-13
5.150684999999999878e-14
1.071863000000000054e-13
5.595037000000000043e-14
9.290742000000000248e-14
7.941429999999999514e-14
7.684030999999999845e-14
1.003313000000000059e-13
9.339512000000000604e-14
8.179862999999999655e-14
7.001247000000000621e-14
9.361187999999999421e-14
1.054792999999999957e-13
7.759896000000000300e-14
7.800537999999999906e-14
9.504788999999999760e-14
1.784992999999999965e-13
8.816586000000000516e-14
6.033970000000000188e-14
1.444143000000000085e-14
2.443934000000000005e-14
7.694868999999999884e-14
1.798269000000000049e-13
8.732593000000000573e-14
8.770524999999999628e-14
4.364941999999999921e-14
1.185660000000000069e-13
1.056419000000000035e-13
8.179862999999999655e-14
9.206749000000000305e-14
7.163815000000000308e-14
5.657354999999999727e-14
8.369524999999999620e-14
7.375153000000000351e-14
6.971442999999999792e-14
5.695287000000000045e-14
6.098997000000000603e-14
9.036052999999999867e-14
5.841597999999999672e-14
9.710707999999999783e-14
8.377654000000000191e-14
1.064817999999999957e-13
1.046664999999999963e-13
1.076469000000000035e-13
6.697787999999999884e-14
1.191891999999999876e-13
6.624632000000000161e-14
9.897661000000000279e-14
6.288659000000000568e-14
5.017922000000000209e-14
1.317882000000000079e-13
5.408084000000000178e-14
6.605665999999999371e-14
6.600247000000000613e-14
8.011875999999999949e-14
9.897661000000000279e-14
6.852227000000000263e-14
1.423008999999999990e-13
7.356186999999999561e-14
8.364105999999999600e-14
9.667356999999999446e-14
7.583780999999999843e-14
3.776989000000000048e-14
5.204875000000000074e-14
8.551059000000000096e-14
3.771570000000000029e-14
1.279678000000000013e-13
6.814294000000000125e-14
1.265588999999999890e-13
6.741139000000000221e-14
7.293868999999999877e-14
9.558978999999999956e-14
8.486031999999999681e-14
5.912044000000000107e-14
8.486031999999999681e-14
5.367441999999999941e-14
1.217360999999999896e-13
5.882240000000000541e-14
5.757604999999999729e-14
3.237805999999999901e-14
5.446017000000000315e-14
2.343684000000000003e-14
7.816794999999999965e-14
9.580654000000000214e-14
1.045580999999999995e-13
5.370151999999999860e-14
4.885158000000000089e-14
7.234260999999999481e-14
7.385991000000000390e-14
8.160897000000000128e-14
6.028551000000000168e-14
5.237387999999999741e-14
6.529801000000000178e-14
7.629841999999999469e-14
5.288868000000000017e-14
6.900997000000000619e-14
1.234701000000000102e-13
3.619839999999999750e-14
4.974570000000000052e-14
7.104206999999999912e-14
1.025530999999999995e-13
8.618795999999999801e-14
7.171942999999999796e-14
1.472050000000000023e-13
4.492286000000000201e-14
5.624841000000000241e-14
9.057728000000000126e-14
1.481804000000000095e-13
7.377861999999999820e-14
4.812003000000000186e-14
6.185699999999999835e-14
7.044598999999999516e-14
9.981654000000000222e-14
6.283240000000000549e-14
1.659816000000000053e-13
1.136077000000000052e-13
6.069192999999999774e-14
1.007919999999999986e-13
4.787618000000000007e-14
1.684201000000000106e-13
7.404956999999999918e-14
5.865983000000000482e-14
6.947058000000000245e-14
6.949767999999999534e-14
7.816794999999999965e-14
7.280322000000000369e-14
6.860354999999999751e-14
6.055645000000000446e-14
1.410816000000000054e-13
5.884949000000000009e-14
7.331802000000000014e-14
9.786573000000000238e-14
1.973841999999999891e-13
3.739055999999999911e-14
6.158604999999999737e-14
6.421422999999999426e-14
7.177361999999999816e-14
8.556478000000000116e-14
6.025840999999999617e-14
7.071692999999999794e-14
1.243101000000000097e-13
1.901770999999999955e-13
6.659854999999999747e-14
7.925174000000000537e-14
6.207375000000000094e-14
7.014794999999999949e-14
1.201645999999999947e-13
9.572525999999999464e-14
9.060437999999999415e-14
1.152604999999999914e-13
1.246894000000000038e-13
7.207165999999999383e-14
7.938721000000000045e-14
7.134010999999999479e-14
9.548140999999999917e-14
9.152559000000000108e-14
1.318966000000000047e-13
9.927464999999999846e-14
8.935802000000000045e-14
6.760104999999999749e-14
1.093538000000000061e-13
4.321589999999999764e-14
8.169024999999999616e-14
3.459981999999999983e-14
5.066691999999999935e-14
6.841389000000000223e-14
7.009375999999999930e-14
6.150477000000000249e-14
1.213567999999999954e-13
6.597537999999999882e-14
5.435179000000000276e-14
1.035827000000000050e-13
4.245724999999999940e-14
1.172383999999999985e-13
2.462899999999999848e-14
1.022550999999999966e-13
4.224050000000000313e-14
7.933302000000000026e-14
6.489159000000000572e-14
2.668818999999999871e-14
5.229260000000000252e-14
5.722382000000000143e-14
7.684030999999999845e-14
5.213003000000000194e-14
4.763232000000000009e-14
4.898706000000000049e-14
8.255728000000000110e-14
6.063773999999999755e-14
6.028551000000000168e-14
5.370151999999999860e-14
8.998119999999999730e-14
1.108441000000000043e-13
9.144431000000000620e-14
7.047308000000000247e-14
6.846808000000000243e-14
1.915860000000000078e-13
8.637762000000000590e-14
5.871402000000000501e-14
5.955395000000000445e-14
9.737802999999999881e-14
7.098787999999999892e-14
5.028760000000000248e-14
4.508543000000000260e-14
7.998329000000000441e-14
2.758231000000000150e-14
4.286367000000000177e-14
3.882658000000000070e-14
1.392662999999999966e-14
5.050434999999999876e-14
6.941639000000000225e-14
6.944348999999999514e-14
8.518544999999999979e-14
1.003855000000000043e-13
9.388281999999999699e-14
3.552103000000000046e-14
8.694660000000000435e-14
6.104416000000000623e-14
6.264273999999999759e-14
3.164650000000000177e-14
3.676739000000000046e-14
8.933093000000000577e-14
4.010001999999999719e-14
9.011667000000000500e-14
2.945184000000000015e-14
1.479365999999999987e-14
2.181116000000000001e-14
7.984781999999999671e-14
5.684449000000000005e-14
7.922463999999999987e-14
7.605456999999999922e-14
1.415422000000000035e-13
5.857854999999999731e-14
5.971652000000000503e-14
5.367441999999999941e-14
4.419131000000000297e-14
7.497079000000000431e-14
8.331593000000000565e-14
6.616503999999999410e-14
8.784073000000000218e-14
4.657563999999999807e-14
1.203542999999999954e-13
9.572525999999999464e-14
4.367651000000000021e-14
1.000333000000000030e-13
5.402665000000000158e-14
8.580862999999999663e-14
9.442471999999999895e-14
5.150684999999999878e-14
9.185073000000000226e-14
9.098369999999999732e-14
7.304706999999999916e-14
7.120463999999999971e-14
6.565023999999999765e-14
4.405584000000000158e-14
6.554185999999999725e-14
7.353477000000000272e-14
1.221695999999999947e-13
5.315963000000000115e-14
5.302415000000000156e-14
3.630677999999999789e-14
6.359104999999999741e-14
4.904124000000000248e-14
3.506043000000000240e-14
3.519589999999999748e-14
4.616922000000000201e-14
5.237387999999999741e-14
5.269901999999999858e-14
7.182780999999999835e-14
3.936846999999999815e-14
5.429760000000000256e-14
6.903706999999999908e-14
5.635679000000000280e-14
3.752603999999999870e-14
5.830759999999999633e-14
6.800747000000000617e-14
6.692368999999999865e-14
5.226549999999999702e-14
8.187991000000000406e-14
7.675903000000000357e-14
4.928510000000000246e-14
6.210084999999999382e-14
1.344976000000000105e-13
4.402874000000000238e-14
6.158604999999999737e-14
8.320755000000000526e-14
6.407875000000000098e-14
6.686949999999999845e-14
9.857018999999999411e-14
5.231968999999999721e-14
6.984991000000000382e-14
5.825340999999999614e-14
4.351393999999999962e-14
5.172360999999999956e-14
7.778862999999999648e-14
5.600456000000000062e-14
8.269274999999999618e-14
4.700915000000000144e-14
4.901415000000000148e-14
1.157482000000000076e-13
4.150893999999999958e-14
3.687576000000000265e-14
9.225714999999999832e-14
6.822422999999999434e-14
4.871610999999999950e-14
8.523963999999999998e-14
4.535637999999999727e-14
1.023363000000000059e-13
1.094892999999999957e-13
4.476029999999999962e-14
6.575861999999999804e-14
5.123591000000000231e-14
6.375361999999999800e-14
4.890577000000000109e-14
7.773443999999999628e-14
5.310544000000000096e-14
2.926217999999999856e-14
6.863065000000000302e-14
5.063982999999999835e-14
4.373070000000000040e-14
7.394118999999999879e-14
5.031468999999999717e-14
4.532927999999999807e-14
1.013608999999999988e-13
4.557312999999999985e-14
6.036678999999999657e-14
6.987699999999999851e-14
5.792828000000000578e-14
5.001665000000000150e-14
7.903498000000000459e-14
4.104832999999999701e-14
4.733427999999999811e-14
5.795537000000000047e-14
3.771570000000000029e-14
7.754477000000000280e-14
5.595037000000000043e-14
4.061481999999999995e-14
8.350559000000000093e-14
3.443724999999999925e-14
7.112334999999999400e-14
5.017922000000000209e-14
1.249873999999999941e-13
3.514170999999999729e-14
4.871610999999999950e-14
6.532510999999999467e-14
7.608167000000000473e-14
8.166316000000000147e-14
4.188827000000000095e-14
6.692368999999999865e-14
8.667566000000000157e-14
5.196746000000000135e-14
4.690077000000000105e-14
4.649434999999999868e-14
5.703414999999999533e-14
4.928510000000000246e-14
4.830968999999999713e-14
6.210084999999999382e-14
5.343056999999999762e-14
7.529591999999999467e-14
2.712169999999999893e-14
4.589827000000000103e-14
1.005752000000000050e-13
4.121089999999999760e-14
8.090450999999999693e-14
1.162629999999999914e-13
5.343056999999999762e-14
1.376406000000000002e-13
4.196955000000000215e-14
5.530010000000000258e-14
8.345140000000000073e-14
4.516672000000000199e-14
4.069610000000000115e-14
6.516253999999999408e-14
8.979154000000000202e-14
9.873275999999999470e-14
9.019795999999999809e-14
4.660272999999999907e-14
4.681948999999999986e-14
4.451643999999999964e-14
6.573152000000000515e-14
1.243642999999999955e-13
8.285531999999999677e-14
5.895787000000000049e-14
1.051000000000000015e-13
5.147975999999999778e-14
3.801374000000000226e-14
1.641932999999999853e-14
2.322007999999999924e-14
1.736764999999999971e-14
2.606502000000000007e-14
1.178615999999999981e-14
1.436014000000000145e-14
2.256981000000000140e-14
3.308251999999999705e-14
6.318463000000000135e-14
8.117544999999999971e-14
4.806584000000000166e-14
1.032033999999999983e-13
5.280739999999999898e-14
4.538346999999999827e-14
9.759478999999999960e-14
7.930591999999999475e-14
5.153394999999999798e-14
5.931009999999999635e-14
6.724882000000000163e-14
3.413920999999999727e-14
6.237178999999999661e-14
7.795118999999999886e-14
4.852644999999999792e-14
3.931427999999999795e-14
6.646308000000000239e-14
3.904332999999999697e-14
5.584199000000000003e-14
4.416420999999999746e-14
5.380989999999999900e-14
4.771360999999999948e-14
7.670484000000000337e-14
7.925174000000000537e-14
3.972070000000000032e-14
6.001456000000000070e-14
4.473320000000000042e-14
3.549393999999999946e-14
4.931218999999999715e-14
5.172360999999999956e-14
7.437471000000000036e-14
2.977698000000000132e-14
8.989992000000000242e-14
6.266983000000000490e-14
5.253644999999999800e-14
5.787409000000000558e-14
3.703832999999999693e-14
4.305334000000000156e-14
1.684742999999999963e-13
5.811794000000000106e-14
8.290950999999999697e-14
8.567316000000000155e-14
4.435387999999999725e-14
5.516463000000000119e-14
9.786573000000000238e-14
3.926008999999999776e-14
5.215712000000000293e-14
4.904124000000000248e-14
5.066691999999999935e-14
4.988118000000000011e-14
7.884531999999999669e-14
2.433095999999999965e-14
3.758022000000000070e-14
4.681948999999999986e-14
7.678612999999999646e-14
3.584617000000000164e-14
5.773860999999999968e-14
3.627967999999999870e-14
4.803874000000000246e-14
6.678821000000000537e-14
4.820131000000000305e-14
5.651935999999999708e-14
9.290742000000000248e-14
7.356186999999999561e-14
8.792200999999999706e-14
4.224050000000000313e-14
4.782198999999999988e-14
6.266983000000000490e-14
5.844307000000000403e-14
6.367233000000000492e-14
3.896205000000000209e-14
7.098787999999999892e-14
6.001456000000000070e-14
4.400165000000000138e-14
6.155895000000000448e-14
6.237178999999999661e-14
3.888077000000000089e-14
3.814920999999999734e-14
4.454353999999999884e-14
9.141721999999999889e-14
6.700497000000000615e-14
4.793037000000000027e-14
6.166733000000000488e-14
1.012525999999999966e-13
8.521255000000000530e-14
8.580862999999999663e-14
1.339557999999999905e-13
5.608584000000000182e-14
5.676320999999999886e-14
5.714252999999999572e-14
3.126717999999999860e-14
5.895787000000000049e-14
6.074611999999999794e-14
7.811375999999999945e-14
3.394955000000000199e-14
4.931218999999999715e-14
7.651517999999999547e-14
2.414130000000000122e-14
7.900787999999999908e-14
4.419131000000000297e-14
5.849726000000000423e-14
5.700706000000000064e-14
5.483949000000000001e-14
4.676529999999999966e-14
5.153394999999999798e-14
4.205084000000000154e-14
4.467901000000000023e-14
3.627967999999999870e-14
4.359522999999999901e-14
4.728008999999999791e-14
7.174653000000000347e-14
5.733220000000000182e-14
8.366816000000000151e-14
4.432677999999999805e-14
5.196746000000000135e-14
7.039179999999999496e-14
7.665065000000000318e-14
4.879739000000000070e-14
7.304706999999999916e-14
3.893495000000000289e-14
5.968942999999999772e-14
4.611503000000000182e-14
7.291160000000000408e-14
6.153185999999999718e-14
4.942056999999999754e-14
1.146373000000000108e-13
4.679239000000000066e-14
3.958522999999999893e-14
1.119006999999999954e-13
5.218422000000000213e-14
7.860146000000000302e-14
5.169651999999999857e-14
3.923300000000000307e-14
8.437262000000000586e-14
4.045224999999999936e-14
7.868274999999999610e-14
5.912044000000000107e-14
3.571070000000000025e-14
3.991036000000000191e-14
5.730509999999999631e-14
5.340348000000000294e-14
3.012920999999999719e-14
7.242389000000000231e-14
6.719463000000000143e-14
6.185699999999999835e-14
4.031677999999999797e-14
6.792618999999999867e-14
3.394955000000000199e-14
7.223422999999999441e-14
5.278029999999999978e-14
4.928510000000000246e-14
5.237387999999999741e-14
5.145265999999999858e-14
6.199247000000000605e-14
4.424549999999999686e-14
4.093996000000000113e-14
2.536055999999999887e-14
7.361605999999999581e-14
5.616713000000000121e-14
9.399119999999999738e-14
3.760731999999999989e-14
2.942474999999999915e-14
3.644224999999999928e-14
5.979779999999999992e-14
4.397455000000000219e-14
8.781362999999999667e-14
6.242597999999999680e-14
3.403082999999999687e-14
5.949976000000000425e-14
7.938721000000000045e-14
6.023132000000000149e-14
6.974153000000000343e-14
1.799082000000000151e-14
2.657981000000000148e-14
1.400790999999999928e-14
5.088368000000000013e-14
2.305750999999999865e-14
1.211941999999999876e-13
1.082700999999999967e-13
1.020383000000000030e-13
5.952685999999999714e-14
4.359522999999999901e-14
4.619631000000000301e-14
8.342431000000000604e-14
3.779698000000000148e-14
6.093578000000000584e-14
7.166523999999999776e-14
6.031259999999999637e-14
3.180907000000000236e-14
4.294496000000000117e-14
8.304498000000000467e-14
5.161522999999999917e-14
8.174443999999999636e-14
4.261981999999999999e-14
5.448725999999999784e-14
4.085867000000000174e-14
2.815130000000000130e-14
1.038264999999999969e-13
3.058981999999999976e-14
4.568151000000000025e-14
5.781990000000000539e-14
7.494368999999999881e-14
8.028133000000000008e-14
7.066273999999999775e-14
4.148184999999999858e-14
5.494787000000000041e-14
4.010001999999999719e-14
3.779698000000000148e-14
6.090868000000000033e-14
4.825549999999999694e-14
5.922882000000000147e-14
7.358896000000000292e-14
3.776989000000000048e-14
4.744265999999999850e-14
9.659228999999999958e-14
5.481239999999999902e-14
7.356186999999999561e-14
4.497705000000000221e-14
4.587118000000000003e-14
2.923507999999999936e-14
4.530218999999999707e-14
9.396411000000000269e-14
4.700915000000000144e-14
5.009793000000000270e-14
7.161105999999999577e-14
4.381198000000000160e-14
4.752394999999999790e-14
4.587118000000000003e-14
5.372860999999999960e-14
5.107334000000000172e-14
4.194246000000000115e-14
8.071484000000000345e-14
4.329718999999999703e-14
3.690286000000000185e-14
4.592536000000000203e-14
6.364523999999999761e-14
3.015629999999999819e-14
5.581489999999999904e-14
6.220922999999999422e-14
2.788035000000000032e-14
1.374238999999999886e-13
8.588991000000000414e-14
1.147457000000000075e-13
2.725717999999999852e-14
7.185491000000000386e-14
4.741556999999999751e-14
5.245517000000000311e-14
4.584408000000000084e-14
6.223632000000000153e-14
3.627967999999999870e-14
5.819921999999999594e-14
5.082948999999999994e-14
2.777198000000000128e-14
3.191745000000000275e-14
3.476239000000000042e-14
5.651935999999999708e-14
4.476029999999999962e-14
2.744684000000000011e-14
5.229260000000000252e-14
4.489577000000000101e-14
7.150267999999999538e-14
2.882867000000000150e-14
4.270110999999999939e-14
4.944765999999999854e-14
7.358896000000000292e-14
7.440179999999999504e-14
3.232386999999999881e-14
4.362232000000000001e-14
3.739055999999999911e-14
3.487076000000000262e-14
1.186473000000000108e-13
1.013608999999999988e-13
4.080448000000000154e-14
6.399747000000000609e-14
3.153812999999999958e-14
3.408501999999999707e-14
6.248016999999999700e-14
6.039389000000000208e-14
8.819295999999999805e-14
8.678404000000000197e-14
4.218631000000000293e-14
4.592536000000000203e-14
7.968524999999999612e-14
6.378071000000000531e-14
3.766151000000000009e-14
5.730509999999999631e-14
5.066691999999999935e-14
3.124008999999999760e-14
4.199665000000000135e-14
1.866818999999999856e-14
3.701124000000000225e-14
6.621922999999999430e-14
1.425176999999999926e-14
2.517088999999999909e-14
2.736555999999999891e-14
1.907461000000000093e-14
8.128383000000000010e-15
2.088994000000000118e-14
1.536264000000000147e-14
1.268027999999999944e-14
4.340556999999999743e-14
2.549603000000000026e-14
1.872237999999999875e-14
7.903498000000000459e-14
2.647143000000000108e-14
3.153812999999999958e-14
5.933720000000000186e-14
2.424967999999999846e-14
5.112753000000000192e-14
4.224050000000000313e-14
4.096705000000000213e-14
3.888077000000000089e-14
4.253853999999999880e-14
7.052727000000000267e-14
5.028760000000000248e-14
7.367024999999999600e-14
4.738846999999999831e-14
3.045434000000000016e-14
5.654644999999999807e-14
6.177571000000000527e-14
4.175279000000000136e-14
7.933302000000000026e-14
4.554603999999999886e-14
3.527717999999999868e-14
1.219798999999999940e-13
2.782616000000000012e-14
3.506043000000000240e-14
4.446225999999999764e-14
5.343056999999999762e-14
5.865983000000000482e-14
5.643806999999999768e-14
2.923507999999999936e-14
5.386408999999999919e-14
8.242179999999999520e-14
4.717172000000000203e-14
3.243224999999999921e-14
3.579198000000000144e-14
4.660272999999999907e-14
6.597537999999999882e-14
9.358478000000000132e-14
6.212794000000000113e-14
4.562732000000000005e-14
3.576489000000000044e-14
4.345974999999999942e-14
5.175070999999999876e-14
3.045434000000000016e-14
3.831177999999999793e-14
4.793037000000000027e-14
5.622132000000000141e-14
5.535429000000000278e-14
6.055645000000000446e-14
5.099206000000000052e-14
3.118589999999999740e-14
2.915379999999999817e-14
6.871192999999999790e-14
5.383699000000000000e-14
7.329091999999999463e-14
4.931218999999999715e-14
1.693413000000000130e-14
1.357440000000000064e-14
1.037724000000000057e-14
2.042933999999999997e-14
6.662565000000000298e-14
1.883075000000000094e-14
4.578989000000000064e-15
5.538137999999999747e-14
6.161314000000000468e-14
4.709043000000000264e-14
2.443934000000000005e-14
3.454562999999999964e-14
5.020631000000000309e-14
2.259689999999999924e-14
3.500624000000000221e-14
4.955603999999999894e-14
3.487076000000000262e-14
4.077739000000000054e-14
4.191536000000000195e-14
6.960604999999999753e-14
5.754895000000000441e-14
3.831177999999999793e-14
7.597329000000000433e-14
3.655062999999999968e-14
3.216129999999999822e-14
4.251143999999999960e-14
4.207793000000000254e-14
2.145893000000000099e-14
2.985826000000000252e-14
2.723007999999999932e-14
6.440389000000000215e-14
3.481657000000000242e-14
3.571070000000000025e-14
4.489577000000000101e-14
3.980198000000000152e-14
4.787618000000000007e-14
3.015629999999999819e-14
3.459981999999999983e-14
6.350977000000000253e-14
2.663399999999999852e-14
6.177571000000000527e-14
2.937055999999999895e-14
1.213297000000000025e-13
2.479156999999999907e-14
7.811375999999999945e-14
2.823257999999999934e-14
3.134845999999999979e-14
4.484158000000000082e-14
4.012712000000000270e-14
3.378698000000000140e-14
4.700915000000000144e-14
3.324508999999999764e-14
5.966233000000000484e-14
5.269901999999999858e-14
1.036911000000000018e-13
7.781572000000000378e-14
4.513962000000000280e-14
2.454772000000000044e-14
5.123591000000000231e-14
5.213003000000000194e-14
2.303042000000000081e-14
3.221548999999999842e-14
3.389536000000000179e-14
5.624841000000000241e-14
3.251353000000000040e-14
3.554812999999999966e-14
3.896205000000000209e-14
2.018547999999999998e-14
3.725508999999999772e-14
3.828467999999999874e-14
4.546475999999999766e-14
3.603582999999999691e-14
3.083367000000000154e-14
6.161314000000000468e-14
2.747393000000000110e-14
5.034179000000000268e-14
4.538346999999999827e-14
4.709043000000000264e-14
8.542931000000000608e-14
6.266983000000000490e-14
3.722798999999999852e-14
4.728008999999999791e-14
4.210501999999999723e-14
4.622341000000000221e-14
6.077321000000000525e-14
8.112125999999999951e-14
3.860981999999999991e-14
3.332636999999999883e-14
3.468110000000000103e-14
4.763232000000000009e-14
3.836596999999999813e-14
4.508543000000000260e-14
1.359066000000000048e-13
2.303042000000000081e-14
2.880157000000000230e-14
3.465401000000000003e-14
4.164441999999999917e-14
4.080448000000000154e-14
4.657563999999999807e-14
2.861191000000000071e-14
2.476446999999999987e-14
6.291368999999999857e-14
3.592745000000000283e-14
3.357022000000000062e-14
3.413920999999999727e-14
2.489994999999999946e-14
1.877656000000000075e-14
4.505834000000000160e-14
4.405584000000000158e-14
1.465818000000000028e-14
2.874738000000000210e-14
1.127136000000000020e-14
3.722798999999999852e-14
2.809711000000000111e-14
3.400374000000000219e-14
3.633386999999999889e-14
2.639014999999999989e-14
6.069192999999999774e-14
3.747184999999999850e-14
3.592745000000000283e-14
5.223841000000000233e-14
2.966860000000000093e-14
2.013130000000000114e-14
2.573987999999999889e-14
4.386617000000000179e-14
3.847434999999999852e-14
6.128801000000000170e-14
2.855772000000000052e-14
6.527091999999999447e-14
2.053770999999999900e-14
2.240724000000000081e-14
4.638596999999999829e-14
1.511878999999999969e-14
2.479156999999999907e-14
4.305334000000000156e-14
3.083367000000000154e-14
2.912670999999999717e-14
3.722798999999999852e-14
3.571070000000000025e-14
5.026049999999999698e-14
3.579198000000000144e-14
4.606084000000000162e-14
3.923300000000000307e-14
6.069192999999999774e-14
3.527717999999999868e-14
4.031677999999999797e-14
7.830341999999999788e-15
2.137764999999999979e-14
2.565860000000000085e-14
4.251143999999999960e-14
3.129426999999999960e-14
5.139848000000000290e-14
2.275946999999999983e-14
3.525008999999999768e-14
2.154022000000000038e-14
2.817838999999999914e-14
3.538555999999999907e-14
2.240724000000000081e-14
3.543974999999999927e-14
5.310544000000000096e-14
3.110460999999999801e-14
7.469984000000000333e-14
3.094203999999999742e-14
4.597955000000000223e-14
2.641724999999999909e-14
3.687576000000000265e-14
3.760731999999999989e-14
2.758231000000000150e-14
5.464982999999999843e-14
2.471027999999999967e-14
2.441224000000000085e-14
4.270110999999999939e-14
8.133802000000000030e-14
3.503332999999999689e-14
4.023550000000000309e-14
3.478948000000000142e-14
3.202583000000000314e-14
2.178406999999999901e-14
3.698414000000000305e-14
2.536055999999999887e-14
3.405793000000000238e-14
3.511460999999999809e-14
1.858689999999999916e-14
5.337638000000000058e-15
3.210710999999999803e-14
1.614838999999999891e-14
1.035013999999999980e-14
7.315544999999999640e-15
4.169860999999999937e-14
6.378071000000000531e-14
1.809919999999999875e-14
3.240515000000000001e-14
2.595663999999999967e-14
2.836805999999999893e-14
3.999164000000000311e-14
5.673610999999999966e-14
2.221757999999999922e-14
2.747393000000000110e-14
2.863900000000000171e-14
3.384117000000000160e-14
2.308461000000000101e-14
4.261981999999999999e-14
2.953312999999999954e-14
3.885367000000000170e-14
3.053562999999999956e-14
3.481657000000000242e-14
3.216129999999999822e-14
2.357231000000000142e-14
3.210710999999999803e-14
3.183617000000000156e-14
4.722591000000000223e-14
2.067318999999999860e-14
4.007293000000000250e-14
3.527717999999999868e-14
2.909960999999999797e-14
4.527508999999999788e-14
8.022713999999999988e-14
3.768860000000000109e-14
6.231759999999999641e-14
4.050643999999999956e-14
2.901833000000000309e-14
3.736346999999999811e-14
4.405584000000000158e-14
3.105041999999999781e-14
5.202165000000000154e-14
3.094203999999999742e-14
3.243224999999999921e-14
2.091704000000000038e-14
1.051271000000000039e-14
5.147975999999999620e-15
2.836805999999999893e-14
5.773860999999999968e-14
2.560441000000000065e-14
3.690286000000000185e-14
4.584408000000000084e-14
2.796163999999999971e-14
6.340139000000000213e-14
5.635679000000000280e-14
4.535637999999999727e-14
3.644224999999999928e-14
2.698623000000000069e-14
2.156731000000000138e-14
4.527508999999999788e-14
3.050853000000000036e-14
3.021048999999999838e-14
2.354522000000000042e-14
4.020839999999999758e-14
1.641932999999999853e-14
3.760731999999999989e-14
3.641515999999999829e-14
2.205500999999999863e-14
4.784908000000000088e-14
1.568777999999999949e-14
2.070027999999999959e-14
3.525008999999999768e-14
1.530845000000000128e-14
3.527717999999999868e-14
4.570860999999999944e-14
3.132136999999999879e-14
2.511669999999999889e-14
2.790744999999999952e-14
4.603374000000000242e-14
1.376406000000000065e-14
3.183617000000000156e-14
2.668818999999999871e-14
3.029176999999999958e-14
3.923300000000000307e-14
5.521882000000000139e-14
7.453727000000000274e-14
3.888077000000000089e-14
5.042306999999999756e-14
2.240724000000000081e-14
4.581698999999999984e-14
5.166941999999999937e-14
3.999164000000000311e-14
1.669027999999999951e-14
3.961231999999999993e-14
1.706959999999999953e-14
2.617338999999999910e-14
7.876403000000000361e-14
3.134845999999999979e-14
5.191327000000000115e-14
4.248434999999999860e-14
3.809501999999999715e-14
3.926008999999999776e-14
2.668818999999999871e-14
3.581907000000000244e-14
2.503542000000000085e-14
1.300540999999999926e-14
2.489994999999999946e-14
3.679448000000000146e-14
2.709461000000000109e-14
2.790744999999999952e-14
4.145474999999999938e-14
4.877029999999999970e-14
2.330136000000000044e-14
4.023550000000000309e-14
3.793245000000000287e-14
5.045015999999999856e-14
2.652562000000000128e-14
7.803247999999999510e-15
3.898914000000000309e-14
1.766568999999999854e-14
5.741347999999999670e-14
4.914962000000000287e-14
6.489159000000000572e-14
3.186326000000000256e-14
4.386617000000000179e-14
5.798247000000000598e-14
3.248643999999999940e-14
2.322007999999999924e-14
4.944765999999999854e-14
3.145684000000000018e-14
3.137555999999999899e-14
4.327008999999999784e-14
4.793037000000000027e-14
3.514170999999999729e-14
2.354522000000000042e-14
3.459981999999999983e-14
2.178406999999999901e-14
2.817838999999999914e-14
2.682366000000000010e-14
1.595873000000000048e-14
3.432886999999999885e-14
1.631095999999999950e-14
3.516879999999999828e-14
4.012712000000000270e-14
2.714880000000000128e-14
1.511878999999999969e-14
2.652562000000000128e-14
1.501040999999999930e-14
3.592745000000000283e-14
3.096914000000000293e-14
2.175696999999999981e-14
2.007711000000000095e-14
6.004166000000000621e-14
1.652770999999999893e-14
2.406000999999999867e-14
1.934555000000000055e-14
4.476029999999999962e-14
3.430177999999999785e-14
2.834095999999999973e-14
5.573360999999999964e-14
2.714880000000000128e-14
2.785325999999999932e-14
2.544184000000000007e-14
3.400374000000000219e-14
1.687994000000000110e-14
1.717797999999999993e-14
1.617547999999999991e-14
2.514380000000000124e-14
4.706334000000000164e-14
2.923507999999999936e-14
2.777198000000000128e-14
7.681322000000000376e-14
2.918089999999999736e-14
5.630260000000000260e-14
2.855772000000000052e-14
3.118589999999999740e-14
2.549603000000000026e-14
2.834095999999999973e-14
2.517088999999999909e-14
4.305334000000000156e-14
3.668610000000000107e-14
1.314089000000000043e-14
2.172987999999999881e-14
3.316379999999999824e-14
3.942265999999999835e-14
3.663191000000000087e-14
2.311169999999999885e-14
4.026258999999999778e-14
1.969777999999999957e-14
1.245538999999999889e-13
4.392036000000000199e-14
2.649853000000000028e-14
5.874111999999999790e-14
1.333055000000000044e-14
4.657563999999999807e-14
1.975196999999999977e-14
3.503332999999999689e-14
1.335763999999999986e-14
3.896205000000000209e-14
3.134845999999999979e-14
3.194455000000000195e-14
4.324300000000000315e-14
5.771152000000000499e-14
2.522507999999999928e-14
2.495413999999999966e-14
3.982908000000000072e-14
2.809711000000000111e-14
3.080657000000000234e-14
2.565860000000000085e-14
2.015838999999999899e-14
4.126508999999999780e-14
2.075446999999999979e-14
6.876611999999999810e-14
2.010419999999999879e-14
3.988327000000000091e-14
3.617129999999999830e-14
4.023550000000000309e-14
4.004582999999999699e-14
2.029386000000000038e-14
3.931427999999999795e-14
2.831386999999999873e-14
2.368068999999999865e-14
2.888284999999999718e-14
2.200081999999999844e-14
3.061691000000000075e-14
3.855562999999999972e-14
2.766360000000000089e-14
4.774070000000000048e-14
2.313880000000000120e-14
2.042933999999999997e-14
2.834095999999999973e-14
4.142765999999999839e-14
3.002083000000000311e-14
2.484575999999999926e-14
3.340765000000000003e-14
4.465191999999999923e-14
2.823257999999999934e-14
2.145893000000000099e-14
2.316588999999999905e-14
2.278656999999999903e-14
5.578779999999999984e-14
3.034595999999999977e-14
2.097123000000000057e-14
4.481448999999999982e-14
2.416838999999999907e-14
1.986035000000000016e-14
3.698414000000000305e-14
3.186326000000000256e-14
3.256772000000000060e-14
2.303042000000000081e-14
6.383490000000000550e-14
3.197164000000000295e-14
2.896414000000000289e-14
5.440598000000000296e-14
2.844934000000000013e-14
7.266773999999999778e-14
2.956022000000000054e-14
3.459981999999999983e-14
1.980615999999999997e-14
2.500832999999999985e-14
3.535846999999999807e-14
1.839724000000000073e-14
1.804500999999999855e-14
3.787827000000000087e-14
6.876611999999999810e-14
4.261981999999999999e-14
6.028551000000000168e-14
1.704250999999999853e-14
2.441224000000000085e-14
1.793663000000000132e-14
2.083575999999999918e-14
2.820549000000000150e-14
2.533345999999999967e-14
2.359941000000000062e-14
3.394955000000000199e-14
4.616922000000000201e-14
4.183408000000000076e-14
2.172987999999999881e-14
3.454562999999999964e-14
2.858481000000000152e-14
2.847643999999999932e-14
5.399956000000000058e-14
3.037305999999999897e-14
4.858063999999999811e-14
3.898914000000000309e-14
2.915379999999999817e-14
2.671529000000000107e-14
8.968316000000000479e-15
9.943722000000000220e-15
6.502706000000000238e-15
2.449353000000000024e-14
8.345139999999999757e-15
1.148810999999999963e-14
8.182572000000000386e-15
8.187991000000000406e-14
2.365358999999999946e-14
2.660691000000000067e-14
3.107751999999999701e-14
2.021257999999999918e-14
1.563358999999999930e-14
2.278656999999999903e-14
2.622757999999999930e-14
2.378906999999999905e-14
2.844934000000000013e-14
3.270319000000000199e-14
2.541474000000000087e-14
2.400581999999999848e-14
2.947893999999999934e-14
1.929136000000000036e-14
1.370987000000000045e-14
3.267610000000000099e-14
1.753020999999999895e-14
2.723007999999999932e-14
2.048353000000000016e-14
2.284075999999999922e-14
2.462899999999999848e-14
3.722798999999999852e-14
1.728636000000000032e-14
1.983325000000000096e-14
2.107961000000000097e-14
2.877448000000000130e-14
4.551894999999999786e-14
3.980198000000000152e-14
2.855772000000000052e-14
1.725926999999999932e-14
1.595873000000000048e-14
2.029386000000000038e-14
3.850143999999999952e-14
3.888077000000000089e-14
2.704042000000000089e-14
1.891204000000000034e-14
3.324508999999999764e-14
1.864108999999999936e-14
3.367860000000000101e-14
1.387243999999999946e-14
1.105459999999999941e-14
1.823467000000000014e-14
1.769277999999999953e-14
2.972279000000000113e-14
3.153812999999999958e-14
3.281157000000000238e-14
2.484575999999999926e-14
5.830759999999999633e-14
4.289077000000000097e-14
4.457062999999999983e-14
3.730927999999999791e-14
3.226967999999999862e-14
3.898914000000000309e-14
1.419758000000000064e-14
2.121507999999999920e-14
2.419549000000000142e-14
3.335346999999999803e-14
1.847851999999999877e-14
2.939764999999999995e-14
1.880365999999999995e-14
3.801374000000000226e-14
2.045643000000000097e-14
1.541682999999999851e-14
4.411003000000000178e-14
1.907461000000000093e-14
7.562105999999999585e-14
1.064818000000000020e-14
5.792828000000000578e-14
2.262399999999999844e-14
2.798873000000000071e-14
3.603582999999999691e-14
2.601082999999999987e-14
2.135055000000000059e-14
2.259689999999999924e-14
4.977279999999999972e-14
1.514588999999999889e-14
2.582116000000000008e-14
1.460399000000000008e-14
2.766360000000000089e-14
2.999372999999999760e-14
3.801374000000000226e-14
1.739474000000000071e-14
1.755731000000000130e-14
3.254062999999999960e-14
4.950184999999999874e-14
1.419758000000000064e-14
3.725508999999999772e-14
5.681739999999999906e-14
3.565651000000000005e-14
3.235095999999999981e-14
1.457689999999999908e-14
1.644643000000000089e-14
5.478529999999999982e-14
1.934555000000000055e-14
2.162150000000000157e-14
1.487494000000000106e-14
1.446851999999999869e-14
3.264900999999999999e-14
2.018547999999999998e-14
2.208211000000000099e-14
1.655481000000000128e-14
1.541682999999999851e-14
3.132136999999999879e-14
1.655481000000000128e-14
2.107961000000000097e-14
1.942683999999999995e-14
2.492704000000000046e-14
5.210294000000000094e-14
1.785535000000000012e-14
2.042933999999999997e-14
1.986035000000000016e-14
3.321798999999999844e-14
1.739474000000000071e-14
1.007920000000000017e-14
2.904541999999999777e-14
4.370360999999999941e-14
3.245934000000000020e-14
3.958522999999999893e-14
8.616085999999999881e-15
1.528136000000000028e-14
2.685075999999999930e-14
8.995411000000000577e-15
8.941221000000000381e-15
1.598582000000000147e-14
1.495621999999999910e-14
2.338264999999999983e-14
1.864108999999999936e-14
3.191745000000000275e-14
2.403292000000000083e-14
1.994163000000000136e-14
3.294705000000000197e-14
1.696123000000000050e-14
1.441432999999999849e-14
1.893913000000000134e-14
4.429968999999999705e-14
1.652770999999999893e-14
5.050434999999999876e-14
1.785535000000000012e-14
4.018131000000000289e-14
1.837014999999999973e-14
1.314089000000000043e-14
2.438514999999999985e-14
1.777406000000000073e-14
2.156731000000000138e-14
2.232595999999999961e-14
2.530636999999999868e-14
2.953312999999999954e-14
2.847643999999999932e-14
2.284075999999999922e-14
2.029386000000000038e-14
2.305750999999999865e-14
2.511669999999999889e-14
2.452062000000000124e-14
2.040224000000000077e-14
3.519589999999999748e-14
1.476656000000000067e-14
8.534801999999999406e-15
6.638180000000000120e-15
3.901623999999999755e-15
6.638180000000000120e-15
8.047098999999999536e-15
5.879530000000000305e-15
7.803247999999999510e-15
1.002500999999999997e-14
1.977906999999999897e-14
2.151312000000000118e-14
2.807002000000000011e-14
2.788035000000000032e-14
1.460399000000000008e-14
3.939555999999999915e-14
1.750312000000000110e-14
1.582325000000000089e-14
1.761150000000000150e-14
3.113170999999999721e-14
3.291995000000000277e-14
2.766360000000000089e-14
1.907461000000000093e-14
2.536055999999999887e-14
1.593163000000000128e-14
3.655062999999999968e-14
2.145893000000000099e-14
1.192162999999999962e-14
3.820339999999999754e-14
1.560650000000000146e-14
1.473946999999999967e-14
2.993953999999999740e-14
1.498332000000000145e-14
3.842015999999999833e-14
3.560231999999999985e-14
6.340138999999999898e-15
1.902042000000000073e-14
1.086493999999999941e-14
3.243224999999999921e-14
1.696123000000000050e-14
1.135263999999999982e-14
4.194246000000000115e-14
1.639224000000000069e-14
2.964150000000000173e-14
3.367860000000000101e-14
1.406209999999999947e-14
2.709461000000000109e-14
9.672776000000000097e-15
1.360149000000000006e-14
1.414339000000000045e-14
5.028760000000000248e-14
1.566068000000000030e-14
1.785535000000000012e-14
1.899332000000000153e-14
8.941221000000000381e-15
2.088994000000000118e-14
1.322217000000000004e-14
1.953520999999999899e-14
8.372234999999999855e-15
3.077948000000000134e-14
1.406209999999999947e-14
1.316797999999999985e-14
2.221757999999999922e-14
2.224468000000000158e-14
1.980615999999999997e-14
2.219049000000000138e-14
1.154229999999999983e-14
1.238224000000000061e-14
1.343892999999999925e-14
2.866610000000000091e-14
1.289703000000000044e-14
1.490204000000000026e-14
2.251562000000000120e-14
2.424967999999999846e-14
3.367860000000000101e-14
2.424967999999999846e-14
3.091495000000000273e-14
1.314089000000000043e-14
3.113170999999999721e-14
1.872237999999999875e-14
2.573987999999999889e-14
3.045434000000000016e-14
3.042724999999999917e-14
1.549812000000000106e-14
1.731345999999999952e-14
2.760941000000000069e-14
3.091495000000000273e-14
3.926008999999999776e-14
1.547101999999999871e-14
1.907461000000000093e-14
3.947684999999999854e-14
2.763649999999999854e-14
1.996873000000000055e-14
9.374734999999999875e-15
7.532301999999999387e-15
1.910169999999999877e-14
3.641515999999999829e-14
1.517297999999999989e-14
1.839724000000000073e-14
3.454562999999999964e-14
1.433305000000000046e-14
2.005000999999999859e-14
1.522717000000000008e-14
1.295122000000000064e-14
1.720507999999999912e-14
2.953312999999999954e-14
1.671737000000000051e-14
3.091495000000000273e-14
1.679865999999999991e-14
2.598373000000000067e-14
3.283867000000000158e-14
2.126926999999999940e-14
1.501040999999999930e-14
1.324925999999999946e-14
1.538974000000000067e-14
1.891204000000000034e-14
6.733010999999999471e-14
6.979572000000000363e-14
1.902042000000000073e-14
8.209667000000000484e-15
9.672776000000000097e-15
1.809919999999999875e-14
2.034805000000000057e-14
2.064608999999999940e-14
2.403292000000000083e-14
2.330136000000000044e-14
1.070237000000000039e-14
2.078156999999999899e-14
1.357440000000000064e-14
1.270737000000000043e-14
3.552103000000000046e-14
3.441015999999999825e-14
2.303042000000000081e-14
1.021466999999999998e-14
1.587744000000000108e-14
1.438724000000000065e-14
1.847851999999999877e-14
1.097331999999999980e-14
1.173196999999999961e-14
1.035013999999999980e-14
2.595663999999999967e-14
2.332845999999999963e-14
4.378489000000000060e-14
3.514170999999999729e-14
7.992910000000000737e-15
5.364733000000000156e-15
6.556895999999999645e-15
1.709669999999999873e-14
1.203001000000000001e-14
1.417047999999999987e-14
1.842432999999999857e-14
3.441015999999999825e-14
2.571279000000000105e-14
1.137974000000000059e-14
1.059399000000000000e-14
2.576696999999999989e-14
1.333055000000000044e-14
2.717588999999999912e-14
1.414339000000000045e-14
1.449562000000000104e-14
1.221967000000000002e-14
1.980615999999999997e-14
1.289703000000000044e-14
5.066691999999999935e-14
2.202792000000000079e-14
4.497705000000000378e-15
1.509169999999999869e-14
1.024175999999999940e-14
1.021466999999999998e-14
2.151312000000000118e-14
1.059399000000000000e-14
1.501040999999999930e-14
2.170277999999999961e-14
1.362858999999999926e-14
1.855981000000000132e-14
6.963314999999999830e-15
6.042097999999999676e-15
1.520007999999999908e-14
2.284075999999999922e-14
9.428924000000000251e-15
1.460399000000000008e-14
1.333055000000000044e-14
1.379115999999999985e-14
1.482075000000000087e-14
1.016047999999999979e-14
1.490204000000000026e-14
1.606709999999999951e-14
1.788244000000000112e-14
1.842432999999999857e-14
9.130883999999999850e-15
1.885785000000000014e-14
1.866818999999999856e-14
1.086493999999999941e-14
1.709669999999999873e-14
1.666318999999999852e-14
2.010419999999999879e-14
2.809711000000000111e-14
1.053979999999999981e-14
1.720507999999999912e-14
3.432886999999999885e-14
1.184034000000000023e-14
1.780115999999999993e-14
2.338264999999999983e-14
1.308670000000000023e-14
8.887032000000000004e-15
3.977489000000000052e-14
5.852436000000000027e-15
2.194663000000000140e-14
3.893495000000000289e-14
1.452270999999999889e-14
1.441432999999999849e-14
1.324925999999999946e-14
7.721964000000000614e-15
9.428924000000000251e-15
9.808248999999999370e-15
7.776152999999999412e-15
1.720507999999999912e-14
9.645680999999999999e-15
2.124217000000000020e-14
1.308670000000000023e-14
1.633805000000000049e-14
1.005209999999999940e-14
2.476446999999999987e-14
1.165068000000000022e-14
1.687994000000000110e-14
1.463108999999999928e-14
7.451018000000000490e-15
4.237596999999999821e-14
6.638180000000000120e-15
1.975196999999999977e-14
1.341183000000000005e-14
9.645680999999999999e-15
2.454772000000000044e-14
1.259899000000000004e-14
6.448516999999999862e-15
1.590454000000000028e-14
1.246352000000000023e-14
1.308670000000000023e-14
1.782825000000000093e-14
1.162358999999999922e-14
1.595873000000000048e-14
2.167568999999999861e-14
1.151521000000000041e-14
1.506459999999999949e-14
6.231760000000000114e-15
1.127136000000000020e-14
2.080865999999999999e-14
1.436014000000000145e-14
5.391826999999999646e-15
2.135055000000000059e-14
1.465818000000000028e-14
1.734055000000000051e-14
1.135263999999999982e-14
1.219256999999999925e-14
1.956231000000000134e-14
1.482075000000000087e-14
3.202583000000000314e-14
9.510208000000000726e-15
2.598373000000000067e-14
9.970817000000000318e-15
2.023967000000000018e-14
2.481866000000000006e-14
9.699870000000000375e-15
1.476656000000000067e-14
2.687785000000000030e-14
1.891204000000000034e-14
1.197581999999999982e-14
3.327217999999999864e-14
1.576906000000000069e-14
1.780115999999999993e-14
1.094622000000000060e-14
1.528136000000000028e-14
2.359941000000000062e-14
1.072946999999999959e-14
1.888494000000000114e-14
9.781153999999999272e-15
1.362858999999999926e-14
2.172987999999999881e-14
1.151521000000000041e-14
2.002292000000000075e-14
1.113588000000000061e-14
1.032305000000000038e-14
9.239262000000000602e-15
1.227386000000000022e-14
1.541682999999999851e-14
1.937264999999999975e-14
2.514380000000000124e-14
2.465610000000000083e-14
2.752812000000000130e-14
9.754060000000000571e-15
2.498123000000000065e-14
2.847643999999999932e-14
1.251771000000000042e-14
2.289494999999999942e-14
3.359731999999999903e-15
2.546893000000000106e-15
3.105041999999999781e-14
1.706959999999999953e-14
1.725926999999999932e-14
1.173196999999999961e-14
2.414130000000000122e-14
1.479365999999999987e-14
2.029386000000000038e-14
1.056690000000000058e-14
1.208420000000000021e-14
1.221967000000000002e-14
1.165068000000000022e-14
1.468527999999999948e-14
1.977906999999999897e-14
1.113588000000000061e-14
1.048560999999999961e-14
1.501040999999999930e-14
7.938721000000000361e-15
1.628386000000000030e-14
2.297623000000000061e-14
1.834305000000000053e-14
9.374734999999999875e-15
2.709461000000000109e-14
3.170069000000000197e-14
7.816794999999999965e-14
1.026886000000000018e-14
2.091704000000000038e-14
9.185073000000000226e-15
3.795955000000000207e-14
8.236762000000000583e-15
1.297831999999999984e-14
1.473946999999999967e-14
2.191954000000000040e-14
1.921007999999999916e-14
2.595663999999999967e-14
2.040224000000000077e-14
8.561896999999999505e-15
2.395163999999999964e-14
8.020004999999999258e-15
1.070237000000000039e-14
1.137974000000000059e-14
1.937264999999999975e-14
1.002500999999999997e-14
7.857436999999999887e-15
1.221967000000000002e-14
8.697370000000000355e-15
1.086493999999999941e-14
3.183617000000000156e-14
2.983117000000000152e-14
1.720507999999999912e-14
2.541474000000000087e-14
7.667775000000000237e-15
1.939974000000000075e-14
7.532301999999999387e-15
4.308042999999999940e-15
1.395372000000000066e-14
6.285950000000000311e-15
1.406209999999999947e-14
1.219256999999999925e-14
2.005000999999999859e-14
1.194872000000000062e-14
1.311378999999999965e-14
9.347640999999999597e-15
7.071692999999999794e-15
1.715088999999999893e-14
9.266357000000000700e-15
1.511878999999999969e-14
1.295122000000000064e-14
8.914127000000000102e-15
1.273446999999999963e-14
2.224468000000000158e-14
1.644643000000000089e-14
2.357231000000000063e-15
1.536264000000000147e-14
9.103788999999999752e-15
9.239262000000000602e-15
1.796373000000000052e-14
1.842432999999999857e-14
9.022504999999999277e-15
1.083784000000000021e-14
1.541682999999999851e-14
1.127136000000000020e-14
1.593163000000000128e-14
1.208420000000000021e-14
1.994163000000000136e-14
2.471027999999999967e-14
8.616085999999999881e-15
1.758439999999999914e-14
8.941221000000000381e-15
1.392662999999999966e-14
2.359941000000000062e-14
1.593163000000000128e-14
5.933719999999999713e-15
6.394328000000000274e-15
8.995411000000000577e-15
9.510208000000000726e-15
9.970817000000000318e-15
8.832842999999999628e-15
1.362858999999999926e-14
2.183825999999999920e-14
1.097331999999999980e-14
1.259899000000000004e-14
9.103788999999999752e-15
7.938721000000000361e-15
1.113588000000000061e-14
6.936219999999999732e-15
1.322217000000000004e-14
8.020004999999999258e-15
2.191954000000000040e-14
1.316797999999999985e-14
4.037096999999999817e-15
1.305959999999999945e-14
3.294705000000000197e-14
1.449562000000000104e-14
9.510208000000000726e-15
1.089203000000000040e-14
1.406209999999999947e-14
2.698623000000000069e-14
1.408920000000000025e-14
9.862437999999999746e-15
1.303251000000000003e-14
2.018547999999999998e-14
8.616085999999999881e-15
1.801792000000000071e-14
3.061691000000000075e-14
1.346602000000000025e-14
1.013338000000000059e-14
1.427886000000000026e-14
1.891204000000000034e-14
1.677156000000000071e-14
8.670275000000000257e-15
1.089203000000000040e-14
8.399329000000000134e-15
1.479365999999999987e-14
8.778653999999999252e-15
9.754060000000000571e-15
1.370987000000000045e-14
2.335555000000000063e-14
1.682575000000000091e-14
9.049599999999999375e-15
1.094622000000000060e-14
1.514588999999999889e-14
2.088994000000000118e-14
1.568777999999999949e-14
8.832842999999999628e-15
2.755522000000000050e-14
6.773653000000000181e-15
1.430595000000000126e-14
5.933719999999999713e-15
5.120881000000000311e-15
6.204665999999999836e-15
2.275946999999999983e-15
4.389326999999999626e-15
3.088786000000000173e-15
2.086284999999999939e-15
8.480613000000000608e-15
1.121717000000000000e-14
2.170277999999999961e-14
2.381616000000000005e-14
1.270737000000000043e-14
1.482075000000000087e-14
1.203001000000000001e-14
1.259899000000000004e-14
1.834305000000000053e-14
1.441432999999999849e-14
1.349311999999999945e-14
3.684867000000000166e-14
7.992910000000000737e-15
9.726965000000000473e-15
7.640680000000000139e-15
3.191745000000000275e-14
1.007920000000000017e-14
5.310543999999999780e-15
1.687994000000000110e-14
1.075656000000000059e-14
2.446643000000000104e-14
4.822840999999999909e-15
1.517297999999999989e-14
1.343892999999999925e-14
1.370987000000000045e-14
2.362649999999999846e-14
2.178406999999999901e-14
1.484785000000000006e-14
9.537302999999999246e-15
1.059399000000000000e-14
1.146102000000000021e-14
1.203001000000000001e-14
1.837014999999999973e-14
1.297831999999999984e-14
1.392662999999999966e-14
7.369734000000000016e-15
2.140474000000000079e-14
4.470611000000000100e-15
1.454981000000000124e-14
2.923507999999999936e-14
8.643180999999999979e-15
1.552520999999999891e-14
9.049599999999999375e-15
1.213839000000000041e-14
8.453518000000000510e-15
9.049599999999999375e-15
2.788035000000000032e-14
5.987909000000000089e-15
1.016047999999999979e-14
4.064191999999999915e-15
9.049599999999999375e-15
3.459981999999999983e-14
1.788244000000000112e-14
8.887032000000000004e-15
1.175906000000000061e-14
3.170069000000000039e-15
1.392662999999999966e-14
4.714462000000000126e-15
2.533345999999999967e-14
1.563358999999999930e-14
1.961650000000000153e-14
5.933719999999999713e-15
2.340974000000000083e-14
5.229260000000000095e-15
6.529801000000000336e-15
6.638180000000000120e-15
2.124217000000000020e-14
5.364733000000000156e-15
1.785535000000000012e-14
7.667775000000000237e-15
2.714880000000000128e-14
2.368068999999999865e-14
1.406209999999999947e-14
2.980406999999999995e-15
6.340138999999999898e-15
1.100040999999999922e-14
6.150477000000000249e-15
1.284285000000000002e-14
1.159649000000000002e-14
1.449562000000000104e-14
6.936219999999999732e-15
1.021466999999999998e-14
1.040432999999999999e-14
2.129636000000000040e-14
2.912670999999999717e-14
1.736764999999999971e-14
6.854936000000000047e-15
1.100040999999999922e-14
9.916627000000000122e-15
9.943722000000000220e-15
4.904123999999999775e-15
1.381824999999999927e-14
8.209667000000000484e-15
9.943722000000000220e-15
1.116297999999999981e-14
6.285950000000000311e-15
6.394328000000000274e-15
1.213839000000000041e-14
1.102750999999999999e-14
5.906624999999999615e-15
5.689867999999999867e-15
1.568777999999999949e-14
7.803247999999999510e-15
5.825340999999999929e-15
4.822840999999999909e-15
1.297831999999999984e-14
9.564396999999999524e-15
1.148810999999999963e-14
8.697370000000000355e-15
2.568568999999999869e-14
1.528136000000000028e-14
2.904541999999999777e-14
2.181116000000000001e-14
1.549812000000000106e-14
5.229260000000000095e-15
2.872029000000000032e-15
2.389744999999999944e-14
9.537302999999999246e-15
1.357440000000000064e-14
1.005209999999999940e-14
6.583989999999999923e-15
1.360149000000000006e-14
4.849935000000000187e-15
8.832842999999999628e-15
8.832842999999999628e-15
9.808248999999999370e-15
1.996873000000000055e-14
6.340138999999999898e-15
1.159649000000000002e-14
6.285950000000000311e-15
9.212167000000000504e-15
2.714880000000000128e-14
1.091912999999999960e-14
1.005209999999999940e-14
6.502706000000000238e-15
1.622967000000000010e-14
2.351812000000000122e-14
1.053979999999999981e-14
9.320545999999999499e-15
5.229260000000000095e-15
1.135263999999999982e-14
1.845143000000000093e-14
1.124425999999999942e-14
1.246352000000000023e-14
9.130883999999999850e-15
6.638180000000000120e-15
1.316797999999999985e-14
8.941221000000000381e-15
1.373696999999999965e-14
1.612128999999999971e-14
2.400581999999999848e-14
1.744893000000000091e-14
9.347640999999999597e-15
4.253854000000000353e-15
2.145893000000000099e-14
8.941221000000000381e-15
1.072946999999999959e-14
4.289077000000000097e-14
1.384535000000000004e-14
1.669027999999999951e-14
8.209667000000000484e-15
2.682366000000000168e-15
4.010001999999999719e-15
1.181324999999999923e-14
1.436014000000000145e-14
4.470611000000000100e-15
4.877030000000000286e-15
2.484575999999999926e-14
6.583989999999999923e-15
1.343892999999999925e-14
2.200081999999999844e-14
1.192162999999999962e-14
6.746558000000000083e-15
7.532301999999999387e-15
1.262608999999999924e-14
1.728636000000000032e-14
7.234261000000000743e-15
6.285950000000000311e-15
1.349311999999999945e-14
1.005209999999999940e-14
1.541682999999999851e-14
1.598582000000000147e-14
6.367233000000000176e-15
1.024175999999999940e-14
8.534801999999999406e-15
7.911626000000000263e-15
1.029594999999999960e-14
1.002500999999999997e-14
2.682366000000000168e-15
3.901623999999999755e-15
2.693204000000000050e-14
1.452270999999999889e-14
1.262608999999999924e-14
1.262608999999999924e-14
1.102750999999999999e-14
3.156522000000000058e-14
9.130883999999999850e-15
8.345139999999999757e-15
3.142975000000000155e-15
4.524799999999999688e-15
2.777198000000000128e-14
1.804500999999999855e-14
8.859937999999999726e-15
2.072737999999999879e-14
8.887032000000000004e-15
4.524799999999999688e-15
4.687367999999999848e-15
1.330344999999999966e-14
1.062109000000000078e-14
1.246352000000000023e-14
7.884531999999999985e-15
7.721964000000000614e-15
1.809919999999999875e-14
7.640680000000000139e-15
8.995411000000000577e-15
1.701542000000000069e-14
9.618586999999999721e-15
2.327426999999999944e-14
7.965815000000000639e-15
2.018547999999999998e-14
1.964358999999999938e-14
1.075656000000000059e-14
8.887032000000000004e-15
1.807211000000000091e-14
1.341183000000000005e-14
1.173196999999999961e-14
1.687994000000000110e-14
1.124425999999999942e-14
1.154229999999999983e-14
1.425176999999999926e-14
8.832842999999999628e-15
1.108170000000000019e-14
1.747601999999999875e-14
2.040224000000000077e-14
6.096287000000000053e-15
1.950812000000000114e-14
5.798246999999999651e-15
7.152977000000000269e-15
5.825340999999999929e-15
5.635679000000000280e-15
1.910169999999999877e-14
4.633177999999999651e-15
6.069192999999999774e-15
1.552520999999999891e-14
3.034595999999999977e-15
9.889532999999999844e-15
1.135263999999999982e-14
8.887032000000000004e-15
2.763649999999999854e-15
2.620049000000000146e-14
6.313043999999999800e-15
1.346602000000000025e-14
1.452270999999999889e-14
2.243434000000000001e-14
5.987909000000000089e-15
4.413712000000000278e-14
1.677156000000000071e-14
7.776152999999999412e-15
7.857436999999999887e-15
5.987909000000000089e-15
9.293450999999999401e-15
1.324925999999999946e-14
2.086285000000000018e-14
7.965815000000000639e-15
2.400581999999999848e-14
9.022504999999999277e-15
9.157978000000000128e-15
1.425176999999999926e-14
6.475611999999999960e-15
1.457689999999999908e-14
1.839724000000000073e-14
5.256354000000000373e-15
4.308042999999999940e-15
1.048560999999999961e-14
2.492704000000000125e-15
1.081075000000000079e-14
7.884531999999999985e-15
1.289703000000000044e-14
1.235513999999999984e-14
3.004791999999999779e-14
1.162358999999999922e-14
1.170487000000000041e-14
1.032305000000000038e-14
5.960813999999999991e-15
5.906624999999999615e-15
5.798246999999999651e-15
1.303251000000000003e-14
3.224258999999999762e-14
2.148603000000000018e-14
1.444143000000000085e-14
1.081075000000000079e-14
2.332845999999999963e-14
1.587744000000000108e-14
5.744057000000000244e-15
1.148810999999999963e-14
7.478112000000000768e-15
1.175906000000000061e-14
1.026886000000000018e-14
4.633177999999999651e-15
7.044599000000000305e-15
6.502706000000000238e-15
6.258855000000000212e-15
1.427886000000000026e-14
2.048353000000000016e-14
7.938721000000000361e-15
1.127136000000000020e-14
2.191954000000000040e-14
1.430595000000000126e-14
9.997911000000000597e-15
1.040432999999999999e-14
9.510208000000000726e-15
1.341183000000000005e-14
1.438724000000000065e-14
1.089203000000000040e-14
3.495204999999999964e-15
1.324925999999999946e-14
8.778653999999999252e-15
1.026886000000000018e-14
8.426424000000000232e-15
7.017504000000000207e-15
6.150477000000000249e-15
9.997911000000000597e-15
1.140683000000000001e-14
3.982908000000000230e-15
1.977906999999999897e-14
9.130883999999999850e-15
2.278656999999999903e-14
1.880365999999999995e-14
1.140683000000000001e-14
1.877656000000000075e-14
5.689867999999999867e-15
1.016047999999999979e-14
4.389326999999999626e-15
5.825340999999999929e-15
2.005000999999999859e-15
1.685285000000000010e-14
1.108170000000000019e-14
1.048560999999999961e-14
7.396829000000000114e-15
2.229886000000000042e-14
1.051271000000000039e-14
1.446851999999999869e-14
2.105250999999999861e-14
6.015003000000000367e-15
8.047098999999999536e-15
6.177570999999999738e-15
2.430386999999999866e-14
8.020004999999999258e-15
1.197581999999999982e-14
2.327426999999999944e-14
5.554394999999999806e-15
4.660272999999999749e-15
1.598582000000000069e-15
4.253854000000000353e-15
4.497705000000000378e-15
1.368277999999999946e-14
1.379115999999999985e-14
1.525426999999999928e-14
5.418921999999999744e-15
7.234261000000000743e-15
1.650062000000000108e-14
2.205500999999999863e-14
1.037724000000000057e-14
8.887032000000000004e-15
7.505206999999999289e-15
5.554394999999999806e-15
9.185073000000000226e-15
7.694869000000000516e-15
1.132555000000000040e-14
7.017504000000000207e-15
1.538974000000000067e-14
1.408920000000000025e-14
4.687367999999999848e-15
3.012920999999999719e-14
5.418921999999999744e-15
5.879530000000000305e-15
1.796373000000000052e-14
1.016047999999999979e-14
5.906624999999999615e-15
1.213839000000000041e-14
1.319508000000000062e-14
7.938721000000000361e-15
5.066691999999999935e-15
1.289703000000000044e-14
1.230094999999999964e-14
6.475611999999999960e-15
7.288449999999999541e-15
2.124217000000000020e-14
1.110878999999999961e-14
2.048353000000000016e-14
7.152977000000000269e-15
4.714462000000000126e-15
7.288449999999999541e-15
1.227386000000000022e-14
1.205709999999999943e-14
5.202164999999999996e-15
8.507708000000000706e-15
1.560650000000000146e-14
2.292204000000000042e-14
6.042097999999999676e-15
2.682366000000000168e-15
3.619839999999999750e-14
8.236762000000000583e-15
3.161941000000000077e-14
2.015838999999999899e-14
1.091912999999999960e-14
1.308670000000000023e-14
1.175906000000000061e-14
1.625676999999999969e-15
4.985408000000000249e-15
1.029594999999999921e-15
2.953313000000000112e-15
1.706960000000000032e-15
6.096287000000000053e-15
1.598582000000000069e-15
3.657771999999999910e-15
1.273446999999999963e-15
7.803247999999999510e-15
1.154229999999999983e-14
7.992910000000000737e-15
1.379115999999999985e-14
1.162358999999999922e-14
9.781153999999999272e-15
1.192162999999999962e-14
1.896622999999999896e-15
1.501040999999999930e-14
1.709669999999999873e-14
9.970817000000000318e-15
5.337638000000000058e-15
1.579615999999999989e-14
8.995411000000000577e-15
1.110878999999999961e-14
9.049599999999999375e-15
8.534801999999999406e-15
1.029594999999999960e-14
1.078365000000000001e-14
4.443516000000000002e-15
9.564396999999999524e-15
6.827841999999999769e-15
7.613585000000000041e-15
6.773653000000000181e-15
5.147975999999999620e-15
1.035013999999999980e-14
7.342638999999999918e-15
5.689867999999999867e-15
1.197581999999999982e-14
3.495204999999999964e-15
5.446016999999999842e-15
1.533555000000000047e-14
4.443516000000000002e-15
6.611085000000000021e-15
3.251353000000000119e-15
8.290950999999999381e-15
5.446016999999999842e-15
1.544393000000000087e-14
6.583989999999999923e-15
8.128383000000000010e-15
6.529801000000000336e-15
5.147975999999999620e-15
2.492704000000000125e-15
3.684867000000000008e-15
1.091912999999999960e-14
1.078365000000000001e-14
8.263855999999999283e-15
7.749059000000000712e-15
2.519798999999999828e-15
8.263855999999999283e-15
9.320545999999999499e-15
6.313043999999999800e-15
8.074193999999999634e-15
3.007501999999999699e-14
5.473111000000000120e-15
4.524799999999999688e-15
1.433305000000000046e-14
7.559395999999999665e-15
9.537302999999999246e-15
5.852436000000000027e-15
2.330135999999999965e-15
4.687367999999999848e-15
7.125882999999999990e-15
1.021466999999999998e-14
6.096287000000000053e-15
6.854936000000000047e-15
2.628177000000000186e-15
5.446016999999999842e-15
2.248853000000000099e-15
9.401829999999999973e-15
7.776152999999999412e-15
1.243642999999999923e-14
1.273446999999999963e-14
1.652770999999999893e-14
1.899332000000000153e-14
2.961441000000000073e-14
9.185073000000000226e-15
9.564396999999999524e-15
1.292412999999999964e-14
4.578989000000000064e-15
1.007920000000000017e-14
9.185073000000000226e-15
4.822840999999999909e-15
6.285950000000000311e-15
1.230094999999999964e-14
1.395372000000000066e-14
9.808248999999999370e-15
5.798246999999999651e-15
1.024175999999999940e-14
1.007920000000000017e-14
2.221758000000000001e-15
2.877448000000000130e-14
3.766150999999999693e-15
7.830341999999999788e-15
2.601082999999999908e-15
6.015003000000000367e-15
1.514588999999999889e-14
3.224258999999999841e-15
3.061691000000000075e-14
1.484785000000000006e-14
6.773653000000000181e-15
5.716962999999999965e-15
4.389326999999999626e-15
4.362232000000000317e-15
1.127136000000000020e-14
9.916627000000000122e-15
7.613585000000000041e-15
1.582325000000000089e-14
6.800746999999999671e-15
8.643180999999999979e-15
5.039597999999999657e-15
1.205709999999999943e-14
5.825340999999999929e-15
5.473111000000000120e-15
1.533555000000000047e-14
5.175070999999999718e-15
1.167777999999999942e-14
4.335138000000000039e-15
3.088786000000000173e-15
5.662774000000000378e-15
6.042097999999999676e-15
2.059189999999999920e-14
6.611085000000000021e-15
1.655481000000000128e-14
6.583989999999999923e-15
6.909126000000000243e-15
4.877030000000000286e-15
9.672776000000000097e-15
6.475611999999999960e-15
4.335138000000000039e-15
5.689867999999999867e-15
5.012503000000000347e-15
1.360149000000000006e-14
5.310543999999999780e-15
1.520007999999999908e-14
3.251353000000000119e-15
4.768650999999999713e-15
6.529801000000000336e-15
6.177570999999999738e-15
4.226759000000000255e-15
8.399329000000000134e-15
3.197164000000000137e-15
5.337638000000000058e-15
2.568568999999999869e-14
1.311378999999999965e-14
1.839724000000000073e-14
7.884531999999999985e-15
5.689867999999999867e-15
1.289703000000000044e-14
1.826176999999999934e-14
5.202164999999999996e-15
1.362858999999999926e-14
7.586490999999999763e-15
6.800746999999999671e-15
1.143393000000000079e-14
6.313043999999999800e-15
3.468109999999999866e-15
6.719462999999999985e-15
1.349311999999999945e-14
6.394328000000000274e-15
3.413920999999999884e-15
5.147975999999999620e-15
4.877030000000000286e-15
6.936219999999999732e-15
6.502706000000000238e-15
6.475611999999999960e-15
1.427886000000000026e-14
1.568777999999999949e-14
1.048560999999999961e-14
4.497705000000000378e-15
8.318044999999999659e-15
2.316588999999999905e-14
2.018547999999999998e-14
1.560650000000000146e-14
1.216547999999999983e-14
7.749059000000000712e-15
4.849935000000000187e-15
1.024175999999999940e-14
1.604000999999999852e-14
9.374734999999999875e-15
8.290950999999999381e-15
1.758439999999999914e-14
3.928718000000000033e-15
7.261355999999999263e-15
1.018757000000000079e-14
1.528136000000000028e-14
2.124217000000000020e-14
1.029594999999999960e-14
5.066691999999999935e-15
7.152977000000000269e-15
4.768650999999999713e-15
6.773653000000000181e-15
9.781153999999999272e-15
7.532301999999999387e-15
1.503750999999999850e-14
2.357231000000000063e-15
7.992910000000000737e-15
1.384535000000000004e-14
1.368277999999999946e-14
7.180072000000000367e-15
6.421423000000000372e-15
4.226759000000000255e-15
5.527299999999999707e-15
4.091286000000000193e-15
8.914127000000000102e-15
8.236762000000000583e-15
4.226759000000000255e-15
5.960813999999999991e-15
7.342638999999999918e-15
5.987909000000000089e-15
5.256354000000000373e-15
4.768650999999999713e-15
1.167777999999999942e-14
4.904123999999999775e-15
1.544393000000000087e-15
5.066691999999999935e-15
1.869528000000000192e-15
7.532301999999999387e-15
5.500206000000000218e-15
1.268027999999999944e-14
2.178406999999999901e-14
4.037096999999999817e-15
7.423923000000000392e-15
2.311169999999999885e-14
8.670275000000000257e-15
3.254062999999999960e-14
1.032305000000000038e-14
1.070237000000000039e-14
5.716962999999999965e-15
1.972487999999999877e-14
9.781153999999999272e-15
3.546684000000000026e-14
1.706959999999999953e-14
5.987909000000000089e-15
2.151312000000000118e-14
6.909126000000000243e-15
1.113588000000000061e-14
8.128383000000000010e-15
4.877030000000000286e-15
1.203001000000000001e-14
1.921007999999999916e-14
3.684867000000000008e-15
6.231760000000000114e-15
7.152977000000000269e-15
5.581489999999999904e-15
1.097331999999999980e-14
1.319508000000000062e-14
3.495204999999999964e-15
5.635679000000000280e-15
3.386826000000000181e-15
1.251771000000000042e-14
6.367233000000000176e-15
1.026886000000000018e-14
8.507708000000000706e-15
9.049599999999999375e-15
4.389326999999999626e-15
4.849935000000000187e-15
8.697370000000000355e-15
6.936219999999999732e-15
2.289494999999999942e-14
1.837014999999999973e-14
4.904123999999999775e-15
6.015003000000000367e-15
4.037096999999999817e-15
9.374734999999999875e-15
6.827841999999999769e-15
1.257190000000000062e-14
1.907461000000000093e-14
1.013338000000000059e-14
2.384326000000000161e-15
1.137974000000000059e-14
7.830341999999999788e-15
2.286785000000000022e-14
2.763649999999999854e-15
8.236762000000000583e-15
1.116297999999999981e-14
1.075656000000000059e-14
2.655271999999999890e-15
1.341183000000000005e-14
4.199664999999999977e-15
2.601082999999999908e-15
1.444143000000000085e-14
4.985408000000000249e-15
4.985408000000000249e-15
8.426424000000000232e-15
8.887032000000000004e-15
4.010001999999999719e-15
9.428924000000000251e-15
6.123382000000000151e-15
9.726965000000000473e-15
9.049599999999999375e-15
9.510208000000000726e-15
7.342638999999999918e-15
7.369734000000000016e-15
6.448516999999999862e-15
6.069192999999999774e-15
7.505206999999999289e-15
3.576489000000000044e-15
8.236762000000000583e-15
7.234261000000000743e-15
7.992910000000000737e-15
1.896623000000000054e-14
8.670275000000000257e-15
5.960813999999999991e-15
2.601082999999999908e-15
5.120881000000000311e-15
6.692368999999999707e-15
3.359731999999999903e-15
6.069192999999999774e-15
2.303042000000000081e-15
8.588990999999999783e-15
1.091912999999999960e-14
4.633177999999999651e-15
1.143393000000000079e-14
7.640680000000000139e-15
3.739056000000000384e-15
2.709460999999999872e-15
5.933719999999999713e-15
4.768650999999999713e-15
4.768650999999999713e-15
6.150477000000000249e-15
9.781153999999999272e-15
1.373696999999999965e-14
4.362232000000000317e-15
8.995411000000000577e-15
9.022504999999999277e-15
1.861400000000000152e-14
6.583989999999999923e-15
1.761150000000000031e-15
4.416420999999999904e-15
1.254479999999999985e-14
4.253854000000000353e-15
2.807002000000000011e-14
7.315544999999999640e-15
5.310543999999999780e-15
9.456019000000000350e-15
4.492286000000000201e-14
1.108170000000000019e-14
7.613585000000000041e-15
8.399329000000000134e-15
8.399329000000000134e-15
6.502706000000000238e-15
5.364733000000000156e-15
4.877030000000000286e-15
9.808248999999999370e-15
7.342638999999999918e-15
1.113588000000000061e-14
5.120881000000000311e-15
6.042097999999999676e-15
7.288449999999999541e-15
7.396829000000000114e-15
1.024175999999999940e-14
9.889532999999999844e-15
3.359731999999999903e-15
1.324925999999999946e-14
2.330135999999999965e-15
7.451018000000000490e-15
2.953313000000000112e-15
1.899332000000000153e-14
5.852436000000000027e-15
1.002500999999999997e-14
8.074193999999999634e-15
9.916627000000000122e-15
1.040432999999999999e-14
3.955813000000000131e-15
1.723217000000000012e-14
2.817838999999999836e-15
8.507708000000000706e-15
2.601082999999999908e-15
1.571486999999999970e-15
1.300541000000000044e-15
2.330135999999999965e-15
4.768650999999999713e-15
1.327635999999999945e-15
3.684867000000000008e-15
3.847435000000000168e-15
5.120881000000000311e-15
1.815338999999999816e-15
1.300541000000000044e-15
1.384535000000000004e-14
5.310543999999999780e-15
1.414339000000000045e-14
1.411628999999999967e-14
2.844933999999999934e-15
2.032095999999999958e-15
7.207166000000000645e-15
5.852436000000000027e-15
5.554394999999999806e-15
3.522298999999999848e-15
8.290950999999999381e-15
5.120881000000000311e-15
8.209667000000000484e-15
8.155478000000000108e-15
7.423923000000000392e-15
4.606084000000000162e-15
4.362232000000000317e-15
2.709460999999999872e-15
2.384326000000000161e-15
1.915588999999999897e-14
7.532301999999999387e-15
3.468109999999999866e-15
2.330135999999999965e-15
4.551894999999999786e-15
5.987909000000000089e-15
7.586490999999999763e-15
4.091286000000000193e-15
3.251353000000000119e-15
7.098787999999999892e-15
3.197164000000000137e-15
2.194662999999999903e-15
6.394328000000000274e-15
4.877030000000000286e-15
4.849935000000000187e-15
4.010001999999999719e-15
2.468318999999999867e-14
7.342638999999999918e-15
5.391826999999999646e-15
5.391826999999999646e-15
3.684867000000000008e-15
8.832842999999999628e-15
2.709460999999999884e-17
2.032095999999999958e-15
1.899332000000000153e-14
9.483113999999999659e-16
4.335138000000000236e-16
6.692368999999999707e-15
1.005209999999999940e-14
9.862437999999999746e-15
9.374734999999999875e-15
4.551894999999999786e-15
4.904123999999999775e-15
1.175906000000000061e-14
4.741557000000000224e-15
1.948101999999999879e-14
9.456019000000000350e-15
1.219256999999999964e-15
3.600874000000000223e-14
1.078365000000000001e-14
1.078365000000000001e-14
5.960813999999999991e-15
1.335763999999999986e-14
1.005209999999999940e-14
3.603583000000000322e-15
5.202164999999999996e-15
5.256354000000000373e-15
5.039597999999999657e-15
1.013338000000000059e-14
7.938721000000000361e-15
1.186743999999999943e-14
1.880365999999999995e-14
5.012503000000000347e-15
1.097331999999999980e-14
5.933719999999999713e-15
6.313043999999999800e-15
1.671737000000000051e-14
6.692368999999999707e-15
7.505206999999999289e-15
6.367233000000000176e-15
1.595873000000000048e-14
1.078365000000000001e-14
9.754060000000000571e-15
3.305542000000000101e-15
8.887032000000000004e-15
1.064818000000000020e-14
9.510208000000000726e-15
9.808248999999999370e-15
5.337638000000000058e-15
3.603583000000000322e-15
5.012503000000000347e-15
4.226759000000000255e-15
1.853270999999999897e-14
8.182572000000000386e-15
4.443516000000000002e-15
6.773653000000000181e-15
8.534801999999999406e-15
5.147975999999999620e-15
5.120881000000000311e-15
5.418921999999999744e-15
1.143393000000000079e-14
1.991454000000000036e-14
4.226759000000000255e-15
3.118589999999999740e-14
5.039597999999999657e-15
3.468109999999999866e-15
4.362232000000000317e-15
1.704250999999999853e-14
3.034595999999999977e-15
7.261355999999999263e-15
8.616085999999999881e-15
2.655271999999999890e-15
2.384326000000000161e-15
2.899122999999999915e-15
3.468109999999999866e-15
4.335138000000000039e-15
4.877030000000000286e-15
2.492704000000000125e-15
9.130883999999999850e-15
3.251353000000000119e-15
6.854936000000000047e-15
2.872029000000000032e-15
6.231760000000000114e-15
5.771152000000000342e-15
3.928718000000000033e-15
5.202164999999999996e-15
2.980406999999999995e-15
2.275946999999999983e-15
2.953313000000000112e-15
6.394328000000000274e-15
3.170069000000000039e-15
4.633177999999999651e-15
4.795745999999999811e-15
4.551894999999999786e-15
5.364733000000000156e-15
3.522298999999999848e-15
4.768650999999999713e-15
6.340138999999999898e-15
1.950811999999999878e-15
1.896622999999999896e-15
3.820340000000000070e-15
6.177570999999999738e-15
9.103788999999999752e-15
4.362232000000000317e-15
6.773653000000000181e-15
6.123382000000000151e-15
7.776152999999999412e-15
9.564396999999999524e-15
2.628177000000000186e-15
3.332636999999999804e-15
1.108170000000000019e-14
3.441015999999999982e-15
1.007920000000000017e-14
2.655271999999999890e-15
3.630677999999999632e-15
7.180072000000000367e-15
5.229260000000000095e-15
7.884531999999999985e-15
6.069192999999999774e-15
9.401829999999999973e-15
3.061691000000000075e-15
1.807211000000000091e-14
6.556895999999999645e-15
8.345139999999999757e-15
5.147975999999999620e-15
7.803247999999999510e-15
1.706960000000000032e-15
6.827841999999999769e-15
1.094622000000000060e-14
3.142975000000000155e-15
5.744057000000000244e-15
2.546893000000000106e-15
1.490203999999999908e-15
1.652771000000000050e-15
5.825340999999999929e-15
1.205709999999999943e-14
8.318044999999999659e-15
3.874528999999999657e-15
2.817838999999999836e-15
3.684867000000000008e-15
3.793244999999999972e-15
7.749059000000000712e-15
8.426424000000000232e-15
3.034595999999999977e-15
8.941221000000000381e-16
7.721964000000000614e-15
4.958313999999999971e-15
1.343892999999999925e-14
6.096287000000000053e-15
5.825340999999999929e-15
4.037096999999999817e-15
5.364733000000000156e-15
7.532301999999999387e-15
1.016047999999999979e-14
4.877030000000000286e-15
5.229260000000000095e-15
1.324925999999999946e-14
3.088786000000000173e-15
2.303042000000000081e-15
8.101287999999999912e-15
1.024175999999999940e-14
2.194662999999999903e-15
3.684867000000000008e-15
7.478112000000000768e-15
1.628386000000000030e-14
5.608584000000000182e-15
5.744057000000000244e-15
5.500206000000000218e-15
1.766568999999999854e-14
7.017504000000000207e-15
5.608584000000000182e-15
5.012503000000000347e-15
1.869528000000000192e-15
4.931218999999999873e-15
4.904123999999999775e-15
5.364733000000000156e-15
3.305542000000000101e-15
1.408920000000000025e-15
1.059399000000000000e-14
5.337638000000000058e-15
1.463109000000000007e-15
1.463109000000000007e-15
7.125882999999999990e-15
9.157978000000000128e-15
2.248853000000000099e-15
6.638180000000000120e-15
4.606084000000000162e-15
7.613585000000000041e-15
1.436013999999999909e-15
3.007502000000000094e-15
4.904123999999999775e-15
4.633177999999999651e-15
2.438515000000000143e-15
9.862437999999999746e-15
3.549393999999999946e-15
4.253854000000000353e-15
2.844933999999999934e-15
3.468109999999999866e-15
3.438305999999999905e-14
6.394328000000000274e-15
4.064191999999999915e-15
2.411420000000000045e-15
2.151312000000000118e-14
5.716962999999999965e-15
4.362232000000000317e-15
1.083784000000000021e-14
6.963314999999999830e-15
7.288449999999999541e-15
5.987909000000000089e-15
1.788244000000000112e-15
1.002501000000000037e-15
3.809501999999999715e-14
6.096287000000000053e-15
2.736555999999999970e-15
9.049599999999999375e-15
3.874528999999999657e-15
7.152977000000000269e-15
5.120881000000000311e-15
1.408920000000000025e-14
3.793244999999999972e-15
1.587744000000000108e-14
1.159649000000000002e-14
3.766150999999999693e-15
1.436013999999999909e-15
1.950811999999999878e-15
3.711962000000000106e-15
4.362232000000000317e-15
5.337638000000000058e-15
1.053979999999999981e-14
6.177570999999999738e-15
1.923717000000000174e-15
2.926218000000000014e-15
5.716962999999999965e-15
3.820340000000000070e-15
9.808248999999999370e-15
4.768650999999999713e-15
1.373696999999999965e-14
1.170487000000000041e-14
1.005209999999999940e-14
9.889532999999999844e-15
2.248853000000000099e-15
4.389326999999999626e-15
3.711962000000000106e-15
7.830341999999999788e-15
4.199664999999999977e-15
2.844933999999999934e-15
8.101287999999999912e-15
1.625676999999999969e-15
5.879530000000000305e-15
3.305542000000000101e-15
3.793244999999999972e-16
6.773653000000000181e-15
6.909126000000000243e-15
1.544393000000000087e-15
5.825340999999999929e-15
1.276156000000000063e-14
6.854936000000000047e-15
1.893913000000000134e-14
1.083783999999999902e-15
2.330135999999999965e-15
2.273237999999999883e-14
5.120881000000000311e-15
1.414339000000000045e-14
6.773653000000000181e-15
4.985408000000000249e-15
8.697370000000000355e-15
6.909126000000000243e-15
2.059189999999999841e-15
4.118381000000000291e-15
3.300124000000000217e-14
5.120881000000000311e-15
6.882031000000000145e-15
3.007502000000000094e-15
5.175070999999999718e-15
9.212167000000000504e-15
6.827841999999999769e-15
4.010001999999999719e-15
5.202164999999999996e-15
7.478112000000000768e-15
5.093787000000000033e-15
6.854936000000000047e-15
4.985408000000000249e-15
8.209667000000000484e-15
4.145474999999999781e-15
3.413920999999999884e-15
7.857436999999999887e-15
5.527299999999999707e-15
2.709460999999999872e-15
4.524799999999999688e-15
6.556895999999999645e-15
1.408920000000000025e-14
4.145474999999999781e-15
5.825340999999999929e-15
2.113380000000000037e-15
7.288449999999999541e-15
5.446016999999999842e-15
6.882031000000000145e-15
2.872029000000000032e-15
5.147975999999999620e-15
2.953313000000000112e-15
1.893913000000000134e-14
1.625676999999999969e-15
5.689867999999999867e-15
1.869528000000000192e-15
5.771152000000000342e-15
3.441015999999999982e-15
2.167569000000000019e-15
4.687367999999999848e-15
3.576489000000000044e-15
5.527299999999999707e-15
1.024175999999999940e-14
7.315544999999999640e-15
5.716962999999999965e-15
7.315544999999999640e-15
5.689867999999999867e-15
3.251353000000000119e-15
4.172569999999999879e-15
3.630677999999999632e-15
3.386826000000000181e-15
6.854936000000000047e-15
4.091286000000000193e-15
1.436013999999999909e-15
1.064818000000000020e-14
7.071692999999999794e-15
1.706960000000000032e-15
1.197581999999999982e-14
9.970817000000000318e-15
3.982908000000000230e-15
2.790744999999999952e-15
7.694869000000000516e-15
3.142975000000000155e-15
4.443516000000000002e-15
1.511878999999999969e-14
1.094622000000000060e-14
5.635679000000000280e-15
2.465609999999999846e-15
5.906624999999999615e-15
4.199664999999999977e-15
1.544393000000000087e-15
2.899122999999999915e-15
7.478112000000000768e-15
8.263855999999999283e-15
8.209667000000000484e-15
8.507708000000000706e-15
5.987909000000000089e-15
2.221758000000000001e-15
5.202164999999999996e-15
2.221758000000000001e-15
5.744057000000000244e-15
4.931218999999999873e-15
2.628177000000000186e-15
4.931218999999999873e-15
1.300541000000000044e-15
3.034595999999999977e-15
2.817838999999999836e-15
2.980406999999999995e-15
1.029594999999999960e-14
6.800746999999999671e-15
2.790744999999999952e-15
3.197164000000000137e-15
5.581489999999999904e-15
2.384326000000000161e-15
2.275946999999999983e-15
7.152977000000000269e-15
6.069192999999999774e-15
2.817838999999999836e-15
4.904123999999999775e-15
4.253854000000000353e-15
6.177570999999999738e-15
5.418921999999999744e-15
6.611085000000000021e-15
1.923717000000000174e-15
1.381824999999999927e-15
5.500206000000000218e-15
6.096287000000000053e-15
9.916627000000000122e-15
1.625676999999999969e-15
9.970817000000000318e-15
5.744057000000000244e-15
6.042097999999999676e-15
9.645680999999999999e-15
4.904123999999999775e-15
6.313043999999999800e-15
3.847435000000000168e-15
8.616085999999999881e-15
4.199664999999999977e-15
3.820340000000000070e-15
1.476656000000000067e-14
4.958313999999999971e-15
2.817838999999999836e-15
6.583989999999999923e-15
2.844933999999999934e-15
3.888077000000000089e-14
2.709460999999999872e-15
2.899122999999999915e-15
4.633177999999999651e-15
3.847435000000000168e-15
4.253854000000000353e-15
6.990409000000000109e-15
1.119006999999999923e-14
6.204665999999999836e-15
3.115880000000000057e-15
5.662774000000000378e-15
8.859937999999999726e-15
3.847435000000000168e-15
5.310543999999999780e-15
3.874528999999999657e-15
2.465609999999999846e-15
1.381824999999999927e-15
5.744057000000000244e-15
1.227386000000000022e-14
4.877030000000000286e-15
4.172569999999999879e-15
3.847435000000000168e-15
6.421423000000000372e-15
2.926218000000000014e-15
8.751559000000000731e-15
4.280947999999999842e-15
4.958313999999999971e-15
1.923717000000000174e-15
5.852436000000000027e-15
3.766150999999999693e-15
2.655271999999999890e-15
7.992910000000000737e-15
4.389326999999999626e-15
7.180072000000000367e-15
3.115880000000000057e-15
4.687367999999999848e-15
9.483114000000000448e-15
9.699870000000000375e-15
5.391826999999999646e-15
3.603583000000000322e-15
5.093787000000000033e-15
1.449562000000000104e-14
9.510208000000000726e-15
3.170069000000000039e-15
6.665273999999999609e-15
3.630677999999999632e-15
3.061691000000000075e-15
4.362232000000000317e-15
1.013338000000000059e-14
2.248853000000000099e-15
4.904123999999999775e-15
4.524799999999999688e-15
8.182572000000000386e-15
5.852436000000000027e-15
2.844933999999999934e-15
9.347640999999999597e-15
1.977906999999999976e-15
3.576489000000000044e-15
1.035013999999999980e-14
2.817838999999999836e-15
5.310543999999999780e-15
5.527299999999999707e-15
4.524799999999999688e-15
1.043141999999999941e-14
4.335138000000000039e-15
4.172569999999999879e-15
8.318044999999999659e-15
1.487494000000000106e-14
4.741557000000000224e-15
3.522298999999999848e-15
5.933719999999999713e-15
1.482075000000000087e-14
2.763649999999999854e-15
2.926218000000000014e-15
3.522298999999999848e-15
5.500206000000000218e-15
8.101287999999999912e-15
3.684867000000000008e-15
4.172569999999999879e-15
9.699870000000000375e-15
4.253854000000000353e-15
4.985408000000000249e-15
4.497705000000000378e-15
7.369734000000000016e-15
4.578989000000000064e-15
2.628177000000000186e-15
3.711962000000000106e-15
4.741557000000000224e-15
1.604000999999999852e-14
5.364733000000000156e-15
2.194662999999999903e-15
3.386826000000000181e-15
1.598582000000000069e-15
1.159649000000000002e-14
9.618586999999999721e-15
1.213839000000000041e-14
2.221758000000000001e-15
1.026886000000000018e-14
7.857437000000000478e-16
4.551894999999999786e-15
4.470611000000000100e-15
1.175906000000000061e-14
2.248853000000000099e-15
1.021466999999999998e-14
7.776152999999999412e-15
5.473111000000000120e-15
2.303042000000000081e-15
4.470611000000000100e-15
3.142975000000000155e-15
4.172569999999999879e-15
4.714462000000000126e-15
4.064191999999999915e-15
4.118381000000000291e-15
1.305959999999999945e-14
2.303042000000000081e-15
3.088786000000000173e-15
4.633177999999999651e-15
2.221758000000000001e-15
6.096287000000000053e-15
3.413920999999999884e-15
4.578989000000000064e-15
4.091286000000000193e-15
4.687367999999999848e-15
9.618586999999999721e-15
5.744057000000000244e-15
9.645680999999999999e-15
1.075656000000000059e-14
7.017504000000000207e-15
4.660272999999999749e-15
2.303042000000000081e-15
2.546893000000000106e-15
4.064191999999999915e-15
1.514588999999999889e-14
4.958313999999999971e-15
5.906624999999999615e-15
1.254479999999999985e-14
1.189453000000000042e-14
5.364733000000000156e-15
1.950811999999999878e-15
1.441432999999999849e-14
6.692368999999999707e-15
1.709669999999999873e-14
2.899122999999999915e-15
4.768650999999999713e-15
1.219256999999999925e-14
8.047098999999999536e-15
2.194662999999999903e-15
3.305542000000000101e-15
4.028968999999999697e-14
3.630677999999999632e-15
2.926218000000000014e-15
4.335138000000000039e-15
4.064191999999999915e-15
6.231760000000000114e-15
7.152977000000000269e-15
8.047098999999999536e-15
5.066691999999999935e-15
1.094622000000000060e-14
9.293450999999999401e-15
3.955813000000000131e-15
1.761150000000000031e-15
9.591491999999999622e-15
5.635679000000000280e-15
7.776152999999999412e-15
6.936219999999999732e-15
1.568777999999999949e-14
2.655271999999999890e-15
3.170069000000000039e-15
2.926218000000000014e-15
3.007502000000000094e-15
6.258855000000000212e-15
3.251353000000000119e-15
7.749059000000000712e-15
1.807211000000000091e-14
3.739056000000000384e-15
2.736555999999999970e-15
5.256354000000000373e-15
1.289703000000000044e-14
3.766150999999999693e-15
3.874528999999999657e-15
4.795745999999999811e-15
9.266357000000000700e-15
1.308670000000000023e-14
6.177570999999999738e-15
6.177570999999999738e-15
7.803247999999999510e-15
1.465818000000000028e-14
2.397873000000000063e-14
1.002501000000000037e-15
2.844933999999999934e-15
5.960813999999999991e-15
3.793244999999999972e-15
3.874528999999999657e-15
4.741557000000000224e-15
7.315544999999999640e-15
7.396829000000000114e-15
3.739056000000000384e-15
4.145474999999999781e-15
1.517297999999999989e-15
5.337638000000000058e-15
1.853270999999999897e-14
2.221758000000000001e-15
1.463109000000000007e-15
5.202164999999999996e-15
2.899122999999999915e-15
6.475611999999999960e-15
3.007502000000000094e-15
3.766150999999999693e-15
6.990409000000000109e-15
3.711962000000000106e-15
3.359731999999999903e-15
4.335138000000000039e-15
4.660272999999999749e-15
2.411420000000000045e-15
4.768650999999999713e-15
1.923717000000000174e-15
4.606084000000000162e-15
4.958313999999999971e-15
2.221758000000000001e-15
3.381407000000000240e-14
6.258855000000000212e-15
4.524799999999999688e-15
2.601082999999999908e-15
4.010001999999999719e-15
2.899122999999999915e-15
3.332636999999999804e-15
1.706960000000000032e-15
1.923717000000000174e-15
3.630677999999999632e-15
5.202164999999999996e-15
5.147975999999999620e-15
2.899122999999999915e-15
1.446851999999999869e-14
5.998747000000000601e-14
4.286908999999999783e-13
1.126322999999999981e-13
2.317672999999999872e-13
5.814502999999999574e-14
4.199664999999999977e-15
1.060563999999999963e-12
2.918631000000000027e-13
1.818860999999999907e-13
5.638387999999999749e-14
4.215921000000000247e-13
4.615025000000000321e-13
1.092725999999999968e-13
6.253435999999999719e-14
2.086284999999999939e-15
2.213630000000000118e-14
6.451227000000000255e-14
2.974988000000000212e-14
4.771360999999999948e-14
4.408293000000000258e-14
9.591491999999999622e-15
5.849726000000000423e-14
3.199061000000000176e-13
8.396619999999999718e-14
8.155478000000000108e-15
4.235428999999999885e-13
1.465439000000000093e-12
7.478112000000000768e-15
2.524947000000000045e-13
1.354731000000000043e-15
5.668191999999999947e-14
1.203272000000000025e-13
9.428924000000000567e-14
1.160732999999999907e-13
2.507605999999999766e-13
3.784575000000000057e-13
4.305334000000000156e-14
5.276945999999999758e-13
4.795745999999999811e-15
2.053770999999999900e-14
5.257979999999999978e-13
4.441348999999999981e-13
3.692995000000000285e-14
2.063526000000000107e-13
8.182572000000000386e-15
2.747393000000000110e-14
1.761150000000000031e-15
2.158628000000000019e-13
3.646934999999999848e-14
6.554185999999999725e-14
5.358501000000000413e-13
8.486031999999999681e-14
6.020421999999999598e-14
2.113380000000000037e-15
4.088577000000000093e-14
3.584345999999999982e-13
2.454772000000000044e-14
1.091912999999999960e-14
2.265651000000000117e-13
1.605085000000000072e-13
4.985408000000000249e-15
1.465818000000000028e-14
6.638180000000000120e-15
2.414130000000000122e-14
2.248853000000000099e-15
3.469194000000000071e-13
9.065856999999999434e-14
6.243410999999999719e-13
4.237054999999999963e-13
1.822654000000000101e-13
9.754059999999999388e-16
2.558272999999999877e-13
5.869234000000000313e-13
1.517297999999999989e-14
9.347640999999999597e-15
4.808479999999999722e-13
1.951082999999999917e-13
1.593163000000000128e-14
1.478282000000000082e-13
6.440389000000000215e-14
1.560650000000000019e-13
1.029594999999999960e-14
1.084597000000000028e-13
4.968610000000000373e-13
1.851916999999999883e-13
1.650875000000000021e-13
7.353477000000000272e-14
7.949559000000000085e-14
6.665273999999999609e-15
3.739056000000000384e-15
8.108061999999999828e-13
2.173366999999999942e-12
3.481657000000000242e-14
8.074193999999999634e-14
1.706959999999999953e-14
1.151521000000000041e-14
1.734055000000000051e-14
1.435472000000000035e-13
1.121717000000000000e-14
5.473111000000000120e-15
1.823467000000000014e-14
1.950812000000000114e-14
1.782825000000000093e-14
2.282991999999999891e-13
1.445767999999999964e-13
1.902042000000000073e-14
7.342638999999999918e-15
8.507708000000000706e-15
4.155228999999999883e-13
8.170379999999999765e-13
4.738846999999999831e-14
3.310960999999999805e-14
3.124820999999999979e-13
9.483113999999999501e-14
2.149144000000000056e-13
1.751395999999999952e-13
3.723611999999999765e-13
3.121298999999999840e-14
2.013400000000000034e-13
7.725485999999999743e-13
2.129636000000000040e-14
1.416506000000000003e-13
2.136951999999999940e-13
1.975196999999999977e-14
6.017442000000000200e-13
1.649520000000000124e-13
1.255997999999999956e-12
3.139993999999999818e-13
8.840971000000000063e-14
2.027219000000000048e-13
1.466088999999999893e-13
1.679865999999999951e-15
4.489577000000000101e-14
1.007920000000000017e-14
3.859356000000000039e-13
3.470820000000000023e-14
8.640471000000000059e-14
9.862437999999999746e-15
2.823257999999999934e-14
4.019756000000000043e-13
3.029719000000000068e-13
5.987909000000000089e-15
9.566023000000000991e-13
6.291368999999999857e-14
4.907918000000000010e-13
7.284114999999999805e-13
3.026467999999999858e-14
5.364733000000000156e-15
2.980406999999999995e-15
3.180907000000000236e-14
3.696789000000000173e-13
1.729720000000000126e-13
1.129844999999999962e-14
2.429031999999999843e-13
1.698832000000000149e-14
2.005000999999999859e-15
2.674237999999999891e-14
4.874320000000000050e-14
8.593597999999999710e-13
4.215920999999999742e-14
1.022008999999999982e-13
1.124209999999999912e-12
1.048019999999999986e-13
1.994434000000000001e-13
5.296725000000000334e-13
2.974988000000000212e-14
4.904123999999999775e-15
5.727801000000000162e-14
7.857436999999999887e-15
2.988536000000000171e-14
3.237751999999999955e-12
9.320545999999999499e-15
3.500624000000000221e-14
4.958313999999999971e-15
6.280530999999999818e-14
5.476362999999999614e-13
1.637056000000000007e-13
3.197164000000000137e-15
2.881511999999999748e-13
2.200081999999999844e-14
8.832842999999999628e-15
2.026676999999999938e-14
1.669027999999999951e-14
4.472506999999999877e-13
1.430323999999999944e-13
2.817838999999999914e-14
7.720066999999999723e-13
8.919816999999999735e-13
8.719045999999999803e-14
2.795893000000000232e-13
3.329927999999999783e-14
1.127136000000000020e-14
6.475611999999999960e-15
6.330114000000000466e-13
5.871943999999999602e-13
6.616503999999999410e-14
3.221548999999999842e-14
1.658189999999999912e-14
4.356812999999999982e-14
1.436013999999999909e-15
6.670692999999999786e-14
1.988744000000000116e-14
1.604000999999999852e-14
9.645680999999999999e-15
5.852436000000000027e-15
4.948288999999999939e-13
8.971024999999999632e-14
2.465609999999999846e-15
9.049599999999999375e-15
3.775092000000000167e-13
2.438515000000000143e-15
9.266357000000000700e-15
2.600540999999999814e-13
4.009730999999999790e-13
4.289077000000000097e-14
2.693474999999999789e-13
1.603729999999999923e-13
3.441015999999999825e-14
6.800747000000000617e-14
6.074611999999999794e-14
1.735138999999999893e-13
5.635679000000000280e-15
7.992910000000000737e-15
1.175635000000000069e-13
1.089203000000000040e-14
5.334929000000000274e-14
1.463109000000000007e-15
1.067527999999999940e-14
8.597119999999999722e-14
1.804826000000000008e-12
7.052727000000000267e-14
4.118381000000000291e-15
1.901500000000000026e-13
1.327635999999999945e-15
5.759501000000000421e-13
4.594162000000000029e-13
8.564877000000000038e-13
5.852436000000000027e-15
5.733220000000000182e-14
6.394328000000000274e-15
6.144515999999999867e-13
1.443329999999999919e-13
2.620862000000000248e-13
1.543308999999999993e-13
5.378279999999999980e-13
2.804292000000000091e-14
2.654188000000000080e-13
3.124820999999999979e-13
2.741704000000000108e-13
3.225612999999999839e-13
1.104647000000000029e-13
2.763649999999999854e-15
1.574196999999999969e-14
1.463109000000000007e-15
4.371444000000000089e-13
2.661504000000000106e-13
2.227176999999999942e-14
3.329927999999999783e-14
4.546475999999999766e-14
9.683613999999999505e-14
4.229468999999999701e-14
1.766026999999999933e-13
2.380532000000000100e-13
5.858938999999999699e-13
9.529174000000000569e-14
9.537302999999999246e-15
1.182679999999999914e-13
3.491141000000000078e-13
1.197581999999999982e-14
4.711753000000000184e-14
2.961441000000000073e-14
4.010001999999999719e-14
2.146976999999999940e-13
3.636096999999999809e-14
3.134845999999999979e-14
7.486241000000000392e-14
8.491450999999999701e-14
7.402248000000000449e-14
6.867942000000000464e-13
6.578571000000000535e-14
6.201143000000000288e-13
4.719881000000000303e-14
1.048561000000000024e-13
1.576906000000000006e-13
5.110044000000000092e-14
3.657771999999999910e-15
8.101287999999999912e-15
1.082267000000000078e-12
3.671049000000000224e-13
2.974988000000000212e-14
1.793933999999999998e-13
6.166733000000000488e-14
3.183617000000000156e-14
8.125674000000000541e-14
1.896622999999999896e-15
1.185227000000000075e-12
6.502706000000000238e-15
6.123382000000000151e-15
3.758022000000000070e-14
1.411168999999999962e-12
1.144204999999999919e-13
1.923717000000000174e-15
7.938721000000000361e-15
3.286576000000000258e-14
5.250665000000000023e-13
3.964483000000000203e-13
2.896414000000000289e-14
4.252770000000000164e-13
3.088786000000000173e-15
4.732073999999999734e-13
6.258855000000000212e-15
1.718882000000000087e-13
5.744057000000000244e-15
1.548998999999999941e-13
1.360149000000000006e-14
1.024989000000000011e-13
2.679656999999999911e-14
7.857436999999999887e-15
3.874528999999999657e-15
1.056690000000000019e-15
1.129573999999999938e-13
3.901623999999999755e-15
1.091912999999999960e-14
1.282388000000000059e-13
2.206585000000000084e-13
1.135263999999999982e-14
3.296600999999999879e-13
2.481866000000000006e-14
8.296369999999999716e-14
7.778862999999999648e-14
4.226759000000000255e-15
2.891807999999999930e-13
2.019632000000000093e-13
3.408773000000000141e-13
1.407023000000000113e-13
1.221966999999999876e-13
1.074300999999999973e-13
1.188910999999999901e-13
1.273446999999999963e-15
6.434970000000000196e-14
4.335138000000000236e-16
7.814086000000000496e-14
1.876031000000000006e-13
6.646308000000000239e-14
5.695558000000000478e-13
1.318966000000000047e-13
1.712378999999999973e-14
4.256562999999999980e-14
5.473111000000000120e-15
2.240724000000000081e-14
1.025097000000000029e-12
6.655519999999999695e-13
5.500206000000000218e-15
1.482888000000000063e-13
3.684867000000000166e-14
3.734449999999999804e-13
2.775029999999999940e-13
7.478112000000000768e-15
1.340370000000000124e-13
9.266357000000000700e-15
2.890995000000000269e-14
1.255319999999999946e-12
1.597226999999999935e-13
1.861670999999999954e-13
7.391410000000000410e-14
1.716714999999999971e-13
1.229011999999999974e-13
2.381344999999999886e-13
7.288449999999999541e-15
1.184576000000000101e-13
2.235305000000000061e-14
1.230907999999999908e-13
1.533555000000000047e-14
6.288659000000000568e-14
2.858481000000000152e-14
6.285950000000000311e-15
6.226340999999999621e-14
8.041679999999999516e-14
2.273237999999999883e-14
1.725926999999999932e-14
3.468109999999999866e-15
2.387035000000000024e-14
2.282450000000000034e-13
2.714880000000000128e-14
7.383280999999999587e-13
9.185073000000000226e-15
8.247598999999999540e-14
2.343684000000000003e-14
1.373696999999999965e-14
7.518753999999999428e-14
4.549184999999999866e-14
1.415422000000000035e-13
3.606022000000000061e-13
6.285950000000000311e-15
8.804393999999999895e-13
4.595246000000000123e-14
7.220713999999999973e-14
1.005209999999999940e-14
5.359313999999999821e-14
6.963314999999999830e-15
9.239262000000000602e-15
6.620296999999999856e-13
1.368277999999999946e-14
5.074820999999999874e-14
7.467274999999999602e-14
1.659273999999999943e-13
1.110878999999999961e-14
1.057774000000000058e-13
3.037305999999999897e-14
6.703206999999999904e-14
7.776152999999999412e-15
2.843579000000000116e-13
4.622341000000000221e-14
1.379115999999999985e-14
3.568360000000000105e-14
9.483114000000000448e-15
9.157978000000000128e-15
2.834095999999999973e-14
7.990200999999999691e-14
2.025322000000000041e-13
3.907043000000000248e-14
1.809919999999999875e-13
2.834095999999999973e-14
1.370173999999999943e-13
3.820340000000000070e-15
1.359607999999999905e-13
2.713253999999999861e-13
2.877448000000000130e-14
1.381282999999999911e-13
3.465401000000000003e-14
2.061086999999999990e-13
4.199664999999999977e-15
7.285741000000000388e-14
5.337638000000000058e-15
2.844933999999999934e-15
7.808667000000000477e-14
3.189036000000000175e-14
3.142974999999999919e-14
2.018547999999999998e-14
2.362649999999999846e-14
4.333241000000000095e-13
5.454686999999999535e-13
9.930175000000000397e-14
2.079239999999999984e-13
8.347848999999999542e-14
2.123404999999999927e-13
1.463108999999999991e-13
4.869984999999999872e-13
1.452270999999999889e-14
1.158566000000000044e-13
3.929259999999999859e-13
5.112753000000000192e-14
1.509169999999999869e-14
1.251771000000000042e-14
9.905789999999999587e-14
1.219256999999999964e-15
3.888077000000000089e-14
5.252560999999999958e-13
4.191536000000000195e-14
1.361232999999999911e-13
4.929592999999999511e-13
3.070360999999999926e-13
3.961231999999999993e-14
8.128383000000000207e-16
2.872029000000000032e-15
8.670274999999999626e-14
1.677156000000000071e-14
1.498873999999999940e-13
1.793663000000000132e-14
1.178615999999999981e-14
3.084179000000000120e-13
9.239262000000000602e-15
1.117111000000000020e-13
1.996601999999999937e-13
1.625676999999999930e-14
3.552103000000000046e-14
4.411003000000000178e-14
6.879322000000000361e-14
2.275946999999999983e-15
9.130883999999999850e-15
3.176843000000000239e-13
2.663399999999999852e-14
7.071692999999999794e-15
3.305542000000000101e-15
7.516044999999999959e-14
2.790744999999999952e-15
1.654938999999999892e-13
2.142370999999999960e-13
4.606084000000000162e-15
2.015838999999999899e-14
1.663608999999999932e-14
1.664422000000000034e-13
5.147975999999999620e-15
2.980406999999999995e-15
1.208420000000000021e-14
6.665273999999999609e-15
8.263855999999999283e-15
2.204147000000000039e-13
3.394955000000000199e-14
5.407541999999999941e-13
1.104105000000000045e-13
3.210710999999999803e-14
8.995411000000000577e-15
2.389744999999999944e-14
9.458728000000000134e-14
1.554688999999999890e-13
1.625676999999999930e-14
1.774696999999999973e-14
3.622548999999999850e-14
2.221757999999999922e-14
3.603582999999999691e-14
7.857437000000000478e-16
9.076693999999999654e-15
1.815338999999999816e-15
1.003313000000000059e-13
1.631095999999999950e-14
2.525217999999999848e-14
3.375988000000000220e-14
5.012503000000000347e-15
3.040014999999999997e-14
7.827633000000000004e-14
8.074193999999999634e-15
8.074193999999999634e-15
3.936846999999999815e-14
3.495204999999999964e-15
3.638805999999999909e-14
5.689868000000000025e-14
2.107419000000000050e-13
6.762815000000000300e-14
9.090242000000000244e-14
2.359941000000000062e-14
3.244037999999999833e-13
1.465818000000000028e-14
3.441015999999999982e-15
1.644643000000000089e-14
2.568568999999999869e-14
1.537889999999999973e-13
1.148270000000000114e-13
9.374734999999999875e-15
1.129844999999999962e-14
1.056797999999999957e-12
5.627822000000000089e-13
5.161522999999999917e-14
2.153208999999999999e-13
5.703414999999999533e-14
7.776152999999999412e-15
1.671736999999999988e-13
1.543851000000000103e-13
1.067880000000000091e-12
4.494996000000000121e-14
2.628176999999999950e-14
3.576489000000000044e-15
5.744057000000000401e-14
9.157978000000000128e-15
4.608793000000000262e-14
8.074193999999999634e-15
4.849935000000000187e-15
5.500206000000000218e-15
8.805747999999999530e-15
2.163504999999999928e-13
1.148810999999999963e-14
5.740805999999999560e-13
1.213839000000000041e-14
5.757604999999999729e-14
1.734054999999999933e-15
4.877029999999999694e-16
4.497705000000000378e-15
4.063920999999999986e-13
7.535010999999999487e-14
8.480612999999999661e-14
4.738034999999999612e-13
2.689681999999999848e-13
1.043141999999999941e-14
1.221695999999999947e-13
4.606083999999999965e-16
1.083783999999999902e-15
1.937264999999999975e-14
1.977906999999999976e-15
3.546684000000000026e-14
6.559604999999999745e-14
4.625049999999999690e-14
2.110669999999999881e-14
2.116088999999999901e-14
1.440891000000000055e-13
2.931636999999999875e-14
6.305457999999999727e-13
5.066691999999999935e-15
3.429635999999999928e-13
1.350395000000000124e-13
1.029594999999999960e-14
3.969902000000000223e-13
3.251353000000000040e-14
1.961650000000000153e-14
7.044599000000000305e-15
2.519798999999999828e-15
2.872029000000000111e-14
2.083576000000000108e-13
1.682575000000000027e-13
5.966233000000000484e-14
7.431780999999999835e-13
1.317882000000000079e-13
5.689867999999999867e-15
1.024989000000000011e-13
2.758231000000000150e-14
3.921673999999999976e-13
9.212167000000000504e-15
6.231760000000000312e-16
1.658189999999999912e-14
1.454167999999999959e-13
4.007834999999999855e-13
4.730719000000000090e-13
9.818815999999999669e-13
1.276156000000000063e-14
1.568777999999999949e-14
2.140474000000000079e-14
2.666109999999999835e-13
9.835343999999999468e-15
4.904123999999999775e-15
3.571070000000000025e-14
1.977906999999999976e-15
4.958313999999999971e-15
8.908707999999999767e-14
1.204354999999999920e-13
9.239262000000000602e-15
1.302979999999999917e-13
3.820339999999999754e-14
3.711962000000000264e-14
3.327217999999999864e-14
2.331761999999999996e-13
4.283929000000000133e-13
1.604000999999999852e-14
2.373487999999999885e-14
2.419549000000000142e-14
1.873320999999999960e-13
3.422048999999999846e-14
7.991284000000000344e-13
1.264504999999999922e-13
3.142975000000000155e-15
6.131509999999999639e-14
3.827927000000000214e-13
1.799082000000000151e-14
2.605688999999999905e-13
1.429241000000000049e-13
4.253854000000000353e-15
1.171570999999999946e-13
2.300331999999999846e-14
4.981479999999999894e-12
1.527323000000000115e-13
1.026886000000000018e-14
4.302624000000000236e-14
6.711334999999999897e-13
1.016047999999999979e-14
1.420029000000000088e-13
1.354731000000000043e-15
2.167569000000000118e-16
8.177153000000000367e-14
4.551894999999999786e-15
1.344705999999999996e-13
6.817003999999999414e-14
1.106272999999999981e-13
6.925382000000000166e-14
2.872029000000000032e-15
6.389451000000000175e-13
1.124697000000000029e-13
2.238014999999999981e-14
2.985826000000000252e-14
5.667651000000000161e-13
1.013338000000000059e-14
3.116421999999999804e-13
1.819673999999999946e-13
3.855021000000000240e-13
7.009375999999999930e-14
1.421382999999999912e-13
3.178198000000000136e-14
1.026886000000000018e-14
1.048560999999999961e-14
7.665065000000000318e-14
1.200290999999999924e-14
1.790954000000000032e-14
7.272192999999999798e-14
8.372234999999999855e-15
1.761150000000000150e-14
2.187889999999999980e-13
1.574467999999999961e-13
3.669423000000000146e-13
8.149517000000000483e-13
1.398081999999999986e-14
3.320714999999999750e-13
8.759687999999999409e-14
3.432074000000000225e-13
5.351185999999999702e-14
7.180072000000000367e-15
2.113380000000000037e-15
3.457272000000000064e-14
3.409856999999999856e-13
1.791766999999999882e-13
2.264297000000000040e-13
1.251771000000000042e-14
3.259482000000000106e-13
5.565232999999999845e-14
1.798539999999999978e-13
6.627341999999999449e-14
2.343684000000000003e-14
1.165067999999999982e-15
7.085241000000000384e-14
1.140683000000000001e-14
5.294287000000000037e-14
1.398082000000000080e-13
4.033846000000000238e-13
1.264235000000000065e-13
2.942474999999999915e-14
2.696997999999999874e-13
3.600874000000000223e-14
4.377134000000000037e-13
6.757396000000000280e-14
4.787618000000000007e-14
1.452270999999999889e-14
5.733220000000000182e-14
8.039241999999999724e-13
3.371110999999999932e-13
1.585035000000000008e-14
2.127469000000000050e-13
5.340348000000000294e-14
7.572943999999999624e-14
1.270737000000000043e-14
1.796373000000000052e-14
5.567941999999999945e-14
2.881511999999999748e-13
5.730509999999999631e-14
2.623029000000000111e-13
1.127949000000000059e-13
7.117753999999999420e-14
4.313462000000000276e-14
2.885033999999999761e-13
1.744893000000000091e-14
2.371861999999999996e-13
1.635160000000000072e-13
6.528987999999999887e-13
1.525426999999999928e-14
1.343351000000000099e-13
7.786991000000000398e-14
5.012503000000000190e-14
2.918089999999999736e-14
1.182679999999999914e-13
2.800498999999999960e-13
1.171029000000000089e-13
2.387034999999999835e-13
8.342431000000000604e-14
8.857228000000000122e-14
3.129426999999999960e-14
1.099228000000000009e-13
1.777406000000000073e-14
2.701332999999999989e-14
2.444205000000000186e-13
3.416088000000000095e-13
5.066691999999999935e-15
3.581907000000000244e-14
1.227385999999999896e-13
7.976653000000000363e-14
7.656936999999999567e-14
1.775238999999999894e-13
2.238014999999999981e-14
3.663191000000000087e-14
3.460794999999999896e-13
1.100583000000000032e-13
6.080030999999999814e-14
3.993746000000000111e-14
1.306773000000000111e-13
5.913941000000000114e-13
1.189723999999999940e-13
6.589409000000000574e-14
1.419757999999999906e-13
6.370756000000000324e-13
1.792579000000000101e-13
1.923717000000000174e-15
1.156398000000000108e-13
2.652562000000000128e-14
2.888284999999999718e-14
1.520007999999999908e-13
3.210710999999999803e-14
2.169464999999999985e-13
9.648390999999999918e-14
8.020004999999999258e-15
1.615732999999999937e-12
1.015234999999999940e-13
1.182408999999999985e-13
1.402688000000000061e-13
7.885614999999999817e-13
1.057774000000000058e-13
3.389536000000000179e-14
6.117963000000000131e-14
7.581072000000000375e-14
9.337345000000000741e-13
3.283595999999999976e-13
1.498060999999999901e-13
8.426424000000000232e-15
5.892806999999999894e-13
6.802914999999999796e-13
1.440620000000000126e-13
1.972487999999999877e-14
1.586117999999999967e-13
5.275320999999999878e-14
6.711876999999999755e-13
2.304937999999999826e-13
2.034805000000000057e-14
5.310543999999999780e-15
6.348266999999999702e-14
1.508628000000000011e-13
1.793663000000000132e-14
5.830759999999999633e-14
5.766816999999999943e-13
5.925590999999999615e-14
1.297832000000000078e-13
7.721964000000000614e-15
2.252375000000000033e-13
1.977906999999999976e-15
7.586490999999999763e-16
2.500019999999999883e-13
5.548975999999999786e-14
1.676613999999999898e-13
1.345788999999999891e-13
8.361397000000000132e-14
2.165672000000000044e-13
1.981157999999999917e-13
2.973363000000000081e-13
1.008461000000000023e-13
1.886869000000000045e-13
2.015838999999999899e-14
6.868484000000000321e-14
1.967068999999999858e-14
2.909148000000000137e-13
1.893913000000000134e-14
8.318044999999999659e-15
1.451729000000000094e-13
6.808875999999999926e-14
1.083242999999999951e-13
3.665901000000000007e-14
3.115609000000000018e-13
2.295725999999999865e-13
1.269653000000000012e-13
5.400497999999999916e-13
7.902684999999999663e-13
2.244247000000000040e-13
2.611920000000000143e-13
1.977906999999999976e-15
2.399769999999999881e-13
2.915379999999999817e-14
2.032095999999999958e-13
1.856251999999999935e-13
2.028032000000000087e-13
8.691950999999999705e-14
1.129844999999999962e-14
1.008189999999999968e-13
1.709669999999999873e-14
1.780116000000000056e-13
5.879530000000000305e-15
4.609606000000000301e-13
7.515774000000000283e-13
1.704250999999999853e-14
7.193618999999999875e-14
7.264065000000000310e-14
2.028573000000000125e-13
1.782825000000000093e-14
1.544393000000000087e-14
1.506460000000000076e-13
9.378528000000000890e-13
2.384325999999999924e-14
8.941221000000000381e-16
2.402479000000000107e-13
2.950603000000000034e-14
1.400790999999999928e-14
1.517026999999999934e-13
1.874946999999999975e-14
1.948101999999999879e-14
4.847225999999999772e-14
5.584199000000000003e-14
1.206523000000000109e-13
4.123800000000000311e-14
2.964691999999999905e-13
1.431136999999999983e-13
1.319508000000000062e-14
2.993682999999999937e-13
1.227385999999999896e-13
3.308794000000000068e-13
2.371861999999999996e-13
1.197581999999999982e-14
2.032095999999999958e-15
3.265441999999999911e-13
5.036887999999999737e-14
4.855625000000000325e-13
3.281428000000000041e-13
1.108170000000000019e-14
6.773653000000000181e-15
1.136077000000000052e-13
4.573298999999999737e-13
3.663191000000000087e-14
2.083575999999999918e-14
2.160794999999999882e-13
2.822986999999999753e-13
3.481657000000000242e-14
2.848455999999999773e-13
2.335014000000000152e-13
7.120463999999999971e-14
3.083367000000000154e-14
1.116297999999999981e-14
7.284927999999999592e-13
1.724572000000000035e-13
1.092997000000000023e-13
2.489994999999999946e-14
1.041516999999999999e-13
3.107480999999999772e-13
1.417048000000000113e-13
3.218840000000000247e-13
2.759315000000000244e-13
1.509169999999999869e-14
3.668610000000000107e-14
3.798935000000000109e-13
2.785597000000000050e-13
3.885367000000000170e-14
3.874528999999999657e-15
1.858960999999999908e-13
1.827531000000000011e-13
1.089473999999999938e-13
4.308042999999999940e-15
8.017294999999999969e-14
1.813983999999999998e-13
1.201375000000000018e-13
6.383219000000000369e-13
3.648559999999999854e-13
1.360148999999999943e-13
6.535220000000000198e-14
2.465067999999999973e-13
5.234949999999999822e-13
2.872029000000000111e-14
5.660605999999999559e-13
3.766150999999999693e-15
6.728946000000000033e-13
4.587118000000000003e-14
1.175092999999999959e-13
7.827633000000000004e-14
1.106544000000000036e-13
7.085241000000000384e-13
1.789869999999999875e-13
1.423551000000000100e-13
4.179343999999999827e-13
4.270110999999999939e-14
1.420841000000000054e-13
3.159232000000000104e-13
7.201747000000000625e-14
3.087702000000000206e-13
4.822840999999999909e-15
4.171215000000000013e-13
3.584617000000000164e-14
2.406000999999999867e-14
2.477260000000000089e-13
2.972279000000000113e-14
6.378071000000000531e-14
1.346602000000000025e-14
9.136302999999999869e-14
1.406751999999999931e-13
6.537928999999999667e-14
1.469611999999999979e-13
9.572525999999999464e-14
3.875884000000000027e-13
3.497914000000000301e-14
1.540600000000000019e-13
1.094622000000000060e-14
1.013338000000000059e-13
4.379301999999999973e-13
4.218360000000000112e-13
4.375779999999999960e-14
7.478111999999999822e-14
1.331157999999999910e-13
9.247390000000000091e-14
4.524799999999999688e-15
3.630677999999999632e-15
8.580862999999999663e-14
2.817838999999999836e-15
6.058354999999999735e-14
9.269066000000000169e-14
9.293450999999999401e-15
1.611857999999999916e-13
1.347957000000000079e-13
1.257732000000000078e-13
2.460462000000000245e-13
2.056751999999999938e-13
1.054792999999999957e-13
1.528948999999999941e-13
1.207878000000000006e-13
9.260937999999999419e-14
2.156731000000000138e-14
4.459772999999999903e-14
9.783863999999999507e-14
1.016589999999999963e-13
2.594579999999999936e-13
2.914296000000000227e-13
1.929136000000000036e-14
4.822841000000000225e-14
1.663608999999999932e-14
2.755250999999999868e-13
6.529801000000000178e-14
2.134241999999999894e-13
8.171734000000000347e-14
2.690766000000000068e-13
5.933719999999999713e-15
2.411420000000000045e-15
2.847102000000000201e-13
1.005480999999999995e-13
2.760941000000000069e-14
4.424549999999999686e-14
1.002501000000000037e-15
1.614838999999999891e-13
1.598853000000000013e-13
4.193162000000000021e-13
1.297832000000000078e-13
1.468527999999999948e-14
2.821362000000000252e-13
2.206313999999999902e-13
1.755731000000000004e-13
4.389326999999999626e-15
2.988264999999999990e-13
2.576696999999999800e-13
5.668191999999999947e-14
3.197164000000000295e-14
8.237574000000000297e-13
2.723007999999999932e-14
1.893913000000000071e-13
9.306999000000000306e-14
3.822508000000000195e-13
4.243015999999999840e-13
4.825549999999999694e-14
2.194663000000000140e-14
9.672776000000000097e-15
5.229260000000000095e-15
8.290950999999999381e-15
1.373696999999999965e-14
2.723007999999999932e-14
5.500206000000000218e-15
2.606502000000000007e-14
5.744057000000000244e-15
2.232595999999999961e-14
4.589827000000000103e-14
3.508751999999999709e-14
4.362232000000000001e-14
4.164441999999999917e-14
4.562732000000000005e-14
2.267818999999999863e-14
3.386826000000000260e-14
2.034804999999999931e-13
5.749476000000000421e-14
2.421715999999999816e-13
8.182572000000000386e-14
2.831386999999999873e-14
1.055064000000000012e-13
9.767606999999999448e-14
1.646810000000000078e-13
5.196746000000000135e-14
1.517297999999999989e-14
2.993953999999999740e-14
3.316109000000000022e-13
2.269985999999999916e-13
2.575614000000000156e-13
9.751349999999999389e-14
2.110669999999999881e-14
1.427614999999999971e-13
5.326799999999999703e-14
2.711357999999999926e-13
8.117544999999999971e-14
2.145893000000000099e-14
3.761003000000000044e-13
1.072946999999999959e-14
3.113442000000000154e-13
1.108223999999999984e-12
1.018757000000000079e-14
1.735410000000000074e-13
3.613337000000000015e-13
3.530427999999999787e-14
1.222238000000000057e-13
1.441432999999999849e-14
9.130883999999999850e-15
6.080030999999999814e-14
2.481323999999999959e-13
4.172569999999999879e-15
1.286993999999999945e-14
9.656518999999999407e-14
3.346726000000000133e-13
8.804393999999999895e-13
1.560650000000000146e-14
1.333055000000000044e-14
1.597769000000000045e-13
3.142974999999999919e-14
2.297623000000000061e-14
2.875550999999999871e-13
1.510254000000000090e-13
2.533888000000000078e-13
1.032305000000000038e-14
1.276426999999999929e-13
1.482888000000000063e-13
3.213420999999999723e-14
1.738633999999999920e-12
7.322860000000000162e-13
4.810377000000000234e-13
1.921007999999999916e-14
3.901623999999999755e-15
1.429891000000000051e-12
1.074978999999999958e-12
1.647894000000000046e-13
5.915837000000000049e-13
9.288031999999999697e-14
6.849516999999999712e-14
3.297956000000000028e-13
3.441015999999999982e-15
1.647351999999999873e-14
3.605208999999999769e-13
1.010980999999999971e-12
2.673967000000000151e-13
5.716962999999999965e-15
5.245517000000000311e-14
8.177153000000000367e-14
6.272402000000000509e-14
8.605248000000000473e-14
7.700288000000000157e-13
2.622757999999999930e-14
1.379115999999999985e-14
1.583951000000000104e-13
1.425988999999999893e-13
2.544184000000000007e-14
1.828885999999999908e-13
8.399328999999999936e-16
3.213420999999999723e-14
2.655271999999999890e-15
2.148603000000000018e-14
1.403365000000000049e-12
3.535304999999999949e-13
2.005000999999999859e-14
8.513126999999999779e-14
2.671529000000000107e-14
9.207832000000000705e-13
1.986306000000000008e-13
8.502288999999999740e-14
1.514047000000000031e-13
8.662959999999999672e-13
6.395412000000000053e-13
1.224675999999999944e-14
5.043120000000000427e-13
2.220132000000000097e-13
1.045580999999999995e-13
2.228260999999999910e-13
1.893100000000000032e-13
3.882658000000000070e-14
5.302415000000000156e-14
4.026258999999999778e-14
1.541682999999999851e-14
1.112775999999999968e-13
1.788244000000000112e-14
5.237387999999999741e-14
2.546893000000000106e-14
2.094954999999999932e-13
1.552250000000000025e-13
1.027156999999999947e-13
3.959064000000000184e-13
1.533555000000000047e-14
1.473676000000000101e-13
3.733636999999999891e-14
4.659188999999999687e-13
3.966651000000000139e-13
1.048560999999999961e-14
1.601290999999999932e-14
1.368034000000000065e-12
9.605038999999999762e-14
6.968462999999999890e-13
3.405793000000000238e-14
9.136302999999999869e-14
1.738932000000000087e-13
9.174235000000000187e-14
7.171942999999999796e-14
4.226758999999999782e-14
1.459316000000000049e-13
2.702144999999999893e-13
1.948101999999999942e-13
6.949767999999999534e-14
2.547705999999999767e-13
8.968316000000000163e-14
2.970652999999999782e-13
9.149849999999999377e-14
7.491660000000000412e-14
2.958460000000000098e-13
5.267191999999999939e-14
1.555231000000000000e-13
7.516044999999999959e-14
3.359731999999999981e-14
1.885785000000000014e-14
2.007711000000000095e-14
3.147852000000000207e-13
8.114836000000000502e-14
4.075299999999999811e-13
7.759896000000000300e-14
2.901833000000000309e-14
1.927239999999999975e-13
4.291786000000000197e-14
1.893913000000000071e-13
1.487764999999999972e-13
3.766150999999999693e-15
2.582116000000000008e-14
5.283448999999999682e-15
4.037096999999999817e-15
1.052355000000000038e-13
1.321945999999999949e-13
5.370151999999999860e-14
4.714462000000000283e-14
2.359941000000000062e-14
1.795560000000000076e-13
2.842224999999999913e-14
4.208063999999999930e-13
2.626822000000000053e-13
1.876844000000000045e-13
7.578361999999999824e-14
6.789909000000000578e-14
2.163504999999999928e-13
6.123382000000000151e-15
2.243434000000000001e-14
4.606084000000000162e-15
6.218213000000000133e-14
6.681530999999999825e-14
5.906624999999999615e-15
7.505749000000000030e-13
9.266357000000000700e-15
3.186326000000000256e-14
4.261981999999999999e-14
2.143997000000000038e-13
2.417651999999999946e-13
4.463565999999999845e-13
1.110472999999999927e-12
1.121717000000000000e-14
5.098934999999999619e-13
1.972758999999999995e-13
4.061481999999999995e-14
1.533555000000000047e-14
2.575343000000000228e-13
1.685556000000000002e-13
2.403291999999999894e-13
3.153812999999999958e-14
1.232804999999999915e-13
2.443934000000000005e-14
1.227114999999999967e-13
7.501955999999999584e-13
4.899246999999999834e-13
1.340911999999999982e-13
2.934888000000000085e-13
5.771152000000000342e-15
2.387035000000000024e-14
2.061900000000000155e-14
3.573779000000000124e-14
1.514588999999999889e-14
2.535785000000000085e-13
1.853270999999999897e-14
4.467358999999999786e-13
1.446851999999999869e-14
6.451227000000000255e-14
8.182572000000000386e-15
1.490744999999999874e-13
1.012525999999999966e-13
2.940036000000000176e-13
5.511044000000000100e-14
1.062109000000000078e-14
5.416213000000000117e-14
4.639951999999999978e-13
3.640161000000000184e-13
1.097331999999999980e-14
1.065142999999999958e-12
2.380803000000000029e-13
1.971675000000000027e-13
2.506250999999999869e-14
2.663399999999999852e-14
5.142556999999999758e-14
6.042097999999999676e-14
2.850895000000000142e-13
1.315172000000000033e-13
3.741765999999999831e-14
1.788514999999999978e-13
2.248853000000000099e-15
1.470966000000000055e-13
7.889950999999999689e-14
2.899936000000000175e-13
5.047725999999999776e-14
7.879112999999999649e-14
1.964901000000000111e-13
1.341182999999999911e-13
1.256376999999999928e-13
2.208482000000000091e-13
3.332636999999999883e-14
9.699869999999999744e-14
2.815400999999999870e-13
5.604248999999999499e-13
2.300331999999999846e-14
9.959978999999999964e-14
1.284285000000000002e-14
8.643180999999999979e-15
6.944348999999999514e-14
4.199664999999999977e-15
3.354312999999999962e-14
3.975592000000000171e-13
2.915379999999999817e-14
1.477469000000000043e-13
2.005000999999999859e-15
3.378698000000000140e-14
4.314274999999999810e-13
6.499997000000000611e-14
2.150498999999999953e-13
5.500206000000000218e-15
3.194454999999999943e-13
4.308042999999999940e-15
7.112334999999999400e-14
8.263855999999999283e-15
1.855438999999999895e-13
6.115253999999999400e-14
6.960604999999999753e-14
1.132555000000000040e-14
9.114626999999999791e-14
2.628176999999999950e-14
2.660691000000000067e-14
3.759918999999999824e-13
3.251353000000000119e-15
1.463108999999999928e-14
1.747601999999999875e-14
3.338055999999999903e-14
2.702958000000000184e-13
2.132345999999999959e-14
4.587118000000000003e-14
1.273446999999999963e-15
1.247435999999999896e-13
5.221673000000000423e-13
1.340098999999999943e-13
1.725656000000000003e-13
6.258854999999999739e-14
7.870984000000000341e-14
1.134450999999999974e-13
1.112233999999999984e-13
1.259899000000000004e-14
2.117173000000000121e-13
7.001247000000000621e-14
3.061691000000000075e-15
1.229823999999999940e-13
4.817422000000000205e-14
4.122715999999999838e-13
2.920798999999999836e-14
7.933302000000000026e-14
4.858063999999999685e-13
1.001145999999999943e-12
2.373487999999999885e-14
4.183408000000000076e-14
1.110878999999999961e-14
4.335137999999999723e-14
9.927464999999999846e-14
7.055436999999999555e-14
7.914336000000000498e-14
1.246623000000000110e-13
2.311169999999999885e-14
2.471027999999999967e-14
8.540221000000000057e-14
1.399979000000000087e-13
3.419339999999999746e-14
2.294913000000000142e-14
1.446851999999999869e-14
3.927634999999999854e-13
5.586908999999999923e-14
4.014878999999999881e-13
7.472422999999999693e-13
1.688454999999999998e-12
1.534097000000000031e-13
2.025051000000000112e-13
4.164441999999999917e-14
1.123072000000000023e-13
2.858481000000000152e-14
4.524799999999999688e-14
1.826176999999999934e-14
4.508543000000000260e-14
1.072133999999999983e-13
4.010001999999999719e-14
3.502519999999999903e-13
2.509774000000000207e-13
1.314089000000000043e-14
1.541682999999999851e-14
2.370506999999999847e-13
2.601082999999999908e-15
1.758439999999999977e-13
4.508543000000000260e-14
4.033574999999999804e-13
7.166523999999999776e-14
6.502706000000000041e-16
5.893619999999999680e-13
2.473737999999999887e-14
8.031655000000000273e-13
3.389536000000000179e-14
4.844515999999999852e-14
2.322008000000000177e-13
8.802226000000000464e-13
2.154834000000000005e-13
8.930383999999999846e-14
3.850143999999999952e-14
3.327217999999999864e-14
2.156731000000000138e-14
6.058354999999999735e-14
4.226758999999999782e-14
5.265838000000000367e-13
1.001145999999999943e-13
6.621922999999999430e-14
1.174279999999999920e-13
2.091704000000000038e-14
1.238224000000000061e-14
3.952020000000000158e-13
2.899122999999999758e-14
9.079674999999999881e-13
7.467274999999999602e-14
1.324654999999999923e-13
8.047098999999999536e-15
3.363254000000000120e-13
7.700017000000000228e-13
2.792371000000000219e-13
2.533345999999999967e-14
7.442889000000000235e-14
1.246352000000000023e-14
1.516485000000000076e-13
2.628176999999999950e-14
4.405041999999999922e-13
3.465401000000000003e-14
8.750203999999999699e-13
1.497519000000000043e-13
1.718882000000000087e-13
6.069192999999999774e-15
3.995099999999999809e-13
1.065902000000000051e-13
1.373967999999999957e-13
4.039805999999999917e-14
7.884531999999999669e-14
2.360753000000000028e-13
1.151791999999999875e-13
7.436928999999999925e-13
4.649434999999999868e-14
8.412875999999999957e-14
2.197373000000000059e-14
2.063795999999999964e-13
3.444808999999999766e-13
2.674237999999999891e-14
1.197581999999999982e-14
6.161314000000000468e-14
6.930801000000000186e-14
3.552374000000000227e-13
5.603165000000000162e-14
2.278657000000000092e-13
3.867755999999999781e-13
1.026072999999999979e-13
1.988744000000000116e-14
7.964460999999999742e-13
5.586908999999999923e-14
4.080448000000000154e-14
1.396998000000000112e-13
3.102333000000000313e-14
1.476385000000000075e-13
1.744892999999999964e-13
1.628114999999999975e-13
1.569048999999999941e-13
1.160191000000000049e-13
1.358523999999999937e-13
2.573987999999999889e-14
3.760731999999999989e-14
1.842432999999999857e-14
1.980073999999999950e-13
1.381824999999999927e-15
2.806188999999999909e-13
2.239098999999999949e-13
4.722862000000000278e-13
9.418087000000000348e-14
1.270737000000000043e-14
2.863900000000000171e-14
7.070880000000000260e-13
2.422257999999999926e-14
5.662773999999999747e-14
1.128219999999999988e-13
1.804500999999999855e-14
1.188098999999999934e-13
1.023905000000000043e-13
9.140908999999999093e-13
4.210501999999999723e-14
2.546080999999999761e-13
1.326281000000000001e-13
3.338055999999999903e-14
3.406876000000000134e-13
6.968734000000000323e-14
4.578989000000000064e-15
1.625676999999999930e-14
5.213003000000000194e-14
4.885158000000000089e-14
5.405375000000000078e-14
1.142308999999999985e-13
6.947599999999999598e-13
6.245308000000000231e-14
6.430363999999999963e-13
8.848287000000000342e-13
1.270195000000000123e-13
9.434343000000000587e-14
6.543347999999999686e-14
2.597560000000000091e-13
1.545476999999999928e-13
1.501040999999999930e-14
5.337638000000000058e-15
2.730052999999999777e-13
5.078885000000000123e-13
2.307648000000000125e-13
2.294913000000000079e-13
2.189244999999999940e-14
2.311169999999999885e-14
6.730301000000000182e-14
8.190700999999999695e-14
2.174884000000000005e-13
8.187991000000000406e-14
6.735720000000000202e-14
8.290950999999999381e-15
6.093578000000000584e-14
3.728217999999999872e-14
4.841806999999999752e-14
1.866818999999999856e-14
8.704415000000000327e-13
5.771152000000000342e-15
3.215317000000000162e-13
4.007293000000000250e-14
1.150166000000000049e-13
3.691912000000000011e-13
1.191350000000000018e-13
1.818048000000000121e-13
2.741974999999999911e-14
2.843036999999999753e-13
1.282116999999999877e-13
9.930175000000000397e-14
6.367233000000000176e-15
3.955813000000000131e-15
4.523444999999999917e-13
5.544911999999999789e-13
6.798037999999999886e-14
1.059398999999999937e-13
2.026676999999999938e-14
9.699870000000000375e-15
5.581489999999999904e-15
3.936846999999999815e-14
8.450809000000000094e-14
5.663857000000000147e-13
2.723007999999999932e-14
2.964962999999999834e-13
3.985617000000000172e-14
4.830968999999999713e-14
2.715964000000000159e-13
6.117963000000000131e-14
2.123404999999999927e-13
3.944974999999999934e-14
1.885242999999999967e-13
1.064818000000000020e-14
2.045372000000000041e-13
3.238076999999999956e-13
1.096789999999999964e-13
1.354730999999999996e-13
1.124425999999999974e-13
4.587118000000000003e-14
6.147766999999999698e-14
8.656728000000000118e-14
3.135659000000000018e-13
2.051062000000000116e-14
5.530281000000000313e-13
4.795745999999999811e-15
5.256354000000000373e-15
9.163397000000000148e-14
2.934074999999999794e-13
1.094350999999999973e-13
3.684867000000000008e-15
2.446372000000000049e-13
1.334410000000000067e-13
3.091495000000000273e-14
1.238224000000000061e-14
2.938681000000000027e-13
7.781572000000000378e-14
1.782013000000000063e-13
2.002292000000000075e-14
8.112125999999999951e-14
4.812003000000000186e-14
6.844098999999999512e-14
2.893703999999999738e-14
1.478282000000000082e-13
2.417651999999999946e-13
6.625174000000000018e-13
3.913274999999999802e-13
1.926698000000000117e-13
6.878780000000000503e-13
2.877448000000000130e-14
4.279051999999999971e-13
9.683613999999999505e-14
2.102000000000000030e-13
1.374510000000000067e-13
1.663608999999999932e-14
1.606981000000000006e-13
4.177989000000000056e-14
9.279904000000000208e-14
1.804229999999999927e-13
1.446851999999999869e-14
1.408920000000000120e-13
2.695371999999999796e-13
1.450049000000000095e-12
5.676320999999999760e-13
1.366923000000000112e-13
3.007502000000000094e-15
2.893703999999999738e-14
9.607749000000000312e-14
8.832842999999999628e-15
2.839514999999999993e-14
1.120361999999999977e-13
1.837556000000000011e-13
2.837862000000000131e-12
1.019949999999999910e-12
1.382095999999999950e-13
5.473111000000000120e-15
7.740929999999999510e-14
2.465609999999999846e-15
6.098996999999999846e-13
1.395913999999999892e-13
1.400520000000000125e-13
2.844934000000000013e-14
4.711753000000000184e-14
1.571487000000000049e-14
6.966023999999999773e-14
8.765105999999999608e-14
2.104166999999999893e-13
9.244681000000000622e-14
1.344976000000000105e-13
1.801792000000000071e-14
3.549393999999999946e-15
5.424069999999999929e-13
1.028781999999999953e-13
8.694660000000000435e-14
6.266982999999999732e-13
6.901809999999999649e-13
4.190452000000000227e-13
1.883075000000000094e-14
2.023967000000000018e-14
3.440473999999999967e-13
3.208001999999999703e-14
2.888555999999999774e-13
1.575823000000000110e-13
4.050373000000000153e-13
6.909126000000000243e-15
1.538974000000000067e-14
1.023905000000000043e-13
5.007625999999999649e-13
5.134429000000000270e-14
2.049435999999999912e-13
3.739055999999999911e-14
5.852436000000000027e-15
3.034595999999999977e-14
1.168320000000000115e-13
5.861648000000000430e-13
7.291971999999999617e-13
2.213630000000000118e-14
1.132013000000000056e-13
2.359941000000000062e-14
4.072320000000000034e-14
2.807813999999999914e-13
3.056272000000000056e-14
1.503750999999999850e-14
2.160523999999999953e-13
2.332845999999999963e-14
2.828134999999999843e-13
1.542766999999999882e-13
2.531177999999999779e-13
5.953228000000000329e-13
4.904123999999999775e-15
5.094058000000000467e-13
1.873050000000000031e-13
3.554812999999999966e-14
2.498123000000000065e-14
4.660272999999999749e-15
3.687034999999999849e-13
1.154229999999999983e-14
2.562608000000000181e-13
8.583573000000000214e-14
8.138136999999999577e-13
2.628177000000000186e-15
1.431136999999999983e-13
5.502915000000000160e-14
5.087825999999999651e-13
5.481239999999999902e-14
1.500229000000000089e-13
3.104230000000000193e-13
7.776152999999999412e-15
9.791992000000000257e-14
1.302979999999999917e-13
3.107751999999999701e-14
9.320545999999999814e-14
1.301895999999999949e-13
8.670275000000000257e-15
7.234261000000000743e-15
1.017944999999999986e-13
2.844933999999999760e-13
5.290765000000000024e-13
1.497519000000000043e-13
2.445559999999999830e-13
2.980406999999999995e-15
4.322403000000000055e-13
1.734326000000000107e-13
1.061838000000000054e-13
3.892953999999999873e-13
8.499579000000000451e-14
1.441432999999999849e-14
7.600037999999999902e-14
6.827841999999999769e-15
2.292204000000000042e-14
1.106002000000000052e-13
4.081803000000000051e-13
1.178615999999999981e-14
1.467985999999999900e-13
2.656626999999999945e-13
3.468109999999999866e-15
3.793244999999999972e-15
5.534615999999999608e-13
6.291098000000000180e-13
4.869443000000000015e-13
2.053770999999999964e-13
2.042933999999999997e-14
1.712379000000000099e-13
2.086284999999999939e-15
5.861648000000000430e-13
1.196769000000000037e-13
8.377654000000000191e-14
1.566881000000000006e-13
1.975467999999999969e-13
3.946601000000000139e-13
1.763588000000000068e-13
3.008314999999999991e-13
3.446434000000000024e-14
3.473529000000000122e-14
5.058563999999999815e-14
7.312834999999999404e-14
1.333867999999999956e-13
2.170277999999999961e-14
1.834305000000000053e-14
1.655481000000000128e-14
4.795745999999999811e-15
1.051000000000000015e-13
2.919443999999999813e-13
2.384325999999999924e-14
3.920047999999999898e-13
1.208961999999999973e-13
7.675903000000000357e-14
8.128383000000000207e-16
2.229886000000000042e-14
1.601291000000000058e-13
1.869527999999999955e-14
2.614359000000000008e-13
1.327364999999999969e-13
7.171942999999999796e-14
2.457481000000000144e-14
1.172926000000000095e-13
1.460399000000000008e-14
4.834762000000000033e-13
1.003855000000000043e-13
9.046890000000000087e-14
4.144662999999999845e-13
1.114942999999999958e-13
1.170486999999999978e-13
2.088994000000000118e-14
6.166733000000000488e-14
5.255271000000000256e-13
2.113108999999999998e-13
7.629841999999999469e-14
2.058107000000000088e-13
1.110879000000000001e-15
3.517421999999999812e-13
1.161004000000000088e-13
4.515994000000000316e-12
7.044599000000000305e-15
1.190536999999999979e-13
1.991454000000000036e-14
3.115880000000000057e-15
1.509358999999999971e-12
2.091975000000000030e-13
2.351812000000000122e-14
9.952120999999999574e-13
1.512963000000000063e-13
8.840428999999999953e-13
1.264289000000000087e-12
2.946267999999999982e-13
1.150979000000000088e-13
1.557398000000000116e-13
1.318153000000000008e-13
1.202729999999999915e-13
4.700915000000000144e-14
1.305960000000000072e-13
1.954876000000000111e-13
2.546893000000000106e-14
3.244580000000000196e-13
2.075446999999999979e-14
1.159649000000000002e-14
2.885847000000000052e-13
4.830697999999999658e-13
9.103788999999999752e-15
1.286859000000000060e-12
1.595873000000000048e-14
4.467901000000000023e-14
1.267485999999999897e-13
8.399329000000000134e-15
3.658585000000000107e-13
1.795288999999999894e-13
7.353477000000000272e-14
8.431843000000000567e-14
3.018339999999999738e-14
1.807210999999999901e-13
1.151250000000000017e-13
3.303645999999999977e-13
1.273717999999999955e-13
1.055877000000000025e-12
3.076593000000000237e-13
1.653313000000000066e-13
5.037430000000000478e-13
3.958522999999999893e-14
1.677156000000000071e-14
3.603582999999999691e-14
2.979051999999999957e-13
3.874528999999999657e-15
4.593891000000000100e-13
1.711566999999999880e-13
4.050643999999999956e-14
8.532093000000000569e-14
1.964358999999999938e-14
3.226426000000000130e-13
3.855562999999999972e-14
2.482679000000000109e-13
1.460399000000000008e-14
1.062922000000000022e-13
2.725988999999999907e-13
4.774070000000000048e-14
1.003313000000000059e-13
1.928051999999999942e-13
1.064818000000000020e-14
5.248225999999999780e-14
1.357440000000000064e-14
8.751559000000000100e-14
2.628176999999999950e-14
1.512691999999999882e-13
1.458232000000000082e-13
5.096496000000000133e-14
1.083784000000000021e-14
4.435388000000000104e-13
5.841597999999999672e-14
1.703438000000000067e-13
1.162629999999999914e-13
7.795118999999999886e-14
1.917757000000000085e-13
7.970421999999999619e-13
2.354250999999999861e-13
2.702117999999999856e-12
8.318044999999999975e-14
6.611085000000000021e-15
1.986035000000000016e-14
1.233076000000000097e-13
6.407875000000000098e-14
2.046456000000000009e-13
3.232387000000000008e-13
5.129010000000000250e-14
8.968316000000000479e-15
6.510834999999999388e-14
5.554394999999999806e-14
1.397106000000000005e-12
1.051000000000000015e-13
7.261355999999999263e-15
5.147975999999999620e-15
2.326072000000000047e-13
1.105459999999999941e-14
9.141721999999999889e-14
1.807211000000000091e-14
8.231343000000000563e-14
1.164281999999999905e-12
2.527113999999999909e-13
2.005000999999999859e-14
5.908251000000000166e-13
7.147558000000000249e-14
8.553767999999999565e-14
1.140141000000000049e-13
9.722630000000000548e-13
2.278656999999999903e-14
2.092245999999999959e-13
3.641515999999999829e-14
6.917253999999999416e-14
1.099498999999999938e-13
7.478112000000000768e-15
8.835552000000000044e-14
6.589409000000000574e-14
4.660272999999999749e-15
2.995579999999999944e-13
2.860919999999999890e-13
4.001874000000000230e-14
4.637512999999999608e-13
1.422954999999999968e-12
2.609211000000000107e-14
6.285950000000000311e-15
7.055436999999999555e-14
5.527299999999999707e-15
1.422467000000000006e-14
1.239307000000000083e-13
7.730091999999999471e-14
1.156940000000000060e-14
4.958313999999999813e-14
1.572570999999999954e-13
2.652291000000000073e-13
9.488532999999999521e-14
4.596872000000000327e-13
3.928718000000000033e-15
7.946848999999999534e-14
2.248853000000000020e-14
4.803874000000000246e-14
9.799037000000000103e-13
2.736555999999999891e-14
8.266566000000000149e-14
1.979260999999999911e-13
6.670692999999999786e-14
2.078156999999999899e-14
2.130800999999999939e-12
1.606709999999999951e-14
1.034742999999999956e-13
4.467901000000000023e-14
1.991454000000000036e-14
1.030136999999999976e-13
7.365127999999999593e-13
4.768651000000000029e-14
5.375570999999999880e-14
3.495204999999999964e-15
2.048623000000000125e-13
4.126508999999999780e-14
2.511669999999999889e-14
3.365151000000000001e-14
2.064879999999999932e-13
4.389326999999999626e-15
1.403501000000000005e-14
1.257732000000000078e-13
2.961441000000000073e-14
9.619398999999999813e-13
4.180698000000000156e-14
1.115755999999999997e-13
7.743098000000000456e-13
3.816546999999999813e-13
3.397664000000000299e-14
4.207793000000000254e-14
5.175070999999999718e-15
1.930761999999999988e-13
8.221588999999999734e-13
2.410066000000000063e-13
3.248643999999999940e-14
5.110044000000000092e-14
6.237720999999999771e-13
1.417589999999999971e-13
1.616735000000000078e-13
2.861191000000000071e-14
6.212794000000000113e-14
4.069610000000000115e-14
7.250517999999999540e-14
1.035827000000000050e-13
2.396518000000000230e-13
8.564605999999999604e-14
3.514170999999999729e-14
1.177532000000000076e-13
7.320963999999999975e-14
2.281908000000000176e-13
5.536784000000000048e-13
2.950060999999999924e-13
1.593976000000000104e-13
1.341183000000000005e-14
1.391850000000000022e-13
1.537889999999999973e-13
1.722945999999999957e-13
3.338055999999999903e-14
4.977279999999999972e-14
3.119943999999999817e-13
1.604000999999999852e-14
1.829698999999999947e-13
1.110879000000000001e-15
1.426531000000000003e-13
5.386408999999999919e-14
8.359499999999999872e-13
2.995850999999999873e-13
1.408920000000000025e-14
6.248016999999999700e-14
5.978696999999999844e-13
1.146102000000000021e-14
5.197558999999999543e-13
1.294038999999999884e-13
1.618632000000000085e-13
1.430323999999999944e-13
2.121507999999999920e-14
3.451581999999999863e-13
1.425176999999999926e-14
1.351479000000000092e-13
1.861400000000000152e-14
5.074820999999999748e-13
2.988535999999999919e-13
4.665421000000000503e-13
1.329803000000000014e-13
1.165338999999999888e-13
1.133638000000000061e-13
9.714501999999999797e-13
1.435201999999999926e-13
5.418921999999999744e-15
2.701332999999999989e-14
6.754685999999999729e-14
2.007439999999999977e-13
6.768234000000000319e-14
3.830906999999999864e-13
6.296787000000000057e-14
4.345974999999999942e-14
1.667401999999999936e-13
4.738846999999999831e-14
6.746558000000000241e-14
1.090016000000000048e-13
1.636785000000000078e-13
1.582866999999999883e-13
3.328030999999999777e-13
3.603854000000000125e-13
4.860230999999999549e-13
2.402208000000000178e-13
2.032095999999999958e-14
9.713418000000000334e-14
2.192495999999999961e-13
5.402665000000000158e-14
3.061691000000000075e-15
2.410066000000000063e-13
3.733636999999999891e-14
9.239262000000000602e-15
1.302979999999999917e-13
2.995038000000000087e-13
1.010628999999999959e-14
5.159356000000000054e-13
1.674717999999999963e-13
2.704583999999999757e-13
1.620257999999999910e-13
9.022504999999999277e-15
1.823467000000000014e-14
8.911417000000000498e-14
5.353353000000000322e-13
2.489994999999999946e-14
2.386222000000000048e-13
1.965172000000000040e-13
6.025840999999999617e-14
1.021466999999999998e-14
5.603165000000000162e-14
3.132949999999999792e-13
1.774696999999999973e-14
3.359731999999999903e-15
2.552853999999999858e-13
2.086826999999999939e-13
1.788244000000000112e-14
8.277403000000000369e-14
4.462482000000000003e-14
3.968005999999999783e-13
2.070028000000000022e-13
3.224258999999999841e-15
3.717381000000000283e-14
5.078343000000000265e-13
1.240391000000000051e-13
6.784490000000000558e-14
6.556895999999999645e-15
8.391200999999999699e-14
5.294287000000000037e-14
1.387785999999999899e-13
9.946430999999999374e-14
3.219922999999999890e-13
1.365838999999999892e-13
3.823050000000000053e-13
1.564985000000000071e-13
2.712441000000000074e-13
9.778444999999999487e-14
2.256981000000000140e-14
2.733845999999999971e-14
5.012503000000000347e-15
2.039139999999999983e-13
2.760940999999999817e-13
2.468318999999999867e-14
8.578154000000000195e-14
5.987909000000000089e-15
1.410816000000000054e-13
1.389954000000000024e-14
4.167963999999999930e-13
3.480844999999999897e-13
3.758022000000000070e-14
3.175759000000000019e-13
5.969485000000000387e-13
8.020004999999999258e-15
2.327969000000000054e-13
3.543433000000000195e-13
2.130448999999999953e-13
1.701811999999999989e-13
4.383908000000000080e-14
4.741556999999999751e-14
1.439536999999999978e-13
3.755312999999999970e-14
7.207166000000000645e-15
1.420298999999999944e-13
4.508543000000000260e-14
1.265318000000000024e-14
3.982908000000000072e-14
8.935802000000000045e-14
3.270319000000000199e-14
2.294913000000000142e-14
1.647623000000000117e-13
2.282450000000000034e-13
8.941221000000000381e-16
8.318044999999999659e-15
6.272402000000000509e-14
1.459316000000000049e-13
1.492641999999999881e-13
3.454292000000000161e-13
1.492913000000000126e-14
4.925799999999999696e-14
8.068774999999999614e-14
1.854897000000000038e-13
7.215294999999999953e-14
2.215526000000000116e-13
1.072946999999999959e-14
1.487494000000000106e-14
1.345247000000000033e-13
1.279624000000000041e-12
5.576070999999999884e-14
2.352624999999999783e-13
6.112544000000000111e-14
2.021257999999999918e-13
8.705498000000000475e-14
7.749059000000000712e-15
4.413712000000000278e-14
5.876821000000000521e-14
2.320111000000000170e-13
1.292683999999999988e-13
5.421632000000000137e-14
1.792307999999999919e-13
2.272425000000000033e-13
5.825340999999999929e-15
9.529174000000000569e-14
3.855562999999999972e-14
1.988744000000000116e-14
3.602228000000000047e-13
1.886272999999999913e-12
1.950811999999999878e-15
1.774696999999999973e-14
1.948101999999999879e-14
3.281157000000000238e-14
1.588828000000000013e-13
1.208420000000000021e-14
3.495205000000000201e-14
1.659816000000000053e-13
1.025530999999999995e-13
1.822925000000000030e-13
1.931845999999999956e-14
1.690432999999999912e-13
1.419758000000000064e-14
2.526572000000000051e-13
2.232595999999999961e-14
4.172569999999999879e-15
2.101729000000000101e-13
3.659939999999999751e-13
1.482888000000000063e-13
1.625676999999999969e-15
2.172987999999999881e-14
1.484785000000000006e-14
1.292412999999999964e-14
2.853603999999999864e-13
2.210919999999999883e-13
1.222752999999999930e-12
3.747184999999999850e-14
1.185498000000000004e-12
2.601082999999999908e-15
1.359878000000000014e-13
8.047098999999999536e-15
3.907043000000000248e-14
3.324780000000000198e-13
1.204626000000000102e-13
5.716963000000000123e-14
7.325841000000000389e-13
2.902375000000000040e-13
7.540429999999999506e-14
1.147185999999999894e-13
4.822840999999999909e-15
3.866401000000000011e-14
3.481657000000000242e-14
5.446017000000000315e-14
1.045986999999999953e-12
4.034386999999999897e-14
7.120463999999999971e-14
2.634409000000000008e-13
2.287002000000000194e-12
3.911377999999999795e-13
8.242179999999999520e-14
1.566068000000000030e-14
1.662254000000000098e-13
1.026886000000000018e-14
5.829134000000000312e-13
1.131200000000000017e-13
6.613794000000000121e-14
1.173196999999999961e-14
6.521672999999999428e-14
2.174072000000000038e-13
1.724029999999999925e-13
4.576279999999999964e-14
1.131470999999999945e-13
7.429341999999999465e-14
1.047749000000000057e-13
3.248643999999999940e-14
2.526842999999999980e-13
1.655481000000000128e-14
5.904999000000000010e-13
7.423923000000000392e-15
1.147185999999999894e-13
1.094622000000000060e-14
1.572300000000000025e-13
9.537302999999999246e-15
1.037724000000000057e-14
1.069423999999999937e-13
4.392036000000000199e-14
4.127593000000000000e-13
5.947266999999999694e-14
2.733845999999999971e-14
4.654853999999999888e-14
2.132345999999999959e-14
2.966860000000000093e-14
3.988327000000000091e-14
2.110669999999999881e-14
8.017294999999999969e-14
7.396829000000000114e-15
9.217586000000000524e-14
8.239471000000000051e-14
1.000929000000000086e-12
5.546538000000000372e-13
8.746140000000000081e-14
1.553063000000000064e-13
3.175488000000000216e-14
4.395017000000000174e-13
1.113588000000000061e-14
6.432259999999999645e-14
6.386199999999999839e-14
3.454562999999999964e-14
4.382823999999999985e-13
4.111606999999999870e-13
9.591491999999999622e-15
2.430386999999999866e-14
1.082700999999999967e-13
2.675864000000000158e-13
6.169442999999999776e-14
3.264630000000000196e-13
3.401998999999999972e-13
8.645889999999999826e-13
2.953313000000000112e-15
9.483114000000000448e-15
4.051999000000000231e-13
1.524342999999999960e-13
2.429031999999999843e-13
1.392662999999999966e-14
6.272402000000000509e-14
3.722798999999999852e-14
1.739203000000000016e-13
3.793244999999999972e-15
2.836805999999999893e-14
4.001874000000000230e-14
1.925885000000000078e-13
3.546684000000000026e-14
3.104500000000000050e-13
4.776779999999999968e-14
1.926426999999999936e-14
2.649581999999999847e-13
5.092702999999999812e-13
1.024175999999999972e-13
2.620590999999999814e-13
1.046664999999999963e-13
1.833491999999999888e-13
1.786889999999999972e-13
8.131093000000000561e-14
7.881822000000000380e-14
1.520007999999999908e-14
7.079822000000000365e-13
4.741556999999999751e-14
8.540221000000000057e-14
1.297831999999999984e-14
8.020004999999999258e-15
3.050853000000000036e-14
6.971442999999999792e-14
2.446101000000000121e-13
4.798997000000000337e-13
1.651416000000000059e-13
4.538346999999999827e-14
6.161314000000000468e-14
6.540639000000000217e-14
8.659436999999999587e-14
4.077739000000000054e-14
8.374943999999999640e-14
5.540848000000000298e-14
1.547101999999999871e-14
4.821215000000000273e-13
6.730029999999999748e-13
4.030594000000000082e-13
3.300393999999999821e-13
8.364105999999999600e-14
2.641724999999999909e-14
6.172152000000000507e-14
1.644643000000000089e-14
3.674842000000000165e-13
4.687367999999999848e-15
3.451853000000000044e-14
7.829259000000000335e-13
1.670111999999999982e-13
3.522298999999999848e-15
7.694598000000000208e-13
6.440389000000000215e-14
1.434930999999999997e-13
5.815315999999999613e-13
1.399707999999999906e-13
9.434343000000000587e-14
3.203125000000000046e-13
5.543556999999999766e-14
2.048353000000000016e-14
1.414339000000000045e-14
2.223384000000000000e-13
4.392036000000000199e-14
2.920798999999999836e-14
9.564396999999999524e-15
4.755374999999999818e-13
1.347685999999999898e-13
2.297623000000000061e-14
1.712920999999999957e-13
5.482052999999999562e-13
2.173258999999999999e-13
4.787618000000000007e-14
9.212167000000000110e-16
2.796976999999999947e-13
2.129636000000000040e-14
1.851645999999999954e-13
1.303792999999999956e-13
3.970715000000000009e-13
5.188618000000000015e-14
1.103292999999999952e-13
3.602498999999999976e-13
1.058044999999999987e-13
3.446434000000000024e-14
3.701394999999999901e-13
4.772444999999999664e-13
2.441224000000000085e-14
1.127949000000000059e-13
1.332783999999999988e-13
1.816151999999999934e-13
8.635052000000000040e-14
1.424363999999999887e-13
6.684240000000000556e-14
1.764672000000000036e-13
1.803416999999999888e-13
1.159648999999999939e-13
4.405312999999999851e-13
2.370777999999999776e-13
6.108751000000000170e-13
3.931427999999999795e-14
9.298869999999999736e-14
2.140473999999999921e-15
2.829219000000000064e-13
9.829925000000000395e-14
1.626219000000000040e-13
2.963879000000000118e-13
3.029176999999999958e-14
2.349103000000000022e-14
2.022883999999999996e-13
7.502498000000000451e-14
1.476113999999999894e-13
1.746789999999999971e-13
2.196017999999999973e-13
1.381094000000000012e-12
4.936638000000000113e-13
3.329927999999999783e-14
8.681112999999999665e-14
1.734597000000000035e-13
1.667401999999999936e-13
2.107961000000000097e-14
7.918941999999999721e-13
4.855353999999999892e-14
1.168591000000000044e-13
1.311378999999999965e-14
1.460399000000000008e-14
5.489096999999999587e-13
1.002500999999999997e-14
5.120339000000000201e-13
3.966651000000000013e-14
1.225488999999999889e-13
4.648621999999999577e-13
1.549812000000000106e-14
4.671924000000000238e-13
2.086826999999999939e-13
4.423194999999999915e-13
1.245538999999999889e-13
6.817003999999999414e-14
6.733010999999999471e-14
6.429551000000000176e-14
8.672985000000000177e-14
6.811584999999999394e-14
3.614420999999999731e-14
2.384867999999999971e-13
1.242558999999999987e-13
1.536264000000000147e-14
3.114796000000000231e-13
2.479156999999999907e-14
1.148541000000000043e-13
4.822841000000000225e-14
1.843245999999999959e-13
1.051271000000000039e-14
8.171733999999999842e-13
1.620257999999999910e-14
2.464255000000000186e-13
1.362045999999999950e-13
1.538974000000000067e-14
8.938512000000000596e-14
1.593163000000000128e-14
2.884491999999999903e-13
2.324717999999999844e-14
3.197164000000000295e-14
4.318881000000000295e-14
9.347640999999999597e-15
2.550145000000000136e-13
2.278656999999999903e-14
5.527299999999999707e-15
4.909543000000000268e-14
5.608584000000000182e-15
3.635284000000000022e-13
4.719881000000000303e-14
1.119006999999999923e-14
2.051062000000000116e-14
2.013130000000000114e-14
2.124216999999999894e-13
2.127198000000000121e-13
6.914544999999999947e-14
3.211524000000000221e-13
3.400374000000000219e-14
5.443306999999999764e-14
2.827594000000000058e-13
2.711357999999999926e-13
7.700287999999999904e-14
1.174551000000000101e-13
5.944557000000000405e-14
1.904750999999999857e-14
5.034179000000000268e-14
9.848890999999999922e-14
5.581489999999999904e-15
1.219256999999999925e-14
9.258228000000000130e-14
2.338807000000000093e-13
2.636576999999999944e-13
1.473676000000000101e-13
2.330136000000000044e-14
1.105459999999999941e-14
1.853270999999999897e-14
5.016567000000000186e-13
1.288891000000000046e-13
4.203458000000000202e-13
1.352020999999999950e-13
9.591492000000000254e-14
4.067442999999999999e-13
2.870674000000000214e-13
1.720507999999999912e-14
9.521317000000000757e-13
2.638201999999999950e-13
4.703624000000000244e-14
8.074193999999999634e-15
1.056690000000000058e-14
4.852644999999999792e-14
8.169024999999999616e-14
9.540554000000000466e-13
1.895267999999999967e-13
3.809501999999999715e-14
2.436075999999999868e-13
4.199665000000000135e-14
4.416420999999999904e-15
4.421839999999999766e-14
7.196328000000000606e-14
1.795560000000000076e-13
2.485659999999999831e-13
6.548766999999999706e-14
1.614026000000000104e-13
6.947058000000000245e-14
7.599766999999999721e-13
1.005209999999999940e-13
9.862437999999999430e-14
4.748059999999999864e-13
5.973548999999999753e-13
7.911626000000000263e-15
7.415794999999999957e-14
3.210710999999999803e-14
6.882031000000000145e-15
1.165067999999999982e-15
1.409732999999999906e-13
1.477251999999999934e-12
5.920171999999999596e-14
3.233742000000000157e-13
2.361837000000000249e-13
9.038762000000000598e-14
6.892868999999999869e-14
1.160461999999999978e-13
2.454229999999999934e-13
7.537721000000000037e-14
9.049599999999999375e-15
7.656936999999999567e-14
8.973735000000000183e-14
2.342600000000000035e-13
5.817213000000000125e-14
1.119819999999999993e-13
3.462691000000000083e-14
4.741557000000000224e-15
1.544935000000000071e-13
8.139492000000000231e-13
1.441704000000000094e-13
4.741557000000000224e-15
1.996873000000000055e-14
1.077824000000000058e-13
4.064191999999999915e-15
1.427886000000000026e-14
6.367233000000000492e-14
4.430781999999999871e-13
4.982157000000000134e-13
2.534700999999999864e-13
5.332218999999999723e-14
1.062109000000000078e-14
2.561794999999999890e-13
6.283240000000000549e-14
2.880157000000000230e-14
9.829383000000000790e-13
6.974153000000000343e-14
5.940221999999999849e-13
3.609001999999999711e-14
1.408920000000000025e-15
1.553876000000000103e-13
2.117714999999999979e-13
3.604125000000000054e-13
2.697810000000000093e-13
1.643288000000000066e-13
2.203334000000000000e-13
4.763232000000000009e-14
2.680740999999999815e-13
2.869048000000000136e-13
1.968423000000000124e-13
1.429782999999999907e-13
2.303042000000000081e-15
3.766150999999999693e-15
2.575343000000000228e-13
1.921007999999999916e-14
5.771152000000000499e-14
6.136928999999999659e-14
1.329261999999999976e-13
2.785055000000000193e-13
1.520550000000000019e-13
6.126090999999999619e-14
8.563522999999999961e-13
1.120416000000000100e-12
9.848890999999999922e-14
8.002935000000000169e-13
4.262794999999999912e-13
1.262608999999999924e-14
2.807002000000000011e-14
1.220341000000000050e-13
4.560022999999999905e-14
8.231343000000000563e-14
1.032305000000000038e-14
2.303583999999999749e-13
1.771987999999999873e-14
7.315544999999999640e-15
1.314089000000000043e-14
2.883950000000000045e-13
1.148541000000000043e-13
1.729991000000000055e-13
9.418087000000000348e-14
8.789492000000000238e-14
1.464463999999999888e-13
7.028341999999999457e-14
4.345974999999999942e-14
2.053770999999999900e-14
2.405730000000000191e-13
8.437262000000000586e-14
2.897768999999999807e-13
2.556918000000000233e-13
2.086285000000000081e-13
5.852435999999999712e-14
6.033970000000000188e-14
6.313043999999999800e-15
7.504394000000000386e-13
1.669027999999999951e-14
1.276156000000000063e-14
4.169860999999999937e-14
3.150289999999999999e-13
5.975715999999999616e-13
4.668401000000000027e-14
1.204083999999999992e-13
5.301602000000000496e-13
6.977675000000000154e-12
3.297414000000000297e-14
9.404538999999999758e-14
4.421839999999999766e-14
5.036074999999999824e-13
2.695913999999999969e-14
1.417047999999999987e-14
1.896622999999999896e-15
1.517297999999999989e-15
7.781572000000000378e-14
7.797829000000000437e-14
2.338536000000000164e-13
1.825092999999999966e-13
4.501498999999999982e-13
1.576906000000000006e-13
3.988869000000000075e-13
8.445390000000000075e-14
9.217586000000000524e-14
6.982280999999999831e-14
2.248853000000000099e-15
5.218422000000000213e-14
1.907461000000000093e-14
9.865147999999999981e-14
1.108441000000000043e-13
3.115880000000000057e-15
2.002292000000000075e-14
4.871610999999999950e-14
1.591807999999999915e-13
1.086494000000000035e-13
2.224468000000000158e-14
7.098787999999999892e-15
5.356603999999999901e-14
2.021257999999999918e-14
6.340139000000000213e-14
1.809919999999999875e-14
2.954938000000000086e-13
1.452270999999999889e-14
1.221967000000000002e-14
1.020626999999999948e-12
1.222779999999999915e-13
4.534553999999999885e-13
4.127322000000000071e-13
1.488035999999999901e-13
4.545662999999999853e-13
3.443724999999999925e-14
1.303251000000000003e-14
3.776989000000000048e-14
4.064191999999999915e-14
2.097123000000000057e-14
9.128174000000000561e-14
1.606167999999999967e-13
1.021195999999999943e-13
6.499725999999999925e-13
1.177532000000000076e-13
4.879739000000000070e-14
6.118505000000000494e-13
6.231759999999999641e-14
9.984363999999999511e-14
2.485388999999999902e-13
4.831511000000000454e-13
1.834304999999999927e-13
2.682366000000000010e-14
4.335138000000000039e-15
1.024175999999999940e-14
1.885242999999999967e-13
1.333055000000000044e-14
9.526464999999999838e-14
7.814898000000000210e-13
1.191891999999999876e-13
1.902584000000000044e-12
5.597746000000000143e-14
2.460191000000000064e-14
5.500206000000000218e-15
2.357231000000000142e-14
9.212167000000000504e-15
6.546058000000000237e-14
9.588782999999999523e-14
2.631428999999999853e-13
4.977279999999999972e-14
1.681220999999999951e-13
6.819713000000000145e-14
9.347640999999999597e-15
1.377219000000000041e-13
1.686910000000000079e-13
3.413920999999999884e-15
3.400914999999999752e-13
1.684742999999999963e-13
2.504897000000000045e-13
4.687367999999999848e-15
6.432801999999999755e-13
1.219257000000000083e-13
1.896623000000000054e-14
5.337638000000000058e-15
8.507708000000000706e-15
1.411900000000000022e-13
2.925676000000000124e-13
1.977364999999999976e-13
3.936034000000000028e-13
9.583634999999999684e-13
1.999582000000000155e-14
1.322217000000000004e-14
4.416420999999999904e-15
2.685075999999999930e-14
2.693204000000000050e-14
5.702061000000000214e-13
7.025632000000000168e-14
5.166941999999999937e-14
3.046517999999999984e-13
4.050643999999999956e-14
2.387848000000000126e-13
5.081593999999999844e-13
1.226030999999999999e-13
1.252041999999999877e-13
1.912066999999999884e-13
2.163233999999999999e-13
4.612856999999999880e-13
1.135263999999999982e-14
9.103788999999999752e-15
1.151521000000000041e-14
1.059398999999999937e-13
1.062922000000000022e-13
7.180072000000000367e-15
1.261254000000000090e-13
5.112753000000000192e-14
1.571486999999999970e-15
4.075571000000000244e-13
8.426424000000000232e-15
2.639014999999999989e-14
1.023633999999999988e-13
3.728217999999999872e-14
4.186387999999999852e-13
1.062380000000000038e-13
3.548038999999999923e-13
1.244997000000000031e-13
7.075757000000000422e-13
1.186743999999999943e-14
8.588990999999999783e-15
3.389536000000000179e-14
1.682032999999999917e-13
1.116569000000000036e-13
6.909126000000000243e-15
1.373697000000000028e-13
2.925133999999999762e-13
3.935763000000000099e-13
2.572903999999999858e-13
8.318044999999999659e-15
1.698019000000000047e-13
9.185073000000000226e-15
2.207669000000000052e-13
1.636514000000000149e-14
2.025051000000000112e-13
7.120463999999999971e-14
1.260413999999999965e-12
1.182734000000000037e-12
8.217794999999999973e-14
5.469047000000000092e-13
1.926156000000000007e-13
1.297831999999999984e-14
1.203813999999999984e-12
1.339286999999999976e-13
1.472591999999999881e-13
3.863691000000000091e-14
1.048831999999999953e-13
3.301748999999999970e-13
5.012503000000000347e-15
3.885366999999999917e-13
2.229886000000000042e-14
2.137764999999999979e-14
1.761150000000000031e-15
1.762232999999999919e-13
2.492432999999999928e-13
1.590454000000000091e-13
1.254210000000000065e-13
1.945122000000000040e-13
9.185073000000000226e-15
2.191954000000000103e-13
7.459146000000000294e-14
1.523801000000000102e-13
3.441015999999999982e-15
2.741704000000000108e-13
1.133638000000000061e-13
2.201166000000000064e-13
7.566441000000000394e-13
2.554479999999999936e-13
1.349853000000000014e-13
1.809919999999999875e-14
3.739055999999999911e-14
1.635431000000000001e-13
4.726112999999999857e-13
3.686763999999999920e-13
1.451186999999999984e-13
1.565798000000000110e-13
3.543433000000000195e-13
3.065212999999999836e-13
1.392120999999999951e-13
2.817838999999999836e-15
1.874404999999999928e-13
2.346393000000000102e-14
1.433576000000000101e-13
1.543119000000000021e-12
1.584763999999999890e-13
1.031491999999999999e-13
7.852017999999999551e-14
1.132013000000000056e-13
1.211670999999999947e-13
1.536263999999999895e-13
7.938721000000000361e-15
3.928718000000000033e-15
2.069757000000000094e-13
2.927030999999999769e-13
1.186473000000000108e-13
1.501501999999999957e-12
3.010481999999999854e-13
4.832866000000000099e-13
1.124425999999999974e-13
9.066669000000000411e-13
1.825092999999999966e-13
3.156522000000000058e-14
7.857436999999999887e-15
2.070569999999999880e-13
1.363129999999999918e-13
7.117753999999999420e-14
4.795745999999999748e-13
4.514774999999999814e-13
1.148810999999999963e-14
7.472693999999999622e-14
4.964545000000000431e-13
2.349103000000000022e-14
1.173738999999999882e-13
7.282218000000000303e-13
4.162273999999999981e-13
3.495204999999999949e-13
1.386431000000000002e-13
2.053743999999999978e-12
3.015629999999999819e-14
1.660357999999999911e-13
5.372860999999999960e-14
1.780115999999999993e-14
2.314150999999999860e-13
4.199665000000000135e-14
1.892288000000000065e-13
1.522717000000000008e-14
6.684240000000000556e-14
5.164232999999999837e-14
1.304876000000000104e-13
4.492286000000000201e-14
1.357440000000000064e-14
1.024175999999999940e-14
5.210565000000000023e-13
3.194455000000000195e-14
6.235012000000000050e-13
1.157210999999999894e-13
1.452813000000000062e-13
1.119006999999999954e-13
6.237178999999999661e-14
9.266357000000000700e-15
2.273237999999999883e-14
1.536264000000000147e-14
1.045852000000000019e-14
1.609691000000000052e-13
1.773721999999999982e-12
1.064818000000000020e-14
2.584012999999999826e-13
9.282612999999999677e-14
5.781990000000000539e-14
1.398081999999999986e-14
6.269692999999999778e-14
8.784073000000000218e-14
1.105459999999999941e-14
1.354731000000000043e-15
8.859937999999999726e-15
2.091432999999999920e-13
4.904124000000000248e-14
5.045015999999999856e-14
1.262608999999999924e-14
3.527717999999999868e-14
5.066691999999999935e-15
3.167902000000000207e-13
2.717047999999999875e-13
2.218235999999999910e-13
5.022528000000000064e-13
1.298373999999999936e-13
2.286242999999999975e-13
1.433305000000000046e-14
2.363733999999999751e-13
1.247707000000000077e-13
3.078490000000000244e-13
9.656518999999999407e-14
1.033658999999999988e-13
3.403082999999999687e-14
3.481657000000000242e-14
1.448207000000000081e-13
5.960813999999999991e-15
6.201956000000000074e-14
2.009878000000000021e-13
2.011504000000000099e-13
1.790954000000000032e-14
6.196537000000000055e-14
1.843516999999999888e-13
2.714880000000000128e-14
1.474298999999999916e-12
1.176719000000000037e-13
6.524110999999999725e-13
1.865192999999999967e-13
4.858063999999999811e-14
1.064818000000000020e-14
1.693954999999999924e-13
3.821694999999999903e-13
1.601020999999999949e-13
1.498332000000000145e-14
1.061566999999999999e-13
1.261389999999999939e-12
1.136889999999999965e-13
7.711125999999999943e-14
5.670901999999999866e-14
3.739056000000000384e-15
2.630886999999999870e-14
5.172360999999999956e-14
6.042097999999999676e-15
2.439598999999999953e-13
1.699916000000000054e-13
8.263855999999999283e-15
1.128761000000000026e-13
3.007502000000000094e-15
8.778654000000000199e-14
5.023341000000000229e-14
2.501915999999999818e-13
1.406751999999999931e-13
7.814086000000000496e-14
1.100040999999999922e-14
1.249061999999999943e-14
1.563358999999999993e-13
4.988118000000000011e-14
1.208420000000000021e-14
3.881303000000000047e-13
4.156312999999999978e-14
2.373487999999999885e-14
1.725656000000000003e-13
2.617338999999999910e-14
5.074820999999999748e-13
1.787701999999999939e-13
1.851104000000000096e-13
1.323842999999999956e-13
2.606502000000000007e-14
5.061272999999999915e-14
3.612252999999999795e-13
2.930824000000000215e-13
1.620257999999999910e-13
3.527717999999999868e-14
1.845142999999999966e-13
6.884470000000000451e-13
2.855500999999999870e-13
6.301123000000000433e-13
1.787160000000000081e-13
8.892179999999999780e-13
2.029386000000000038e-14
7.651517999999999547e-14
6.150477000000000249e-14
3.766151000000000009e-14
7.001247000000000621e-14
5.200810000000000131e-13
5.120881000000000311e-15
5.305125000000000076e-14
2.973903999999999866e-13
7.583780999999999843e-14
3.143787999999999831e-13
3.248102000000000209e-13
3.826572000000000065e-13
2.151312000000000118e-14
6.369942999999999780e-14
1.478769999999999968e-12
1.364485000000000067e-13
8.402038999999999738e-14
1.789328000000000017e-13
1.769548999999999945e-13
1.112775999999999968e-13
1.429511999999999978e-13
2.373217000000000146e-13
4.332427999999999803e-14
5.541390000000000281e-13
1.322216999999999878e-13
3.200143999999999819e-13
5.156103999999999897e-14
1.465547000000000036e-13
4.405584000000000158e-14
6.827028999999999667e-13
5.825340999999999929e-15
1.589370000000000123e-13
5.026320999999999500e-13
8.643180999999999979e-15
3.832262000000000014e-13
1.155042999999999959e-13
3.672132999999999939e-13
6.700497000000000615e-14
1.511878999999999969e-14
1.945393000000000095e-14
1.544935000000000071e-13
8.458936999999999583e-14
4.280947999999999842e-15
4.724216000000000355e-13
2.863900000000000171e-14
6.734635999999999981e-13
1.302979999999999917e-13
1.324385000000000066e-13
1.138245000000000114e-13
2.807002000000000200e-13
2.303042000000000081e-15
4.877029999999999970e-14
4.408834999999999863e-13
1.120903999999999961e-13
2.148603000000000018e-14
2.305750999999999865e-14
1.924529999999999929e-13
6.990409000000000109e-15
7.532302000000000018e-14
3.164108999999999761e-13
6.382676999999999502e-13
8.767816000000000159e-14
5.185908000000000095e-14
2.433095999999999965e-14
5.486387999999999866e-13
2.858481000000000025e-13
2.636305999999999889e-14
7.266773999999999778e-14
9.336802999999999873e-14
1.415422000000000035e-13
3.550477999999999788e-13
7.017504000000000207e-15
5.670901999999999866e-14
2.184097000000000039e-13
1.259899000000000004e-14
1.406209999999999947e-14
1.552520999999999954e-13
9.510208000000000726e-15
7.067357999999999742e-13
3.114796000000000231e-13
1.770904000000000095e-13
1.108441000000000043e-13
4.169860999999999937e-14
4.234887999999999721e-14
3.016985000000000094e-13
1.546560000000000076e-13
4.344350000000000063e-13
2.240724000000000081e-14
1.458503000000000010e-13
4.494996000000000121e-14
3.176029999999999948e-13
5.641098000000000300e-14
6.123382000000000151e-15
4.105375000000000064e-13
5.811794000000000106e-14
9.810957999999999785e-14
4.153603999999999878e-14
4.611503000000000182e-14
2.506250999999999869e-14
2.847209999999999941e-12
2.554750999999999865e-13
1.429782999999999907e-13
3.091495000000000273e-14
2.262399999999999844e-14
3.009127000000000210e-13
3.105041999999999781e-14
7.873693999999999630e-14
3.908668000000000001e-13
5.968400999999999662e-13
9.407249000000000308e-14
2.763649999999999854e-15
2.083575999999999918e-14
2.411419999999999887e-14
3.189036000000000175e-14
8.209667000000000484e-15
5.830759999999999633e-14
4.760522999999999909e-14
1.717797999999999993e-14
1.068069999999999987e-13
2.139119000000000056e-13
1.371529000000000092e-13
2.467234999999999836e-13
2.625467999999999850e-14
1.574738999999999890e-13
1.223592999999999954e-13
3.403082999999999687e-14
1.527051999999999934e-13
3.158690000000000246e-13
5.467691999999999943e-14
1.265047000000000032e-13
1.012255000000000037e-13
2.926759999999999840e-13
6.112544000000000111e-14
1.348228000000000008e-13
1.451457999999999913e-13
3.535846999999999807e-14
5.421632000000000137e-14
1.065089000000000012e-13
2.012045999999999957e-13
1.276698000000000110e-13
6.884740000000000560e-14
2.777198000000000128e-14
7.811375999999999945e-14
2.505709999999999831e-13
1.893913000000000134e-14
1.393476000000000100e-13
4.004582999999999699e-14
3.050310999999999926e-13
3.115880000000000057e-15
9.745930999999999370e-14
3.167902000000000207e-13
8.174443999999999636e-14
1.461482999999999913e-13
4.473320000000000042e-14
1.095977000000000051e-13
4.842349000000000494e-13
4.190452000000000227e-13
1.514588999999999889e-14
2.929198000000000137e-13
1.629470000000000124e-13
1.020111999999999975e-13
1.758439999999999914e-14
5.464982999999999843e-14
3.812212000000000266e-14
1.263963999999999884e-13
3.671320000000000027e-14
1.614838999999999891e-14
2.102542000000000077e-14
4.341639999999999764e-13
1.418403000000000010e-13
1.350666000000000053e-13
4.427258999999999786e-14
4.150893999999999958e-14
7.025632000000000168e-14
1.539245000000000122e-13
5.259063999999999819e-14
5.418922000000000217e-14
5.292390000000000030e-13
2.122591999999999888e-13
2.901833000000000309e-14
9.756768999999999409e-14
6.028551000000000168e-14
4.221339999999999762e-14
5.265024999999999570e-13
2.972279000000000113e-14
3.692995000000000285e-14
3.679448000000000146e-14
7.833052000000000024e-14
1.770361999999999984e-13
1.444685000000000069e-13
5.202164999999999996e-15
1.046637999999999927e-12
5.878989000000000204e-13
4.778946999999999832e-13
3.963941000000000093e-14
9.480404000000000212e-14
5.207584000000000174e-14
2.592412000000000001e-13
6.573152000000000515e-14
1.910982999999999916e-13
2.240778000000000128e-12
1.557939999999999973e-13
1.532200000000000024e-13
4.360064999999999759e-13
9.496661000000000271e-14
2.218778000000000020e-13
3.709251999999999713e-14
3.757210000000000103e-13
7.938721000000000361e-15
1.221695999999999947e-13
3.991036000000000191e-14
8.334302000000000034e-14
5.524591000000000239e-14
1.425988999999999893e-13
8.667566000000000157e-14
1.967068999999999858e-14
1.395372000000000066e-14
7.570234000000000335e-14
8.955582000000000442e-13
6.995828000000000602e-14
5.684449000000000005e-14
8.212375999999999953e-14
4.513691000000000098e-13
1.685013999999999892e-13
6.560689000000000218e-13
2.053501000000000107e-13
1.157210999999999894e-13
3.809501999999999715e-14
3.178198000000000136e-14
1.761150000000000150e-14
1.065089000000000012e-13
2.737910000000000094e-13
1.996331000000000008e-13
9.515626999999999799e-14
1.008189999999999968e-13
1.419758000000000064e-14
1.327635999999999898e-13
4.774070000000000048e-14
7.090660000000000404e-14
2.465610000000000083e-14
4.199664999999999977e-15
6.462065000000000294e-14
9.022504999999999277e-15
2.121779000000000102e-13
2.529552999999999773e-13
8.326174000000000545e-14
6.598349999999999849e-13
4.196955000000000215e-14
4.375779999999999960e-14
1.712379000000000099e-13
1.473946999999999967e-14
3.405793000000000238e-14
2.763649999999999854e-14
7.467274999999999602e-14
1.037724000000000057e-14
1.354731000000000043e-15
7.749059000000000712e-15
5.231968999999999721e-14
2.353709000000000003e-13
4.064191999999999915e-14
7.917044999999999967e-14
1.245810000000000070e-13
1.285638999999999890e-13
9.618586999999999721e-15
8.605248000000000473e-14
3.278447999999999823e-15
7.432052000000000016e-14
8.182572000000000386e-14
1.316256000000000001e-13
1.335763999999999986e-14
1.775238999999999894e-13
2.795621999999999798e-13
4.988388999999999940e-13
1.133638000000000061e-13
7.399537999999999898e-14
1.788244000000000112e-14
1.078636000000000025e-13
2.619778000000000028e-13
6.844098999999999512e-14
8.762397000000000140e-14
1.227657000000000077e-13
1.577989999999999974e-13
5.055853999999999895e-14
3.522298999999999848e-15
4.072049000000000232e-13
1.574196999999999969e-14
6.906415999999999377e-14
8.916836000000000518e-14
3.118589999999999740e-14
2.728427000000000204e-13
3.432886999999999885e-14
6.597537999999999882e-14
3.445080000000000200e-13
9.564396999999999524e-15
2.720299000000000148e-14
1.313276000000000098e-13
2.269173999999999950e-13
3.842286999999999761e-13
8.756978000000000120e-14
3.021319999999999893e-13
5.947266999999999694e-14
4.869443000000000015e-13
7.926256999999999676e-13
5.500206000000000060e-14
4.062836999999999766e-13
1.142851000000000095e-13
1.024175999999999940e-14
8.998119999999999730e-14
5.202165000000000154e-14
7.627133000000000000e-14
2.268632000000000092e-13
4.549455999999999795e-13
3.773195000000000160e-13
2.232054000000000104e-13
7.152977000000000269e-15
6.516253999999999408e-14
1.477198000000000114e-13
2.224197000000000039e-13
2.019903000000000021e-13
4.362232000000000317e-15
3.405792999999999986e-13
4.213212000000000274e-14
5.982490000000000543e-14
6.033970000000000188e-14
2.040224000000000077e-14
3.619839999999999750e-14
4.026258999999999778e-14
4.031677999999999797e-14
2.430386999999999866e-14
9.090242000000000244e-14
1.746789999999999971e-13
1.257189999999999967e-13
4.593349000000000242e-13
1.874946999999999975e-14
3.994828999999999880e-13
3.378968999999999817e-13
3.747184999999999850e-14
1.982241999999999885e-13
4.714462000000000126e-15
9.558978999999999956e-14
5.511044000000000100e-14
2.469945000000000135e-13
2.163504999999999928e-13
9.033343000000000579e-14
4.170944000000000085e-13
2.682094999999999892e-13
7.483530999999999841e-14
5.906624999999999615e-15
5.787409000000000558e-14
2.655272000000000048e-14
2.240453000000000026e-13
4.560022999999999905e-13
8.426424000000000232e-15
7.261355999999999263e-15
3.186326000000000256e-14
2.231241000000000065e-13
2.587535000000000028e-14
2.980406999999999995e-15
6.490514000000000469e-13
1.046394000000000034e-13
1.303251000000000003e-14
1.743538000000000068e-13
1.051271000000000039e-14
8.832842999999999628e-15
3.069819000000000195e-14
2.726259999999999836e-13
1.596956000000000006e-13
3.630677999999999632e-15
3.478676999999999961e-13
1.324303000000000037e-12
5.689867999999999867e-15
4.540243999999999834e-13
4.310751999999999725e-14
3.937660000000000106e-13
1.742454000000000100e-13
2.305750999999999865e-14
1.123342999999999952e-13
1.875760000000000077e-13
8.261147000000000130e-14
1.116569000000000036e-13
1.412170999999999951e-13
3.034595999999999977e-14
8.304498000000000467e-14
6.827841999999999769e-15
1.881450000000000026e-13
2.621673999999999962e-13
1.547101999999999871e-14
2.096310000000000082e-13
9.718837000000000354e-14
6.589409000000000574e-14
5.367441999999999941e-14
2.636305999999999889e-14
3.476239000000000042e-14
1.329532999999999905e-13
2.651207999999999925e-13
5.662774000000000378e-15
3.097726999999999953e-13
4.432677999999999805e-14
2.247769000000000052e-13
2.032095999999999958e-13
8.299079000000000447e-14
7.475403000000000353e-14
2.400581999999999848e-14
2.072737999999999879e-14
1.160055999999999919e-12
3.229677999999999782e-14
5.511044000000000100e-14
2.686430999999999764e-13
4.039805999999999917e-14
5.280739999999999898e-14
6.161314000000000468e-14
2.124217000000000020e-14
4.064461999999999771e-13
2.032095999999999958e-13
1.343892999999999925e-14
5.907980000000000237e-13
1.265860000000000071e-13
1.498332000000000145e-14
1.235513999999999984e-14
1.311650000000000020e-13
2.752812000000000130e-14
1.771987999999999873e-14
1.079178000000000009e-13
4.987034000000000296e-13
2.516275999999999869e-13
1.807211000000000091e-14
3.598976999999999963e-13
1.340370000000000124e-13
3.552374000000000227e-13
9.946430999999999374e-14
5.277216999999999686e-13
1.153688999999999882e-13
2.582116000000000008e-14
1.845143000000000093e-14
4.213212000000000274e-14
4.072591000000000090e-13
3.842015999999999833e-14
9.293450999999999401e-15
4.093996000000000113e-14
1.444413999999999887e-13
1.357440000000000064e-14
4.329718999999999703e-14
4.646725999999999768e-14
1.831866999999999882e-13
1.942683999999999995e-14
9.984363999999999511e-14
1.262066999999999877e-13
4.765941999999999929e-14
6.177571000000000527e-14
1.812628999999999975e-14
7.315544999999999955e-14
4.484158000000000208e-13
1.738660999999999906e-13
1.750312000000000110e-14
1.031220999999999943e-13
1.570675000000000020e-13
3.089056999999999850e-13
5.879529999999999990e-14
1.466088999999999893e-13
5.578779999999999984e-14
7.857437000000000478e-16
2.565860000000000085e-14
1.180241000000000050e-13
5.307292000000000444e-13
2.739265000000000243e-13
1.408648999999999938e-13
6.573152000000000515e-14
3.977489000000000052e-14
3.772653999999999870e-13
8.960187999999999413e-14
3.571070000000000025e-14
1.009274000000000062e-13
3.901623999999999755e-15
8.236762000000000583e-15
6.638179999999999488e-14
2.220132000000000097e-13
6.480489000000000216e-13
1.233617999999999954e-13
1.138298999999999934e-12
5.792828000000000578e-14
6.472902000000000513e-14
3.106938999999999914e-13
4.787618000000000007e-14
9.726965000000000473e-15
3.327217999999999864e-14
4.578989000000000064e-15
1.439807999999999907e-13
7.017504000000000207e-15
7.239679999999999500e-14
7.223422999999999441e-14
3.083367000000000154e-14
3.248643999999999940e-14
8.878904000000000200e-14
7.611417999999999547e-13
3.392245000000000279e-14
4.823111999999999775e-13
2.741974999999999911e-14
1.463651000000000101e-13
1.129844999999999962e-14
1.525698000000000109e-13
9.193200999999999714e-14
2.449081999999999843e-13
2.452061999999999998e-13
9.328674000000000565e-14
2.005272000000000041e-13
1.637598000000000117e-13
1.177449999999999996e-12
2.700248999999999958e-13
1.681220999999999951e-13
2.167568999999999861e-14
9.456019000000000350e-15
3.865858999999999775e-13
3.248644000000000066e-13
4.294224999999999809e-13
2.896414000000000289e-14
1.263151000000000097e-13
3.037305999999999897e-14
6.754685999999999729e-14
2.068944000000000055e-13
4.051999000000000231e-13
2.931636999999999875e-14
4.936096000000000256e-13
3.218839999999999742e-14
8.320755000000000526e-14
1.368820000000000119e-13
3.560231999999999985e-14
1.167235999999999895e-13
3.717381000000000283e-14
5.952143999999999603e-13
1.511607999999999914e-13
6.760104999999999749e-14
7.927883000000000006e-14
5.847016999999999692e-14
5.057750999999999902e-13
8.952059000000000104e-14
2.362379000000000106e-13
7.502498000000000451e-14
3.308251999999999705e-14
1.125509999999999942e-13
6.375361999999999548e-13
3.153812999999999958e-14
1.134180000000000045e-13
7.283030999999999837e-14
1.578803000000000013e-13
1.310295000000000123e-13
5.681739999999999906e-14
9.447890999999999915e-14
4.080448000000000154e-14
3.641786999999999758e-13
2.733845999999999971e-14
1.030678999999999960e-13
4.516129999999999963e-13
1.948101999999999879e-14
2.112295999999999959e-13
2.977698000000000132e-14
2.427405999999999764e-13
2.387035000000000024e-14
8.721755000000000534e-14
9.683613999999999505e-14
1.614567999999999962e-13
4.172569999999999879e-15
1.071049999999999965e-12
1.213297000000000025e-13
7.960397000000000124e-14
5.446016999999999842e-15
2.601082999999999908e-15
1.262608999999999987e-13
1.909357000000000090e-13
2.518986000000000168e-13
1.742182999999999855e-14
8.857228000000000122e-14
1.800436999999999985e-13
1.606981000000000006e-13
8.187991000000000406e-14
1.764672000000000036e-13
3.966651000000000013e-14
2.996664000000000291e-14
1.352021000000000044e-14
9.591492000000000254e-14
1.625948000000000111e-13
9.401829999999999973e-15
6.990409000000000582e-14
9.569816000000000175e-14
5.591243999999999596e-13
2.590244999999999948e-14
2.771779000000000109e-14
1.892829000000000103e-13
6.323068999999999863e-13
2.853874999999999792e-13
5.229260000000000095e-15
1.411629000000000093e-13
8.052517999999999555e-14
2.214984000000000006e-13
2.320653000000000027e-13
7.261355999999999263e-15
1.137974000000000059e-14
5.302415000000000156e-14
1.077281999999999948e-13
2.352896000000000216e-13
8.922255000000000537e-14
1.653041999999999885e-13
7.166523999999999776e-14
5.066963000000000368e-13
6.832447999999999686e-13
1.307314999999999968e-13
1.685285000000000010e-14
5.172360999999999956e-14
8.112125999999999951e-14
2.438514999999999847e-16
7.152977000000000269e-15
4.578989000000000064e-14
9.396411000000000269e-14
3.733636999999999891e-14
1.016047999999999979e-13
1.059399000000000000e-14
6.343661000000000226e-13
3.102333000000000313e-14
6.089785000000000390e-13
1.194058999999999991e-13
1.850562000000000112e-14
2.847643999999999932e-14
1.249061999999999943e-14
9.057728000000000126e-14
8.038971000000000047e-14
5.689867999999999867e-15
3.362441000000000081e-14
6.177571000000000527e-14
9.418087000000000348e-14
3.939555999999999915e-14
3.966108999999999776e-13
6.340139000000000213e-14
3.022675000000000042e-13
9.783863999999999507e-14
1.667944000000000047e-13
4.709043000000000264e-14
5.567941999999999945e-14
1.470425000000000018e-13
8.136510999999999498e-14
1.310619999999999923e-12
7.667775000000000237e-15
1.568777999999999949e-14
8.030841999999999477e-14
1.214108999999999992e-13
5.446016999999999842e-15
1.025530999999999995e-13
1.175906000000000061e-14
1.104647000000000029e-13
4.337846999999999823e-14
3.229677999999999782e-14
2.696185000000000088e-13
7.507917000000000471e-14
2.203876000000000110e-13
9.596911000000000273e-14
1.329532999999999905e-13
5.892535999999999965e-13
1.671737000000000051e-14
5.340348000000000294e-14
3.043537999999999829e-13
6.394328000000000274e-15
1.430323999999999944e-13
5.065878999999999643e-13
9.862437999999999746e-15
2.248853000000000099e-15
3.186326000000000256e-14
3.015629999999999819e-14
1.744893000000000091e-14
8.263855999999999283e-15
3.847435000000000168e-15
3.684867000000000166e-14
1.268027999999999944e-14
1.959482000000000091e-13
1.311378999999999965e-14
2.788035000000000032e-14
2.078157000000000088e-13
7.021296999999999864e-13
5.906624999999999615e-15
2.977698000000000132e-14
2.358586000000000165e-13
1.965442999999999969e-13
1.009544999999999991e-13
1.606709999999999951e-14
1.165067999999999959e-13
1.354731000000000043e-15
1.291329000000000091e-13
1.540600000000000019e-13
3.576489000000000044e-15
1.434117999999999958e-13
2.481866000000000006e-14
9.531883999999999858e-14
2.674237999999999891e-14
3.644495999999999984e-13
5.933719999999999713e-15
4.522089999999999768e-13
5.344953999999999643e-13
5.093787000000000033e-15
4.721777999999999553e-13
3.785658999999999773e-13
7.014794999999999949e-14
2.026676999999999938e-13
2.609481999999999846e-13
6.367233000000000492e-14
1.482075000000000087e-14
6.069192999999999774e-15
1.307044000000000040e-13
1.763588000000000068e-13
3.730927999999999791e-13
5.355791999999999682e-13
9.428924000000000567e-14
1.114888999999999936e-12
1.135264000000000013e-13
1.004125999999999972e-13
4.224320999999999989e-13
1.728636000000000032e-14
1.961650000000000153e-14
1.395372000000000066e-14
8.549974999999999624e-13
7.251600999999999688e-13
1.679865999999999951e-15
3.124008999999999760e-14
1.402958999999999990e-13
3.411210999999999933e-13
1.783638000000000068e-13
3.718464000000000179e-13
4.633177999999999809e-14
2.785325999999999932e-14
1.368278000000000009e-13
3.619026999999999964e-13
2.311711999999999995e-13
2.631699000000000215e-13
5.519172000000000219e-14
1.528136000000000028e-14
1.590725000000000020e-13
3.159503000000000033e-13
8.182572000000000386e-15
1.004667999999999956e-13
1.916401999999999936e-13
1.273176000000000097e-13
7.857436999999999887e-15
4.394746000000000119e-14
3.284680000000000197e-13
1.338474000000000063e-14
1.884429999999999928e-13
1.946748000000000118e-13
3.825487999999999845e-13
4.565441999999999925e-14
4.587118000000000003e-14
7.342638999999999918e-15
4.028698000000000147e-13
1.053438000000000060e-13
1.896622999999999896e-15
1.501040999999999930e-14
1.699645000000000125e-13
4.577904999999999970e-13
1.583679999999999922e-13
1.211129000000000089e-13
5.608584000000000182e-14
4.142765999999999839e-13
3.142704000000000116e-13
1.501854000000000095e-13
1.068611000000000024e-13
8.767816000000000159e-14
1.567964999999999974e-13
1.393476000000000100e-13
8.144640000000000069e-14
1.135642999999999910e-12
6.746558000000000083e-15
4.909543000000000268e-14
2.162150000000000157e-14
2.793454000000000052e-14
1.402145999999999951e-13
4.150893999999999958e-14
1.731345999999999952e-14
7.394118999999999879e-14
1.097874000000000058e-13
7.077111999999999814e-14
4.153603999999999878e-14
1.633805000000000049e-14
2.532261999999999999e-13
4.633177999999999651e-15
4.329718999999999703e-14
3.224258999999999841e-15
2.135055000000000059e-14
2.005000999999999859e-15
6.158605000000000494e-13
1.061838000000000054e-13
1.331700000000000021e-13
1.736764999999999971e-14
8.616085999999999881e-15
3.216129999999999949e-13
3.576489000000000044e-15
1.355542999999999962e-13
4.387158999999999785e-13
1.409191000000000048e-13
5.587720999999999511e-13
1.141766999999999875e-13
2.565588999999999904e-13
3.250269000000000072e-13
4.486867000000000181e-14
6.182990000000000547e-14
2.697268000000000236e-13
3.580011000000000183e-13
1.025205999999999943e-12
2.906709999999999839e-13
6.516253999999999913e-13
3.574592000000000163e-13
2.135055000000000059e-14
3.251895000000000150e-13
5.663044000000000361e-13
1.323842999999999956e-13
1.533554999999999921e-13
4.280948000000000158e-14
4.211315000000000014e-13
1.307314999999999968e-13
2.555835000000000085e-13
2.439328000000000024e-13
2.323091999999999892e-13
2.616796999999999800e-13
3.844183000000000201e-13
2.175696999999999981e-14
1.533283999999999992e-13
6.372652000000000511e-14
4.660272999999999749e-15
1.111637999999999953e-12
9.220295999999999812e-14
8.301788999999999736e-14
2.001479000000000099e-13
3.733636999999999891e-14
6.611085000000000021e-15
2.073551000000000108e-13
2.224197000000000039e-13
2.546514000000000109e-12
3.526905000000000207e-13
4.185575000000000065e-13
1.250145000000000122e-13
7.805956999999999926e-14
3.172779000000000117e-14
2.349103000000000022e-14
3.972070000000000032e-14
3.281698999999999970e-13
6.502706000000000238e-15
2.611919999999999891e-14
1.454981000000000124e-14
1.673363000000000066e-13
7.513334999999999408e-14
1.434930999999999997e-13
8.713626999999999783e-14
2.113108999999999998e-13
2.762025000000000037e-13
3.000186000000000177e-13
9.052309000000000106e-14
2.584012999999999826e-13
9.774923000000000232e-13
1.641932999999999853e-14
2.411420000000000045e-15
1.108170000000000019e-14
7.315544999999999640e-15
2.661233000000000178e-13
1.641661999999999988e-13
8.561896999999999505e-15
1.736764999999999971e-14
4.416420999999999746e-14
3.113442000000000154e-13
4.877030000000000286e-15
1.517297999999999989e-14
3.476239000000000042e-14
8.515836000000000510e-14
5.855145000000000443e-14
3.878051999999999963e-13
1.084325999999999973e-13
4.849934999999999872e-14
1.213026000000000096e-13
7.315544999999999955e-14
7.765315000000000320e-14
5.134429000000000270e-14
5.879530000000000305e-15
7.749059000000000712e-15
6.166733000000000488e-14
2.636305999999999889e-14
5.473111000000000120e-15
3.369485999999999927e-13
9.271775999999999458e-14
4.470610999999999943e-14
1.163333999999999938e-12
7.738221000000000294e-13
1.361775000000000021e-13
5.218422000000000213e-14
7.131301000000000190e-14
1.137974000000000059e-14
7.662355999999999587e-14
3.397121999999999810e-13
3.554812999999999966e-14
1.352021000000000044e-14
4.641306999999999749e-14
1.356626999999999930e-13
7.090660000000000404e-14
3.276009000000000021e-13
5.595037000000000043e-14
9.480404000000000212e-14
3.459981999999999983e-14
1.564442999999999961e-13
2.157814999999999979e-13
1.216547999999999983e-14
1.980615999999999997e-14
1.205167999999999959e-13
1.161004000000000088e-13
2.840869999999999890e-13
2.167568999999999861e-14
6.069463999999999956e-13
3.804082999999999695e-14
2.709460999999999884e-17
1.140954000000000088e-13
5.120881000000000311e-15
2.040224000000000077e-14
8.922255000000000537e-14
5.063982999999999835e-14
2.720299000000000148e-14
2.966047000000000054e-13
5.467691999999999943e-14
3.911649000000000229e-13
4.331885999999999945e-13
2.550686999999999994e-13
1.221154000000000089e-13
2.882867000000000150e-14
5.505625000000000080e-14
2.736555999999999970e-15
8.128383000000000010e-15
1.738389999999999977e-13
1.645185000000000073e-13
7.044598999999999516e-14
6.334720000000000194e-14
1.680407999999999912e-13
4.506916999999999929e-13
1.785263999999999894e-13
2.454771999999999791e-13
3.970985999999999938e-13
3.274113000000000086e-13
8.824714999999999824e-14
2.147789999999999979e-13
1.769277999999999953e-14
3.321798999999999844e-14
2.719757000000000101e-13
5.093787000000000033e-15
1.920194999999999877e-13
1.001416999999999998e-13
8.968316000000000479e-15
9.150934000000000355e-13
4.248434999999999860e-14
1.235975000000000093e-12
3.489786000000000181e-14
2.105250999999999861e-14
8.655644000000000150e-13
4.232177999999999801e-14
1.552520999999999891e-14
2.202792000000000079e-14
4.985408000000000249e-15
4.578989000000000064e-14
6.854936000000000047e-15
4.435387999999999725e-14
2.489181999999999844e-13
3.359731999999999903e-15
7.591910000000000414e-14
6.402456000000000078e-14
7.998870999999999794e-13
4.104562999999999845e-13
5.012503000000000190e-14
9.374463999999999505e-13
7.597329000000000433e-14
3.650185999999999932e-13
1.191891999999999876e-13
1.038264999999999969e-13
7.299287999999999896e-14
3.629865000000000003e-13
1.303792999999999956e-13
3.129426999999999960e-14
4.115670999999999740e-14
3.437764000000000173e-13
2.262399999999999844e-14
1.058478000000000006e-12
5.175070999999999718e-15
3.310960999999999805e-14
3.053562999999999956e-14
1.251229000000000090e-13
7.488949999999999861e-14
1.417047999999999987e-14
3.737700999999999888e-13
1.173196999999999961e-14
2.663941999999999899e-13
5.824528000000000079e-13
4.269298000000000152e-13
3.804082999999999695e-14
6.358833999999999560e-13
1.562004000000000096e-13
3.695705000000000205e-14
1.812628999999999975e-14
4.386617000000000179e-14
3.029176999999999958e-14
2.143183999999999999e-14
8.483322000000000392e-14
2.042391999999999887e-13
3.368673000000000140e-13
1.628385999999999904e-13
1.677156000000000071e-14
3.839305999999999913e-14
1.980615999999999997e-14
3.322611999999999757e-13
1.672820999999999956e-13
5.608584000000000182e-15
1.974113000000000072e-13
1.988744000000000116e-14
3.439932000000000109e-13
1.616735000000000078e-13
2.441224000000000085e-14
8.421005000000000528e-14
2.383783999999999751e-13
2.928926999999999956e-14
1.824551000000000108e-13
7.792410000000000418e-14
3.099351999999999959e-13
1.186473000000000108e-13
1.653854999999999924e-12
8.908165999999999910e-13
2.132345999999999959e-13
2.790744999999999952e-14
2.096581000000000010e-13
2.357231000000000063e-15
2.241536999999999994e-13
3.842015999999999833e-14
5.256354000000000373e-15
1.419758000000000064e-14
1.305959999999999945e-14
2.013130000000000114e-14
1.758439999999999914e-14
1.175906000000000061e-14
5.082948999999999994e-14
3.126717999999999986e-13
6.709438000000000395e-13
9.000830000000000281e-14
1.133367999999999952e-13
3.752603999999999870e-14
9.908499000000000318e-14
5.757876000000000415e-13
1.934826000000000110e-13
6.491598000000000184e-13
3.350520000000000146e-13
1.381282999999999911e-13
6.800746999999999671e-15
3.936846999999999815e-14
8.865355999999999610e-14
7.857436999999999887e-15
5.418921999999999744e-15
4.034386999999999897e-14
1.837014999999999973e-14
1.463109000000000007e-15
6.773652999999999590e-16
9.456019000000000350e-15
2.412774999999999784e-13
1.146102000000000021e-14
2.374300999999999861e-13
2.467777000000000199e-13
2.455314000000000154e-13
1.024175999999999940e-14
6.028822000000000097e-13
5.590972999999999667e-13
2.696185000000000088e-13
5.234679000000000272e-14
3.338868999999999816e-13
1.910982999999999916e-13
6.000372000000000355e-13
2.899122999999999884e-13
1.226573000000000109e-13
1.870611999999999986e-13
2.644162999999999827e-13
8.735302000000000042e-14
9.870567000000000001e-14
5.906624999999999615e-15
5.524591000000000239e-14
2.423883999999999752e-13
1.612128999999999971e-14
1.160461999999999978e-13
9.773025999999999468e-14
6.093578000000000584e-14
2.401937000000000249e-13
1.327636000000000024e-14
3.061691000000000075e-15
5.982490000000000543e-14
3.058168999999999810e-13
8.182572000000000386e-14
1.032305000000000038e-14
9.119775000000000891e-13
9.293450999999999401e-15
1.122800999999999968e-13
2.744684000000000011e-14
2.125301000000000114e-13
2.470216000000000064e-13
3.355938000000000094e-13
7.516044999999999959e-14
3.785116999999999915e-13
4.879739000000000070e-14
1.957044000000000047e-13
6.150477000000000249e-14
1.735138999999999893e-13
4.925529000000000145e-13
6.719462999999999985e-15
3.906501000000000138e-13
8.290950999999999381e-15
1.571486999999999970e-15
1.300541000000000044e-15
2.318757000000000093e-13
2.280823999999999955e-13
2.267818999999999863e-14
1.018214999999999968e-13
4.425905000000000214e-13
6.134220000000000190e-14
7.792410000000000418e-14
2.847644000000000059e-13
7.461855999999999583e-14
1.381824999999999927e-15
3.942265999999999835e-14
2.015838999999999899e-14
7.776153000000000359e-14
1.240933000000000003e-14
2.259689999999999924e-14
2.733845999999999971e-14
1.398081999999999986e-14
1.944038000000000072e-13
1.853270999999999897e-14
1.801792000000000071e-14
6.990409000000000109e-15
8.366816000000000151e-14
5.814502999999999574e-14
1.601290999999999932e-14
2.021257999999999918e-13
9.320545999999999499e-15
9.250099999999999379e-14
1.703979999999999925e-13
1.303251000000000003e-14
7.052727000000000267e-14
3.137826999999999954e-13
1.040189000000000062e-12
1.009544999999999991e-13
3.844724999999999932e-14
7.041889000000000227e-14
4.416420999999999904e-15
9.862437999999999746e-15
2.853874999999999792e-13
1.566068000000000030e-14
3.957710000000000107e-13
8.697370000000000355e-15
2.438514999999999985e-14
7.266773999999999778e-14
2.460191000000000064e-14
9.385573000000000230e-14
4.156312999999999978e-14
3.308251999999999705e-14
9.745930999999999370e-14
1.599395000000000123e-13
3.446433999999999772e-13
2.763649999999999854e-15
1.448207000000000081e-13
5.527299999999999707e-15
2.899122999999999915e-15
3.359731999999999903e-15
7.803247999999999510e-15
2.053229999999999926e-13
1.629198999999999943e-13
1.221967000000000002e-14
4.546475999999999766e-14
8.182572000000000386e-15
1.234972000000000031e-13
7.494368999999999881e-14
2.863900000000000171e-14
5.687158999999999799e-13
5.809896999999999594e-13
5.112753000000000192e-14
4.073674999999999805e-13
6.223361000000000224e-13
3.449956999999999857e-13
9.754060000000000571e-15
4.895996000000000255e-13
1.192163000000000080e-15
5.418922000000000138e-16
2.137764999999999979e-13
8.878904000000000200e-14
5.662773999999999747e-14
5.088368000000000013e-14
1.198123999999999934e-13
1.373696999999999965e-14
3.489244000000000071e-13
3.249456999999999853e-13
2.703770999999999971e-13
2.124217000000000020e-14
2.026676999999999938e-14
2.628176999999999950e-14
2.357231000000000063e-15
1.270737000000000043e-14
3.622548999999999850e-14
1.289703000000000044e-14
1.040432999999999999e-14
6.123382000000000151e-15
2.246143000000000101e-14
9.970817000000000318e-15
2.758231000000000150e-14
5.331948000000000173e-13
7.396829000000000429e-14
3.004250000000000048e-13
5.418921999999999838e-13
3.251353000000000119e-15
3.150560999999999928e-13
6.882031000000000145e-15
4.839097000000000338e-13
4.820131000000000305e-14
3.467297000000000064e-13
2.221757999999999922e-14
1.715088999999999893e-14
1.327636000000000024e-14
1.091100000000000016e-13
3.374092000000000160e-13
2.484305000000000187e-13
1.235513999999999984e-14
4.687367999999999848e-15
6.529801000000000336e-15
1.693413000000000130e-14
1.327635999999999945e-15
1.175906000000000061e-14
4.768650999999999713e-15
7.876403000000000361e-14
3.543974999999999927e-14
7.865565000000000322e-14
9.025214999999999828e-14
3.075238000000000214e-14
3.972070000000000032e-14
1.575281000000000000e-13
2.846559999999999838e-13
3.853937000000000020e-13
1.289703000000000013e-13
1.376406000000000065e-14
3.273029000000000119e-14
5.315963000000000115e-14
3.739056000000000384e-15
1.863838000000000070e-13
6.011210000000000394e-13
3.484367000000000162e-14
2.573987999999999810e-15
1.335763999999999986e-14
5.204875000000000074e-14
1.224133999999999992e-13
1.298780000000000046e-12
2.639828000000000028e-13
6.537928999999999667e-14
5.627551000000000160e-13
9.130883999999999850e-15
2.945184000000000015e-14
5.527841999999999944e-13
1.094080000000000045e-13
1.355001000000000105e-13
1.178615999999999981e-14
1.528136000000000028e-14
1.367492000000000006e-12
1.031220999999999943e-13
4.122173999999999980e-13
9.764897999999999979e-14
8.255728000000000110e-14
5.372860999999999960e-14
5.312982000000000393e-13
3.611712000000000262e-14
4.839096999999999833e-14
4.687367999999999848e-15
5.283448999999999682e-15
3.210710999999999803e-14
6.069192999999999774e-15
5.527299999999999707e-15
2.213630000000000118e-14
6.150477000000000249e-15
2.763649999999999854e-14
1.286181000000000000e-13
2.267818999999999863e-14
1.192162999999999962e-14
4.901415000000000148e-14
2.755522000000000050e-14
8.648600000000000630e-14
1.194872000000000062e-14
1.357440000000000064e-14
2.278656999999999903e-14
5.490452000000000241e-13
9.591491999999999622e-15
3.982908000000000230e-15
1.617547999999999991e-14
7.087949999999999853e-14
8.935531999999999937e-13
3.938201999999999964e-13
3.125905000000000199e-13
3.170069000000000197e-14
2.465609999999999846e-15
3.007502000000000094e-15
1.652771000000000050e-15
4.877030000000000286e-15
4.546475999999999766e-14
5.852436000000000027e-15
1.566068000000000030e-14
2.120966000000000062e-13
2.072737999999999879e-14
7.162460000000000159e-13
2.701332999999999989e-14
1.550894999999999876e-13
2.872029000000000032e-15
1.785806000000000004e-13
1.490203999999999908e-15
8.922255000000000537e-14
8.583573000000000467e-13
2.262129000000000104e-13
9.390992000000000250e-14
2.383512999999999822e-13
3.564566999999999911e-13
2.418193999999999803e-13
1.737035000000000080e-13
8.553767999999999565e-14
6.483740000000000552e-14
2.823257999999999934e-14
2.335014000000000152e-13
3.682158000000000066e-14
7.651246999999999619e-13
1.029594999999999921e-15
3.492495000000000281e-14
1.008189999999999968e-12
7.694869000000000516e-15
7.196328000000000606e-14
1.666588999999999897e-13
1.353104999999999918e-13
3.348893999999999942e-14
2.051062000000000116e-14
4.177989000000000056e-14
7.074403000000000345e-14
1.133638000000000061e-13
8.369524999999999620e-14
4.378489000000000060e-14
7.166523999999999776e-14
1.706959999999999953e-14
1.548728000000000012e-13
6.258855000000000212e-15
1.788244000000000112e-15
5.960813999999999596e-16
5.147975999999999620e-15
4.746975999999999770e-14
3.684867000000000008e-15
1.232805000000000042e-14
5.066691999999999935e-15
1.238224000000000061e-14
1.113588000000000061e-14
1.785535000000000012e-14
2.149685999999999914e-13
2.918631000000000027e-13
1.087849000000000058e-13
2.805647000000000051e-13
1.919923999999999948e-13
4.408293000000000258e-14
2.476175999999999869e-13
5.329510000000000254e-14
2.239369999999999878e-13
5.378279999999999980e-14
4.329718999999999703e-14
3.058981999999999976e-14
5.996037000000000051e-14
1.958669000000000052e-13
1.250686999999999980e-13
5.581489999999999904e-15
4.877030000000000286e-15
7.369734000000000016e-15
1.495351999999999927e-13
1.061295999999999944e-13
4.633177999999999651e-15
1.216547999999999983e-14
7.451018000000000490e-15
8.034093999999999633e-13
5.679029999999999986e-14
7.134010999999999479e-14
2.091704000000000038e-14
2.861191000000000071e-14
1.251961000000000021e-12
1.727281000000000009e-13
2.839514999999999993e-14
2.032095999999999958e-15
6.096287000000000053e-15
6.746558000000000083e-15
9.997911000000000597e-15
1.378845000000000119e-13
2.555022000000000046e-14
2.181116000000000001e-14
5.573360999999999964e-14
1.853541999999999889e-13
3.762629000000000122e-13
3.142975000000000155e-15
1.128761000000000026e-13
4.809293000000000266e-14
6.676111999999999806e-14
5.581489999999999904e-15
8.304498000000000467e-14
1.855981000000000132e-14
2.769068999999999873e-14
6.686949999999999845e-14
6.288659000000000568e-14
7.288449999999999541e-15
1.170487000000000041e-14
4.497705000000000378e-15
2.243434000000000001e-14
5.275049999999999823e-13
5.933719999999999713e-15
6.001456000000000070e-13
5.397246000000000139e-14
7.082530999999999833e-14
7.814086000000000496e-14
1.917214999999999975e-13
6.448516999999999862e-15
3.282783000000000190e-13
3.186326000000000256e-14
2.010961999999999989e-13
6.224715999999999868e-13
2.076531000000000010e-13
1.227386000000000022e-14
2.189244999999999940e-14
3.902436999999999763e-13
3.197164000000000137e-15
2.014213000000000073e-13
5.229260000000000095e-15
1.582325000000000089e-14
1.834305000000000053e-14
1.490204000000000026e-14
2.029386000000000038e-14
1.251229000000000090e-13
8.494160000000000431e-14
1.156940000000000060e-14
2.102270999999999959e-13
2.023967000000000018e-14
1.316797999999999985e-14
3.920589999999999756e-14
1.161004000000000088e-13
1.168860999999999900e-13
2.779906999999999913e-14
9.401829999999999973e-15
1.035013999999999980e-14
2.140473999999999921e-15
2.167568999999999861e-14
4.028968999999999697e-14
3.779156000000000038e-13
9.431091999999999493e-13
8.179050000000000374e-13
1.035555999999999995e-13
1.156398000000000108e-13
8.458936999999999583e-14
2.522507999999999928e-14
1.007920000000000017e-14
1.594788999999999890e-13
8.612564000000000499e-13
2.464797000000000044e-13
1.938076999999999942e-13
1.139870000000000120e-13
8.797619999999999726e-14
4.172569999999999879e-15
2.780448999999999960e-13
8.919545999999999807e-14
7.483530999999999841e-14
2.391099000000000210e-13
1.181054000000000089e-13
1.807211000000000091e-14
5.256354000000000373e-15
4.120818999999999831e-13
9.941013000000000436e-14
5.855145000000000443e-14
2.330135999999999965e-15
2.571279000000000105e-14
6.602956999999999650e-13
6.069192999999999774e-15
2.468318999999999867e-14
2.872029000000000111e-14
2.239098999999999949e-13
1.227386000000000022e-14
3.739055999999999911e-14
4.457062999999999983e-14
3.205291999999999783e-14
7.494368999999999881e-14
9.775735000000000199e-14
5.430030999999999807e-13
3.294705000000000197e-14
2.015838999999999899e-14
3.269235999999999925e-13
1.263557000000000005e-12
1.019543000000000031e-12
4.490119000000000085e-13
1.544393000000000087e-15
1.614838999999999891e-14
2.844933999999999934e-15
1.257190000000000062e-14
3.657771999999999910e-15
8.079612999999999653e-14
1.612128999999999971e-14
6.231760000000000114e-15
8.143826999999999525e-13
1.557939999999999910e-14
5.833470000000000184e-13
2.818381000000000025e-13
9.808249000000000316e-14
1.627031000000000007e-13
6.919963000000000147e-14
5.107334000000000172e-14
1.229282000000000083e-13
1.667673000000000118e-13
6.681530999999999825e-14
5.651935999999999708e-14
4.495809000000000034e-13
3.671320000000000027e-14
9.046890000000000087e-14
7.478112000000000768e-15
1.235513999999999984e-14
2.613274999999999788e-13
9.531883999999999858e-14
7.830341999999999788e-15
8.824714999999999824e-14
1.165067999999999982e-15
2.352896000000000216e-13
2.285701000000000117e-13
1.457689999999999908e-14
7.917044999999999967e-14
1.906919000000000046e-13
7.814086000000000496e-14
1.532741999999999882e-13
1.102750999999999999e-14
7.196328000000000606e-14
4.064191999999999915e-15
1.225488999999999889e-13
1.738660999999999906e-13
1.224675999999999944e-14
8.434552000000000036e-14
8.729883000000000022e-14
1.026886000000000018e-14
3.473529000000000122e-14
2.863358000000000187e-13
3.576489000000000044e-14
2.268360999999999911e-13
2.972279000000000113e-14
7.152434999999999906e-13
1.294579999999999922e-13
9.210813000000000932e-13
2.210919999999999883e-14
1.593163000000000065e-13
1.284826000000000103e-13
1.968151999999999942e-13
2.668005999999999769e-13
7.272192999999999798e-14
1.744892999999999964e-13
2.238014999999999981e-14
4.524799999999999688e-14
1.240933000000000003e-14
4.389327000000000099e-14
3.835784000000000026e-13
4.524799999999999688e-15
3.297414000000000297e-14
3.264901000000000125e-13
4.405312999999999851e-13
1.785535000000000012e-14
3.140264999999999999e-14
2.980406999999999995e-15
4.877030000000000286e-15
1.405126000000000106e-13
3.896205000000000209e-14
1.190807999999999908e-13
7.478111999999999822e-14
1.017131999999999947e-13
2.442308000000000179e-13
1.753020999999999895e-14
1.611045999999999949e-13
3.982908000000000072e-14
1.607794000000000045e-13
1.319508000000000062e-14
7.705978000000000105e-13
1.549812000000000106e-14
8.033552000000000028e-14
2.862816999999999897e-13
8.691950999999999705e-14
1.000875000000000014e-13
4.275529999999999958e-14
6.502706000000000238e-15
2.511941000000000070e-13
3.514170999999999729e-14
8.274151999999999780e-13
1.043413000000000060e-13
2.076801999999999939e-13
6.264273999999999759e-14
5.088096999999999579e-13
1.078365000000000001e-14
1.208148999999999934e-13
1.299971999999999906e-12
1.986035000000000016e-14
1.538973999999999941e-13
1.782825000000000093e-14
3.375175999999999875e-13
2.419278000000000024e-13
4.668401000000000027e-14
7.218003999999999422e-14
6.206833000000000236e-13
3.679448000000000146e-14
3.443724999999999925e-14
4.088577000000000093e-14
2.101457999999999920e-13
7.965815000000000324e-14
1.419758000000000064e-14
1.284285000000000002e-14
6.689659000000000576e-14
2.754438000000000082e-13
2.275946999999999983e-14
2.430927999999999777e-13
9.903080000000000299e-14
9.418087000000000348e-14
1.108981999999999954e-13
2.096038999999999900e-13
1.335763999999999986e-14
9.126278000000000626e-13
6.635470000000000200e-14
8.136781999999999932e-13
2.601082999999999908e-15
1.577448000000000116e-13
1.274801000000000103e-13
3.308251999999999705e-14
2.136951999999999940e-13
2.881783000000000182e-13
5.008981000000000303e-13
2.622486999999999749e-13
7.168150000000000107e-13
2.590244999999999948e-14
3.461336000000000186e-13
2.372132999999999925e-13
4.247080000000000216e-13
6.082740000000000545e-14
1.780929000000000095e-13
1.060753999999999960e-13
3.909751999999999717e-14
2.568568999999999869e-14
4.415067000000000174e-13
6.478321000000000533e-14
9.068566000000000165e-14
7.146744999999999957e-13
1.127136000000000020e-14
1.029459999999999937e-12
4.226759000000000255e-15
1.463651000000000101e-13
6.720547000000000363e-13
2.676406000000000016e-13
1.744893000000000091e-14
1.802875000000000030e-13
2.840598999999999961e-13
2.610295000000000138e-13
8.876193999999999650e-14
6.581280999999999824e-14
3.759647999999999895e-13
8.182572000000000386e-15
5.401310999999999703e-13
8.564605999999999604e-14
1.014422000000000027e-13
1.770632999999999913e-13
1.184928999999999908e-12
9.464147000000000153e-14
1.836201999999999934e-13
6.583989999999999923e-15
5.012503000000000347e-15
4.295849999999999815e-13
1.077824000000000058e-13
1.501040999999999930e-14
1.715088999999999893e-13
2.568568999999999869e-14
2.790744999999999952e-15
1.192163000000000080e-15
1.990369999999999879e-13
2.087369000000000049e-13
2.653374999999999788e-13
1.500500000000000018e-13
3.088514999999999992e-13
3.109377000000000212e-13
2.252916999999999891e-13
6.103061000000000221e-13
1.604678000000000041e-12
1.034200999999999972e-13
8.708207999999999763e-14
2.358857000000000094e-13
3.590036000000000183e-14
5.884949000000000009e-14
1.461211999999999984e-13
9.726965000000000473e-15
1.344435000000000067e-13
4.004582999999999699e-14
1.184034000000000023e-14
4.684658000000000086e-14
6.445808000000000235e-14
2.909960999999999797e-14
1.155313999999999887e-13
7.003956999999999910e-14
3.798664000000000307e-14
2.121507999999999920e-13
2.927573000000000131e-13
3.102333000000000313e-14
4.969421999999999583e-13
6.406521000000000021e-13
3.793244999999999972e-15
1.389954000000000024e-14
3.522840999999999832e-13
2.210919999999999883e-14
3.050853000000000036e-14
1.888494000000000114e-14
5.519172000000000219e-14
1.754104999999999926e-13
3.167902000000000207e-13
1.336576999999999930e-13
1.915588999999999897e-14
8.521255000000000530e-14
2.070027999999999959e-14
4.371444000000000089e-13
2.701604000000000107e-13
3.359731999999999903e-15
2.630616000000000067e-13
8.580862999999999663e-14
2.772321000000000219e-13
1.850561999999999986e-13
2.649039999999999989e-13
4.309669000000000082e-13
9.672776000000000097e-15
4.354103999999999882e-14
3.939555999999999915e-14
1.514860000000000070e-13
4.185845999999999994e-13
2.207669000000000052e-13
3.762898999999999979e-13
9.794701999999999546e-14
1.154229999999999983e-14
1.145288999999999887e-13
4.085867000000000174e-14
1.248520000000000116e-13
1.850562000000000112e-14
1.479636999999999979e-13
1.454981000000000124e-14
9.095661000000000263e-14
4.007293000000000250e-14
1.059128000000000008e-13
1.494538999999999888e-13
2.314693000000000222e-13
7.139429999999999498e-14
1.126864999999999965e-13
9.726965000000000473e-15
6.556896000000000276e-14
8.588991000000000414e-14
4.145474999999999938e-14
1.100041000000000048e-13
7.513334999999999408e-14
4.267130000000000216e-13
1.002772000000000021e-13
1.054522000000000028e-13
2.788035000000000032e-14
7.396829000000000429e-14
1.642475000000000027e-13
6.529801000000000178e-14
1.610232999999999910e-13
2.929469000000000066e-13
3.779968999999999824e-13
3.791620000000000155e-13
4.213212000000000274e-14
7.442889000000000235e-14
2.373217000000000146e-13
2.926218000000000014e-15
5.884677999999999576e-13
1.744893000000000091e-14
2.366172000000000048e-13
5.283448999999999998e-14
3.966651000000000139e-13
2.131261999999999992e-13
2.808355999999999772e-13
3.556168000000000241e-13
3.085533999999999765e-13
5.299706000000000056e-14
2.064338000000000074e-13
1.619986999999999982e-13
1.590454000000000028e-14
2.316046999999999794e-13
8.269274999999999618e-14
2.313338000000000073e-13
8.396078000000000365e-13
9.808248999999999370e-15
1.415422000000000035e-13
2.236388999999999903e-13
6.665273999999999609e-15
3.481657000000000242e-14
1.728635999999999906e-13
4.988118000000000011e-14
7.128591999999999459e-14
2.831386999999999873e-14
4.465191999999999923e-14
3.125362999999999837e-13
3.007501999999999699e-14
2.811336999999999999e-13
6.296787000000000057e-14
4.562732000000000005e-14
4.012712000000000270e-14
5.624841000000000241e-14
2.969569000000000193e-14
3.898914000000000309e-14
1.221967000000000002e-14
2.758231000000000150e-14
6.611085000000000021e-15
2.134513000000000075e-13
3.254062999999999960e-14
6.930801000000000186e-14
2.874738000000000210e-14
5.077258999999999540e-13
2.715693000000000230e-13
3.337243000000000243e-13
6.293806999999999902e-13
1.196769000000000037e-13
3.335346999999999803e-14
6.700497000000000615e-14
2.604605000000000189e-13
3.007502000000000094e-15
1.756544000000000043e-13
1.899873999999999948e-13
1.641120999999999950e-13
1.789057000000000088e-13
2.653374999999999788e-13
1.969778000000000020e-13
3.023216999999999900e-13
3.270319000000000199e-14
9.838052999999999883e-14
8.445389999999999822e-13
3.384387999999999836e-13
7.255936999999999559e-14
4.875674999999999821e-13
1.756544000000000043e-13
1.501311999999999985e-13
8.399329000000000449e-14
8.927402999999999618e-13
1.156669000000000037e-13
2.619236000000000170e-13
2.934345999999999975e-14
1.300540999999999926e-14
8.976443999999999652e-14
1.213026000000000096e-13
2.392453999999999854e-13
5.960813999999999991e-15
1.090665999999999949e-12
7.220713999999999973e-14
1.855167999999999967e-13
4.687367999999999848e-15
3.560231999999999985e-14
1.131470999999999945e-13
2.075446999999999979e-14
1.408920000000000025e-14
1.617547999999999991e-14
2.533345999999999967e-14
6.242597999999999680e-14
2.530636999999999868e-14
6.096287000000000053e-15
3.502790999999999832e-13
2.126926999999999940e-14
3.367860000000000101e-14
4.351935999999999946e-13
5.302415000000000156e-14
1.736223000000000113e-13
2.543100000000000039e-13
1.760066000000000055e-13
1.445226999999999926e-13
2.839514999999999993e-14
3.809501999999999715e-14
2.782616000000000012e-14
3.809230999999999786e-13
1.324654999999999923e-13
4.484158000000000082e-14
2.219048999999999949e-13
4.270652000000000229e-13
2.051062000000000116e-14
6.662565000000000298e-14
3.057897999999999881e-13
9.881404000000000220e-14
2.427676999999999946e-14
3.845266999999999916e-13
1.482345999999999952e-13
5.832114999999999530e-13
1.325467999999999962e-13
1.906376999999999936e-13
1.440079000000000088e-13
1.755188999999999894e-13
1.327636000000000024e-14
1.373696999999999965e-14
4.090202000000000225e-13
7.832238999999999985e-13
6.015003000000000367e-15
7.594618999999999882e-14
2.527927000000000200e-13
1.139057000000000081e-13
9.098369999999999732e-14
4.515859000000000034e-13
2.479156999999999907e-14
3.408501999999999707e-14
4.664336999999999778e-13
2.060816000000000061e-13
3.958522999999999893e-14
1.443329999999999919e-13
4.690077000000000105e-14
3.465401000000000003e-14
1.438724000000000065e-14
2.997206000000000022e-13
8.971024999999999632e-14
1.520007999999999908e-14
6.399747000000000609e-14
1.809919999999999875e-14
6.845723999999999518e-13
1.704250999999999853e-14
1.311107999999999910e-13
2.428219000000000056e-13
1.872779000000000102e-13
1.788244000000000112e-15
3.502519999999999903e-13
1.068881999999999953e-13
3.413920999999999884e-15
3.522298999999999848e-15
3.982908000000000072e-14
4.334867000000000173e-13
1.668485999999999904e-13
1.595601999999999929e-13
1.402416999999999880e-13
1.668214999999999976e-13
1.019028000000000007e-13
2.934345999999999975e-14
1.057503000000000003e-13
9.770316000000000179e-14
3.611712000000000262e-14
7.892660000000000420e-14
3.871820000000000031e-14
1.369903000000000014e-13
6.763898999999999510e-13
3.302019999999999899e-13
2.048353000000000016e-14
2.983929000000000119e-13
1.051271000000000039e-14
3.730115000000000005e-13
1.289703000000000044e-14
7.012084999999999398e-14
3.470820000000000023e-14
5.936429000000000412e-13
2.495413999999999966e-14
1.963925999999999805e-12
4.606084000000000162e-15
3.205291999999999783e-14
8.784073000000000218e-14
3.381136000000000185e-13
8.570024999999999624e-14
3.874528999999999657e-15
2.939764999999999995e-14
3.208001999999999703e-14
6.258855000000000212e-15
5.662773999999999747e-14
5.397516999999999689e-13
1.146102000000000021e-14
5.296996000000000137e-14
5.475007999999999969e-13
1.813983999999999998e-13
2.074363000000000074e-13
1.411086999999999983e-13
7.992910000000000737e-15
3.443724999999999925e-14
1.176989999999999966e-13
1.315442999999999962e-13
1.739474000000000071e-14
9.130883999999999850e-15
1.950269999999999878e-13
9.900370999999999568e-14
2.520340999999999812e-13
3.267610000000000099e-14
2.384326000000000161e-15
4.392036000000000199e-14
1.566068000000000030e-14
6.039389000000000208e-14
8.924964999999999826e-14
9.312146999999999135e-13
3.774278999999999876e-13
1.136077000000000052e-13
2.078969000000000055e-13
1.132555000000000040e-14
3.572152999999999794e-13
8.507707999999999759e-14
1.941870999999999956e-13
2.087639999999999978e-13
5.156103999999999897e-14
1.039078000000000008e-13
2.456668000000000231e-13
6.854936000000000047e-15
9.835344000000000414e-14
2.254272000000000040e-14
4.037096999999999817e-15
3.277906000000000028e-13
5.223841000000000233e-14
1.011576999999999901e-12
1.968964999999999981e-13
2.858481000000000152e-14
2.486201000000000121e-13
4.777592999999999755e-13
4.416420999999999904e-15
2.055397000000000042e-13
1.171380999999999974e-12
1.609419999999999871e-14
3.088786000000000173e-14
1.828886000000000034e-14
2.108503000000000018e-13
2.047810999999999906e-13
1.937807000000000085e-13
5.849726000000000423e-14
1.462025000000000023e-13
5.182386000000000209e-13
3.717381000000000283e-14
3.170069000000000197e-14
2.953313000000000112e-15
1.486762999999999932e-12
1.547101999999999934e-13
2.773403999999999862e-13
1.742182999999999855e-14
8.499579000000000451e-14
3.609001999999999711e-14
1.246352000000000023e-14
2.289494999999999942e-14
2.639828000000000028e-13
9.970817000000000318e-15
2.430386999999999866e-14
1.013880000000000043e-13
3.752874000000000231e-13
1.375592999999999963e-13
1.945935000000000079e-13
5.973819999999999682e-13
1.612128999999999971e-14
6.671776999999999754e-13
1.437910999999999900e-13
1.221967000000000002e-14
2.541474000000000087e-14
7.518753999999999428e-14
4.920381000000000307e-14
2.291120000000000137e-13
4.473320000000000042e-14
2.926218000000000014e-15
3.431531999999999862e-13
3.682158000000000066e-14
1.305959999999999945e-14
1.116839999999999965e-13
1.066986000000000019e-13
1.195413999999999888e-13
1.117653000000000004e-13
2.251562000000000120e-14
1.864108999999999936e-14
7.513334999999999408e-14
7.721963999999999983e-14
2.339348999999999951e-13
4.107543000000000252e-14
3.744474999999999930e-14
1.658732000000000086e-13
8.366816000000000151e-14
4.332427999999999803e-13
2.548519000000000058e-13
2.937055999999999895e-14
1.872237999999999875e-14
2.619778000000000028e-13
3.323154000000000120e-13
8.480613000000000608e-15
2.148060999999999908e-13
7.464565000000000314e-14
1.072946999999999959e-14
1.992538000000000067e-13
1.597226999999999935e-13
2.026135000000000080e-13
6.424132000000000157e-14
4.840722999999999911e-13
2.368068999999999865e-14
4.314817000000000172e-13
2.351812000000000122e-14
1.018757000000000079e-14
1.375863999999999892e-13
4.484158000000000082e-14
3.862608000000000196e-13
1.089203000000000040e-14
2.937055999999999895e-14
1.454167999999999959e-13
1.013338000000000059e-14
1.937807000000000085e-13
4.064191999999999915e-15
1.441704000000000094e-13
9.908499000000000318e-14
3.302290999999999828e-13
8.765105999999999608e-14
5.242264999999999776e-13
3.687576000000000265e-14
3.133492000000000155e-13
2.403833999999999751e-13
2.256981000000000140e-14
7.261355999999999263e-15
5.115462000000000291e-14
1.413254999999999919e-13
1.423279999999999919e-13
2.958731000000000154e-14
1.963545999999999962e-13
1.336306000000000001e-13
7.125882999999999990e-14
3.549393999999999946e-15
2.430386999999999866e-14
4.695496000000000125e-14
1.605356000000000001e-13
1.826448000000000115e-13
4.408834999999999863e-13
6.044808000000000227e-14
2.628177000000000186e-15
4.280947999999999842e-15
1.457960999999999900e-13
1.251770999999999948e-13
3.446434000000000024e-14
1.099498999999999938e-13
1.394560000000000068e-13
2.972821000000000223e-13
5.147975999999999620e-15
3.601415999999999828e-13
4.846412999999999859e-13
2.958460000000000098e-13
1.108170000000000019e-14
1.571486999999999970e-15
4.115128999999999883e-13
3.190660999999999929e-13
2.476718000000000231e-13
2.216881000000000013e-13
4.050102000000000224e-13
1.205709999999999943e-14
1.045852000000000050e-13
1.392662999999999966e-14
1.399327999999999912e-12
1.398081999999999986e-14
4.961022999999999913e-14
1.422466999999999880e-13
4.267401000000000019e-14
1.866276999999999935e-13
3.761273999999999973e-13
2.594579999999999936e-13
2.073551000000000108e-13
7.765315000000000320e-14
9.835344000000000414e-14
1.980615999999999997e-14
2.513838000000000077e-13
2.086285000000000018e-14
4.126508999999999780e-14
5.321651999999999991e-13
3.555896999999999807e-13
4.604729000000000139e-13
9.022504999999999277e-15
1.251771000000000042e-14
4.960751999999999984e-13
3.409314999999999998e-13
1.399436999999999977e-13
1.295122000000000064e-14
5.630260000000000260e-14
9.239262000000000602e-14
4.389326999999999626e-15
6.164023999999999757e-14
1.666048000000000112e-13
6.510834999999999388e-14
6.020421999999999598e-14
9.916627000000000122e-15
2.798873000000000071e-14
3.462691000000000083e-14
1.230094999999999964e-14
2.248310999999999910e-13
2.342870999999999964e-13
4.841806999999999752e-14
5.554394999999999806e-15
1.771445999999999952e-13
3.270319000000000199e-14
8.887032000000000004e-15
1.442788000000000062e-13
2.391370000000000139e-13
1.136619000000000036e-13
4.411002999999999799e-13
6.482927000000000009e-13
4.017589000000000179e-13
8.263855999999999283e-15
1.890391000000000058e-13
6.394328000000000590e-14
5.153394999999999798e-14
6.284052999999999578e-13
3.082554000000000115e-13
7.621713999999999981e-14
7.070338999999999970e-13
1.422467000000000006e-14
2.592682999999999930e-13
5.267191999999999939e-14
3.405793000000000238e-14
1.140683000000000001e-14
4.240306999999999741e-14
1.769277999999999953e-14
1.520007999999999908e-14
2.843850000000000045e-13
7.770734000000000339e-14
1.904750999999999857e-14
2.379178000000000023e-13
9.997911000000000597e-15
7.581072000000000375e-14
2.024779999999999931e-13
4.874320000000000050e-14
2.289224000000000202e-13
3.164650000000000177e-14
8.641826000000000461e-13
1.921550000000000026e-13
1.040975000000000015e-13
4.023550000000000309e-14
2.888284999999999718e-14
1.785535000000000012e-14
1.311379000000000091e-13
2.321194999999999885e-13
1.976281000000000008e-13
1.107086000000000020e-13
9.306999000000000306e-14
2.372946000000000217e-13
1.785535000000000012e-14
1.049916000000000047e-13
3.836596999999999813e-13
7.278966999999999714e-13
3.424758999999999766e-14
2.649853000000000028e-14
4.126780000000000213e-13
4.068527000000000219e-13
2.154022000000000038e-14
4.543765999999999846e-14
1.314901000000000104e-13
1.633805000000000049e-14
6.773653000000000181e-15
3.991036000000000191e-14
5.356874999999999830e-13
1.974654999999999930e-13
5.722382000000000143e-14
8.616085999999999881e-15
3.007502000000000094e-15
7.727383000000000002e-14
2.419549000000000142e-14
3.029176999999999958e-14
1.156398000000000108e-13
7.992910000000000737e-15
2.530636999999999868e-14
2.216610000000000084e-13
7.674818999999999632e-13
1.323029999999999917e-13
7.640680000000000139e-15
5.714524000000000258e-13
1.121988000000000055e-13
1.736764999999999971e-14
2.059732000000000093e-13
4.340556999999999743e-14
5.147975999999999620e-15
4.925799999999999696e-14
4.673278000000000315e-13
3.982908000000000230e-15
5.112753000000000192e-14
1.612129000000000097e-13
3.993746000000000111e-14
9.160687999999999417e-14
2.138578000000000018e-13
3.736346999999999811e-14
6.269692999999999778e-14
5.489368000000000021e-14
2.514921999999999793e-13
8.968316000000000479e-15
1.471237000000000047e-14
1.484785000000000069e-13
3.467297000000000064e-13
9.279904000000000208e-14
3.009939999999999996e-13
1.050458000000000031e-13
8.399329000000000449e-14
3.535846999999999807e-14
2.961441000000000073e-14
1.704792999999999964e-13
4.635887999999999729e-14
1.891204000000000034e-14
1.021466999999999998e-13
2.173258999999999999e-13
5.370151999999999860e-14
3.514170999999999729e-14
2.313338000000000073e-13
1.860857999999999915e-13
1.227386000000000022e-14
1.011441999999999998e-13
1.120361999999999977e-13
1.815338999999999816e-15
6.494848999999999763e-13
1.243642999999999955e-13
1.030272999999999926e-12
1.647351999999999987e-12
1.369632999999999905e-13
7.123172999999999439e-14
3.504958999999999767e-13
5.554394999999999806e-15
1.498332000000000145e-14
3.229677999999999782e-14
1.040432999999999999e-14
1.143393000000000079e-14
2.945184000000000015e-14
2.782616000000000012e-14
1.102480000000000039e-13
2.168382000000000090e-13
2.225279999999999935e-13
9.873275999999999470e-14
4.114857999999999954e-13
7.423923000000000392e-15
1.367735999999999898e-13
1.915588999999999897e-14
5.754895000000000441e-14
4.787618000000000007e-14
1.431679000000000094e-13
5.754895000000000441e-14
2.248853000000000099e-15
2.609211000000000107e-14
1.904750999999999857e-14
1.549812000000000106e-14
1.260441000000000051e-13
9.298869999999999736e-14
9.886823000000000240e-14
3.130239999999999999e-13
1.231179000000000090e-13
9.008957999999999769e-14
1.000875000000000014e-13
4.467901000000000023e-14
3.950393999999999954e-14
4.914962000000000287e-14
2.238014999999999981e-13
1.724545000000000100e-12
7.472693999999999622e-14
2.565860000000000085e-14
3.251353000000000040e-14
2.248853000000000020e-14
2.012316999999999886e-13
4.118381000000000291e-14
3.758022000000000070e-14
1.013338000000000059e-14
3.107752000000000206e-13
3.427467999999999866e-14
2.408710999999999913e-13
3.591120000000000151e-13
1.563358999999999930e-14
5.467691999999999943e-14
6.548766999999999706e-14
2.199810999999999915e-13
4.657563999999999681e-13
6.540639000000000217e-14
1.841620999999999954e-13
1.588557000000000084e-13
1.842432999999999920e-13
3.674029000000000126e-14
4.676529999999999966e-14
2.633595999999999969e-14
1.825092999999999966e-13
8.204248000000000465e-14
8.605248000000000473e-14
1.739203000000000016e-13
4.275529999999999958e-13
2.228803000000000020e-13
1.803958999999999998e-13
8.984573000000000222e-14
5.554666000000000113e-13
2.141557999999999921e-13
3.354312999999999962e-14
6.925382000000000166e-14
1.956231000000000134e-14
3.387097000000000062e-13
3.353771000000000230e-13
3.950394000000000080e-13
4.692787000000000025e-14
2.013129999999999925e-13
1.236598000000000109e-13
7.735510999999999491e-14
4.961022999999999913e-14
1.385076000000000105e-13
3.601415999999999828e-13
1.452270999999999889e-14
3.457272000000000064e-14
5.565232999999999845e-14
1.319508000000000062e-14
8.009167000000000480e-14
6.417900000000000350e-13
1.049373999999999937e-13
1.842704000000000102e-13
2.809711000000000111e-14
1.097331999999999980e-14
1.980073999999999950e-13
6.015003000000000367e-15
8.819295999999999805e-14
8.020004999999999258e-15
1.278865999999999983e-14
5.478529999999999982e-14
8.724465000000000453e-15
2.465880000000000192e-13
6.010667999999999526e-13
2.099832000000000157e-14
2.021257999999999918e-14
2.955479999999999944e-13
7.041889000000000227e-14
5.012503000000000347e-15
7.857436999999999571e-14
1.335763999999999986e-14
1.566068000000000030e-14
8.137323999999999790e-13
1.480179000000000089e-13
1.546017999999999966e-13
1.192162999999999962e-14
1.579615999999999989e-14
1.310566000000000052e-13
5.849183999999999808e-13
6.358291999999999702e-13
3.132136999999999879e-14
3.086076000000000254e-14
6.578571000000000535e-14
8.066065000000000325e-14
2.051062000000000116e-14
4.061481999999999995e-14
1.880365999999999995e-14
1.033902999999999982e-12
4.381198000000000160e-14
4.912253000000000188e-14
9.726964999999999842e-14
1.098144999999999987e-13
2.631699000000000215e-13
1.272363000000000058e-13
5.202165000000000154e-14
1.315713999999999891e-13
4.127593000000000000e-13
5.708833999999999553e-14
8.475735999999999499e-13
3.115879999999999821e-14
5.667109000000000303e-13
2.519798999999999955e-13
6.971442999999999792e-14
3.259482000000000106e-13
9.382863999999999499e-14
7.234261000000000743e-15
4.680322999999999908e-13
2.582116000000000008e-14
4.746975999999999770e-14
2.088994000000000118e-14
5.527299999999999707e-15
4.419131000000000297e-14
2.428489999999999985e-13
2.051062000000000116e-14
7.044598999999999516e-14
7.193618999999999875e-14
5.061272999999999915e-14
1.000061999999999975e-13
1.152876000000000095e-13
1.011983999999999982e-13
8.301246999999999878e-13
2.105250999999999861e-14
1.869528000000000192e-15
9.740512000000000612e-14
2.025051000000000112e-13
3.392245000000000279e-14
7.131301000000000190e-14
1.687994000000000110e-14
1.511607999999999914e-13
1.813983999999999998e-13
8.155478000000000108e-15
9.315126999999999795e-14
2.598373000000000067e-14
4.717172000000000203e-14
2.403020999999999965e-13
3.285220999999999982e-13
8.390388000000000417e-13
6.575861999999999804e-14
3.882658000000000070e-14
3.170069000000000197e-14
2.311169999999999885e-14
2.462358000000000179e-13
8.014586000000000500e-14
2.620049000000000146e-14
1.524613999999999889e-13
9.130883999999999850e-14
2.836805999999999893e-14
1.278865999999999983e-14
1.478010999999999901e-13
1.032305000000000038e-13
6.702936000000000228e-13
1.942683999999999995e-14
8.941221000000000381e-15
5.405375000000000078e-14
1.038264999999999969e-13
1.520819999999999875e-13
7.694869000000000516e-15
9.962687999999999432e-14
6.588867000000000464e-13
8.496869999999999720e-14
2.517088999999999909e-14
2.912670999999999717e-14
9.862437999999999430e-14
2.468860999999999914e-13
3.259481999999999979e-14
3.007501999999999699e-14
4.614212000000000282e-14
6.692368999999999865e-14
3.251353000000000040e-14
3.422048999999999846e-14
5.424340999999999858e-13
1.795288999999999894e-13
8.507707999999999759e-14
9.003538999999999750e-14
1.211128999999999963e-14
3.271402999999999788e-13
2.715964000000000159e-13
1.182408999999999985e-13
6.570442999999999784e-14
1.567151999999999935e-13
1.712378999999999973e-14
1.189453000000000042e-14
5.204604000000000145e-13
3.293892000000000158e-13
9.978944999999999491e-14
2.361023999999999957e-13
3.420964999999999752e-13
4.606084000000000162e-14
5.679029999999999986e-14
6.340138999999999898e-15
1.918297999999999997e-14
1.199748999999999940e-13
4.389326999999999626e-15
3.302832999999999685e-14
2.704042000000000089e-14
6.873903000000000341e-14
1.963545999999999962e-13
1.692600000000000028e-13
1.574196999999999969e-14
2.384867999999999971e-13
2.273238000000000072e-13
2.895600999999999871e-13
4.904124000000000248e-14
5.396974999999999831e-13
2.939764999999999995e-14
2.758772999999999881e-13
1.161545999999999946e-13
1.267214999999999968e-13
3.638805999999999909e-14
7.356186999999999561e-14
1.896894000000000045e-13
1.617276999999999935e-13
1.221967000000000002e-14
5.838889000000000204e-14
2.200081999999999844e-14
9.943722000000000220e-15
2.107961000000000097e-14
5.689867999999999867e-15
4.161731999999999997e-14
2.409795000000000134e-13
3.045434000000000016e-14
1.736764999999999971e-13
2.625467999999999850e-14
3.366776000000000133e-13
1.089203000000000009e-13
3.760731999999999989e-14
8.074193999999999634e-15
3.385742999999999985e-13
3.023758999999999758e-14
6.012294000000000109e-14
2.121779000000000102e-13
1.124425999999999942e-14
6.015003000000000367e-15
1.148810999999999963e-14
3.668610000000000107e-14
4.194246000000000115e-14
1.496435000000000075e-13
1.095977000000000051e-13
6.583989999999999923e-15
1.585035000000000008e-14
4.229198000000000151e-13
1.636244000000000040e-13
7.716003000000000358e-13
4.660273000000000412e-13
1.961650000000000153e-14
9.429465999999999920e-13
7.152977000000000269e-14
1.701000000000000022e-13
1.336306000000000001e-13
7.315545000000000034e-16
1.002501000000000037e-15
3.432886999999999885e-14
2.527926999999999948e-14
1.267891999999999905e-12
7.321506000000000085e-13
4.042515999999999837e-14
9.206749000000000305e-14
9.775735000000000199e-14
6.394328000000000274e-15
7.488408000000000256e-13
3.626884999999999848e-13
9.282612999999999677e-14
1.419216000000000049e-13
3.505772000000000059e-13
1.495622000000000036e-13
1.728907000000000087e-13
1.336848000000000111e-13
1.359336999999999976e-13
3.300124000000000217e-14
4.362232000000000317e-15
1.489932999999999908e-13
4.226759000000000255e-15
1.900957999999999916e-13
1.435742999999999964e-13
2.598372999999999878e-13
6.743848999999999510e-14
1.992808999999999996e-13
1.214651000000000102e-13
3.988598000000000146e-13
3.871820000000000031e-14
2.394621999999999790e-13
1.422738000000000061e-13
3.760461000000000187e-13
1.007378000000000002e-13
8.074193999999999634e-15
2.601082999999999908e-15
2.531449000000000213e-13
2.771779000000000109e-14
1.834847000000000037e-13
4.104832999999999701e-14
6.697787999999999884e-14
5.196746000000000135e-14
3.909751999999999717e-14
9.469566000000000173e-14
1.455251999999999927e-13
8.128383000000000010e-15
1.268028000000000007e-13
6.567734000000000316e-14
2.598373000000000067e-14
7.589199999999999863e-14
7.272192999999999798e-14
5.337638000000000058e-15
7.938721000000000361e-15
5.524591000000000239e-14
4.603102999999999556e-13
7.946848999999999534e-14
5.817213000000000125e-14
3.711962000000000106e-15
3.170610999999999928e-13
1.243642999999999923e-14
2.042933999999999997e-14
3.237264000000000169e-13
8.954768999999999393e-14
4.445683999999999780e-13
4.129218999999999699e-14
2.286785000000000022e-14
8.385781999999999679e-14
2.462899999999999848e-14
6.592118999999999863e-14
2.872029000000000032e-15
1.587201999999999935e-13
1.399652999999999913e-12
5.326799999999999703e-14
2.359941000000000062e-14
3.018339999999999738e-14
2.395163999999999964e-14
3.170610999999999928e-13
1.704522000000000035e-13
1.364213999999999886e-13
1.570132999999999909e-13
1.109253000000000009e-13
3.212878999999999865e-13
9.120045999999999811e-14
4.050643999999999956e-14
5.435720999999999755e-13
1.403501000000000005e-14
4.324029000000000134e-13
7.539617000000000224e-13
6.285950000000000311e-15
2.935429999999999943e-13
7.743640000000000061e-14
3.234284000000000015e-13
4.660272999999999749e-15
1.789598999999999946e-13
4.416420999999999904e-15
4.205084000000000154e-14
1.652770999999999893e-14
3.590036000000000183e-14
4.514503999999999885e-13
1.110878999999999961e-14
7.348058000000000253e-14
5.104625000000000072e-14
1.467714999999999972e-13
2.663129000000000112e-13
4.574654000000000391e-13
9.068566000000000165e-14
2.563149999999999850e-14
1.127949000000000059e-13
5.595037000000000043e-14
1.546505999999999954e-12
2.368881999999999841e-13
4.160376999999999974e-13
1.392663000000000061e-13
1.416235000000000074e-13
7.956603000000000362e-13
3.459440000000000252e-13
7.136720000000000210e-14
6.743848999999999510e-14
2.366713999999999906e-13
4.575467000000000178e-13
1.418132000000000081e-13
6.015003000000000367e-15
1.704251000000000106e-13
4.034657999999999952e-13
5.920171999999999596e-14
4.719339000000000193e-13
2.401394999999999887e-13
1.312191999999999878e-13
1.437639999999999971e-13
5.798246999999999651e-15
8.941221000000000381e-15
1.980615999999999997e-14
5.175070999999999718e-15
6.397037000000000058e-14
3.895392000000000170e-13
4.345974999999999942e-14
7.860146000000000302e-14
2.636305999999999889e-14
1.210316000000000050e-13
2.233409000000000000e-13
8.887032000000000004e-15
2.172716999999999889e-13
8.675693999999999646e-14
2.168923999999999948e-13
2.142913000000000070e-13
1.409461999999999977e-13
4.772444999999999664e-13
1.127136000000000020e-14
1.148810999999999963e-14
1.473947000000000030e-13
1.024175999999999972e-13
5.129823000000000163e-13
1.715088999999999893e-13
2.920798999999999836e-14
6.153185999999999718e-14
1.969777999999999957e-14
4.140055999999999919e-14
5.253644999999999800e-14
6.229051000000000172e-14
1.831595999999999954e-14
7.451018000000000490e-15
1.734326000000000107e-13
8.025424000000000539e-14
1.334138999999999885e-13
3.055729999999999946e-13
2.028573000000000125e-13
1.227386000000000022e-14
1.113588000000000061e-14
1.549812000000000106e-14
1.991454000000000036e-14
5.744057000000000401e-14
5.803666000000000365e-13
8.918733000000000020e-13
7.672109999999999910e-13
4.717443000000000258e-13
1.211670999999999947e-13
2.546893000000000106e-14
1.304063999999999885e-13
1.185117999999999959e-13
1.015857999999999931e-12
7.586490999999999763e-15
4.191536000000000195e-14
6.134220000000000190e-14
4.543765999999999846e-14
1.911795999999999955e-13
4.367651000000000021e-14
3.359731999999999981e-14
1.005209999999999940e-14
2.980406999999999995e-15
6.787199999999999847e-14
5.185908000000000095e-14
2.078157000000000088e-13
5.337638000000000058e-15
1.625676999999999930e-14
4.516672000000000199e-14
1.617547999999999991e-14
4.904124000000000248e-14
4.462482000000000003e-14
3.099622999999999762e-14
1.043413000000000060e-13
2.611649000000000214e-13
1.345788999999999891e-13
4.665691999999999927e-14
3.264900999999999999e-14
7.152977000000000269e-15
1.679865999999999991e-14
1.609419999999999871e-14
1.122258999999999984e-13
3.238618999999999814e-13
1.436285000000000074e-13
4.091286000000000193e-15
9.171525999999999456e-14
2.245872000000000045e-13
4.844515999999999852e-14
4.842077999999999555e-13
1.707231000000000008e-13
2.832471000000000220e-13
4.503124000000000240e-14
3.394955000000000199e-14
1.228741000000000045e-13
9.726152000000000055e-13
4.543765999999999846e-14
3.879676999999999969e-13
3.224258999999999762e-14
6.470192999999999782e-14
6.350977000000000253e-14
1.913150000000000032e-13
7.234261000000000743e-15
2.890995000000000143e-13
1.473947000000000030e-13
6.990409000000000582e-14
4.010001999999999719e-14
3.216671999999999806e-13
4.690077000000000105e-14
5.749476000000000421e-14
1.633263000000000065e-13
8.364105999999999600e-14
1.476656000000000067e-14
1.938348000000000123e-13
4.332699000000000237e-13
3.519589999999999748e-14
8.887032000000000004e-15
9.537302999999999246e-15
3.034595999999999977e-14
3.088786000000000173e-15
1.647351999999999936e-13
2.129636000000000040e-14
1.262608999999999924e-14
5.091348000000000168e-13
3.879948000000000150e-14
2.359398999999999951e-13
1.719153000000000016e-13
2.224468000000000158e-14
8.610667000000000492e-14
4.076384000000000031e-13
3.427467999999999866e-14
6.025569999999999941e-13
2.551499000000000213e-13
1.982241999999999885e-13
4.026258999999999778e-14
4.985408000000000091e-14
1.129573999999999938e-13
9.103788999999999752e-14
3.258940000000000248e-13
2.985826000000000252e-14
5.841597999999999672e-14
2.102542000000000077e-14
2.834095999999999973e-14
9.835343999999999468e-15
3.395496999999999804e-13
4.115670999999999740e-14
3.590036000000000183e-14
1.378573999999999938e-13
1.327094000000000040e-13
6.303290000000000296e-13
5.852436000000000027e-15
1.618089999999999975e-13
2.359941000000000062e-14
5.473110999999999962e-14
9.483114000000000448e-15
6.475611999999999960e-15
3.680803000000000043e-13
3.050853000000000036e-14
4.620715000000000269e-13
8.716336000000000514e-14
1.677156000000000071e-14
1.792307999999999919e-13
4.104833000000000206e-13
8.239471000000000051e-14
1.631095999999999950e-14
4.768650999999999713e-15
2.525217999999999848e-14
4.589827000000000103e-14
1.198395000000000115e-13
1.080830999999999921e-12
4.121089999999999760e-14
3.766151000000000009e-14
5.175070999999999718e-15
1.896623000000000054e-14
1.091912999999999960e-14
6.892868999999999869e-14
5.467691999999999943e-14
9.187781999999999695e-14
1.147457000000000075e-13
3.776989000000000048e-14
8.347848999999999542e-14
8.071484000000000345e-14
2.679657000000000100e-13
2.734929999999999939e-13
7.765315000000000320e-14
2.861191000000000071e-14
1.158023999999999933e-13
2.777198000000000128e-14
1.031491999999999999e-13
3.907043000000000248e-14
4.871610999999999950e-14
6.457188000000000132e-13
4.900602000000000488e-13
3.999976999999999971e-13
9.361187999999999421e-14
6.779071000000000539e-14
7.724672999999999451e-14
1.420570000000000126e-13
1.333055000000000044e-14
8.841783999999999597e-13
9.401830000000000289e-14
1.195142999999999959e-13
2.328510999999999912e-13
1.088797000000000051e-12
1.123072000000000023e-13
1.392662999999999966e-14
2.417381000000000017e-13
6.619213000000000141e-14
2.511941000000000070e-13
6.990409000000000109e-15
2.936514000000000164e-13
2.193309000000000000e-13
6.754685999999999729e-14
2.070028000000000022e-13
3.156522000000000058e-14
1.986035000000000016e-14
1.360149000000000006e-14
4.779489000000000068e-14
8.128383000000000010e-15
1.851375000000000025e-13
1.880365999999999995e-14
1.158647000000000001e-12
2.118799000000000136e-14
6.001456000000000070e-14
1.376406000000000065e-14
1.276156000000000063e-14
5.341973000000000426e-13
1.334138999999999885e-13
2.433095999999999965e-14
3.495205000000000201e-14
3.002083000000000311e-14
3.842015999999999833e-14
1.668757000000000086e-13
1.335763999999999986e-14
1.168320000000000115e-13
2.121507999999999920e-14
2.947893999999999934e-14
1.477089999999999919e-12
1.217740000000000019e-12
1.337119000000000040e-13
6.416003999999999406e-14
8.182572000000000386e-15
2.126926999999999940e-14
4.026801000000000140e-13
1.035013999999999980e-14
1.151250000000000017e-13
5.716962999999999965e-15
1.129844999999999962e-14
1.649248999999999943e-13
2.397601999999999945e-13
1.059941000000000047e-13
8.068774999999999614e-14
1.541682999999999851e-14
2.446643000000000104e-14
1.735410000000000074e-13
3.928718000000000033e-15
1.270737000000000043e-14
7.064378000000000092e-13
1.048019999999999986e-13
3.365691999999999913e-13
2.972279000000000113e-14
2.002292000000000075e-14
4.570860999999999944e-14
2.084388000000000074e-13
7.843890000000000063e-14
3.525008999999999768e-14
6.700497000000000615e-14
6.857646000000000282e-14
2.414129999999999933e-13
1.468527999999999948e-14
3.024300000000000048e-13
2.278656999999999903e-14
4.809293000000000266e-14
1.321945999999999949e-13
1.287807000000000078e-13
1.040432999999999999e-14
1.042492000000000078e-12
1.198123999999999934e-13
6.204665999999999836e-15
2.790744999999999952e-15
1.490204000000000026e-14
1.208420000000000021e-14
9.821795999999999824e-14
1.153688999999999882e-13
5.909334999999999377e-14
5.673882000000000400e-13
1.631095999999999950e-13
5.337638000000000058e-15
8.710917000000000494e-14
1.692057999999999917e-13
3.481115999999999825e-13
1.080261999999999977e-13
5.838889000000000204e-14
2.337181000000000015e-13
1.214108999999999992e-13
5.618879999999999985e-13
8.182572000000000386e-15
4.286367000000000177e-14
7.721964000000000235e-13
4.759168000000000265e-13
1.486138999999999894e-13
2.281365999999999813e-13
3.620382000000000113e-13
8.914127000000000102e-15
1.156940000000000060e-14
1.528136000000000028e-14
4.015420999999999738e-14
2.473250000000000190e-12
2.492704000000000125e-15
7.613585000000000041e-15
5.413503000000000197e-14
4.265775000000000067e-13
2.349103000000000022e-14
2.118799000000000136e-14
1.114130000000000045e-13
5.364733000000000156e-15
1.149353000000000010e-13
1.866818999999999856e-14
2.622757999999999930e-14
7.093368999999999873e-14
2.803479000000000115e-13
1.349311999999999945e-14
5.039597999999999657e-15
9.564396999999999524e-15
5.800956000000000066e-14
4.443516000000000002e-15
1.024175999999999940e-14
5.889014000000000457e-13
1.903938000000000071e-13
1.238224000000000061e-14
4.350852999999999798e-13
1.701542000000000069e-14
8.840971000000000063e-14
2.942745999999999970e-13
4.476029999999999962e-14
1.045852000000000019e-14
1.419757999999999906e-13
1.980615999999999997e-14
1.864108999999999936e-14
2.860107000000000103e-13
1.493997000000000031e-13
2.248853000000000099e-15
3.793245000000000287e-14
3.115880000000000057e-15
3.285220999999999982e-13
1.430866000000000055e-13
1.604272000000000033e-13
8.166316000000000147e-14
1.452270999999999889e-14
1.406751999999999931e-13
1.391579000000000093e-13
3.061691000000000075e-14
4.307501000000000146e-13
1.284285000000000002e-14
4.222965999999999840e-13
2.768798000000000134e-13
8.507708000000000706e-15
5.448996999999999587e-13
1.089203000000000040e-14
8.914127000000000102e-15
2.736555999999999891e-14
1.406481000000000002e-13
6.313043999999999800e-15
4.609064000000000443e-13
1.004667999999999956e-13
2.219589999999999986e-13
8.691950999999999705e-14
1.156940000000000060e-14
7.234261000000000743e-15
4.993537000000000031e-14
2.215797000000000045e-13
1.633805000000000049e-14
2.391911999999999997e-13
2.171632999999999921e-13
5.982490000000000543e-14
3.980198000000000152e-14
3.118589999999999740e-14
7.296579000000000427e-14
2.378093999999999803e-13
9.017086000000000520e-14
5.619422000000000221e-14
7.776152999999999412e-15
8.480613000000000608e-15
1.089203000000000040e-14
7.315544999999999640e-15
8.047098999999999536e-15
3.443724999999999925e-14
1.002500999999999966e-13
1.383722000000000028e-13
5.505625000000000080e-14
2.104979999999999933e-13
3.330469000000000074e-13
5.296996000000000137e-14
6.608375000000000102e-14
2.172716999999999889e-13
6.459354999999999743e-14
1.083242999999999951e-13
3.142974999999999919e-14
1.541954000000000096e-13
8.372235000000000171e-14
8.093160000000000424e-14
6.724882000000000163e-14
1.228470000000000116e-13
7.008833999999999819e-13
5.527299999999999707e-15
6.069192999999999774e-15
8.418294999999999977e-14
9.699869999999999744e-14
2.228260999999999910e-13
1.282658999999999987e-13
4.872695000000000171e-13
4.743994999999999921e-13
3.595725999999999879e-13
3.533137000000000013e-13
1.484785000000000006e-14
2.613546000000000221e-13
4.379843999999999831e-13
2.729510999999999920e-13
1.650332999999999911e-13
2.872571000000000221e-13
8.028132999999999756e-13
6.581280999999999824e-14
2.601082999999999908e-15
1.038264999999999969e-13
3.856104999999999956e-13
2.368068999999999865e-14
2.281366000000000003e-14
8.366816000000000151e-14
1.682575000000000091e-14
6.410584999999999386e-14
4.290160999999999939e-13
2.196831000000000012e-13
8.387949000000000047e-13
7.180072000000000367e-14
1.562816999999999883e-13
4.484158000000000082e-14
1.353647000000000028e-13
1.249250999999999924e-12
1.030678999999999960e-13
5.153394999999999798e-14
9.897661000000000279e-14
5.147976000000000409e-16
6.825132000000000164e-14
3.002354000000000113e-13
1.994163000000000073e-13
3.154354999999999942e-13
2.675593000000000230e-13
1.893913000000000071e-13
4.762420000000000421e-13
4.378489000000000060e-14
7.437471000000000036e-14
4.061481999999999995e-14
1.112233999999999984e-13
2.070027999999999959e-14
1.256648000000000110e-13
1.298103000000000007e-13
9.374734999999999875e-15
1.816964999999999973e-13
5.825340999999999929e-15
6.502706000000000238e-15
1.070237000000000039e-14
1.761150000000000150e-14
1.931304000000000098e-13
3.012920999999999719e-14
4.836387999999999733e-14
3.457272000000000064e-14
1.992266999999999886e-13
6.036678999999999657e-14
6.592118999999999863e-14
5.716962999999999965e-15
1.931845999999999956e-14
2.203876000000000110e-13
2.410066000000000063e-13
1.127136000000000020e-14
7.342638999999999918e-15
1.205709999999999943e-14
2.129636000000000040e-14
2.732762000000000003e-13
3.888077000000000089e-14
8.523963999999999998e-14
2.154834000000000005e-13
2.657439000000000164e-13
4.836387999999999733e-14
9.320545999999999499e-15
3.220193999999999819e-13
1.131200000000000017e-13
1.799082000000000151e-14
1.205980999999999999e-13
1.631636999999999987e-13
6.925382000000000166e-14
2.015026000000000112e-13
6.562315000000000296e-14
2.839514999999999993e-14
1.349041000000000047e-13
3.423404000000000121e-13
4.680864999999999765e-13
1.146102000000000021e-14
1.177532000000000076e-13
2.392101999999999817e-12
1.081075000000000079e-14
2.289494999999999942e-14
6.367233000000000176e-15
2.809981999999999850e-13
1.643829999999999923e-13
6.049414000000000460e-13
3.698414000000000305e-14
5.298079999999999978e-13
9.970817000000000318e-15
2.414130000000000122e-14
4.687368000000000005e-14
3.053563000000000082e-13
2.907251999999999697e-14
1.211129000000000089e-13
3.428280999999999778e-13
1.035827000000000050e-13
1.877656000000000075e-14
2.829408999999999985e-12
4.145474999999999781e-15
8.762397000000000140e-14
2.433909000000000004e-13
1.806669000000000044e-13
5.614003000000000201e-14
1.788244000000000112e-14
2.701332999999999989e-14
7.437471000000000036e-14
6.096287000000000053e-15
7.670213000000000408e-13
1.354731000000000043e-15
2.059189999999999841e-15
2.167569000000000019e-15
4.879739000000000070e-14
5.296454000000000405e-13
1.275613999999999890e-13
1.625676999999999969e-15
1.527864999999999973e-13
7.757186999999999569e-14
1.631095999999999950e-14
1.375322000000000034e-13
3.543433000000000195e-13
4.010001999999999719e-15
1.466360000000000075e-13
2.926488999999999911e-13
1.219256999999999964e-15
4.064192000000000014e-16
1.633805000000000049e-14
9.980841999999999246e-13
2.517089000000000161e-13
1.147728000000000004e-13
4.568151000000000025e-14
4.319422999999999901e-13
1.826176999999999934e-14
6.372734000000000339e-12
9.477694999999999481e-14
3.212066000000000078e-13
3.400374000000000219e-14
1.214108999999999992e-13
2.086556000000000010e-13
2.503542000000000085e-14
8.236762000000000583e-14
2.274321999999999788e-13
8.160897000000000128e-14
2.553938000000000078e-13
1.492993999999999969e-12
1.066903999999999914e-12
3.711962000000000106e-15
1.381282999999999911e-13
3.879947999999999898e-13
1.035773000000000054e-12
2.273237999999999883e-14
2.774487999999999893e-14
2.070841000000000062e-13
2.804292000000000091e-14
1.898789999999999980e-13
2.343412999999999821e-13
1.004939000000000011e-13
3.213421000000000228e-13
7.315545000000000034e-16
6.730301000000000182e-14
4.093182999999999948e-13
1.571487000000000049e-14
8.770524999999999628e-14
5.765733000000000480e-14
7.001518000000000298e-13
1.057231999999999947e-13
9.306999000000000306e-14
1.545206000000000000e-13
5.505625000000000080e-14
2.650666000000000067e-13
1.130116000000000049e-13
8.047098999999999536e-15
3.357022000000000062e-14
2.392454000000000044e-14
1.095434999999999941e-13
1.728907000000000087e-13
6.619213000000000141e-14
3.112357999999999934e-13
7.686741000000000396e-14
2.847373000000000130e-13
1.297831999999999984e-14
3.026738999999999913e-13
1.072946999999999959e-14
3.228864999999999995e-13
2.051062000000000116e-14
2.503270999999999967e-13
3.682158000000000066e-14
9.401288000000000684e-13
2.221758000000000001e-15
1.322217000000000004e-14
4.229468999999999701e-14
3.684867000000000008e-15
1.152063000000000056e-13
5.757604999999999729e-14
7.911626000000000263e-15
8.236762000000000583e-14
4.226759000000000255e-15
4.933386999999999525e-13
1.124263999999999984e-12
7.819505000000000516e-14
1.687181000000000008e-13
4.565441999999999925e-13
7.348870999999999535e-13
8.133802000000000030e-14
1.574196999999999969e-14
6.719462999999999985e-15
1.563629999999999922e-13
8.778654000000000199e-14
2.707292999999999983e-13
5.112753000000000192e-14
1.834305000000000053e-14
2.366713999999999906e-13
9.586072999999999477e-13
1.935638999999999897e-13
6.937575000000000355e-13
6.963314999999999830e-15
2.965776000000000125e-13
2.259689999999999987e-13
3.560232000000000112e-13
1.628386000000000030e-14
7.463480999999999588e-13
2.220673999999999954e-13
1.874946999999999975e-14
1.408920000000000025e-14
8.003748000000000461e-14
4.191536000000000195e-14
6.340139000000000213e-14
4.906834000000000168e-14
1.001958999999999982e-13
1.178615999999999981e-14
4.663523999999999991e-13
9.884113999999999509e-14
1.664963999999999892e-13
7.469984000000000333e-14
3.836596999999999813e-14
5.692848999999999748e-13
2.360212000000000243e-13
1.899332000000000153e-14
9.409957999999999777e-14
1.146373000000000108e-13
1.536264000000000147e-14
1.698832000000000149e-14
1.403501000000000005e-14
3.145684000000000018e-14
1.493454999999999920e-13
3.224258999999999841e-15
6.294078000000000588e-14
2.758231000000000023e-13
9.117336000000000522e-14
1.051461000000000017e-12
2.844933999999999934e-15
1.246352000000000062e-15
1.855438999999999895e-13
2.104166999999999893e-13
8.762397000000000140e-14
1.706959999999999953e-14
4.402332000000000128e-13
1.384535000000000004e-14
1.763858999999999934e-14
1.185117999999999959e-13
1.170487000000000041e-14
8.128383000000000207e-16
7.586490999999999763e-16
1.191350000000000018e-13
1.806939999999999973e-13
9.567106999999999444e-14
3.829552000000000220e-13
1.222237999999999906e-12
3.132407999999999934e-13
1.876844000000000045e-13
5.380989999999999900e-14
2.975800999999999873e-13
1.335492999999999962e-13
1.117111000000000020e-13
1.256376999999999928e-13
2.982575000000000042e-13
3.400374000000000219e-14
3.478948000000000142e-14
1.113858999999999990e-13
2.589431999999999846e-13
2.767984999999999842e-13
1.290245000000000123e-13
4.711753000000000184e-14
1.278865999999999983e-14
2.064608999999999940e-14
7.223422999999999441e-14
9.323255000000000545e-14
3.093663000000000083e-13
1.259899000000000004e-14
6.077320999999999768e-13
1.324925999999999946e-14
2.303583999999999749e-13
4.186117000000000176e-14
2.359941000000000062e-14
6.776361999999999808e-14
2.563149999999999850e-14
8.209667000000000484e-15
1.165067999999999982e-15
3.691912000000000011e-13
8.804393999999999895e-13
5.608584000000000182e-14
1.343892999999999925e-14
7.071692999999999794e-15
3.278448000000000138e-14
4.389327000000000099e-14
1.134992999999999958e-13
3.650185999999999932e-13
4.276071000000000248e-13
8.933093000000000577e-14
1.092725999999999968e-13
4.100768999999999831e-13
2.023967000000000018e-14
5.697997000000000596e-14
1.865192999999999967e-13
2.313880000000000120e-14
4.724487000000000284e-13
1.896622999999999896e-15
2.823257999999999934e-14
1.064818000000000020e-14
4.508813999999999936e-13
7.773443999999999628e-14
1.590454000000000028e-14
8.383072000000000390e-14
5.139848000000000290e-14
1.639224000000000069e-14
6.854935999999999731e-14
1.388057000000000080e-13
1.468527999999999948e-14
1.823467000000000014e-14
1.671466999999999879e-13
2.958731000000000154e-14
4.904123999999999775e-15
1.102750999999999999e-14
2.714880000000000128e-14
4.437554999999999967e-13
2.277843999999999801e-13
1.129844999999999994e-13
9.843471999999999903e-14
1.524342999999999960e-13
4.302624000000000236e-14
1.411330999999999977e-12
7.876403000000000361e-14
4.484158000000000208e-13
2.655271999999999890e-15
6.448516999999999862e-15
8.784073000000000218e-14
9.136302999999999869e-14
9.580654000000000214e-14
9.483114000000000448e-15
7.749059000000000081e-14
4.472777999999999806e-13
3.718735000000000108e-13
1.219256999999999925e-14
2.419549000000000142e-14
9.911207999999999787e-14
4.963732999999999833e-14
1.471237000000000047e-14
6.971442999999999792e-14
6.096287000000000053e-15
4.108084999999999857e-13
2.695914000000000159e-13
2.288681999999999840e-13
7.383280999999999839e-14
2.601082999999999908e-15
4.091556999999999870e-13
5.227634000000000301e-13
5.401851999999999993e-13
1.526781000000000005e-13
4.833677999999999813e-14
1.396185000000000073e-13
8.033280999999999846e-13
1.810461999999999985e-13
1.696663999999999898e-13
4.004582999999999699e-14
2.896414000000000289e-14
6.201956000000000074e-14
5.327612999999999869e-13
6.217400000000000346e-13
1.032305000000000038e-14
9.155268999999999397e-14
3.709251999999999713e-14
9.041201000000000463e-13
3.192557999999999936e-13
2.823257999999999934e-14
2.604062999999999826e-13
8.206956999999999934e-14
2.980407000000000232e-14
5.838889000000000204e-14
1.593163000000000128e-14
9.889532999999999844e-15
5.085658000000000093e-14
1.585035000000000008e-14
1.856251999999999935e-13
1.192163000000000080e-15
1.235242999999999960e-13
2.094413000000000138e-14
9.710707999999999783e-14
2.298707000000000092e-13
3.170069000000000197e-14
1.210316000000000050e-13
6.445808000000000235e-14
1.991995999999999957e-13
2.718943999999999809e-13
4.377946999999999824e-13
2.438786000000000166e-13
6.367233000000000176e-15
2.758501999999999952e-13
4.877030000000000286e-15
9.293450999999999401e-15
1.530845000000000128e-14
6.421423000000000372e-15
1.914234000000000000e-13
1.321675000000000020e-13
1.354730999999999964e-14
2.314150999999999860e-13
2.480783000000000174e-13
1.289973999999999942e-13
4.946663000000000366e-13
1.070508000000000031e-13
1.968694000000000053e-13
9.409957999999999777e-14
2.793454000000000052e-14
1.961650000000000153e-14
2.303042000000000081e-14
9.290200000000000137e-13
3.017256000000000023e-13
1.117653000000000004e-13
2.096038999999999900e-13
1.370173999999999943e-13
5.156103999999999897e-14
1.561461999999999986e-13
1.940786999999999988e-13
3.746913999999999921e-13
2.880157000000000230e-14
1.856523000000000116e-13
1.297289999999999968e-13
3.963670999999999984e-13
6.069192999999999774e-14
2.462899999999999848e-14
2.233409000000000000e-13
5.771152000000000342e-15
2.729510999999999920e-13
2.319298999999999951e-13
1.457689999999999971e-13
1.708585999999999905e-13
8.984573000000000222e-14
3.584075000000000054e-13
1.834305000000000053e-14
4.137346999999999819e-14
7.326382999999999994e-14
5.397246000000000139e-14
3.349164999999999997e-13
3.056272000000000056e-14
1.369091000000000048e-13
2.411420000000000045e-15
3.422048999999999846e-14
4.093996000000000113e-14
3.316921999999999808e-13
4.440807000000000123e-13
2.093601000000000108e-13
1.289432999999999904e-13
3.985345999999999990e-13
4.768650999999999713e-15
1.656835000000000079e-13
6.329301000000000174e-14
1.269111999999999975e-13
3.086888999999999914e-13
1.244726000000000103e-13
1.337119000000000040e-13
1.601020999999999949e-13
4.251144000000000086e-13
3.397664000000000299e-14
6.998537999999999890e-14
3.061691000000000075e-14
2.808627000000000206e-13
2.863900000000000171e-14
2.064338000000000074e-13
3.321798999999999844e-14
2.210919999999999883e-14
2.257523000000000124e-13
7.773443999999999628e-14
9.726964999999999842e-14
2.676946999999999991e-14
1.156398000000000108e-13
6.613794000000000121e-14
2.939764999999999995e-14
6.204665999999999836e-15
8.271172000000000130e-13
1.095434999999999941e-13
4.521278000000000054e-13
1.608064999999999974e-13
6.073257000000000402e-13
5.957020999999999765e-13
2.555022000000000046e-14
3.722798999999999852e-14
6.585615999999999875e-13
6.746558000000000083e-15
2.362649999999999846e-14
1.988744000000000116e-14
4.627218000000000004e-13
2.671529000000000107e-14
1.129844999999999994e-13
9.618586999999999721e-15
5.202165000000000154e-14
7.009917999999999535e-13
4.427258999999999786e-14
5.452790000000000033e-13
4.378489000000000060e-14
9.185073000000000226e-14
2.057564999999999978e-13
9.263647000000000149e-14
7.345348999999999522e-14
2.135867999999999972e-13
1.652770999999999893e-14
4.162003000000000052e-13
2.614359000000000008e-13
4.884345000000000429e-13
7.778862999999999648e-14
6.123382000000000151e-14
1.553876000000000103e-13
4.056062999999999976e-14
9.065856999999999434e-14
1.023363000000000059e-13
2.003375000000000034e-13
9.951849999999999393e-14
2.876906000000000020e-13
2.821090999999999818e-13
1.590725000000000020e-13
1.853000000000000031e-13
1.547373000000000115e-13
2.048353000000000016e-14
5.622132000000000141e-14
3.161941000000000077e-14
1.547101999999999871e-14
5.665482999999999847e-14
5.299163999999999694e-13
3.454562999999999964e-14
3.194455000000000195e-14
1.434930999999999997e-13
2.660691000000000067e-14
2.731136999999999871e-14
6.771756000000000332e-13
2.378906999999999905e-14
3.657771999999999910e-15
1.086493999999999941e-14
3.896205000000000209e-14
4.673549000000000244e-13
2.289494999999999942e-14
3.386826000000000260e-14
3.315838000000000093e-13
4.570860999999999944e-14
5.336283000000000477e-13
1.167236000000000096e-12
5.635679000000000280e-15
9.938302999999999885e-14
1.222346000000000050e-12
5.933448999999999752e-13
2.390556999999999847e-13
1.709670000000000126e-13
1.977906999999999897e-14
1.181595999999999946e-13
7.277611999999999818e-14
3.074424999999999797e-13
2.230428000000000026e-13
1.458503000000000010e-13
2.013670999999999963e-13
3.072529000000000115e-14
6.499997000000000611e-14
3.682428000000000049e-13
4.741556999999999751e-14
5.370151999999999860e-14
2.706752000000000009e-14
7.678612999999999646e-14
5.177779999999999976e-13
3.459711000000000181e-13
1.926698000000000117e-13
2.481866000000000006e-14
9.523756000000000369e-14
2.327426999999999944e-14
1.923717000000000016e-14
7.640137999999999650e-13
1.812628999999999975e-14
1.021466999999999998e-14
1.516213999999999894e-13
4.595516999999999673e-13
1.887139999999999974e-13
1.965985000000000079e-13
4.505834000000000160e-14
2.232866999999999890e-13
7.268942000000000472e-13
2.743329000000000114e-13
4.270110999999999939e-13
1.170135000000000042e-12
3.373278999999999868e-13
7.377861999999999820e-14
1.520819999999999875e-13
1.168320000000000115e-13
1.706960000000000032e-15
7.396829000000000114e-15
5.855145000000000443e-14
9.875985000000000201e-14
1.027699000000000057e-13
1.214651000000000102e-13
8.561896999999999505e-15
5.714252999999999572e-14
4.386887999999999856e-13
1.285910000000000071e-13
5.879530000000000305e-15
1.215463999999999889e-13
2.245601000000000117e-13
4.719881000000000303e-14
2.825967999999999854e-14
1.783638000000000068e-13
5.371235999999999955e-13
3.088786000000000173e-14
2.933532999999999936e-13
1.547101999999999934e-13
7.277611999999999818e-14
2.406001000000000120e-13
1.063409000000000038e-12
1.057231999999999947e-13
1.995517999999999969e-13
1.539245000000000122e-13
2.943287999999999827e-13
1.270195000000000123e-13
7.258917000000000219e-13
1.300540999999999926e-14
2.633595999999999969e-14
1.571216000000000057e-13
8.160897000000000128e-14
2.412503999999999855e-13
1.888764999999999980e-13
3.301207000000000112e-13
2.161607999999999921e-13
9.401829999999999973e-15
1.092997000000000023e-13
3.216129999999999822e-14
3.562941000000000085e-14
7.739846000000000300e-13
4.251143999999999960e-14
9.366878000000000631e-13
7.662084999999999658e-13
1.571757999999999915e-13
5.386408999999999919e-14
5.329510000000000254e-14
9.618587000000000352e-14
4.297205000000000217e-14
5.844307000000000403e-14
1.145890999999999928e-11
2.557731000000000146e-14
2.714609000000000010e-13
1.719153000000000016e-13
6.394328000000000274e-15
5.252019000000000100e-13
3.399018999999999817e-13
9.778444999999999487e-14
7.362960000000000162e-13
3.849330999999999787e-13
3.137555999999999899e-14
1.417047999999999987e-14
1.525155999999999999e-13
1.443058999999999991e-13
7.730091999999999471e-14
8.318044999999999659e-15
2.002292000000000075e-14
3.464587999999999838e-13
2.266735000000000085e-13
3.050039999999999997e-13
1.170757999999999907e-13
1.788244000000000112e-14
2.397601999999999945e-13
1.743808999999999997e-13
1.904750999999999857e-14
3.636096999999999809e-14
9.713688999999999001e-13
1.044063999999999983e-12
3.779698000000000148e-14
7.949559000000000085e-14
3.061691000000000075e-14
6.955185999999999733e-14
5.104353999999999638e-13
3.880218999999999826e-13
4.833677999999999813e-14
5.635679000000000280e-15
7.058146000000000286e-14
8.101287999999999912e-15
1.056690000000000058e-14
2.061900000000000155e-14
8.372234999999999855e-15
2.207939999999999980e-13
9.266357000000000700e-15
2.102541999999999888e-13
8.217794999999999973e-14
1.787160000000000081e-13
2.959272999999999885e-13
2.348289999999999983e-13
4.237596999999999821e-14
5.887659000000000560e-14
1.110879000000000001e-15
3.793244999999999972e-15
2.541474000000000087e-14
1.774696999999999973e-14
1.774696999999999973e-14
4.215649999999999813e-13
5.744057000000000401e-14
1.788244000000000049e-13
9.848890999999999922e-14
8.534802000000000038e-14
4.520464999999999762e-13
4.167151000000000017e-14
1.268570000000000117e-13
2.243434000000000001e-13
1.132825999999999968e-13
2.610295000000000138e-13
3.016443000000000236e-13
7.768024999999999608e-14
1.937807000000000085e-13
1.291057999999999910e-13
1.063869999999999989e-12
8.594410000000000433e-14
5.654644999999999807e-14
1.567151999999999935e-13
5.351185999999999702e-14
4.904124000000000248e-14
3.066297000000000056e-13
7.261355999999999263e-15
9.754060000000000571e-15
5.424341000000000237e-14
4.503124000000000240e-14
1.224297000000000029e-12
1.361775000000000021e-13
3.388723000000000140e-13
5.247412999999999867e-13
1.273662999999999962e-12
1.075656000000000059e-14
6.990409000000000109e-15
2.134784000000000004e-13
1.598582000000000084e-13
1.656563999999999897e-13
2.098207000000000088e-13
2.332845999999999963e-14
6.250727000000000251e-14
4.261981999999999999e-14
1.610504000000000091e-13
1.852458999999999993e-13
1.866818999999999856e-14
4.654853999999999888e-14
2.113379999999999927e-13
4.087222000000000070e-13
1.436013999999999893e-13
4.167151000000000017e-14
1.655481000000000128e-14
5.278029999999999978e-14
2.644162999999999827e-13
4.210501999999999723e-14
2.025863999999999899e-13
8.827424000000000555e-14
3.569173000000000144e-13
2.755522000000000050e-14
2.156731000000000138e-14
1.783638000000000068e-13
5.348747000000000089e-13
1.116297999999999981e-14
1.417048000000000113e-13
6.042097999999999676e-15
1.767110000000000081e-13
4.065004000000000134e-13
3.606293000000000242e-14
2.075176000000000113e-13
8.022713999999999988e-14
3.728217999999999872e-14
4.266045999999999996e-13
4.421839999999999766e-14
9.889532999999999529e-14
7.423923000000000392e-15
1.055334999999999940e-13
1.205709999999999943e-14
1.081075000000000016e-13
2.373488000000000074e-13
6.448516999999999862e-15
2.484575999999999926e-14
4.524799999999999688e-14
3.263545999999999976e-13
2.509774000000000207e-13
7.535010999999999487e-14
1.728094000000000048e-13
1.500500000000000018e-13
1.967610999999999905e-13
8.318044999999999975e-14
7.667774999999999606e-14
1.395372000000000066e-14
1.325197000000000033e-13
3.955813000000000131e-15
8.055228000000000106e-14
1.005209999999999940e-14
1.837014999999999973e-14
2.004188000000000073e-13
1.082213000000000005e-12
9.713959999999999939e-13
6.779071000000000539e-14
1.171841999999999875e-13
1.976823000000000118e-13
3.782408000000000068e-14
4.180698000000000156e-14
5.727801000000000162e-14
8.147348999999999538e-14
2.392454000000000044e-14
1.205709999999999943e-14
1.854083999999999999e-13
1.894183999999999999e-13
2.995850999999999873e-13
1.821300000000000024e-13
1.635973000000000112e-13
1.105189000000000013e-13
1.999310999999999911e-13
5.730509999999999631e-14
1.509169999999999869e-14
3.802729000000000123e-13
2.117714999999999979e-13
1.950269999999999878e-13
3.912462000000000015e-13
1.244454999999999921e-13
6.605665999999999371e-14
1.308670000000000023e-14
8.664855999999999606e-14
3.793244999999999972e-15
2.014484000000000002e-13
1.967068999999999858e-14
1.273852999999999984e-12
1.102641999999999978e-12
1.735681000000000003e-13
1.484785000000000069e-13
4.031677999999999797e-14
6.138825999999999918e-13
9.214876999999999793e-14
2.682366000000000010e-14
5.936428999999999655e-14
6.007958999999999805e-13
1.387243999999999946e-14
5.397246000000000139e-14
3.809773000000000149e-13
2.546893000000000106e-15
5.771152000000000342e-15
1.256919000000000039e-13
5.085658000000000093e-14
1.162358999999999922e-14
6.586699999999999843e-14
9.984363999999999511e-14
6.676111999999999806e-14
1.706878999999999921e-12
2.099832000000000157e-14
3.478948000000000142e-14
3.994828999999999880e-13
2.135055000000000059e-14
8.312625999999999955e-14
3.833886999999999893e-14
7.478112000000000768e-15
2.688869000000000061e-13
1.943766999999999890e-13
2.240182000000000097e-13
8.770524999999999628e-14
3.489515000000000000e-13
1.205709999999999943e-14
2.381887000000000249e-13
7.152977000000000269e-14
1.392662999999999966e-14
4.974570000000000052e-14
2.243434000000000001e-14
1.449561999999999978e-13
2.132075000000000031e-13
4.944765999999999854e-14
2.538764999999999987e-14
3.746101000000000135e-13
1.590725000000000020e-13
2.996664000000000165e-13
5.093787000000000033e-15
1.810191000000000056e-13
5.744599000000000007e-13
2.297622999999999872e-13
1.270195000000000123e-13
1.518653000000000012e-13
4.243015999999999840e-14
2.120153000000000023e-13
2.816485000000000090e-13
3.669694000000000075e-13
8.702246999999999886e-13
4.232449000000000235e-13
2.896414000000000289e-14
7.036470000000000208e-14
1.932658999999999995e-13
2.052958999999999997e-13
3.896205000000000209e-14
8.081779999999999517e-13
7.397912000000000073e-13
1.468798999999999940e-13
2.011775000000000028e-13
3.581907000000000244e-14
4.497705000000000378e-15
5.066691999999999935e-14
5.700706000000000064e-14
4.397184000000000037e-13
4.958313999999999971e-15
2.132075000000000031e-13
2.330136000000000044e-14
3.210710999999999803e-14
8.686531999999999685e-14
1.164526000000000101e-13
4.985407999999999713e-13
5.573360999999999964e-14
6.573423000000000192e-13
5.199456000000000054e-14
1.747601999999999938e-13
2.080865999999999999e-14
3.239432000000000105e-13
1.971675000000000027e-13
2.552582999999999929e-13
2.725717999999999852e-14
1.681491999999999879e-13
6.711334999999999392e-14
1.389954000000000024e-14
1.381825000000000022e-13
2.256710000000000085e-13
1.464735000000000069e-13
1.024717999999999956e-13
1.180648000000000080e-12
2.113379999999999927e-13
2.256981000000000140e-14
9.428924000000000251e-15
3.422048999999999846e-14
2.238285999999999910e-13
6.938929999999999999e-13
8.729883000000000022e-14
7.629841999999999469e-14
6.798037999999999886e-14
1.358795000000000119e-13
4.424549999999999686e-14
9.163397000000000148e-14
4.193432999999999950e-13
4.660272999999999907e-14
2.408439999999999984e-13
8.859937999999999726e-15
7.423923000000000392e-15
1.761150000000000150e-14
9.130883999999999850e-14
1.479365999999999987e-14
3.749080999999999785e-13
1.724842999999999964e-13
9.447890999999999915e-14
1.964901000000000111e-13
2.029114999999999983e-13
2.789119000000000063e-13
1.283472000000000027e-13
2.663399999999999852e-14
7.336136999999999561e-13
3.435596999999999805e-14
7.467274999999999602e-14
2.449353000000000024e-14
7.190910000000000406e-14
2.419549000000000142e-14
3.139182000000000103e-13
2.576696999999999989e-14
4.630468999999999709e-14
8.412875999999999957e-14
1.668485999999999904e-13
1.853270999999999897e-14
1.517297999999999989e-14
1.737035000000000080e-13
1.083784000000000021e-14
1.188856999999999929e-12
6.811584999999999394e-14
2.113380000000000037e-15
8.529383000000000018e-14
1.794476000000000108e-13
9.781153999999999272e-15
2.615443000000000228e-13
3.070631999999999855e-13
6.004166000000000621e-14
2.065422000000000042e-13
2.947893999999999934e-14
1.161816999999999875e-13
6.860354999999999751e-14
3.151102999999999786e-13
2.414129999999999933e-13
2.674237999999999891e-14
1.542766999999999882e-13
2.890995000000000269e-14
1.683929999999999924e-13
3.275738000000000218e-14
3.256772000000000060e-14
2.222300000000000032e-13
2.143183999999999999e-14
1.114942999999999958e-13
4.451643999999999964e-14
1.251365000000000091e-12
1.363672000000000028e-13
4.546475999999999766e-14
2.080865999999999999e-14
1.139328000000000010e-13
1.815881000000000005e-13
8.933093000000000577e-14
2.928114999999999989e-13
2.527655999999999766e-13
1.511797999999999936e-12
7.369734000000000016e-15
1.538974000000000067e-14
7.786991000000000398e-14
2.572091000000000071e-13
1.658189999999999912e-14
4.302624000000000236e-14
8.057936999999999575e-14
3.056272000000000056e-14
5.534615999999999608e-13
7.959854999999999509e-13
6.735720000000000202e-14
3.159231999999999977e-14
2.319840999999999808e-13
1.678239999999999976e-13
1.742995999999999957e-13
3.018339999999999738e-14
3.427467999999999866e-14
8.377654000000000191e-14
1.033658999999999988e-13
9.710707999999999783e-14
1.818860999999999907e-13
5.402665000000000158e-14
1.960294999999999878e-13
1.354730999999999964e-14
3.443724999999999925e-14
9.380154000000000210e-14
1.179970000000000121e-13
7.101497000000000623e-14
1.797213000000000089e-12
2.972821000000000223e-13
6.315753999999999404e-14
1.184847000000000030e-13
4.822840999999999909e-15
6.963315000000000304e-14
7.136720000000000210e-14
1.195685000000000069e-13
7.990200999999999691e-14
2.387848000000000126e-13
4.822840999999999909e-15
1.891204000000000034e-14
1.579615999999999989e-14
2.270527999999999963e-14
2.498123000000000065e-14
2.042933999999999997e-14
5.394537000000000039e-13
6.383490000000000550e-14
2.159439999999999922e-14
2.107961000000000097e-14
3.468109999999999866e-15
4.440806999999999745e-14
3.397664000000000299e-14
2.111076999999999810e-12
4.706334000000000164e-14
4.234887999999999721e-14
1.801250000000000024e-13
1.696935000000000079e-13
5.921797999999999926e-13
1.417860999999999899e-13
2.618693999999999807e-13
1.011713000000000053e-13
2.859022999999999883e-13
2.252375000000000033e-13
8.816586000000000516e-14
6.556895999999999645e-15
3.260293999999999820e-13
1.174578000000000087e-12
2.522507999999999928e-14
1.926426999999999936e-14
9.854309999999999942e-14
3.774279000000000128e-14
1.238224000000000061e-14
4.838556000000000047e-13
2.605959999999999833e-13
4.668401000000000027e-14
3.652353000000000048e-14
2.249123999999999949e-13
8.750203999999999699e-13
1.845143000000000093e-14
2.370777999999999965e-14
1.050186999999999976e-13
1.325684999999999919e-12
1.686638999999999898e-13
2.869319000000000191e-14
1.134722000000000029e-13
6.903706999999999908e-14
4.118381000000000291e-15
5.819109000000000060e-13
3.427467999999999866e-14
9.637552999999999879e-14
9.320545999999999499e-15
1.165067999999999982e-15
1.929136000000000036e-14
3.357022000000000062e-14
6.044808000000000227e-14
2.622757999999999930e-14
1.246352000000000023e-14
1.528948999999999941e-13
1.693413000000000067e-13
4.527508999999999788e-14
2.937326999999999950e-13
9.374735000000000191e-14
1.821300000000000024e-13
3.657771999999999910e-15
5.107334000000000298e-13
6.107125000000000092e-14
2.319299000000000140e-14
1.346331000000000001e-13
1.328178000000000008e-13
1.888494000000000114e-14
9.602330000000000293e-14
1.612128999999999971e-14
5.394537000000000039e-14
1.750854000000000094e-13
4.484158000000000082e-14
4.627758999999999789e-14
4.633177999999999809e-14
5.987909000000000089e-15
4.226759000000000255e-15
6.516795999999999771e-13
1.530304000000000090e-13
1.585035000000000008e-14
1.373696999999999965e-14
1.032847000000000022e-13
8.320755000000000526e-14
1.777406000000000010e-13
4.947475999999999774e-14
3.237805999999999901e-14
3.481657000000000116e-13
4.657563999999999807e-14
1.567151999999999935e-13
3.235095999999999981e-14
8.009167000000000480e-14
7.830341999999999788e-15
2.661287000000000149e-12
1.778489999999999978e-13
2.400581999999999848e-14
3.185241999999999909e-13
3.663191000000000087e-14
2.578593999999999806e-13
3.441286000000000186e-13
9.231133999999999852e-14
1.812628999999999975e-14
1.082618999999999913e-12
1.581511999999999986e-13
1.721050000000000023e-13
3.267610000000000099e-14
3.137285000000000096e-13
3.531512000000000008e-13
3.934136999999999895e-14
4.425633999999999780e-13
1.591266000000000058e-13
3.243224999999999921e-14
2.212545999999999961e-13
1.525698000000000109e-13
5.283448999999999682e-15
1.071320999999999944e-13
2.536055999999999887e-14
8.762397000000000140e-14
1.481479000000000093e-12
2.140473999999999921e-15
2.201707999999999922e-13
1.260441000000000051e-13
4.186116999999999923e-13
5.584199000000000003e-14
4.658104999999999971e-13
1.723488000000000067e-13
1.145560000000000068e-13
1.508628000000000011e-13
2.399769999999999881e-13
2.221757999999999922e-13
1.874404999999999928e-13
2.810306999999999851e-12
2.068673000000000126e-13
1.407835999999999899e-13
6.177570999999999738e-15
1.810461999999999985e-13
1.373967999999999957e-13
7.992910000000000737e-15
2.704855000000000191e-13
2.106063999999999900e-13
1.278866000000000046e-13
2.194663000000000140e-14
1.711836999999999989e-13
1.671737000000000051e-14
1.180241000000000050e-13
1.423008999999999990e-13
1.494891000000000077e-12
1.032575999999999966e-13
1.423008999999999990e-13
9.198619999999999734e-14
1.333054999999999917e-13
1.173196999999999961e-14
8.155478000000000108e-15
1.441704000000000094e-13
1.703275999999999901e-12
1.793663000000000132e-14
5.494515999999999607e-13
8.071484000000000345e-14
8.361397000000000132e-14
7.342639000000000233e-14
7.361605999999999581e-14
7.451018000000000490e-15
1.223322000000000025e-13
9.879237000000000104e-13
4.204270999999999989e-13
6.191118000000000035e-14
2.667734999999999840e-13
4.411003000000000178e-14
4.431052999999999799e-13
3.290910999999999931e-13
1.592620999999999955e-13
4.914962000000000287e-14
1.489661999999999979e-13
2.094413000000000138e-14
9.754060000000000571e-15
3.462691000000000083e-14
1.073217999999999951e-13
7.310125999999999935e-14
8.599829000000000453e-14
3.793516000000000090e-13
1.126594000000000036e-13
1.233076000000000097e-13
2.247769000000000052e-13
1.046664999999999963e-13
1.661711999999999988e-13
1.471237000000000047e-14
7.877487000000000076e-13
3.917881000000000287e-14
2.492704000000000125e-15
5.914752999999999576e-14
1.043142000000000004e-13
6.164023999999999757e-14
5.099206000000000052e-14
3.429364999999999999e-13
9.036052999999999867e-14
4.177989000000000056e-14
1.317069000000000040e-13
3.056272000000000056e-14
9.092950999999999712e-14
9.781153999999999272e-15
2.351812000000000122e-14
5.797976000000000416e-13
1.330344999999999966e-14
1.475030999999999998e-13
1.677156000000000071e-14
1.938076999999999942e-13
1.060483000000000031e-13
2.476446999999999987e-14
3.904332999999999697e-14
1.975196999999999977e-14
1.441432999999999849e-14
1.861400000000000152e-14
2.251562000000000120e-14
3.489786000000000181e-14
5.833470000000000184e-14
1.354730999999999964e-14
6.153185999999999718e-14
1.564172000000000032e-13
6.882030999999999829e-14
1.773070999999999958e-13
7.288449999999999541e-15
7.068984000000000325e-14
1.129031999999999955e-13
9.187781999999999695e-14
1.402688000000000061e-13
4.740744000000000343e-13
1.953520999999999899e-14
5.684449000000000005e-14
3.413920999999999727e-14
2.708648000000000133e-13
5.932906999999999894e-13
2.930281999999999852e-13
3.755312999999999970e-14
9.130883999999999850e-15
8.331593000000000565e-14
4.233803999999999879e-13
1.189453000000000042e-14
1.945393000000000095e-14
1.119819999999999993e-13
1.631095999999999950e-13
4.019756000000000043e-13
3.231302999999999787e-13
1.013636000000000024e-12
2.604333999999999755e-13
8.461917999999999810e-13
4.234888000000000100e-13
2.928926999999999956e-14
3.592745000000000283e-14
1.268298999999999936e-13
2.219049000000000138e-14
3.007502000000000094e-15
2.199810999999999915e-13
3.609001999999999711e-14
2.015838999999999899e-13
1.292954999999999917e-13
2.671529000000000107e-14
3.291995000000000277e-14
2.010419999999999879e-14
1.152767000000000030e-12
2.075446999999999979e-14
6.443097999999999684e-14
1.704251000000000106e-13
4.137346999999999819e-14
2.010419999999999879e-14
4.516672000000000199e-14
3.961231999999999993e-14
6.204665999999999836e-15
4.397455000000000219e-14
4.016504999999999959e-13
3.058982000000000102e-13
3.323966999999999906e-13
3.359731999999999981e-14
4.497705000000000378e-15
1.335492999999999962e-13
4.169860999999999937e-14
4.453541000000000097e-13
5.855145000000000443e-14
2.324717999999999844e-14
1.716985000000000080e-13
6.524652999999999583e-13
3.739056000000000384e-15
6.369942999999999780e-14
2.044559000000000002e-13
1.271550000000000019e-13
2.511669999999999889e-14
7.367024999999999600e-14
2.599457000000000098e-13
7.915418999999999636e-13
3.283867000000000158e-14
1.132013000000000056e-13
2.280823999999999955e-13
3.797581000000000033e-13
1.866818999999999856e-14
9.672776000000000097e-15
4.877030000000000286e-15
2.565860000000000085e-14
7.781572000000000378e-14
2.170007000000000096e-13
9.618586999999999721e-15
1.041245999999999944e-13
3.955813000000000131e-15
5.662773999999999747e-14
1.347685999999999898e-13
1.801792000000000071e-14
2.094413000000000138e-14
3.774279000000000128e-14
3.043537999999999829e-13
1.387243999999999946e-14
3.263545999999999976e-13
1.565824999999999944e-12
1.698832000000000149e-14
4.366295999999999998e-13
1.803688000000000069e-13
4.660815000000000270e-13
2.620049000000000146e-14
2.853874999999999792e-13
4.603645000000000424e-13
1.755731000000000130e-14
3.170881999999999857e-13
5.077529999999999974e-14
1.538432000000000083e-13
2.416296999999999796e-13
8.813876999999999785e-14
8.109417000000000482e-14
1.812628999999999975e-14
7.559395999999999665e-15
5.226549999999999702e-14
1.720236999999999983e-13
4.578989000000000064e-14
9.130883999999999850e-15
1.254210000000000065e-13
6.298413000000000135e-13
1.881450000000000026e-13
3.357022000000000062e-14
2.880157000000000230e-14
1.421654000000000093e-13
7.559396000000000296e-14
4.515046000000000247e-13
2.513296000000000219e-13
3.432886999999999885e-14
5.497225000000000338e-13
4.638596999999999829e-14
1.295122000000000032e-13
2.110669999999999881e-14
2.500833000000000174e-13
1.939974000000000075e-14
1.786564000000000101e-12
1.942683999999999995e-14
1.471237000000000047e-14
1.808564999999999978e-13
1.348770000000000118e-13
4.784908000000000088e-14
1.231179000000000090e-13
7.979362999999999651e-14
8.377654000000000191e-14
9.065856999999999434e-14
1.062109000000000078e-14
3.489785999999999929e-13
2.904270999999999975e-13
8.654018999999999387e-14
9.663292999999999828e-13
5.378009000000000051e-13
1.438724000000000065e-14
9.342764000000000760e-13
1.437369000000000042e-13
2.628177000000000202e-13
2.993953999999999740e-14
6.231760000000000114e-15
1.051271000000000039e-14
3.847705999999999781e-13
1.617819000000000046e-13
1.356626999999999930e-13
5.906625000000000088e-14
3.679448000000000146e-14
7.759896000000000300e-14
5.638387999999999749e-14
1.651416000000000059e-13
1.420570000000000126e-13
1.432763000000000062e-13
1.121717000000000000e-14
1.547914999999999973e-13
5.009793000000000270e-14
1.100040999999999922e-14
2.717588999999999912e-14
1.861400000000000152e-14
3.031886999999999877e-14
3.573779000000000124e-14
2.292474999999999781e-13
1.448234000000000067e-12
1.509169999999999869e-14
2.289494999999999942e-14
2.924320999999999975e-13
7.995618999999999890e-14
9.204851999999999035e-13
5.093787000000000033e-15
1.335763999999999986e-14
3.120486000000000180e-13
5.283448999999999998e-14
8.439428999999999945e-13
4.031677999999999797e-14
7.776152999999999412e-15
1.538378000000000011e-12
4.135992000000000175e-13
3.392245000000000279e-14
2.514380000000000124e-14
1.897707000000000085e-13
1.756814999999999972e-13
1.329261999999999976e-13
1.235785000000000070e-13
6.800746999999999671e-15
6.448516999999999862e-15
1.549812000000000106e-14
3.684867000000000166e-14
1.793120999999999958e-13
1.242016999999999876e-13
9.350349999999999381e-14
3.868838999999999929e-13
4.226759000000000255e-15
2.541474000000000087e-14
2.950603000000000085e-12
1.348498999999999937e-13
2.766360000000000089e-14
5.597746000000000143e-14
1.042872000000000022e-13
1.378845000000000119e-13
3.574863000000000092e-13
3.088786000000000173e-14
4.352749000000000237e-13
1.038536000000000024e-13
3.077948000000000134e-14
3.752603999999999870e-14
1.687994000000000110e-14
1.170757999999999907e-13
9.680904000000000216e-14
3.192557999999999936e-13
2.563149999999999850e-14
3.928717999999999876e-14
1.826176999999999934e-14
3.386283999999999771e-13
2.208211000000000099e-14
1.185660000000000069e-13
2.925405000000000195e-13
1.877656000000000012e-13
1.435472000000000035e-13
1.171570999999999946e-13
1.333055000000000044e-14
3.484367000000000162e-14
2.061629000000000100e-13
1.094622000000000060e-14
2.198185999999999909e-13
1.888223000000000122e-13
3.034595999999999977e-14
1.150166000000000049e-13
5.926946000000000017e-13
3.500624000000000221e-14
1.268027999999999944e-14
8.358686999999999581e-14
1.954063000000000072e-13
3.441015999999999825e-14
5.603165000000000162e-14
2.755522000000000050e-14
1.636514000000000149e-14
1.230094999999999964e-14
2.384326000000000161e-15
1.522716999999999882e-13
2.273237999999999883e-14
7.326383000000000247e-13
1.050863999999999913e-12
1.412170999999999951e-13
3.178198000000000136e-14
8.028133000000000008e-14
4.852644999999999792e-14
3.093663000000000083e-13
1.504022000000000031e-13
4.118381000000000291e-15
3.682158000000000066e-14
2.980406999999999995e-15
5.649225999999999788e-14
4.321589999999999764e-14
1.493454999999999920e-13
3.270319000000000199e-14
1.327635999999999945e-15
1.592891999999999883e-13
2.663941999999999899e-13
1.761150000000000150e-14
4.118381000000000291e-15
1.877656000000000075e-14
8.732593000000000573e-14
2.335555000000000063e-14
1.314629999999999923e-13
5.950247000000000101e-13
5.516463000000000119e-14
8.721212999999999666e-13
1.189453000000000042e-14
5.386408999999999919e-14
1.419216000000000049e-13
1.365568000000000026e-14
1.872237999999999875e-14
7.070609999999999899e-13
2.406000999999999867e-14
1.053167999999999951e-13
4.985408000000000249e-15
1.062109000000000078e-14
4.814712000000000285e-14
4.419131000000000297e-14
1.445497000000000035e-13
1.023905000000000043e-13
2.076801999999999939e-13
9.415376999999999797e-14
1.016319000000000034e-13
7.933302000000000026e-14
1.091912999999999960e-14
9.022505000000000539e-14
7.663169000000000383e-13
2.503812999999999825e-13
2.186535000000000020e-14
2.720299000000000148e-14
3.581907000000000244e-14
3.363795999999999978e-13
3.071445000000000147e-13
1.000875000000000014e-13
5.364733000000000156e-15
1.619986999999999982e-13
3.375988000000000220e-14
1.240933000000000003e-14
4.524799999999999688e-15
7.366483000000000248e-13
7.979362999999999651e-14
1.126864999999999965e-13
1.884158999999999999e-13
1.042330000000000038e-13
5.722382000000000143e-14
8.169024999999999616e-14
5.882510999999999712e-13
2.483220999999999966e-13
2.357231000000000063e-15
2.923507999999999936e-14
1.663608999999999932e-14
9.491242000000000252e-14
1.809919999999999875e-14
6.522756000000000080e-13
4.018131000000000289e-14
2.796163999999999971e-14
2.481865999999999817e-13
6.784490000000000558e-14
1.655481000000000128e-14
7.879112999999999649e-14
1.492913000000000126e-14
2.520069999999999883e-13
1.844058999999999999e-13
6.172152000000000255e-13
2.622757999999999930e-14
1.081075000000000079e-14
7.480822000000000373e-14
1.987660999999999905e-13
1.824822000000000037e-13
5.296996000000000137e-14
2.904541999999999777e-14
6.827841999999999769e-15
1.140141000000000049e-13
1.445497000000000035e-13
2.387035000000000024e-14
1.948101999999999879e-14
3.454021000000000232e-13
4.340556999999999743e-14
3.709251999999999713e-14
7.749059000000000712e-15
6.177570999999999738e-15
1.080261999999999977e-13
2.049978000000000022e-13
1.454981000000000124e-14
1.235513999999999984e-14
3.156522000000000058e-14
1.274801000000000103e-13
2.178948999999999948e-13
1.173196999999999961e-14
9.382863999999999499e-14
1.016047999999999979e-14
2.143183999999999999e-14
1.246352000000000023e-14
1.284285000000000002e-14
7.058146000000000286e-14
1.939974000000000075e-14
2.060544999999999880e-13
1.203001000000000001e-14
2.129636000000000040e-14
7.960937999999999657e-13
1.230094999999999964e-14
1.065902000000000051e-13
7.830341999999999788e-15
1.918297999999999997e-14
4.438096999999999825e-14
1.376676999999999931e-13
1.983325000000000033e-13
5.175070999999999718e-15
1.146102000000000021e-14
3.597893000000000248e-13
7.892660000000000420e-14
6.838679999999999492e-14
1.614297000000000033e-13
1.768519000000000050e-12
1.671737000000000051e-14
1.487223000000000114e-13
3.709251999999999713e-14
3.382761999999999758e-13
3.232386999999999881e-14
3.056272000000000056e-14
3.267610000000000099e-14
1.999853000000000021e-13
1.715088999999999893e-14
3.524466999999999910e-13
4.481448999999999982e-14
2.354522000000000042e-14
4.606083999999999965e-16
3.373279000000000120e-14
2.160794999999999882e-13
7.616294999999999961e-14
1.556856000000000005e-13
1.398353000000000009e-13
2.523591999999999896e-13
2.152938000000000070e-13
4.010001999999999719e-15
1.419160999999999955e-12
3.988327000000000218e-13
2.194662999999999903e-15
1.082700999999999967e-13
1.240933000000000003e-14
1.589098999999999942e-13
1.383179999999999918e-13
1.658460999999999904e-13
7.778862999999999648e-14
2.872029000000000111e-14
8.236762000000000583e-15
7.662355999999999587e-14
8.681112999999999665e-14
2.310356999999999846e-13
7.980988000000000162e-13
4.676529999999999966e-14
4.402874000000000238e-14
4.739361999999999652e-12
1.192433999999999986e-13
1.205709999999999943e-14
1.524342999999999960e-13
3.565651000000000005e-14
2.178406999999999901e-14
5.202164999999999996e-15
1.485326999999999927e-13
8.234052000000000032e-14
1.438995000000000120e-13
5.058563999999999815e-14
5.250123000000000166e-13
1.011441999999999998e-13
3.142975000000000045e-13
8.881612999999999669e-14
1.343892999999999925e-14
8.236762000000000583e-15
2.904270999999999975e-13
1.032305000000000038e-14
4.283658000000000078e-14
3.692995000000000285e-14
7.973943999999999632e-14
4.362232000000000317e-15
7.234260999999999481e-14
9.816376999999999805e-14
1.251771000000000042e-14
1.506459999999999949e-14
3.977489000000000052e-14
4.335137999999999723e-14
8.182572000000000386e-14
7.036470000000000208e-14
3.636096999999999809e-14
8.570024999999999624e-14
9.886823000000000240e-14
6.943807000000000161e-13
1.915588999999999897e-13
1.412170999999999951e-13
7.868274999999999610e-14
4.570860999999999944e-14
1.163172000000000024e-13
1.278865999999999983e-14
2.581844999999999890e-13
3.618756000000000035e-13
5.742161000000000214e-13
1.105459999999999941e-14
2.872299999999999787e-13
3.459981999999999983e-14
2.521153000000000031e-13
2.658522999999999879e-13
2.029385999999999912e-13
2.520883000000000175e-13
1.184034000000000023e-14
2.278657000000000092e-13
5.329510000000000254e-14
4.298831000000000042e-13
2.121507999999999920e-14
5.632968999999999729e-14
2.553938000000000078e-13
2.954124999999999794e-13
3.235095999999999981e-14
6.220922999999999422e-14
1.493942999999999908e-12
7.632552000000000020e-14
8.480612999999999661e-14
2.828676999999999954e-14
4.951539999999999518e-13
6.044808000000000227e-14
1.417047999999999987e-14
3.465401000000000003e-14
1.314089000000000043e-14
5.651935999999999708e-14
1.419758000000000064e-14
5.687159000000000556e-14
5.158813999999999817e-14
1.098416000000000042e-13
2.007711000000000095e-14
9.808248999999999370e-15
3.294705000000000197e-14
1.500769999999999875e-13
6.627341999999999449e-14
4.172841000000000092e-13
3.549393999999999946e-14
6.746558000000000083e-15
1.991454000000000036e-14
1.040432999999999999e-14
3.117235000000000096e-13
2.636305999999999889e-14
5.012503000000000347e-15
4.196954999999999962e-13
2.357231000000000063e-15
1.625676999999999969e-15
4.728008999999999791e-14
2.194662999999999903e-15
7.860146000000000302e-14
2.687513999999999912e-13
5.774673999999999755e-13
1.071863000000000054e-13
4.717172000000000203e-14
3.240515000000000001e-14
2.252916999999999891e-13
2.460733000000000174e-13
8.556478000000000116e-14
4.774070000000000048e-14
2.628176999999999950e-14
3.758022000000000070e-14
3.349706999999999855e-13
4.394746000000000119e-14
9.512918000000000330e-14
1.943225000000000033e-13
6.283240000000000549e-14
2.088994000000000118e-14
1.083784000000000021e-14
3.739056000000000384e-15
4.724487000000000284e-13
8.914127000000000102e-15
4.885158000000000089e-14
6.882031000000000145e-15
1.532470999999999953e-13
3.189036000000000175e-14
1.221695999999999947e-13
6.730301000000000182e-14
4.202103000000000053e-13
2.695913999999999969e-14
8.120797000000000379e-13
3.224258999999999762e-14
5.093787000000000033e-15
3.172779000000000117e-14
2.717318000000000236e-13
3.500624000000000221e-14
4.476029999999999962e-14
1.965985000000000079e-13
3.991036000000000191e-14
1.013338000000000059e-14
2.980678000000000035e-13
2.985826000000000252e-14
2.508960999999999915e-13
1.941870999999999956e-13
2.148603000000000018e-13
2.021257999999999918e-14
3.346184000000000022e-14
2.103626000000000108e-13
9.754060000000000571e-15
4.985408000000000249e-15
5.058563999999999815e-14
3.682158000000000066e-14
1.295122000000000032e-13
2.373487999999999885e-14
1.482616999999999881e-13
1.939973999999999949e-13
1.670925000000000022e-13
3.646934999999999848e-14
5.229260000000000095e-15
1.084055000000000044e-13
9.271775999999999458e-14
7.307415999999999385e-14
1.906106000000000007e-13
3.256772000000000060e-14
1.338474000000000063e-14
2.086013999999999900e-13
2.805917999999999980e-13
3.205291999999999783e-14
3.400914999999999752e-13
3.981553000000000049e-13
4.985408000000000249e-15
1.119006999999999923e-14
3.427467999999999866e-14
2.267818999999999863e-14
6.269692999999999778e-14
1.044225999999999972e-13
5.991430999999999818e-13
1.996873000000000055e-14
6.263190000000000296e-13
2.184097000000000039e-13
1.484216000000000024e-12
2.763920999999999972e-13
1.648164999999999975e-13
2.457481000000000144e-14
1.681220999999999951e-13
1.392662999999999966e-14
3.603583000000000322e-15
6.876611999999999810e-14
4.280136000000000191e-13
4.668401000000000153e-13
2.958731000000000154e-14
6.399747000000000609e-14
1.279407000000000084e-13
5.075091000000000109e-13
3.609001999999999711e-14
1.009816000000000046e-13
1.457148000000000114e-13
2.585638999999999904e-13
1.289703000000000044e-14
1.923717000000000174e-15
4.936637999999999735e-14
1.991454000000000036e-14
7.918941999999999721e-13
1.786076999999999933e-13
7.234261000000000743e-15
2.939764999999999995e-14
4.606084000000000162e-15
6.502706000000000080e-14
2.124217000000000020e-14
4.232991000000000093e-13
9.989782999999999530e-14
1.552520999999999891e-14
1.151520999999999946e-13
9.735092999999999583e-13
5.432468999999999725e-14
1.427073000000000113e-13
1.739474000000000071e-14
6.340138999999999898e-15
9.063147000000000146e-14
5.478529999999999982e-14
5.004375000000000070e-14
1.750311999999999984e-13
6.762815000000000300e-14
2.802665999999999823e-13
1.908001999999999941e-13
1.678510999999999905e-13
2.770424000000000212e-13
1.861400000000000152e-14
3.557522000000000066e-14
4.287640999999999865e-12
2.448269000000000056e-13
7.158396000000000288e-14
1.092455000000000039e-13
9.754060000000000571e-15
2.924862999999999833e-13
2.924862999999999833e-13
1.335763999999999986e-14
1.382366999999999879e-13
3.619839999999999750e-14
5.494786999999999536e-13
3.432886999999999885e-14
7.553977000000000276e-14
3.046517999999999984e-13
1.116297999999999981e-14
1.059399000000000000e-14
2.101457999999999920e-13
1.273988999999999884e-13
4.148184999999999858e-14
3.291995000000000151e-13
7.266773999999999778e-14
5.615629000000000406e-13
9.889532999999999529e-14
8.014586000000000500e-14
5.150684999999999878e-14
3.761273999999999973e-13
2.759857000000000102e-13
6.644410999999999727e-13
4.687367999999999848e-15
7.852017999999999551e-14
2.533617000000000149e-13
4.890577000000000109e-14
6.502706000000000041e-16
1.224675999999999944e-14
4.920381000000000307e-14
2.067318999999999860e-14
9.315126999999999795e-14
1.284826000000000103e-13
1.745163999999999893e-13
1.219583000000000055e-12
3.142975000000000045e-13
2.862545999999999968e-13
8.724465000000000453e-15
9.846180999999999372e-14
4.390681999999999870e-13
1.828886000000000034e-14
1.720507999999999912e-14
2.603792000000000087e-14
2.602979000000000111e-13
2.167569000000000051e-13
1.553333999999999993e-13
1.075656000000000059e-14
1.000061999999999975e-13
2.737368000000000236e-13
9.269066000000000169e-14
3.730927999999999791e-14
9.743221999999999901e-14
4.472235999999999948e-13
3.216129999999999822e-14
3.115880000000000057e-15
3.500624000000000221e-14
1.935367999999999968e-13
8.759687999999999409e-14
7.354561000000000493e-13
3.305542000000000101e-15
5.295642000000000186e-13
1.487494000000000106e-14
1.393476000000000100e-13
2.655271999999999890e-15
1.448478000000000010e-13
1.829157000000000089e-13
2.687785000000000030e-14
1.688264999999999976e-13
6.177570999999999738e-15
8.223213999999999992e-14
2.035076000000000112e-13
3.296600999999999879e-13
4.993537000000000031e-14
5.437887999999999745e-14
5.535429000000000278e-14
2.128010999999999908e-13
4.904123999999999775e-15
1.991454000000000036e-14
1.147728000000000004e-13
3.125905000000000199e-13
5.181030999999999555e-13
2.631428999999999853e-13
3.868298000000000144e-13
1.100041000000000048e-13
6.598620999999999778e-13
1.858689999999999916e-14
2.194662999999999903e-15
3.919776999999999969e-13
3.671320000000000027e-14
1.314089000000000043e-14
1.105459999999999941e-14
1.455522000000000036e-13
3.343474999999999923e-14
2.568568999999999869e-14
1.501041000000000056e-13
7.914336000000000498e-14
1.468528000000000011e-13
5.530010000000000258e-14
8.832843000000000575e-14
3.622548999999999850e-14
7.865565000000000322e-14
7.776965999999999641e-13
6.600247000000000613e-14
1.419758000000000064e-14
7.667775000000000237e-15
1.575823000000000110e-13
1.295122000000000064e-14
2.318486000000000164e-13
7.152977000000000269e-15
1.958398000000000124e-13
4.495267000000000176e-13
9.342221999999999893e-14
1.695038999999999892e-13
1.425176999999999926e-14
5.066691999999999935e-15
1.002500999999999997e-14
2.763920999999999972e-13
7.163815000000000308e-14
7.025632000000000168e-14
2.703500000000000042e-13
4.270110999999999939e-14
1.625676999999999969e-15
1.177532000000000076e-13
1.444143000000000085e-14
9.049599999999999375e-15
4.217817999999999749e-13
4.522089999999999768e-14
3.548580999999999781e-13
2.256710000000000085e-13
9.388281999999999699e-14
2.129636000000000040e-14
9.618586999999999721e-15
3.249727999999999782e-13
7.984781999999999671e-14
7.535010999999999487e-14
1.758439999999999914e-14
5.578238000000000126e-13
3.823050000000000305e-14
3.478676999999999961e-13
1.886056000000000006e-13
7.245098999999999520e-14
2.034805000000000057e-14
7.142139000000000229e-14
2.686973000000000127e-13
1.056419000000000035e-13
3.447788999999999921e-13
1.382203999999999994e-12
3.117235000000000096e-13
6.274570000000000193e-13
5.142557000000000137e-13
6.349622000000000104e-13
1.790141000000000056e-13
6.800747000000000617e-14
2.663399999999999852e-14
1.629036000000000007e-12
1.487223000000000114e-13
7.082530999999999833e-14
9.388012000000000852e-13
1.854897000000000038e-13
1.224675999999999944e-14
8.832842999999999628e-15
5.037972000000000336e-13
3.115880000000000057e-15
1.575823000000000110e-13
4.649434999999999868e-14
2.611378999999999853e-13
1.422467000000000006e-14
4.481448999999999982e-14
6.256146000000000270e-14
1.898519000000000051e-13
1.536535000000000076e-13
1.946748000000000118e-13
6.066482999999999728e-13
2.298978000000000021e-13
2.079510999999999912e-13
2.738993999999999810e-13
5.559813999999999825e-14
1.861400000000000152e-14
2.834095999999999973e-14
1.523801000000000102e-13
1.053844999999999939e-12
1.088634000000000064e-12
2.091704000000000038e-14
6.191118000000000035e-14
8.131093000000000561e-14
3.238618999999999814e-13
4.715003999999999889e-13
3.912462000000000015e-13
8.602538999999999742e-14
7.591910000000000414e-14
1.096247999999999980e-13
6.625715999999999876e-13
5.300519000000000348e-13
8.253017999999999559e-14
1.850019999999999876e-13
1.915588999999999897e-13
1.820216000000000057e-13
1.207607000000000077e-13
6.730301000000000182e-14
8.751559000000000731e-15
3.183617000000000156e-14
6.367233000000000492e-14
8.558916000000000161e-13
6.105499000000000014e-13
2.573987999999999810e-15
2.152666999999999889e-13
1.815338999999999895e-13
3.362983000000000191e-13
1.853270999999999960e-13
9.805538999999999261e-13
1.031681000000000075e-12
1.249332000000000083e-13
5.105707999999999715e-13
6.703206999999999904e-14
8.329966999999999982e-13
6.773652999999999590e-16
2.042933999999999997e-14
6.611084999999999390e-14
1.201375000000000018e-13
2.317943999999999801e-13
3.291995000000000277e-14
5.703957000000000148e-13
7.082530999999999833e-14
9.691742000000000255e-14
1.245810000000000070e-13
6.502706000000000080e-14
2.807002000000000200e-13
1.506459999999999949e-14
1.127136000000000020e-13
1.970319999999999878e-13
9.157978000000000128e-15
1.048100999999999918e-12
1.758439999999999914e-14
6.529801000000000336e-15
3.443183000000000193e-13
6.001456000000000070e-14
1.015234999999999940e-13
1.650875000000000021e-13
6.532781000000000333e-13
3.500624000000000221e-14
1.590725000000000020e-13
4.489577000000000101e-14
3.167088999999999916e-13
3.413920999999999884e-15
3.348893999999999942e-14
3.167088999999999916e-13
2.010419999999999879e-14
1.804501000000000108e-13
2.190328000000000025e-13
4.305334000000000156e-14
6.798037999999999886e-14
5.405375000000000078e-14
2.324717999999999844e-14
4.053353999999999876e-14
3.481657000000000116e-13
8.675693999999999646e-14
2.767984999999999842e-13
1.468527999999999948e-14
4.448934999999999864e-14
3.066838999999999914e-13
1.865735000000000077e-13
3.604937999999999841e-13
6.069192999999999774e-14
4.140055999999999919e-14
2.928926999999999956e-14
8.887031999999999689e-14
2.947080999999999769e-13
6.069192999999999774e-14
4.126508999999999780e-14
4.600393999999999835e-13
1.078094999999999987e-13
4.365483999999999779e-13
1.118113000000000085e-12
1.013338000000000059e-14
1.595873000000000048e-14
8.117544999999999971e-14
2.180573999999999954e-13
5.834553000000000332e-13
7.310125999999999935e-14
2.808627000000000206e-13
3.587867999999999995e-13
1.877656000000000075e-14
3.227780999999999775e-13
1.106544000000000036e-13
9.526464999999999838e-14
1.490204000000000026e-14
2.248853000000000099e-15
4.061481999999999995e-14
2.855772000000000052e-14
4.479822999999999904e-13
2.232595999999999961e-13
7.486241000000000392e-14
1.432763000000000062e-13
5.119526999999999982e-13
1.984951000000000111e-13
5.106520999999999502e-13
2.135055000000000059e-14
1.785535000000000012e-14
1.054792999999999957e-13
5.554394999999999806e-15
1.454981000000000124e-14
3.408501999999999707e-14
4.282844999999999912e-13
4.725299999999999692e-14
6.418713000000000137e-14
7.413084999999999406e-14
6.788013000000000391e-13
1.137703000000000004e-13
1.330886999999999981e-13
1.682575000000000091e-14
1.083783999999999902e-15
7.117753999999999420e-14
5.519172000000000219e-14
1.278865999999999983e-14
7.749059000000000712e-15
7.936281999999999928e-13
3.741765999999999831e-13
3.086888999999999914e-13
3.221819999999999897e-13
2.347205999999999763e-13
9.409957999999999777e-14
1.200290999999999924e-14
9.884384999999999185e-13
6.280530999999999818e-14
7.803248000000000457e-14
1.909628000000000019e-13
3.888077000000000089e-14
1.135263999999999982e-14
4.614212000000000282e-14
3.565651000000000005e-14
2.603520999999999969e-13
1.566338999999999895e-13
3.352145000000000152e-13
2.432282999999999926e-13
6.953289999999999546e-13
1.679323999999999944e-13
4.066087999999999850e-13
2.746580999999999765e-13
3.183617000000000156e-14
2.110669999999999881e-14
1.147728000000000004e-13
6.909126000000000243e-15
2.609211000000000107e-14
2.253459000000000001e-13
3.955542000000000171e-13
2.762836999999999752e-13
5.245517000000000311e-14
8.924964999999999826e-14
4.779489000000000068e-14
5.120881000000000311e-14
2.086285000000000018e-14
1.175906000000000061e-14
5.879530000000000305e-15
9.875985000000000201e-14
3.497914000000000301e-14
6.391618999999999859e-14
1.433305000000000046e-14
3.771570000000000029e-14
2.628177000000000186e-15
5.117630000000000480e-13
1.496976999999999933e-13
9.214876999999999793e-14
9.832633999999999864e-14
9.754059999999999388e-16
5.733220000000000182e-14
7.234260999999999481e-14
1.205709999999999943e-14
2.807002000000000011e-14
2.387035000000000024e-14
1.628928000000000014e-13
2.108232000000000089e-13
1.040432999999999999e-14
2.164858999999999942e-14
6.253435999999999719e-14
4.942056999999999754e-14
2.262400000000000033e-13
2.704042000000000089e-14
5.263940999999999855e-13
2.004729999999999931e-13
2.830574000000000213e-13
4.362232000000000317e-15
1.447501999999999985e-12
1.738119000000000048e-13
9.943722000000000220e-15
1.230094999999999964e-14
3.099622999999999762e-14
3.127259999999999844e-13
4.920651999999999983e-13
6.239889000000000212e-14
1.655481000000000128e-14
5.481239999999999902e-14
1.730532999999999913e-13
2.652562000000000128e-14
6.248016999999999700e-14
3.228323000000000137e-13
1.284285000000000002e-14
2.484575999999999926e-14
2.401394999999999887e-13
1.705063999999999893e-13
2.453146000000000218e-13
2.162963000000000070e-13
8.605248000000000473e-14
4.462482000000000003e-14
2.116360000000000082e-13
7.361605999999999581e-14
2.817838999999999836e-15
1.598582000000000147e-14
1.288348999999999936e-13
6.404895000000000448e-13
4.457062999999999983e-14
1.937264999999999975e-14
8.564605999999999604e-14
1.669027999999999951e-14
2.727613999999999913e-13
1.349582999999999905e-13
2.348831999999999841e-13
1.394830999999999997e-13
2.335555000000000063e-14
1.227386000000000022e-14
5.207584000000000174e-14
2.801583000000000180e-13
7.884531999999999985e-15
2.011504000000000099e-13
2.454772000000000044e-14
2.563149999999999850e-14
1.230094999999999964e-14
6.313044000000000115e-14
2.273237999999999883e-14
2.913482999999999936e-13
2.895871999999999800e-13
7.141055000000000009e-13
9.090242000000000244e-14
1.921007999999999916e-14
2.240724000000000081e-14
1.538974000000000067e-14
4.560022999999999905e-14
2.980406999999999995e-15
3.692995000000000285e-14
2.580762000000000247e-13
2.836264000000000162e-13
2.926218000000000014e-15
5.944557000000000405e-14
1.571486999999999970e-15
4.065816999999999921e-13
4.083158000000000074e-14
1.761150000000000150e-14
1.926426999999999936e-14
6.413294000000000117e-14
2.138035999999999908e-13
9.320545999999999814e-14
5.763023999999999749e-14
6.269692999999999778e-14
2.434450999999999862e-13
2.151312000000000118e-14
1.854897000000000038e-13
1.983325000000000096e-14
3.901624000000000228e-14
5.754895000000000441e-14
2.129635999999999913e-13
3.953916000000000093e-13
8.209667000000000484e-15
3.964483000000000203e-13
6.779613000000000144e-13
4.773527999999999812e-13
4.327008999999999784e-14
6.724882000000000163e-14
1.450373999999999945e-13
1.512150000000000024e-13
6.180552000000000502e-13
4.988118000000000011e-14
6.315753999999999404e-14
1.351750000000000021e-13
1.779573999999999946e-13
1.970591000000000060e-13
6.096287000000000053e-15
1.166694000000000037e-13
1.056690000000000058e-14
2.213630000000000118e-14
9.267710999999999263e-13
1.077824000000000058e-13
4.863482999999999705e-13
3.389536000000000179e-14
6.654435999999999727e-14
2.371049000000000210e-13
2.173258999999999999e-13
1.282658999999999987e-13
5.283448999999999682e-15
1.694497000000000035e-13
5.697997000000000596e-14
1.812357999999999920e-13
4.020839999999999758e-14
4.259272999999999899e-14
1.652770999999999893e-14
3.419339999999999746e-14
5.310543999999999780e-15
3.811670000000000156e-13
2.221757999999999922e-14
1.227657000000000077e-13
1.653854999999999924e-13
3.086076000000000254e-14
1.330344999999999966e-14
7.077653999999999924e-13
2.496496999999999798e-13
1.134641000000000072e-12
5.188618000000000015e-14
6.841931000000000081e-13
2.668818999999999871e-14
6.107124999999999587e-13
1.103889000000000084e-12
2.557731000000000146e-14
2.064066999999999893e-13
3.122383000000000187e-13
1.341183000000000005e-14
3.549393999999999946e-15
2.248853000000000020e-14
2.560657000000000001e-12
1.327636000000000024e-14
1.674446999999999971e-14
5.231968999999999721e-14
2.384326000000000161e-15
5.129010000000000250e-14
2.956022000000000054e-14
8.182572000000000386e-15
3.515796999999999807e-13
5.394537000000000039e-14
3.530427999999999787e-14
4.690077000000000105e-14
5.557104999999999725e-14
7.093368999999999873e-14
3.043537999999999829e-13
7.326382999999999994e-14
2.240724000000000081e-14
9.426214999999999836e-14
9.265544000000000409e-13
1.763858999999999934e-14
9.168816000000000167e-14
1.530032999999999909e-13
1.003583999999999988e-13
5.752999000000000254e-13
1.925885000000000078e-13
8.540221000000000057e-14
3.509835999999999929e-13
2.164858999999999942e-14
5.502915000000000160e-14
1.062922000000000022e-13
9.339512000000000604e-14
2.834095999999999973e-14
1.753020999999999895e-14
8.136510999999999498e-14
1.938619000000000052e-13
1.617547999999999991e-14
1.384535000000000004e-14
5.042306999999999756e-14
6.998537999999999890e-14
4.123800000000000311e-14
1.231991999999999876e-13
1.253938999999999884e-13
4.199664999999999977e-15
5.129010000000000250e-14
1.350936999999999982e-13
2.275946999999999983e-14
1.739446999999999909e-12
8.383072000000000390e-14
1.238224000000000061e-14
2.300331999999999846e-14
9.136302999999999869e-14
3.590036000000000183e-14
1.105459999999999941e-14
1.709669999999999873e-14
2.296539000000000157e-13
9.336802999999999873e-14
4.316984000000000036e-13
3.897560000000000106e-13
3.477321999999999812e-13
1.650332999999999911e-13
2.823257999999999934e-14
3.387909999999999849e-13
2.649039999999999989e-13
1.917485999999999904e-13
3.703019999999999907e-13
1.628386000000000030e-14
1.926426999999999936e-14
1.937264999999999975e-14
3.514984000000000020e-13
9.120045999999999811e-14
9.718837000000000354e-14
6.887991999999999959e-13
3.018881000000000029e-13
1.560379000000000090e-13
2.244788000000000078e-13
1.281845999999999948e-13
1.165068000000000022e-14
6.903706999999999908e-14
8.545640000000000077e-14
1.401604000000000093e-13
2.022070999999999957e-13
3.270319000000000199e-14
9.120045999999999811e-14
8.491450999999999701e-14
8.943117999999999820e-13
1.303792999999999956e-13
4.730448000000000161e-13
1.346060000000000072e-13
1.522717000000000008e-14
3.790536000000000187e-14
5.684720000000000439e-13
3.766151000000000009e-14
1.326823000000000111e-13
4.065545999999999992e-13
2.377822999999999874e-13
4.863482999999999831e-14
3.541265999999999827e-14
1.426260000000000074e-13
2.002292000000000075e-14
3.018339999999999738e-14
3.206917999999999988e-13
3.413920999999999727e-14
2.445288999999999901e-13
2.771779000000000109e-14
7.735510999999999491e-14
7.255936999999999559e-14
2.603792000000000087e-14
1.948101999999999879e-14
1.588828000000000013e-13
1.311378999999999965e-14
1.319236999999999976e-13
2.771779000000000109e-14
2.135055000000000059e-14
2.082491999999999887e-13
1.301082999999999910e-13
1.992835999999999931e-12
6.685323999999999515e-13
9.296161000000000267e-14
4.297205000000000217e-14
1.821841999999999882e-13
8.865355999999999610e-14
7.204456999999999914e-14
2.067319000000000049e-13
4.086951000000000141e-13
1.928323000000000123e-13
4.814712000000000285e-14
1.804500999999999855e-14
4.904123999999999775e-15
1.188098999999999934e-13
5.418922000000000138e-16
7.210146999999999610e-13
6.914544999999999947e-14
1.446851999999999869e-14
8.350559000000000093e-14
2.152666999999999889e-13
4.090744000000000083e-13
1.839453000000000018e-13
1.743266999999999886e-13
2.488639999999999986e-13
1.363942999999999957e-13
1.997957000000000087e-13
1.272904999999999916e-13
2.888284999999999718e-14
1.964358999999999938e-14
7.093368999999999873e-14
3.845808999999999774e-13
1.049644999999999992e-13
1.098144999999999987e-13
4.958856000000000050e-13
1.952112000000000195e-12
1.488035999999999901e-13
3.394955000000000199e-14
2.582116000000000008e-14
1.893913000000000134e-14
5.947266999999999694e-14
1.550894999999999876e-13
7.254310999999999986e-13
2.075446999999999979e-14
4.686554999999999714e-13
2.415485000000000082e-13
1.528948999999999941e-13
2.701332999999999989e-14
3.324508999999999764e-14
4.882448999999999990e-14
6.110918000000000033e-13
5.760314000000000460e-14
1.877656000000000075e-14
2.888284999999999718e-14
3.007773000000000133e-13
1.440348999999999945e-13
1.585035000000000071e-13
3.541265999999999827e-13
1.850562000000000112e-14
1.967068999999999858e-14
5.074820999999999874e-14
3.048955999999999777e-13
1.647623000000000117e-13
5.784699000000000007e-13
1.799082000000000151e-14
2.926217999999999856e-14
4.199665000000000135e-14
1.108441000000000043e-13
7.064919999999999950e-13
4.977279999999999972e-14
6.267253999999999661e-13
1.593163000000000128e-14
3.385472000000000057e-13
2.872029000000000032e-15
5.166941999999999937e-14
4.800622999999999910e-13
4.131927999999999799e-14
9.645680999999999999e-15
6.504874000000000016e-13
5.314337000000000037e-13
1.207607000000000077e-13
1.196769000000000037e-13
1.113588000000000061e-14
3.968005999999999783e-13
2.543370999999999968e-13
1.544393000000000087e-14
1.868634000000000174e-12
4.998956000000000050e-14
1.354730999999999996e-13
2.113380000000000116e-14
5.990618000000000031e-14
7.697579000000000435e-14
7.721964000000000614e-15
1.370173999999999943e-13
6.099538999999999704e-13
2.024238000000000073e-13
7.965815000000000639e-15
1.471237000000000047e-14
4.294496000000000117e-14
6.556895999999999645e-15
5.508334000000000180e-14
3.676739000000000046e-14
5.716962999999999965e-15
1.685285000000000010e-14
1.543851000000000103e-13
2.006085000000000080e-13
3.667933000000000220e-12
7.749059000000000712e-15
3.447247000000000063e-13
1.359607999999999905e-13
2.842224999999999913e-14
2.501644999999999889e-13
6.359104999999999741e-14
2.842224999999999913e-14
7.613585000000000041e-15
2.224468000000000158e-14
5.446016999999999937e-13
2.592953999999999858e-13
1.776323000000000114e-13
6.277821000000000529e-14
9.583363999999999503e-14
2.877447999999999878e-13
7.870984000000000341e-14
4.226758999999999782e-14
2.054313000000000074e-13
6.928091999999999455e-14
4.963732999999999833e-14
2.786952000000000200e-13
1.530845000000000128e-14
7.223422999999999441e-14
2.322007999999999924e-14
2.717588999999999912e-14
7.857436999999999887e-15
5.034179000000000268e-14
6.708625999999999924e-14
2.075176000000000113e-13
2.002292000000000075e-14
1.819403000000000018e-13
6.052935999999999716e-14
7.998329000000000441e-14
3.056271999999999803e-13
2.671528999999999854e-13
1.476656000000000067e-14
1.841350000000000025e-13
1.104647000000000029e-13
1.988744000000000053e-13
3.489786000000000181e-14
1.140683000000000001e-14
7.830341999999999788e-15
1.032305000000000038e-14
1.750312000000000110e-14
1.095705999999999996e-13
1.476385000000000075e-13
3.070902999999999784e-13
5.554394999999999806e-15
1.235513999999999984e-14
2.030469999999999879e-13
8.914126999999999787e-14
6.738159000000000066e-13
2.546893000000000106e-15
1.005209999999999940e-13
2.839514999999999993e-14
3.525008999999999768e-14
3.300124000000000217e-14
2.201707999999999922e-13
3.024300000000000048e-13
1.463109000000000007e-15
8.236762000000000583e-15
4.958313999999999971e-15
2.546892999999999980e-13
1.373696999999999965e-14
2.105792999999999972e-13
5.608584000000000182e-15
1.264776000000000103e-13
1.365297000000000034e-13
3.436138000000000095e-13
4.877029999999999694e-16
3.625258999999999770e-14
1.316797999999999985e-14
1.279136999999999975e-13
2.704042000000000089e-14
5.559813999999999825e-14
7.299559000000000077e-13
3.438305999999999905e-14
2.579948999999999956e-13
2.825967999999999854e-14
2.197373000000000059e-14
3.546684000000000026e-14
1.090286999999999977e-13
2.552312000000000126e-14
3.877781000000000034e-13
7.984781999999999671e-14
6.651727000000000259e-14
1.756001999999999933e-13
5.037972000000000336e-13
3.140264999999999999e-14
6.980113999999999716e-13
2.322007999999999924e-14
9.095661000000000263e-14
1.292683999999999988e-13
1.014692999999999956e-13
3.684867000000000166e-14
3.801374000000000226e-14
1.359607999999999905e-13
3.624987999999999841e-13
4.851290000000000021e-13
9.101080000000000283e-14
2.476175999999999869e-13
5.004375000000000070e-14
2.200081999999999844e-14
1.461754000000000094e-13
4.186930000000000215e-13
1.316798000000000111e-13
1.655210000000000073e-13
9.970817000000000318e-15
7.095536999999999556e-13
2.094413000000000138e-14
8.832842999999999628e-15
3.105041999999999781e-14
8.507708000000000706e-15
1.581511999999999986e-13
6.513543999999999614e-13
1.204626000000000102e-13
2.457481000000000144e-14
1.753833999999999997e-13
6.605395000000000452e-13
1.184034000000000023e-14
1.107356999999999948e-13
1.254479999999999985e-14
1.047206999999999947e-13
1.017131999999999947e-13
4.091286000000000193e-15
1.780386999999999985e-13
5.110044000000000092e-14
1.141495999999999946e-13
1.923445999999999961e-13
4.359522999999999901e-14
1.408920000000000025e-15
2.300873999999999956e-13
6.254248999999999759e-13
2.686702000000000198e-13
4.931218999999999873e-15
2.225279999999999935e-13
6.074611999999999794e-14
9.320545999999999499e-15
1.260982999999999909e-13
5.112753000000000192e-14
1.517297999999999989e-14
2.590245000000000137e-13
3.133492000000000155e-13
9.109207999999999771e-14
1.589641000000000052e-13
8.727174000000000553e-14
5.819921999999999594e-14
4.181511000000000195e-13
5.283448999999999682e-15
9.157978000000000128e-15
7.559395999999999665e-15
1.685285000000000010e-14
1.105730999999999997e-13
3.882658000000000070e-14
5.781990000000000539e-14
3.264358999999999763e-13
4.037096999999999817e-15
1.495892999999999965e-13
1.324925999999999946e-14
2.431199000000000211e-13
9.363897000000000151e-14
1.079557999999999952e-12
2.454772000000000044e-14
1.233617999999999954e-13
1.086493999999999941e-14
2.305480000000000189e-13
2.324176000000000112e-13
3.600874000000000223e-14
1.080234999999999991e-12
4.232177999999999801e-14
8.900579000000000459e-14
1.785806000000000004e-13
1.144204999999999919e-13
4.327008999999999784e-14
1.407023000000000113e-13
7.599224999999999863e-13
2.140473999999999921e-15
9.212167000000000504e-15
1.648164999999999975e-13
3.511460999999999809e-14
1.182679999999999914e-13
6.554185999999999725e-14
1.832407999999999920e-13
4.140055999999999919e-14
5.918547000000000347e-13
6.215503999999999402e-14
1.463379999999999920e-13
2.110941000000000062e-13
1.417047999999999987e-14
6.104416000000000623e-14
1.033550999999999945e-12
2.777739000000000166e-13
5.890368000000000029e-14
2.644705000000000190e-13
1.441161999999999984e-13
1.129573999999999938e-13
2.294913000000000142e-14
1.565526999999999929e-13
3.522298999999999848e-15
6.323882000000000155e-14
1.873320999999999960e-13
5.137137999999999739e-14
1.152063000000000056e-13
4.134096000000000240e-13
9.342221999999999893e-14
5.428676000000000162e-13
9.117336000000000522e-14
1.029594999999999921e-15
8.206956999999999934e-14
4.145474999999999938e-14
3.021048999999999838e-14
1.971132999999999917e-13
1.311379000000000091e-13
1.571757999999999915e-13
4.746975999999999770e-14
1.062109000000000078e-14
9.404538999999999758e-14
1.492913000000000126e-14
4.744807999999999708e-13
2.891537000000000001e-13
1.382908999999999989e-13
6.326591999999999443e-14
3.875071000000000241e-13
2.384325999999999924e-14
1.124508000000000079e-12
2.698622999999999880e-13
6.177571000000000527e-14
1.395372000000000066e-14
4.369819000000000083e-13
5.091077000000000113e-14
2.311169999999999885e-14
5.941847999999999674e-14
1.910169999999999877e-14
5.715066000000000116e-13
1.418673999999999939e-13
4.031677999999999797e-14
2.579406999999999909e-14
5.906624999999999615e-15
3.036493000000000237e-13
3.417985000000000102e-13
9.641616999999999750e-13
4.226758999999999782e-14
1.002500999999999997e-14
2.601083000000000176e-13
7.261355999999999579e-14
8.312084999999999917e-13
1.883075000000000094e-14
2.946267999999999982e-13
1.271820999999999948e-13
4.072320000000000034e-14
2.155647000000000044e-13
2.088994000000000118e-14
5.822632000000000145e-14
3.247288999999999917e-13
7.017504000000000207e-15
4.875945999999999750e-13
5.486658999999999921e-14
7.285741000000000388e-14
3.603583000000000322e-15
1.387785999999999899e-13
5.088368000000000013e-14
6.177570999999999738e-15
6.775819999999999698e-13
1.798810999999999907e-13
2.567484999999999838e-13
1.240933000000000003e-14
1.302979999999999917e-13
9.875985000000000201e-14
1.441432999999999849e-14
3.115880000000000057e-15
1.774967999999999965e-13
1.649520000000000124e-13
1.064818000000000020e-14
9.815022999999999223e-13
3.192828999999999865e-13
1.061566999999999974e-12
2.124217000000000020e-14
2.514380000000000124e-14
1.281574999999999925e-14
6.475611999999999960e-15
1.896623000000000054e-14
1.436013999999999909e-15
4.614212000000000282e-14
4.183408000000000076e-14
1.064818000000000020e-14
1.602645999999999955e-13
1.091370999999999945e-13
4.654853999999999888e-14
4.432677999999999805e-14
2.476989000000000160e-13
2.817838999999999914e-14
1.175906000000000061e-14
2.191954000000000103e-13
9.453309999999999934e-14
3.403082999999999687e-14
1.129844999999999962e-14
2.392454000000000044e-14
2.194663000000000140e-14
2.620049000000000146e-14
4.462482000000000003e-14
1.286993999999999945e-14
8.160897000000000128e-14
2.550145000000000136e-13
9.166106999999999436e-14
9.873275999999999470e-14
2.872299999999999787e-13
4.606084000000000162e-15
4.744265999999999850e-14
1.154229999999999983e-14
2.140473999999999921e-15
1.744893000000000091e-14
2.289495000000000131e-13
4.373070000000000040e-14
6.443097999999999684e-14
1.666588999999999897e-13
3.232657999999999936e-13
9.564397000000000155e-14
1.992266999999999886e-13
1.370987000000000045e-14
6.180280999999999816e-14
1.130116000000000049e-13
2.489994999999999946e-14
1.120361999999999977e-13
3.199872999999999764e-14
6.284052999999999578e-13
1.160461999999999978e-13
4.933929000000000266e-14
1.032305000000000038e-13
3.045326000000000023e-12
9.916627000000000122e-15
6.852227000000000263e-14
1.215192999999999960e-13
1.436014000000000145e-14
1.162629999999999914e-13
5.771152000000000342e-15
3.665358999999999771e-13
3.394955000000000199e-14
3.355125999999999875e-13
1.433305000000000046e-14
5.719671999999999592e-14
3.100978000000000037e-13
8.212917999999999558e-13
2.969569000000000193e-14
1.514860000000000070e-13
1.788244000000000112e-15
7.423923000000000392e-15
1.303251000000000003e-14
1.365568000000000026e-14
5.540848000000000298e-14
1.201645999999999947e-13
5.608584000000000182e-15
1.753020999999999895e-14
6.955186000000000491e-13
3.500894999999999897e-13
2.270527999999999963e-14
1.359607999999999905e-13
7.404956999999999918e-14
1.240391000000000051e-13
4.119464999999999754e-13
1.565526999999999929e-13
1.221967000000000002e-14
3.251353000000000119e-15
2.931907999999999931e-13
6.145058000000000229e-14
6.543347999999999686e-14
5.082948999999999994e-14
3.053021000000000224e-13
1.029594999999999921e-15
3.975592000000000171e-13
3.723069999999999907e-13
1.227386000000000022e-14
7.936010999999999494e-14
1.762775000000000029e-13
4.809293000000000266e-14
1.224675999999999944e-14
2.899122999999999758e-14
3.216129999999999822e-14
6.142347999999999678e-14
6.844098999999999512e-14
2.589431999999999846e-13
2.361837000000000249e-13
1.288620000000000117e-13
2.893703999999999738e-14
1.509441000000000050e-13
1.345247000000000033e-13
6.025840999999999617e-14
2.179760999999999914e-13
2.927302000000000202e-13
3.117235000000000096e-13
4.088577000000000093e-14
1.185064000000000089e-12
3.354312999999999962e-14
3.392245000000000279e-14
1.111692000000000000e-13
4.652144999999999788e-14
2.964150000000000173e-14
3.481657000000000242e-14
3.703290999999999836e-13
2.010419999999999879e-14
9.916627000000000122e-15
3.142975000000000155e-15
5.137137999999999739e-14
1.750312000000000110e-14
3.915713000000000099e-13
1.297560999999999897e-13
1.713733999999999996e-13
2.785325999999999932e-14
4.633177999999999809e-14
3.634199999999999802e-13
1.652770999999999893e-14
2.728426999999999952e-14
2.757418000000000237e-13
1.321132999999999910e-13
5.898497000000000600e-14
1.006022999999999979e-13
2.834095999999999973e-14
5.109501999999999729e-13
5.976800000000000342e-13
3.894849999999999807e-13
4.302894999999999913e-13
3.733636999999999891e-14
2.408439999999999984e-13
2.152938000000000070e-13
2.424967999999999846e-14
3.867213999999999924e-13
5.227634000000000301e-13
8.263855999999999283e-15
1.058044999999999987e-13
1.408920000000000025e-14
1.443140000000000049e-12
1.076197999999999980e-13
4.267401000000000019e-14
1.457689999999999908e-14
3.134845999999999979e-14
1.181325000000000018e-13
1.009816000000000046e-13
7.006665999999999379e-14
2.648227000000000203e-13
1.929136000000000036e-14
2.208211000000000099e-14
5.359313999999999821e-14
3.463504000000000122e-13
4.035199999999999810e-13
8.952059000000000104e-14
1.170188999999999912e-12
6.785303000000000093e-13
9.713418000000000334e-14
3.820340000000000070e-15
4.170130999999999793e-13
4.787618000000000007e-14
6.966023999999999773e-14
9.537302999999999246e-15
8.697369999999999724e-14
6.589409000000000574e-14
8.751559000000000100e-14
1.483701000000000102e-13
1.370716000000000053e-13
7.407665999999999387e-14
4.066901000000000015e-14
3.229677999999999782e-14
3.013192000000000152e-13
4.459772999999999903e-14
2.452874999999999784e-13
3.890786000000000189e-14
6.760104999999999749e-14
1.703166999999999886e-13
4.562732000000000005e-14
3.516068000000000240e-13
6.589409000000000574e-14
6.120671999999999600e-14
1.647351999999999873e-14
5.772235999999999962e-13
1.006836000000000018e-13
4.315088000000000101e-13
9.518337000000000350e-14
2.349102999999999770e-13
1.071456000000000074e-12
1.674446999999999971e-14
4.486867000000000181e-14
1.324925999999999946e-14
3.651270000000000152e-13
6.746558000000000241e-14
1.541141000000000057e-13
3.508751999999999709e-14
2.107961000000000097e-14
2.576696999999999989e-14
1.104917999999999958e-13
1.446851999999999869e-14
8.914127000000000102e-15
6.602956999999999902e-14
1.690704000000000030e-14
6.340138999999999898e-15
1.368277999999999946e-14
2.424967999999999846e-14
1.333055000000000044e-14
4.931218999999999715e-14
4.459772999999999903e-14
1.619445000000000124e-13
7.447225000000000107e-13
2.100916000000000062e-13
1.301354000000000091e-13
2.831387000000000000e-13
3.123466999999999902e-13
4.283115999999999841e-13
2.834095999999999973e-14
4.728279999999999720e-13
1.548728000000000012e-13
6.516253999999999408e-14
7.866919999999999966e-13
3.386826000000000181e-15
1.999582000000000155e-14
2.734929999999999939e-13
6.608375000000000102e-14
3.033242000000000153e-13
5.240098000000000292e-14
9.409957999999999777e-14
3.833886999999999893e-14
8.494160000000000431e-14
1.349853000000000014e-13
7.044598999999999516e-14
1.517839999999999973e-13
3.584617000000000164e-14
6.313044000000000115e-14
1.271279000000000090e-13
1.392662999999999966e-14
9.003538999999999750e-14
3.514170999999999729e-14
2.294643000000000222e-13
1.525426999999999928e-14
1.421382999999999912e-13
3.877239000000000050e-14
6.505416000000000631e-14
2.656626999999999945e-13
1.628386000000000030e-14
4.497705000000000221e-14
7.545848999999999526e-14
2.791557999999999928e-13
1.783638000000000068e-13
7.293868999999999877e-14
1.050728999999999960e-13
3.936846999999999815e-14
1.290245000000000123e-13
1.002500999999999997e-14
1.519736999999999980e-13
1.146102000000000021e-14
1.650062000000000108e-14
4.627758999999999789e-14
6.657146000000000278e-14
1.046394000000000034e-13
3.874528999999999657e-15
1.259357000000000083e-13
2.076531000000000010e-13
1.506460000000000076e-13
1.528136000000000028e-14
5.147975999999999620e-15
1.679865999999999991e-14
3.411752999999999791e-13
9.168816000000000167e-14
5.391826999999999646e-15
1.629741000000000053e-13
3.581907000000000244e-14
5.215712000000000293e-14
3.847435000000000168e-15
2.075446999999999979e-14
6.692368999999999707e-15
4.381198000000000160e-14
5.777925999999999911e-13
1.855981000000000132e-14
7.992910000000000737e-15
4.042515999999999837e-14
5.036345999999999753e-13
1.459045000000000121e-13
3.231302999999999787e-13
2.682366000000000168e-15
1.224675999999999944e-14
9.805538999999999765e-14
1.818860999999999907e-13
2.826509999999999838e-13
2.558001999999999948e-13
6.833260999999999473e-14
1.111420999999999945e-13
2.424967999999999846e-14
2.601082999999999908e-15
1.826176999999999934e-14
1.301895999999999949e-13
1.755731000000000004e-13
1.669027999999999951e-14
1.725926999999999932e-14
5.851081000000000320e-13
1.395372000000000034e-13
1.658189999999999912e-14
6.537928999999999667e-14
8.169024999999999616e-14
6.080030999999999814e-14
2.228803000000000020e-13
6.435782999999999982e-13
1.127136000000000020e-14
1.398081999999999986e-14
1.291275000000000069e-12
5.307292000000000444e-13
3.229677999999999782e-14
2.368068999999999865e-14
8.914127000000000102e-15
4.170673000000000156e-13
2.113380000000000037e-15
4.969151999999999853e-14
1.508898999999999940e-13
3.121298999999999840e-14
1.024175999999999940e-14
1.684201000000000106e-13
1.443329999999999919e-13
7.261355999999999263e-15
1.934555000000000055e-14
5.916649999999999836e-13
2.628177000000000186e-15
4.763232000000000009e-14
2.740619999999999888e-13
2.538764999999999987e-14
1.059398999999999937e-13
6.963314999999999830e-15
8.583573000000000214e-14
6.310334999999999384e-14
5.291577000000000117e-14
7.204456999999999914e-14
9.618586999999999721e-15
4.251143999999999960e-14
1.431407999999999912e-13
9.781154000000000218e-14
1.629741000000000053e-13
2.937055999999999895e-14
3.435596999999999805e-14
1.954334000000000001e-13
3.776175999999999883e-13
1.227657000000000077e-13
2.514650999999999864e-13
3.305541999999999785e-14
2.546893000000000106e-14
9.916626999999999807e-14
3.959606000000000041e-13
3.847435000000000168e-15
5.798246999999999651e-15
2.130448999999999953e-13
1.557398000000000116e-13
1.847039999999999973e-13
3.079572999999999887e-13
2.660148999999999957e-13
6.369942999999999780e-14
2.046185000000000081e-13
1.268298999999999936e-13
5.508334000000000180e-14
7.803247999999999510e-15
6.640889000000000219e-14
1.292141999999999877e-13
3.206105000000000201e-13
1.571486999999999970e-15
1.257190000000000062e-14
1.140683000000000001e-14
9.572525999999999464e-14
3.763711999999999766e-13
1.219256999999999925e-14
1.642204000000000098e-13
2.958731000000000154e-14
2.576696999999999989e-14
2.392724999999999783e-13
3.506043000000000240e-14
1.454981000000000124e-14
1.995247000000000041e-13
1.831595999999999954e-14
1.815338999999999895e-13
3.441015999999999982e-15
8.588990999999999783e-15
2.303042000000000081e-14
8.212375999999999953e-14
4.943140999999999849e-13
2.256710000000000085e-13
1.644643000000000089e-14
8.857227999999999870e-13
1.357575000000000100e-12
3.525008999999999768e-14
6.015003000000000367e-15
9.317836000000000526e-14
6.719462999999999985e-15
2.600812000000000248e-13
3.579198000000000144e-14
1.982783999999999996e-13
1.747601999999999875e-14
5.015212000000000289e-14
3.576489000000000044e-14
1.221967000000000002e-14
1.855981000000000132e-14
4.874320000000000050e-14
6.165108000000000230e-13
3.238890000000000248e-13
4.159022999999999897e-14
1.972488000000000067e-13
1.227928000000000006e-13
5.245517000000000311e-14
2.983117000000000152e-14
3.820340000000000070e-15
2.408711000000000103e-14
1.490204000000000089e-13
2.508961000000000105e-14
1.907461000000000093e-14
1.356626999999999930e-13
1.761150000000000150e-14
7.218003999999999422e-14
6.199247000000000605e-14
6.578571000000000535e-14
2.765276000000000121e-13
4.516672000000000199e-14
1.590454000000000091e-13
4.538075999999999898e-13
1.590454000000000028e-14
4.690077000000000105e-14
8.724465000000000453e-15
8.897869999999999728e-14
3.177114000000000168e-13
1.075656000000000059e-14
2.663399999999999852e-14
2.182741999999999889e-13
6.779071000000000539e-14
1.869528000000000192e-15
1.420029000000000088e-13
1.390223999999999944e-13
4.042515999999999837e-14
1.804229999999999927e-13
5.925590999999999615e-14
1.277782000000000078e-13
1.657919000000000046e-13
9.456019000000000350e-15
1.710482999999999912e-13
4.730718999999999711e-14
5.803666000000000617e-14
1.912878999999999977e-14
2.961440999999999821e-13
6.608375000000000102e-14
1.452270999999999889e-14
7.426632999999999996e-14
4.304520999999999991e-13
5.351185999999999702e-14
9.298869999999999736e-14
1.087578000000000003e-13
2.137764999999999979e-13
8.236762000000000583e-15
1.736764999999999971e-14
8.369524999999999620e-14
1.823466999999999888e-13
1.566067999999999967e-13
1.644643000000000089e-14
7.846598999999999532e-14
1.589098999999999942e-13
2.061900000000000155e-14
1.977094000000000047e-13
1.105459999999999941e-14
1.212483999999999986e-13
9.317836000000000526e-14
3.602498999999999976e-13
2.093601000000000108e-13
9.198619999999999734e-14
9.827214999999999844e-14
4.551894999999999786e-14
2.262399999999999844e-14
9.645680999999999999e-15
7.689449999999999865e-14
7.055436999999999555e-14
1.170487000000000041e-14
3.278447999999999823e-15
5.269901999999999858e-14
1.633805000000000049e-14
1.025259999999999940e-13
2.896956000000000020e-13
2.248853000000000099e-15
2.070027999999999959e-14
1.106272999999999981e-13
2.731136999999999871e-14
1.685826999999999931e-13
3.561044999999999898e-13
5.131718999999999719e-14
2.002833999999999996e-13
4.955332999999999965e-13
1.006022999999999979e-13
9.301580000000000287e-14
1.381824999999999927e-15
2.025592999999999970e-13
2.912399999999999788e-13
5.865983000000000482e-14
1.339828000000000014e-12
2.727342999999999984e-13
1.627573000000000117e-13
2.542829000000000110e-13
1.958939999999999981e-13
5.383969999999999928e-13
9.223005000000000543e-14
2.592954000000000048e-14
3.950393999999999954e-14
3.138911000000000174e-13
2.194663000000000140e-14
1.146102000000000021e-14
7.358896000000000292e-14
3.898914000000000309e-14
2.278115000000000234e-13
7.898079000000000439e-14
1.852729000000000102e-13
2.565860000000000085e-14
2.215797000000000045e-13
8.050079999999999763e-13
1.820757999999999914e-14
8.643181000000000610e-14
7.800537999999999906e-14
2.558543999999999806e-13
1.381824999999999927e-14
1.604542999999999962e-13
1.541954000000000096e-13
2.516546999999999798e-13
1.587744000000000108e-14
8.597119999999999722e-14
6.042097999999999676e-15
6.424132000000000157e-14
9.870567000000000001e-14
2.012588000000000067e-13
4.551353000000000307e-13
1.517297999999999989e-14
1.127136000000000020e-14
2.519799000000000144e-14
1.314089000000000043e-14
1.235513999999999984e-14
1.254479999999999985e-14
1.785535000000000012e-14
2.164858999999999942e-14
3.258668999999999814e-13
5.147975999999999620e-15
6.941639000000000225e-14
1.232805000000000042e-14
1.574196999999999969e-14
2.392453999999999854e-13
2.162963000000000070e-13
2.036431000000000009e-13
1.327635999999999945e-15
3.508751999999999709e-14
1.979260999999999911e-13
5.364733000000000156e-15
5.364733000000000156e-15
5.627551000000000160e-14
4.286367000000000177e-14
2.465609999999999846e-15
1.675801999999999931e-13
1.349311999999999976e-13
2.172987999999999881e-14
1.187285999999999895e-13
2.991245000000000271e-14
7.773443999999999628e-14
9.916627000000000122e-15
8.616085999999999881e-15
2.712169999999999893e-14
1.401604000000000093e-13
1.937535999999999904e-13
3.874529000000000130e-14
1.469611999999999979e-13
1.654397000000000034e-13
4.397455000000000219e-14
9.101080000000000283e-14
9.510208000000000726e-15
2.165129999999999934e-13
9.060437999999999415e-14
4.071235999999999940e-13
2.017194000000000048e-13
4.642391000000000348e-13
3.243495999999999976e-13
4.053353999999999876e-14
1.227114999999999967e-13
6.042097999999999676e-14
1.669298999999999943e-13
1.663608999999999932e-14
8.001037999999999910e-14
2.853062000000000006e-13
3.630677999999999789e-14
1.311920999999999949e-13
9.789282999999999527e-14
1.528407000000000083e-13
1.401061999999999983e-13
3.641515999999999829e-14
1.013338000000000059e-14
1.167777999999999942e-14
3.442640999999999830e-13
1.189182000000000082e-13
8.702788999999999744e-14
5.158813999999999817e-14
3.389536000000000179e-14
3.600874000000000223e-14
3.549393999999999946e-15
3.332636999999999804e-15
1.385617999999999963e-13
5.532718999999999727e-14
5.941847999999999674e-14
1.910169999999999877e-14
2.785325999999999932e-14
7.209875999999999933e-14
3.008585999999999919e-13
2.606230999999999762e-13
6.638180000000000120e-15
3.067110000000000095e-14
6.053748999999999755e-13
5.286158000000000097e-14
1.696123000000000050e-14
2.844933999999999934e-15
3.020236000000000178e-13
4.179072999999999898e-13
5.963523999999999753e-14
9.781154000000000218e-14
3.026467999999999858e-14
6.440389000000000215e-14
3.563211999999999762e-13
2.102542000000000077e-14
7.719253999999999432e-14
1.901500000000000026e-13
2.221758000000000001e-15
7.678612999999999646e-14
4.218631000000000293e-14
4.681949000000000491e-13
2.416838999999999907e-14
5.960813999999999991e-15
3.602228000000000047e-13
2.836317999999999830e-12
5.668191999999999947e-14
2.166213999999999902e-13
8.832842999999999628e-15
3.121298999999999840e-14
2.953312999999999954e-14
2.357123000000000073e-12
8.345139999999999757e-15
9.220295999999999812e-14
6.177570999999999738e-15
1.113588000000000061e-14
7.120463999999999971e-14
1.075384999999999941e-13
2.498123000000000065e-14
3.702748999999999978e-13
2.643891999999999898e-13
2.057293999999999897e-12
2.869319000000000065e-13
1.840969999999999980e-12
1.999582000000000155e-14
4.508543000000000260e-14
1.276156000000000063e-14
1.072946999999999959e-14
1.151791999999999875e-13
2.019089999999999982e-13
3.546684000000000026e-14
1.853270999999999897e-14
2.031011999999999990e-13
5.567941999999999945e-14
1.504563999999999889e-13
1.007919999999999986e-13
6.372652000000000511e-14
2.797247999999999876e-13
1.853270999999999897e-14
4.580615000000000268e-13
1.557939999999999910e-14
1.495621999999999910e-14
8.735302000000000042e-14
1.160191000000000049e-13
3.879948000000000150e-14
1.140683000000000001e-14
8.916836000000000518e-14
1.579615999999999989e-14
2.536055999999999887e-14
2.070841000000000062e-13
1.139923999999999940e-12
5.814502999999999574e-14
1.161816999999999875e-13
2.565588999999999904e-13
1.485055999999999998e-13
2.690494999999999950e-14
8.670274999999999665e-16
5.098663999999999690e-13
1.024175999999999940e-14
1.490204000000000026e-14
1.121717000000000000e-14
4.286367000000000177e-14
1.601290999999999932e-14
2.590245000000000137e-13
3.815463000000000097e-13
1.276156000000000000e-13
6.857646000000000282e-13
3.548038999999999923e-13
2.972549999999999789e-13
2.698623000000000069e-14
1.021738000000000053e-13
2.055938999999999899e-13
8.101287999999999912e-15
1.593163000000000128e-14
1.352020999999999950e-13
8.139221000000000049e-14
2.609481999999999846e-13
6.686679000000000169e-13
2.112025000000000030e-13
3.077948000000000134e-14
6.194370000000000191e-13
5.619422000000000221e-14
7.716544999999999963e-14
9.483114000000000448e-15
2.766360000000000089e-14
2.031282999999999918e-13
5.427049999999999705e-14
6.407875000000000098e-14
1.841458000000000169e-12
2.327426999999999944e-14
1.173196999999999961e-14
1.907461000000000093e-14
8.643181000000000610e-14
1.110878999999999961e-14
2.609211000000000107e-14
9.653809999999999938e-14
4.915232999999999964e-13
2.471027999999999778e-13
1.314629999999999923e-13
2.452062000000000124e-14
4.820131000000000305e-14
3.411210999999999807e-14
8.651309000000000098e-14
2.714338000000000081e-13
1.970319999999999878e-13
2.187619000000000051e-13
1.668757000000000086e-13
5.771152000000000342e-15
5.324633000000000219e-13
2.989619000000000067e-13
7.152977000000000269e-15
2.674509000000000009e-13
3.075238000000000214e-14
1.924801000000000110e-13
1.874946999999999975e-14
5.603165000000000162e-14
1.197582000000000076e-13
7.677258000000000001e-13
1.676885000000000079e-13
3.711962000000000106e-15
1.542495999999999954e-13
2.533345999999999967e-14
6.201956000000000074e-14
2.032095999999999958e-15
1.579615999999999989e-14
4.684929000000000141e-13
4.551894999999999786e-14
3.585701000000000132e-13
9.223005000000000543e-14
3.392245000000000279e-14
1.381824999999999927e-15
3.408501999999999707e-14
7.906206999999999928e-14
6.876611999999999810e-14
7.152977000000000269e-15
4.240307000000000119e-13
1.487494000000000106e-14
1.476385000000000075e-13
5.036887999999999737e-14
9.932883999999999866e-14
7.334510999999999483e-14
1.201916999999999876e-13
8.700079000000000455e-14
5.141202000000000493e-13
2.145893000000000099e-14
8.235407000000000433e-13
4.619902000000000482e-13
1.551166000000000057e-13
3.106667999999999986e-13
7.055436999999999555e-14
3.961231999999999993e-14
4.402874000000000238e-14
2.193309000000000000e-13
4.660272999999999749e-15
2.471299000000000212e-13
4.172569999999999879e-15
3.241057000000000111e-13
1.813983999999999998e-13
6.800746999999999671e-15
1.641932999999999853e-14
1.637598000000000117e-13
3.118589999999999740e-14
1.927239999999999975e-13
1.344705999999999996e-13
5.345767000000000439e-13
3.224258999999999762e-13
1.723758999999999996e-13
1.505105999999999999e-13
3.468109999999999866e-15
5.168025999999999652e-13
4.421028000000000052e-13
4.817422000000000205e-14
1.899332000000000153e-14
3.882658000000000070e-14
1.050458000000000031e-13
2.357231000000000063e-15
1.308398999999999936e-13
1.809919999999999875e-14
4.931218999999999873e-15
1.671737000000000051e-14
3.458356000000000032e-13
8.099392000000000230e-13
3.115879999999999821e-14
1.101667000000000000e-13
8.995411000000000577e-15
2.406000999999999867e-14
3.064400000000000175e-14
1.894997000000000039e-13
1.444143000000000085e-14
1.482616999999999881e-13
8.903288999999999748e-14
2.135055000000000059e-14
6.024486999999999793e-13
2.433095999999999965e-14
6.266983000000000490e-14
3.370570000000000021e-14
6.204665999999999836e-15
1.189453000000000042e-14
1.828886000000000034e-14
2.935159000000000014e-13
2.408711000000000103e-14
2.181116000000000001e-14
8.160897000000000128e-14
4.324300000000000315e-14
3.191745000000000275e-14
1.812088000000000063e-13
2.583200000000000039e-13
1.433305000000000046e-14
1.402688000000000061e-13
3.209627999999999781e-13
9.924756000000000377e-14
1.026072999999999979e-13
8.372234999999999855e-15
1.120227000000000049e-12
1.550894999999999876e-13
1.962191999999999885e-13
1.513233999999999992e-13
7.451018000000000490e-15
2.037514999999999977e-14
5.608584000000000182e-15
3.007501999999999699e-14
5.399956000000000058e-14
1.357169000000000041e-13
1.014422000000000027e-13
2.441223999999999959e-13
1.341995999999999950e-13
3.113170999999999721e-14
6.633572999999999688e-13
1.461754000000000094e-13
1.322217000000000004e-14
2.178406999999999901e-14
2.798873000000000071e-14
2.091704000000000038e-14
3.242140999999999826e-13
5.586909000000000302e-13
1.353917999999999957e-13
2.864441999999999903e-13
6.058354999999999735e-14
5.476633999999999542e-13
7.854998000000000211e-13
8.020005000000000015e-13
3.270319000000000199e-14
1.129358000000000003e-12
6.909126000000000243e-15
2.151312000000000118e-14
1.284285000000000002e-14
3.939826999999999970e-13
1.309211999999999975e-13
9.965397999999999983e-14
1.994976000000000112e-13
1.419758000000000064e-14
6.421422999999999426e-14
4.116754999999999961e-13
5.557104999999999725e-14
3.430177999999999785e-14
2.454772000000000044e-14
2.052688000000000068e-13
3.711962000000000106e-15
1.983325000000000096e-14
3.251353000000000119e-15
6.019338999999999702e-13
4.087763999999999928e-13
2.149144000000000056e-13
1.483972000000000030e-13
1.560650000000000146e-14
1.342538000000000060e-13
5.134429000000000270e-14
5.033095000000000174e-13
4.221339999999999762e-13
2.869319000000000191e-14
4.334053999999999881e-13
1.124697000000000029e-13
2.213901000000000110e-13
1.495622000000000036e-13
5.852436000000000027e-15
6.798037999999999886e-14
9.781153999999999272e-15
6.443097999999999684e-14
1.135805999999999997e-13
6.318463000000000135e-14
2.193038000000000071e-13
1.630554000000000092e-13
3.814920999999999734e-14
4.718526000000000406e-13
7.093368999999999873e-14
4.335409000000000031e-13
2.086285000000000018e-14
3.625258999999999770e-14
6.036678999999999657e-14
7.177361999999999816e-14
2.357231000000000063e-15
3.682158000000000066e-14
4.706334000000000164e-14
3.255688000000000092e-13
5.974361999999999792e-14
2.136138999999999901e-13
9.504788999999999760e-14
3.386826000000000181e-15
2.525217999999999848e-14
4.990827000000000111e-14
3.436679999999999953e-13
2.282450000000000034e-13
6.464773999999999763e-14
1.553333999999999993e-13
1.442788000000000062e-13
6.302206000000000076e-14
6.279989000000000212e-13
1.947019000000000046e-13
2.409252999999999771e-13
6.441202000000000002e-13
6.649016999999999708e-14
3.026197000000000055e-13
8.047098999999999536e-15
1.165338999999999888e-13
2.641994999999999891e-13
5.892535999999999965e-13
4.603374000000000242e-14
3.552103000000000046e-14
1.987932000000000086e-13
5.746766999999999690e-14
6.787199999999999847e-14
3.476239000000000168e-13
5.268276000000000159e-13
2.183554999999999928e-13
3.029989999999999997e-13
1.070237000000000039e-14
1.311107999999999910e-13
3.730927999999999791e-14
8.491450999999999701e-14
2.739264999999999991e-14
3.546142999999999989e-13
2.536055999999999887e-14
1.842432999999999920e-13
2.286784999999999833e-13
1.980615999999999997e-14
8.060647000000000126e-14
5.357145999999999759e-13
9.019795999999999809e-14
4.923091000000000227e-14
2.671529000000000107e-14
1.602916999999999884e-13
9.783863999999999507e-14
1.024175999999999940e-14
1.918297999999999997e-14
1.136347999999999981e-13
1.422195999999999951e-13
1.487494000000000043e-13
1.331157999999999910e-13
6.048600999999999664e-13
3.232386999999999881e-14
1.127949000000000059e-13
2.872842000000000150e-13
2.071925000000000029e-13
3.427467999999999866e-14
2.636305999999999889e-14
7.575653000000000355e-14
8.637762000000000590e-14
9.716126999999999803e-14
8.952059000000000104e-14
1.136889999999999965e-13
3.410670000000000148e-13
9.735093000000000593e-14
5.670901999999999866e-14
9.317836000000000526e-14
7.778862999999999648e-14
2.475904999999999940e-13
9.672776000000000097e-15
6.665273999999999609e-15
8.543473000000000466e-13
7.478111999999999822e-14
1.867631000000000012e-13
3.920589999999999756e-14
9.048516000000000417e-13
1.077011000000000019e-13
1.864922000000000038e-13
1.015234999999999940e-13
1.574738999999999890e-13
1.005209999999999940e-14
4.416420999999999904e-15
2.443934000000000005e-14
1.077824000000000058e-13
3.118589999999999740e-14
3.118589999999999740e-14
2.379990999999999809e-13
3.245391999999999910e-13
5.683095000000000433e-13
4.985408000000000091e-14
8.551059000000000096e-14
1.625676999999999930e-14
8.727174000000000553e-14
3.796768000000000246e-13
5.886846000000000016e-13
1.095977000000000051e-13
8.770524999999999628e-14
2.022070999999999957e-13
6.854936000000000047e-15
6.567734000000000316e-14
1.573926000000000103e-13
6.313043999999999800e-15
4.820131000000000305e-14
7.721964000000000614e-15
2.072738000000000068e-13
1.641932999999999853e-14
6.345828999999999657e-13
6.938929999999999494e-14
5.768442999999999769e-14
3.500624000000000221e-14
5.402122999999999922e-13
1.170378999999999935e-12
3.894849999999999807e-13
2.154291999999999894e-13
2.154022000000000038e-14
1.627031000000000007e-13
1.129844999999999962e-14
1.256376999999999928e-13
1.739474000000000071e-14
1.151250000000000017e-13
3.367859999999999848e-13
1.800436999999999985e-13
6.123382000000000151e-15
3.264900999999999999e-14
7.285741000000000388e-14
6.524382000000000159e-14
6.021234999999999637e-13
3.571070000000000025e-14
1.368820000000000119e-13
6.993118999999999871e-14
2.742515999999999822e-13
2.633053999999999859e-13
2.435805000000000065e-14
8.830133000000000024e-14
1.158321999999999999e-12
7.044599000000000305e-15
1.077011000000000019e-13
3.797310000000000104e-13
2.311169999999999885e-14
2.928926999999999956e-14
1.211400000000000018e-13
4.156312999999999978e-14
3.502790999999999832e-13
1.945393000000000095e-14
2.479156999999999907e-14
9.997911000000000597e-15
2.525217999999999848e-14
2.380262000000000243e-13
3.074236000000000150e-12
2.284075999999999922e-14
1.955688999999999897e-13
7.768024999999999608e-14
1.143663999999999881e-13
1.988473000000000124e-13
2.408711000000000103e-14
1.198666000000000044e-13
4.885158000000000089e-14
5.063982999999999835e-14
2.075446999999999979e-14
2.988264999999999990e-13
5.966233000000000484e-14
4.868901000000000031e-14
2.255354999999999935e-13
2.687242999999999983e-13
3.400374000000000219e-14
1.052111000000000019e-12
2.639014999999999989e-14
2.208210999999999909e-13
4.249519000000000080e-13
1.097331999999999980e-14
4.600665000000000142e-14
6.516253999999999408e-14
7.692160000000000416e-14
1.315985000000000072e-13
1.436013999999999909e-15
6.640889000000000219e-14
2.953313000000000112e-15
2.664755000000000190e-13
4.606084000000000162e-14
8.277403000000000369e-14
5.892806999999999894e-13
4.127051000000000142e-13
1.852188000000000064e-13
3.646122000000000062e-13
1.281575000000000020e-13
1.706960000000000032e-15
5.903916000000000619e-14
8.144640000000000069e-14
1.249873999999999941e-13
1.108981999999999954e-13
2.667192999999999983e-13
2.357231000000000016e-13
1.585306000000000000e-13
1.908544000000000051e-13
2.468048000000000128e-13
2.406000999999999867e-14
9.445181000000000626e-14
2.625467999999999850e-14
5.518087999999999620e-13
1.023363000000000059e-13
1.855981000000000132e-14
2.294100999999999859e-13
1.425988999999999893e-13
1.422467000000000006e-14
1.360149000000000006e-14
9.462251000000000976e-13
1.184033999999999991e-13
3.115879999999999821e-14
2.988536000000000171e-14
4.259272999999999899e-14
4.952894999999999794e-14
2.378906999999999905e-14
1.511878999999999969e-14
2.121236999999999991e-13
6.540639000000000217e-14
4.470611000000000100e-15
3.684867000000000008e-15
7.233718999999999623e-13
2.115817999999999972e-13
2.570195000000000137e-13
1.567423000000000116e-13
1.003583999999999988e-13
4.720693999999999837e-13
7.066273999999999775e-14
7.746348999999999530e-14
8.926318999999999903e-13
5.429760000000000256e-14
1.153417999999999953e-13
6.330385000000000395e-13
5.174258000000000468e-13
9.087531999999999693e-14
1.728636000000000032e-14
3.944974999999999934e-14
7.543140000000000057e-14
1.626760000000000078e-13
1.063111000000000073e-12
2.406000999999999867e-14
4.131656999999999870e-13
8.887031999999999689e-14
2.807002000000000011e-14
6.413294000000000117e-14
7.077111999999999814e-14
3.715484000000000024e-13
2.006356000000000009e-13
7.188199999999999855e-14
9.019795999999999809e-14
1.580157999999999910e-13
2.809711000000000111e-14
1.382366999999999879e-13
2.630886999999999870e-14
1.637598000000000117e-13
8.765105999999999608e-14
1.656023000000000112e-13
2.284075999999999922e-14
2.494871999999999792e-13
1.007920000000000017e-14
6.789909000000000578e-14
2.793454000000000052e-14
1.793663000000000132e-14
4.619631000000000301e-14
6.367233000000000176e-15
2.510586999999999993e-13
3.048144000000000062e-13
5.034179000000000268e-14
1.829698999999999947e-13
2.832742000000000149e-13
9.239262000000000602e-15
5.240368999999999842e-13
1.936451999999999936e-13
6.231760000000000114e-15
6.657146000000000278e-14
1.616735000000000078e-13
1.830782999999999915e-13
6.429009000000000318e-13
6.499997000000000611e-14
9.599619999999999742e-14
1.144204999999999919e-13
3.736889000000000174e-13
8.453518000000000510e-15
3.741765999999999831e-14
1.598582000000000084e-13
8.277403000000000369e-14
4.470611000000000100e-15
1.918569000000000052e-13
1.408920000000000025e-14
1.141008000000000059e-12
4.096705000000000213e-14
8.773235000000000179e-14
6.497287999999999880e-14
2.643079000000000112e-13
1.058856999999999953e-13
5.689867999999999867e-15
4.080448000000000154e-14
1.423551000000000100e-13
1.271279000000000090e-13
2.162150000000000157e-14
9.586073000000000234e-14
5.180489000000000076e-14
1.704251000000000106e-13
8.472485000000000173e-14
1.014150999999999972e-13
3.444808999999999766e-13
8.022984999999999665e-13
1.646269000000000041e-13
2.575885000000000085e-13
2.538764999999999987e-14
9.675485000000000197e-14
1.802063000000000063e-13
8.697370000000000355e-15
7.025632000000000168e-14
9.908499000000000318e-14
1.175092999999999959e-13
3.572424000000000228e-13
8.523963999999999998e-14
4.641306999999999749e-14
1.438724000000000065e-14
2.728426999999999952e-14
4.649434999999999868e-14
7.098787999999999892e-15
2.118799000000000136e-14
4.011899000000000231e-13
1.950811999999999878e-15
2.151854000000000102e-13
2.766360000000000089e-14
2.128010999999999908e-13
1.196226999999999927e-13
4.723131999999999630e-13
4.012712000000000270e-14
1.918297999999999997e-14
6.332009999999999643e-14
1.178615999999999981e-14
3.094203999999999742e-14
1.226301999999999928e-13
4.544850000000000067e-13
2.708105999999999770e-13
1.406751999999999931e-13
1.189723999999999940e-13
3.877239000000000050e-14
1.717526999999999937e-13
1.402688000000000061e-13
4.570860999999999944e-14
2.489994999999999946e-14
3.245934000000000020e-14
3.034595999999999977e-15
3.644224999999999928e-14
9.672776000000000097e-15
3.273028999999999866e-13
1.035827000000000050e-13
3.021861999999999751e-13
1.040432999999999999e-14
4.378489000000000060e-14
8.244890000000000071e-14
1.784992999999999965e-13
4.684658000000000086e-14
1.398623999999999938e-13
8.022713999999999988e-14
1.459316000000000049e-13
1.107058999999999958e-12
2.738451999999999952e-13
3.602498999999999976e-13
2.093601000000000108e-13
1.941600000000000027e-13
5.474195000000000183e-13
1.095434999999999941e-13
1.398081999999999986e-14
4.478739000000000188e-13
3.656689000000000172e-13
7.646098999999999528e-14
7.261355999999999263e-15
1.634888999999999891e-13
1.815338999999999816e-15
5.473111000000000120e-15
7.480822000000000373e-14
3.411210999999999807e-14
3.443725000000000051e-13
3.243224999999999921e-14
3.468109999999999866e-15
2.782886999999999752e-13
2.137764999999999979e-13
3.947684999999999854e-14
9.090242000000000244e-14
5.540848000000000298e-14
9.157978000000000128e-14
3.934136999999999895e-14
1.110878999999999961e-13
4.316171000000000249e-13
5.427049999999999705e-14
1.412170999999999951e-13
1.069694999999999992e-13
4.142765999999999839e-14
1.365568000000000026e-14
1.317069000000000040e-13
8.160897000000000128e-14
1.999582000000000155e-14
1.628385999999999904e-13
2.840816000000000120e-12
2.053770999999999900e-14
3.213420999999999723e-14
2.757147999999999875e-13
1.520007999999999908e-14
2.495413999999999966e-14
9.932883999999999866e-14
3.741765999999999831e-14
1.333055000000000044e-14
4.562732000000000005e-14
2.563962999999999826e-13
2.235305000000000061e-14
1.271820999999999948e-13
1.064817999999999957e-13
5.115462000000000291e-14
4.776779999999999968e-14
1.557939999999999910e-14
2.857939000000000168e-13
4.045224999999999936e-14
2.097123000000000057e-14
7.499787999999999900e-14
5.684449000000000005e-14
2.890724000000000214e-13
8.029217000000000481e-13
7.778862999999999648e-14
3.054103999999999867e-13
5.347392000000000445e-13
7.494368999999999881e-14
1.555231000000000126e-14
9.672776000000000097e-15
3.993746000000000111e-14
3.212066000000000078e-13
1.845143000000000093e-14
2.987723000000000132e-13
2.474821999999999792e-13
1.807211000000000091e-14
4.881364999999999769e-13
1.528136000000000028e-14
5.337909000000000050e-13
2.174072000000000038e-13
4.657563999999999807e-14
1.358795000000000119e-13
1.423279999999999919e-13
7.545848999999999526e-14
3.148393999999999938e-14
3.507667999999999993e-13
1.618089999999999975e-13
9.285323000000000228e-14
2.040224000000000077e-14
2.495956000000000013e-13
3.809501999999999715e-14
1.959210999999999910e-13
9.737802999999999881e-14
2.398143999999999803e-13
8.365731999999999679e-13
1.213838999999999883e-13
1.602104000000000097e-13
1.208148999999999934e-13
1.742182999999999855e-14
3.669965000000000004e-13
7.816794999999999965e-14
7.694868999999999884e-14
7.068984000000000325e-14
3.999164000000000311e-14
6.803456999999999906e-14
3.546142999999999989e-13
6.175944999999999692e-13
9.928006999999999704e-13
1.410273999999999944e-13
3.813295000000000161e-13
2.887202000000000202e-13
5.318672000000000215e-14
4.822028000000000060e-13
1.143393000000000079e-14
4.520193999999999833e-13
3.768860000000000109e-14
4.162003000000000052e-13
6.199247000000000605e-14
1.517297999999999989e-14
1.704522000000000035e-13
2.116088999999999901e-14
1.869798999999999947e-13
1.952166999999999885e-13
2.508960999999999915e-13
8.672172000000000138e-13
1.446851999999999869e-14
2.389744999999999944e-14
3.362441000000000081e-14
1.845685000000000077e-13
2.672070000000000144e-13
3.265170999999999982e-13
1.115214000000000013e-13
1.661170999999999950e-13
3.927092999999999996e-13
1.191079000000000089e-13
1.734054999999999933e-15
5.926675000000000088e-13
1.389954000000000024e-14
5.259063999999999819e-14
2.608127000000000202e-13
1.234972000000000031e-13
9.499369999999999740e-14
6.258855000000000212e-15
1.108170000000000019e-14
1.288078000000000007e-13
2.102270999999999959e-13
3.267610000000000099e-14
3.973696000000000237e-13
8.742075999999999958e-13
5.272610999999999958e-14
8.840971000000000063e-14
1.709669999999999873e-14
1.242288000000000058e-13
3.691912000000000011e-13
7.973943999999999632e-14
2.871216000000000072e-13
7.083072999999999944e-13
4.246537999999999853e-13
4.351394000000000088e-13
5.012503000000000190e-14
1.142038000000000056e-13
7.258646000000000290e-14
1.089203000000000009e-13
2.807813999999999914e-13
1.674446999999999971e-14
2.032366999999999886e-13
1.980615999999999997e-14
2.359941000000000062e-14
5.416213000000000117e-14
9.217586000000000524e-14
3.067110000000000095e-14
6.093578000000000584e-14
7.315544999999999955e-14
4.172570000000000036e-14
1.550082999999999909e-13
1.658189999999999912e-14
3.110460999999999801e-14
2.322007999999999924e-14
3.213421000000000228e-13
5.256354000000000373e-15
3.893495000000000289e-14
3.655062999999999968e-14
5.768442999999999769e-14
1.090286999999999977e-13
3.191202999999999786e-13
3.620111000000000184e-13
6.879322000000000361e-14
1.251012000000000082e-12
8.396619999999999718e-14
2.333117000000000145e-13
8.667294999999999976e-13
4.525070999999999995e-13
1.011983999999999982e-13
3.019693999999999815e-13
1.562545999999999954e-13
1.465818000000000028e-14
2.440682000000000101e-13
1.934826000000000110e-13
2.659878000000000028e-13
1.573383999999999993e-13
6.611085000000000021e-15
1.864379999999999928e-13
1.370445000000000125e-13
7.862855999999999591e-14
1.295691000000000078e-12
2.203334000000000000e-13
7.878841999999999721e-13
1.657919000000000046e-13
1.815610000000000076e-13
1.522988000000000063e-13
5.906624999999999615e-15
6.024757999999999722e-13
4.064191999999999915e-13
1.888494000000000114e-14
2.010419999999999879e-13
1.613483999999999994e-13
1.931845999999999956e-14
3.008585999999999919e-13
6.979572000000000363e-14
2.852249999999999787e-13
9.483114000000000448e-15
3.874529000000000130e-14
1.121445999999999945e-13
1.119819999999999993e-13
2.458565000000000238e-13
7.336408000000000499e-13
2.149144000000000056e-13
4.546475999999999766e-14
1.139598999999999939e-13
4.551894999999999786e-14
5.814502999999999574e-14
1.158295000000000115e-13
1.751666999999999881e-13
3.555354999999999950e-13
7.274632000000000420e-13
1.257189999999999967e-13
4.337846999999999823e-14
6.489159000000000572e-14
7.348058000000000253e-14
6.711334999999999897e-13
1.524885000000000070e-13
4.293953999999999881e-13
1.167507000000000076e-13
2.181116000000000001e-14
2.675050999999999867e-13
3.960689999999999757e-13
5.432468999999999725e-14
3.093934000000000012e-13
8.534260000000000432e-13
6.651727000000000259e-14
7.524172999999999447e-14
6.136928999999999659e-14
1.085139000000000012e-13
2.743329000000000114e-13
2.113651000000000108e-13
1.882263000000000065e-13
2.644434000000000009e-14
2.216610000000000084e-13
1.072946999999999959e-14
4.130844000000000084e-13
4.413712000000000278e-14
1.002500999999999966e-13
1.679595000000000125e-13
4.985408000000000249e-15
1.557398000000000116e-13
3.251353000000000119e-15
6.134220000000000190e-14
4.232177999999999801e-14
7.020213999999999969e-14
4.852644999999999792e-14
4.340556999999999743e-14
3.033242000000000153e-13
7.876403000000000361e-14
1.724029999999999925e-13
1.088389999999999970e-13
3.226426000000000130e-13
1.434388999999999887e-13
2.294100999999999859e-13
2.671529000000000107e-14
2.788305999999999772e-13
1.114672000000000029e-13
1.631095999999999950e-14
2.539307000000000097e-13
3.224258999999999841e-15
1.121717000000000000e-14
5.360397999999999915e-13
6.592932000000000407e-13
8.421005000000000528e-14
1.308670000000000023e-14
5.291577000000000117e-14
3.817901999999999962e-13
7.025632000000000168e-14
1.184034000000000023e-14
3.378698000000000140e-14
3.505501000000000130e-13
3.354312999999999962e-14
7.152977000000000269e-15
1.761150000000000150e-14
3.646934999999999848e-14
5.616713000000000121e-14
2.395163999999999964e-14
1.159107000000000081e-13
1.045309999999999940e-13
1.160191000000000049e-13
4.695496000000000125e-14
3.095559000000000017e-13
2.145893000000000099e-14
2.893703999999999864e-13
5.264482999999999839e-14
8.724464999999999822e-14
3.522298999999999848e-14
6.850600999999999680e-13
3.457272000000000064e-14
7.952267999999999553e-14
6.201956000000000074e-14
4.906292000000000436e-13
1.400790999999999928e-14
8.922255000000000537e-14
1.265047000000000032e-13
3.018339999999999738e-14
4.302624000000000236e-14
6.009584999999999379e-14
3.506583999999999773e-13
1.347144000000000040e-13
6.231759999999999641e-14
1.430595000000000126e-14
1.902042000000000073e-14
4.012441000000000088e-13
7.071692999999999794e-15
7.530133999999999830e-13
1.446851999999999869e-14
4.555958999999999530e-13
4.999497000000000341e-13
2.430386999999999866e-14
1.030136999999999976e-13
1.078636000000000025e-13
2.071111999999999990e-13
9.762187999999999428e-14
7.203372999999999946e-13
3.841744999999999904e-13
4.916045999999999750e-13
1.024989000000000011e-13
6.894223999999999765e-13
3.627967999999999870e-14
4.877029999999999970e-14
9.537302999999999246e-15
6.044808000000000227e-14
1.267214999999999968e-13
2.595663999999999967e-14
5.689867999999999867e-15
1.004125999999999972e-13
4.709043000000000264e-14
1.783638000000000068e-13
1.028511000000000024e-13
8.170921999999999623e-13
3.015629999999999819e-14
1.243372000000000026e-13
5.847016999999999692e-14
7.543140000000000057e-14
7.344536000000000240e-13
4.488222000000000078e-13
8.878768000000000604e-12
1.137432000000000075e-13
5.313253000000000195e-14
2.649853000000000028e-14
2.049707000000000093e-13
1.689078000000000015e-13
8.624214000000000000e-14
2.503542000000000085e-14
1.948101999999999879e-14
3.879948000000000150e-14
2.733845999999999971e-14
2.492704000000000046e-14
2.468048000000000128e-13
8.648600000000000630e-14
1.522445999999999953e-13
8.155478000000000108e-15
2.441494999999999888e-13
5.542203000000000068e-13
2.666110000000000087e-14
2.060544999999999880e-13
3.384117000000000160e-14
8.632613999999999995e-13
2.665297000000000048e-13
1.077118999999999987e-12
4.549184999999999866e-14
2.090619999999999881e-13
6.034241000000000117e-13
4.912253000000000188e-14
2.755522000000000050e-14
3.140265000000000251e-13
8.678404000000000197e-14
1.968151999999999942e-13
6.827841999999999453e-14
3.687576000000000265e-14
1.372341999999999879e-13
9.558978999999999956e-14
9.293450999999999401e-15
5.418921999999999744e-15
1.295663999999999890e-13
4.931218999999999715e-14
6.115253999999999400e-14
2.665567999999999977e-13
4.445683999999999780e-13
1.357169000000000041e-13
1.703708999999999996e-13
3.329927999999999783e-14
1.475842999999999965e-13
3.603582999999999691e-14
3.332636999999999883e-14
1.988744000000000116e-14
3.047330999999999771e-13
1.487223000000000114e-13
2.500832999999999985e-14
1.137322999999999959e-12
3.171695000000000149e-13
5.960814000000000464e-14
1.958939999999999918e-14
1.341183000000000005e-14
5.012503000000000190e-14
2.534700999999999864e-13
4.565441999999999925e-14
7.288449999999999541e-15
2.693204000000000050e-14
3.029176999999999958e-14
6.401372999999999930e-13
2.232325000000000033e-13
2.763379000000000114e-13
9.661937999999999426e-14
9.881404000000000220e-14
7.418503999999999426e-14
1.019000999999999971e-12
3.982908000000000230e-15
1.469070000000000121e-13
3.605208999999999769e-13
9.558978999999999956e-14
4.581428000000000055e-13
7.586490999999999763e-15
6.383490000000000550e-14
2.546893000000000106e-14
3.208001999999999703e-14
2.359941000000000062e-14
1.097874000000000058e-13
2.901833000000000182e-13
1.536535000000000076e-13
1.151521000000000041e-14
1.818047999999999995e-14
3.381678000000000043e-13
8.548350000000000628e-14
8.399329000000000449e-14
4.776238000000000110e-13
3.920589999999999756e-14
2.023425000000000034e-13
5.703414999999999533e-14
8.421817999999999809e-13
1.975196999999999977e-14
4.874320000000000050e-14
4.215920999999999742e-14
7.253227000000000270e-14
3.500624000000000221e-14
1.482075000000000087e-14
7.009375999999999930e-14
7.380572000000000371e-14
1.483429999999999920e-13
2.725717999999999852e-14
2.224468000000000158e-14
1.093538000000000061e-13
2.143454999999999928e-13
2.348289999999999983e-13
2.492703999999999856e-13
1.218716000000000045e-13
7.125882999999999990e-15
2.640369999999999886e-13
3.402540999999999830e-13
1.140683000000000001e-14
1.546560000000000076e-13
3.335346999999999803e-14
6.795328000000000598e-14
1.294038999999999884e-13
1.707773000000000119e-13
4.746975999999999770e-14
2.423883999999999752e-13
7.513334999999999408e-14
9.781153999999999272e-15
1.126052000000000052e-13
1.381824999999999927e-15
9.350621000000000572e-13
1.893913000000000134e-14
7.239679999999999500e-14
1.026072999999999979e-13
2.446101000000000121e-13
2.048623000000000125e-13
4.001874000000000230e-14
1.210045000000000121e-13
1.629470000000000124e-13
2.159710999999999914e-13
5.310543999999999780e-15
4.127051000000000142e-13
1.196498000000000109e-13
4.777592999999999755e-13
4.623153000000000061e-13
1.801792000000000071e-14
6.462876999999999503e-13
6.554185999999999725e-14
1.039944999999999968e-12
2.292746000000000215e-13
2.520069999999999883e-13
5.004375000000000070e-14
7.911625999999999947e-14
3.936846999999999815e-14
1.232804999999999915e-13
2.441224000000000085e-14
1.366651999999999931e-13
2.598373000000000067e-14
1.163172000000000024e-13
8.128383000000000010e-15
5.061272999999999915e-14
3.435596999999999805e-14
3.167360000000000097e-14
1.956231000000000134e-14
1.679865999999999951e-15
1.656294000000000041e-13
2.384055000000000185e-13
1.060753999999999960e-13
9.174235000000000187e-14
2.392454000000000044e-14
1.660900000000000148e-14
1.450373999999999945e-13
2.052688000000000068e-13
1.559295000000000123e-13
1.532741999999999882e-13
4.709043000000000264e-14
5.045015999999999856e-14
3.774279000000000128e-14
4.218631000000000293e-14
1.096519000000000035e-13
6.033970000000000188e-14
8.865355999999999610e-14
1.745706000000000003e-13
1.521064000000000071e-12
3.473529000000000122e-14
1.583679999999999922e-13
1.727551999999999938e-13
7.930591999999999475e-14
1.265318000000000024e-14
2.270527999999999963e-14
1.205710000000000070e-13
7.736052999999999853e-13
4.492015000000000020e-13
5.635679000000000280e-15
7.437471000000000036e-14
8.232968000000000064e-13
3.022675000000000042e-13
1.224133999999999992e-13
5.269359999999999875e-13
1.724301000000000106e-13
1.303251000000000003e-14
8.887032000000000004e-15
2.880428000000000033e-13
1.025259999999999940e-13
4.340556999999999743e-14
2.175696999999999981e-14
3.202583000000000314e-14
3.343475000000000049e-13
3.158961000000000175e-13
2.119610999999999913e-13
1.146644000000000036e-13
6.919963000000000147e-14
1.158295000000000115e-13
1.177640000000000019e-12
5.129010000000000250e-14
6.258854999999999739e-14
6.035053000000000336e-13
1.460399000000000008e-14
2.541474000000000087e-14
9.724797999999999979e-13
1.014964000000000011e-13
1.449562000000000104e-14
2.999101999999999957e-13
7.345348999999999522e-14
1.688807000000000086e-13
8.326174000000000545e-14
1.387243999999999946e-14
1.015505999999999995e-13
3.004520999999999977e-13
2.353709000000000003e-13
3.623090999999999834e-13
1.584763999999999890e-13
2.205229999999999934e-13
8.532093000000000569e-14
6.476695999999999770e-13
7.927883000000000006e-14
1.016319000000000034e-13
7.015877999999999845e-13
2.972279000000000113e-14
4.321589999999999764e-14
2.273237999999999883e-14
2.227176999999999942e-13
8.494160000000000431e-14
1.221967000000000002e-14
7.393847999999999697e-13
6.313043999999999800e-15
9.206749000000000305e-14
2.197373000000000059e-14
1.203001000000000001e-14
1.652770999999999956e-13
1.530845000000000128e-14
3.053562999999999956e-14
2.798873000000000071e-14
3.118589999999999740e-14
3.855562999999999972e-14
1.314089000000000043e-14
5.093787000000000033e-15
1.968694000000000053e-13
1.259899000000000004e-14
8.055228000000000106e-14
7.369734000000000016e-15
8.849099999999999371e-14
2.996393000000000236e-13
5.364733000000000156e-15
3.412837000000000011e-13
2.282720999999999962e-13
6.028551000000000168e-14
2.145079999999999933e-13
2.140473999999999921e-15
4.175279000000000136e-14
2.227176999999999942e-14
2.115817999999999972e-13
7.117753999999999420e-14
2.031011999999999990e-13
6.665273999999999609e-15
6.502706000000000238e-15
3.557522000000000066e-14
1.675260000000000073e-13
1.871154000000000097e-13
1.306501999999999929e-13
2.526842999999999980e-13
5.231968999999999721e-14
5.421361000000000208e-13
7.337220000000000214e-14
1.432220999999999951e-13
2.807813999999999914e-13
7.765315000000000320e-14
9.683613999999999505e-14
1.232263000000000058e-13
4.308042999999999940e-15
1.958939999999999918e-14
3.814378999999999877e-13
5.096496000000000133e-14
2.918089999999999736e-14
4.849935000000000187e-15
3.709794000000000075e-13
2.666110000000000087e-14
9.510208000000000726e-15
6.922402000000000012e-13
1.262608999999999924e-14
1.349853000000000014e-13
2.185179999999999934e-13
1.747601999999999875e-14
9.290742000000000248e-14
8.177153000000000367e-14
2.524947000000000045e-13
9.157978000000000128e-15
4.026801000000000140e-13
3.300124000000000217e-14
4.462482000000000003e-14
1.748116999999999911e-12
8.859937999999999411e-14
1.707231000000000008e-13
1.441432999999999849e-14
2.546622000000000051e-13
8.263855999999999283e-15
1.934555000000000055e-14
1.977906999999999976e-15
2.468318999999999867e-14
5.538137999999999747e-14
3.768860000000000109e-14
3.394955000000000199e-14
7.312834999999999404e-14
1.119006999999999954e-13
8.353267999999999561e-14
1.956231000000000134e-14
4.527508999999999788e-14
2.321845999999999960e-12
1.684472000000000034e-13
1.082158999999999984e-13
8.133802000000000030e-14
9.315126999999999795e-14
7.749059000000000081e-14
4.963732999999999833e-14
7.778862999999999648e-14
3.354042000000000159e-13
2.955479999999999944e-13
7.209875999999999933e-14
9.808248999999999370e-15
2.401123999999999958e-13
9.063147000000000146e-14
4.301811000000000197e-13
8.873214000000000000e-13
1.357440000000000064e-14
3.479218999999999819e-13
5.478529999999999982e-14
2.906438999999999910e-13
1.637056000000000007e-13
5.809083999999999555e-14
1.182164999999999941e-12
1.431950000000000023e-13
1.479365999999999987e-14
1.667673000000000118e-13
3.747184999999999850e-14
9.223005000000000543e-14
1.384535000000000004e-14
2.825967999999999854e-14
1.483429999999999920e-13
6.005791000000000374e-13
3.713857999999999946e-13
2.550686999999999994e-13
1.934555000000000055e-14
9.201330000000000285e-14
7.979362999999999651e-14
4.988118000000000011e-14
5.937513000000000128e-13
1.772529000000000100e-13
4.014878999999999881e-13
9.456019000000000350e-15
1.362858999999999926e-14
2.938951999999999956e-13
1.407835999999999899e-13
2.676946999999999991e-14
5.283448999999999682e-15
4.907376000000000152e-13
2.046185000000000081e-13
6.329301000000000174e-14
1.719829999999999953e-12
1.037724000000000057e-14
1.210316000000000050e-13
2.129636000000000040e-14
1.150707999999999907e-13
1.024717999999999956e-13
1.300540999999999926e-14
8.345139999999999757e-15
4.237596999999999821e-14
3.191474000000000220e-13
3.833886999999999893e-14
2.606230999999999762e-13
1.203813999999999883e-13
2.416838999999999907e-14
5.521882000000000139e-14
2.197373000000000123e-13
1.557939999999999910e-14
4.500686000000000196e-13
2.335825999999999866e-13
8.364105999999999600e-14
1.853270999999999897e-14
1.234727999999999987e-12
4.345974999999999942e-14
1.490204000000000026e-14
2.236117999999999974e-13
1.538974000000000067e-14
2.142370999999999960e-13
8.643180999999999979e-15
8.873485000000000181e-14
8.832842999999999628e-15
2.086826999999999939e-13
3.116150999999999876e-13
1.236055999999999999e-13
3.278447999999999823e-15
1.170487000000000041e-14
6.188409000000000566e-14
6.305457999999999727e-13
5.838347000000000346e-13
7.765585999999999744e-13
1.798269000000000049e-13
6.525466000000000379e-13
3.029448000000000139e-13
8.087741000000000404e-14
8.209667000000000484e-15
1.982675000000000132e-12
4.196955000000000215e-14
4.161731999999999997e-14
2.646872000000000053e-13
2.026676999999999938e-14
1.667402000000000088e-12
1.956231000000000134e-14
1.777135000000000081e-13
9.293450999999999716e-14
2.040224000000000077e-14
4.186117000000000176e-14
8.930383999999999846e-14
2.013130000000000114e-14
1.761150000000000150e-14
3.522298999999999848e-14
1.690704000000000030e-14
6.258855000000000212e-15
3.847435000000000168e-15
3.129156999999999851e-13
1.361775000000000021e-13
1.807211000000000091e-14
3.205291999999999783e-14
5.367441999999999941e-14
6.231760000000000114e-15
1.464735000000000069e-13
6.490785000000000398e-13
5.543556999999999766e-14
1.871966999999999883e-13
1.768194000000000049e-13
1.015506000000000096e-12
2.977697999999999880e-13
5.310544000000000096e-14
1.433305000000000046e-14
4.248434999999999860e-14
1.330344999999999966e-14
5.771152000000000342e-15
6.226340999999999621e-14
3.413920999999999884e-15
1.799082000000000151e-14
1.238224000000000061e-14
1.495621999999999910e-14
3.274384000000000015e-13
4.795203999999999890e-13
1.471236999999999984e-13
5.555207999999999971e-13
7.231280999999999831e-13
4.346787999999999855e-13
1.723217000000000012e-14
1.734055000000000051e-14
9.025214999999999828e-14
3.354313000000000088e-13
4.680322999999999908e-13
2.101729000000000101e-13
3.576489000000000044e-15
3.359731999999999903e-15
2.359941000000000062e-14
6.145058000000000229e-14
1.244997000000000031e-13
5.825340999999999929e-15
3.928718000000000033e-15
4.676530000000000471e-13
1.590454000000000028e-14
6.355041000000000123e-13
3.519589999999999748e-14
6.477237999999999628e-13
1.051000000000000015e-13
1.270736999999999980e-13
2.632512000000000001e-13
1.896622999999999896e-15
4.690077000000000105e-14
5.493431999999999892e-13
9.103788999999999752e-14
2.213630000000000118e-14
2.555022000000000046e-14
3.884825000000000059e-13
5.007084000000000170e-14
2.780719999999999889e-13
1.326551999999999930e-13
2.242891999999999891e-13
1.384535000000000004e-14
9.157978000000000128e-15
2.568568999999999869e-14
3.223445999999999975e-13
5.364733000000000156e-15
6.210084999999999382e-14
4.863482999999999831e-14
4.010001999999999719e-14
3.552103000000000046e-14
2.018547999999999998e-14
9.537302999999999246e-15
2.462899999999999848e-14
2.543100000000000039e-13
5.082948999999999994e-14
1.375322000000000034e-13
6.039389000000000208e-14
4.765941999999999929e-14
3.543974999999999927e-14
3.826030000000000207e-13
5.251206000000000314e-13
1.803145999999999959e-13
5.138492999999999762e-13
7.169234000000000327e-14
1.452000000000000073e-12
2.953313000000000112e-15
1.748144000000000048e-13
5.825340999999999614e-14
1.013338000000000059e-14
5.446016999999999842e-15
1.124425999999999942e-14
5.500206000000000060e-14
1.544663999999999889e-13
2.817839000000000167e-13
1.262391999999999979e-12
1.000333000000000030e-13
2.132075000000000031e-13
4.454353999999999884e-13
4.470611000000000100e-15
9.049599999999999375e-15
2.088994000000000118e-14
4.942598999999999991e-13
3.847434999999999852e-14
4.943682999999999706e-13
7.516044999999999959e-14
1.137974000000000059e-14
8.697370000000000355e-15
5.229260000000000095e-15
2.519798999999999828e-15
2.460191000000000064e-14
6.583990000000000554e-14
1.866818999999999856e-14
3.741765999999999831e-14
1.438995000000000120e-13
8.507708000000000706e-15
1.811275000000000024e-13
2.086285000000000018e-14
1.519195000000000122e-13
2.543100000000000039e-13
1.816964999999999973e-13
3.587326000000000264e-14
5.635679000000000280e-15
5.882240000000000541e-14
1.408920000000000025e-14
3.197164000000000137e-15
5.202164999999999996e-15
1.246352000000000062e-15
8.865355999999999610e-14
9.098641000000000671e-13
5.677947000000000343e-13
1.284285000000000066e-13
4.969964000000000450e-13
8.033552000000000028e-14
1.211128999999999963e-14
1.907461000000000093e-14
6.665273999999999609e-15
2.384326000000000161e-15
5.744328000000000078e-13
1.574467999999999961e-13
1.559566000000000051e-13
8.892450999999999708e-14
5.104625000000000072e-14
3.726322000000000063e-13
9.280175000000000895e-13
2.107961000000000097e-14
2.725717999999999852e-14
3.798664000000000307e-14
2.286785000000000022e-14
4.253854000000000353e-15
3.549393999999999946e-15
3.500082000000000110e-13
2.889098000000000136e-13
3.901624000000000228e-14
1.380470000000000125e-13
1.935638999999999897e-13
6.849516999999999712e-14
1.860316000000000057e-13
1.571486999999999970e-15
8.868878999999999695e-13
2.988264999999999990e-13
5.008167999999999507e-13
6.120671999999999600e-14
3.766150999999999693e-15
2.005001000000000112e-13
1.250145000000000122e-13
4.538346999999999827e-14
3.109377000000000212e-13
3.441015999999999982e-15
8.003748000000000461e-14
3.581907000000000244e-14
1.084325999999999973e-13
8.987281999999999691e-14
2.083575999999999918e-14
6.367233000000000176e-15
2.601082999999999908e-15
1.192163000000000057e-13
8.407457999999999757e-14
7.740929999999999510e-14
2.152666999999999889e-13
6.746558000000000241e-14
2.899122999999999758e-14
2.655271999999999890e-15
6.803456999999999906e-14
8.770524999999999628e-14
8.941221000000000381e-16
3.202583000000000314e-14
1.313004999999999917e-13
8.439971000000000055e-14
7.635260999999999489e-14
3.235095999999999981e-14
4.870797999999999659e-13
2.327426999999999944e-14
3.611712000000000262e-14
1.133367999999999952e-13
3.470820000000000023e-14
7.667774999999999606e-14
2.303042000000000081e-15
9.957268999999999413e-14
6.792889999999999543e-13
3.478948000000000142e-14
6.787199999999999847e-14
1.939703000000000020e-13
2.598373000000000067e-14
4.736137999999999731e-14
7.226132999999999992e-14
3.062504000000000114e-13
4.020839999999999758e-14
2.472653999999999856e-13
1.056012000000000004e-12
9.428924000000000567e-14
1.725926999999999932e-14
2.224468000000000158e-14
8.122963999999999990e-14
1.723488000000000067e-13
9.564396999999999524e-15
2.438515000000000143e-15
2.414943000000000224e-13
3.386283999999999771e-13
4.844515999999999852e-14
1.002500999999999997e-14
5.362022999999999921e-14
1.950812000000000114e-14
9.808248999999999370e-15
3.955813000000000131e-15
3.728217999999999872e-14
8.567316000000000155e-14
2.175696999999999981e-14
1.592891999999999883e-13
3.260564999999999749e-13
8.318044999999999659e-15
1.421111999999999983e-13
1.614838999999999891e-14
3.262191000000000079e-14
1.092997000000000023e-13
3.468109999999999866e-15
3.630677999999999632e-15
1.238224000000000061e-14
2.189244999999999940e-14
3.949852000000000222e-13
2.755522000000000050e-14
1.110878999999999961e-14
4.040076999999999972e-13
1.314089000000000043e-14
1.484513999999999888e-13
1.339557999999999905e-13
6.638179999999999488e-14
4.280947999999999842e-15
1.761150000000000031e-15
1.056690000000000019e-15
1.967068999999999858e-14
1.536264000000000147e-14
2.376468000000000229e-13
2.744684000000000011e-14
4.618546999999999828e-13
3.644495999999999984e-13
6.418713000000000137e-14
1.394560000000000068e-13
1.910169999999999877e-14
1.514588999999999889e-14
1.579615999999999989e-14
2.844934000000000013e-14
2.427676999999999946e-14
9.109207999999999771e-14
3.312587000000000009e-13
4.549184999999999866e-14
1.685285000000000010e-14
1.091912999999999960e-14
3.142975000000000155e-15
2.097123000000000057e-14
9.456019000000000350e-15
5.960814000000000464e-14
1.525426999999999928e-13
1.482075000000000087e-14
7.537721000000000037e-14
7.266773999999999778e-14
2.880157000000000104e-13
8.778653999999999252e-15
8.562168000000000317e-13
1.774697000000000036e-13
2.359941000000000062e-14
3.064400000000000175e-14
3.743933000000000199e-13
1.429511999999999978e-13
1.081075000000000079e-14
1.635701999999999930e-13
1.135264000000000038e-12
5.624840999999999862e-13
7.841179999999999512e-14
2.100373999999999952e-13
2.224468000000000158e-14
9.756768999999999409e-14
2.953313000000000112e-15
7.857437000000000478e-16
2.256981000000000140e-14
9.296161000000000267e-14
3.763441000000000089e-14
9.404538999999999758e-14
4.405584000000000158e-14
1.674717999999999963e-13
3.169527999999999780e-13
5.684448999999999501e-13
2.408439999999999984e-13
2.100644999999999881e-13
5.454144999999999804e-14
1.017674000000000057e-13
3.500624000000000221e-14
7.922463999999999987e-14
1.977906999999999976e-15
1.221967000000000002e-14
3.901623999999999755e-15
4.010001999999999719e-15
1.368548999999999938e-13
1.641932999999999916e-13
1.981700000000000028e-13
2.592954000000000048e-14
2.094141999999999893e-13
6.107125000000000092e-14
1.110878999999999961e-14
3.950393999999999954e-14
6.854936000000000047e-15
1.339286999999999976e-13
1.566068000000000030e-14
1.323572000000000027e-13
3.109648000000000140e-13
1.915047000000000039e-13
2.639557000000000099e-13
2.634138000000000080e-13
2.348289999999999983e-13
5.884949000000000009e-14
3.245934000000000020e-14
4.874320000000000050e-14
4.544579000000000138e-13
2.869319000000000191e-14
4.467630000000000220e-13
5.546266999999999686e-14
5.949976000000000425e-14
8.399328999999999936e-16
6.773652999999999590e-16
9.591491999999999622e-15
3.836596999999999813e-14
1.845413999999999895e-13
2.045643000000000097e-14
2.007711000000000095e-14
6.015003000000000367e-15
6.659854999999999747e-14
4.824465999999999852e-13
7.694869000000000516e-15
4.848310000000000371e-13
1.191891999999999876e-13
1.127136000000000020e-14
8.399328999999999936e-16
2.022883999999999996e-13
1.668485999999999904e-13
6.294078000000000588e-14
1.538973999999999941e-13
8.480613000000000608e-15
1.162358999999999922e-14
1.230094999999999964e-14
9.615876999999999801e-14
1.538974000000000067e-14
2.200081999999999844e-14
3.124008999999999760e-14
8.112125999999999951e-14
4.830155999999999800e-13
3.944974999999999934e-14
7.494910999999999991e-13
1.400790999999999928e-14
2.248853000000000099e-15
5.256354000000000373e-15
5.605875000000000082e-14
1.286993999999999945e-14
5.906624999999999615e-15
6.993118999999999871e-14
9.870567000000000001e-14
5.473110999999999962e-14
6.071902000000000505e-14
2.927030999999999769e-13
1.105459999999999941e-14
3.760189999999999753e-13
1.740016000000000055e-13
3.324780000000000198e-13
3.067110000000000095e-14
2.381887000000000249e-13
1.406209999999999947e-14
1.151521000000000041e-14
1.043141999999999941e-14
3.431802999999999791e-13
9.871920999999999573e-13
3.793516000000000090e-13
5.023341000000000229e-14
1.357440000000000064e-14
1.359066000000000048e-13
9.103788999999999752e-15
2.728426999999999952e-14
2.186263999999999902e-13
4.172569999999999879e-15
4.321589999999999764e-14
8.047098999999999536e-15
2.694829999999999938e-13
1.213839000000000041e-14
2.327426999999999944e-14
2.733846000000000224e-13
1.133908999999999990e-13
7.564815000000000316e-14
1.336794000000000090e-12
7.177361999999999563e-13
3.446162999999999843e-13
2.024509000000000002e-13
1.655481000000000128e-14
1.194329999999999920e-13
1.034472000000000027e-13
2.078156999999999899e-14
4.047934999999999856e-14
8.109417000000000482e-14
3.966651000000000013e-14
1.902042000000000073e-14
2.573987999999999810e-15
2.471027999999999967e-14
8.179862999999999655e-14
1.067527999999999940e-14
5.565232999999999845e-14
1.408107000000000081e-13
1.411357999999999912e-13
2.495413999999999966e-14
1.548457000000000083e-13
1.132283999999999985e-13
4.340556999999999743e-14
3.126717999999999860e-14
2.977698000000000132e-14
3.305542000000000101e-15
5.554394999999999806e-15
5.397246000000000139e-14
9.927464999999999846e-14
1.228063000000000035e-12
4.397455000000000219e-14
9.136302999999999869e-14
1.590454000000000028e-14
2.517088999999999909e-14
5.681739999999999906e-14
2.140473999999999953e-13
7.223422999999999441e-14
2.977698000000000132e-14
1.131470999999999945e-13
1.465818000000000028e-14
2.831116000000000071e-13
1.097331999999999980e-14
7.938721000000000361e-15
3.197164000000000137e-15
7.017504000000000207e-15
3.115880000000000057e-15
5.077529999999999974e-14
2.931636999999999875e-14
2.042120999999999958e-13
3.694892000000000166e-13
1.247164999999999967e-13
6.443097999999999684e-14
3.764254000000000128e-13
3.929802000000000222e-13
1.779844999999999874e-13
5.771152000000000342e-15
8.892450999999999708e-14
3.655062999999999968e-14
6.204666000000000625e-14
9.634843000000000591e-14
1.398081999999999986e-14
1.645998000000000112e-13
2.616796999999999800e-13
4.512606999999999878e-13
1.698289999999999976e-13
5.586908999999999923e-14
3.305541999999999785e-14
2.065963999999999900e-13
4.711753000000000184e-14
2.932992000000000151e-13
5.906624999999999615e-15
4.405312999999999851e-13
2.804428000000000054e-12
1.202703000000000030e-12
1.737035000000000080e-13
2.379448999999999952e-13
4.714462000000000126e-15
1.702354000000000099e-13
1.330616000000000053e-13
1.278866000000000046e-13
1.005209999999999940e-13
8.767816000000000412e-13
1.416235000000000074e-13
4.600665000000000142e-14
3.357022000000000062e-14
1.354730999999999964e-14
2.153751000000000109e-13
1.578532000000000084e-13
2.636305999999999889e-14
1.140954000000000088e-13
1.002501000000000037e-15
1.002501000000000037e-15
1.579615999999999989e-14
4.134637999999999719e-14
7.288449999999999857e-14
1.547101999999999871e-14
6.537928999999999667e-14
7.372442999999999800e-14
2.590244999999999948e-14
3.871820000000000031e-14
2.601082999999999987e-14
5.716963000000000123e-14
1.273446999999999963e-15
2.140473999999999921e-15
1.089663999999999910e-12
4.231906999999999872e-13
3.149477999999999780e-13
2.911045000000000144e-13
3.928718000000000033e-15
3.239972999999999891e-13
1.658189999999999912e-14
1.869095000000000125e-12
8.263855999999999283e-15
6.250727000000000251e-14
3.991036000000000191e-14
9.266357000000000700e-15
1.410273999999999944e-13
5.039597999999999657e-15
2.426592999999999978e-13
4.714462000000000126e-15
5.129552000000000234e-13
2.036593000000000024e-12
1.758439999999999914e-14
2.033720999999999963e-13
1.108711000000000025e-13
8.372234999999999855e-15
1.501040999999999930e-14
1.014964000000000011e-13
1.474975999999999954e-12
2.543641999999999896e-13
4.010001999999999719e-14
6.638180000000000120e-15
3.168444000000000065e-13
2.224468000000000158e-14
1.984679999999999930e-13
1.609148999999999942e-13
3.072529000000000115e-14
2.201707999999999922e-13
9.379882999999999524e-13
6.766608000000000241e-13
1.490204000000000026e-14
1.205709999999999943e-14
1.236055999999999999e-13
1.291166999999999925e-12
1.360148999999999943e-13
5.245517000000000311e-14
2.506250999999999869e-14
1.148270000000000114e-13
1.673363000000000066e-13
1.759253000000000016e-13
6.426841999999999445e-14
3.617129999999999830e-14
7.399537999999999898e-14
6.613794000000000121e-14
1.503751000000000102e-13
1.365568000000000026e-14
1.469882999999999907e-13
8.793013999999999998e-13
4.503124000000000240e-14
2.391911999999999997e-13
6.046704000000000162e-13
2.113380000000000116e-14
3.877239000000000050e-14
5.236303999999999899e-13
2.172716999999999889e-13
2.189244999999999940e-14
2.113380000000000037e-15
1.056690000000000019e-15
3.294705000000000197e-14
3.522298999999999848e-15
1.013338000000000059e-14
7.264065000000000310e-14
3.605480000000000203e-13
3.711962000000000106e-15
2.178406999999999901e-14
1.395372000000000066e-14
1.296206000000000000e-13
3.814921000000000239e-13
1.961920999999999956e-13
2.433096000000000218e-13
1.189453000000000011e-13
6.762815000000000300e-14
3.413920999999999884e-15
6.547953999999999667e-13
6.505416000000000631e-14
6.315753999999999404e-14
9.479049000000000316e-13
9.726965000000000473e-15
2.996664000000000165e-13
1.891204000000000034e-14
1.923717000000000016e-14
3.454562999999999964e-14
3.321798999999999844e-14
2.900748999999999962e-13
5.448725999999999784e-14
1.365297000000000034e-13
8.212375999999999953e-14
1.217089999999999967e-13
2.403292000000000083e-14
2.376196999999999985e-14
1.528135999999999902e-13
2.678301999999999951e-13
1.232805000000000042e-14
5.456854999999999723e-14
1.307314999999999968e-13
9.084823000000000224e-14
1.299998999999999942e-13
2.746852000000000199e-13
7.341013999999999723e-13
6.275111999999999798e-14
2.866610000000000091e-14
2.999915000000000248e-13
2.546893000000000106e-15
1.666318999999999852e-14
1.021466999999999998e-14
6.258855000000000212e-15
9.791992000000000257e-14
9.043097000000000398e-13
2.610295000000000138e-13
3.046247000000000056e-13
3.882658000000000070e-14
6.342848000000000440e-13
3.381407000000000240e-14
8.361397000000000132e-14
1.652771000000000050e-15
2.668818999999999871e-14
1.097331999999999980e-14
1.178345000000000115e-13
2.349103000000000022e-14
1.797185999999999901e-13
9.347640999999999597e-15
3.912191000000000086e-13
8.150059000000000089e-14
4.167151000000000017e-14
4.635887999999999729e-14
1.339828000000000014e-13
2.555293000000000227e-13
3.500623999999999968e-13
2.204416999999999895e-13
5.150684999999999878e-14
3.332636999999999883e-14
6.397307999999999987e-13
3.199332000000000104e-13
1.026886000000000018e-13
2.953313000000000112e-15
2.192225000000000032e-13
6.746558000000000083e-15
7.182780999999999835e-14
1.434388999999999887e-13
2.670445000000000139e-13
6.123382000000000151e-15
3.251353000000000040e-14
1.235242999999999960e-13
2.070027999999999959e-14
7.096078000000000604e-14
1.673904999999999924e-13
2.178406999999999901e-14
7.090660000000000404e-14
6.015003000000000367e-15
2.083575999999999918e-14
1.431950000000000023e-13
3.367860000000000101e-14
2.113380000000000037e-15
2.330135999999999917e-13
4.523715999999999846e-13
3.949038999999999931e-13
7.694869000000000516e-15
2.487285000000000026e-14
1.436556000000000003e-13
8.423713999999999996e-14
5.366629000000000154e-13
6.264274000000000011e-13
3.191745000000000275e-14
3.216671999999999806e-13
6.218213000000000133e-14
8.190700999999999695e-14
8.647245000000000480e-13
3.863691000000000091e-14
1.086493999999999941e-14
7.120463999999999971e-14
2.744684000000000011e-14
1.091912999999999960e-14
1.395101000000000106e-13
9.808248999999999370e-15
2.246143000000000101e-14
1.344976000000000105e-13
1.907461000000000093e-14
2.508148000000000129e-13
2.938951999999999956e-13
1.413526000000000100e-13
2.551499000000000213e-13
9.997911000000000281e-14
5.763023999999999749e-14
2.129907000000000095e-13
3.282783000000000190e-13
5.960813999999999596e-16
1.110878999999999961e-14
7.700287999999999904e-14
3.506043000000000240e-14
2.665026000000000119e-13
1.690432999999999912e-13
7.838471000000000043e-14
4.790327000000000107e-14
1.129303000000000010e-13
7.426632999999999996e-14
3.097456000000000024e-13
5.391826999999999646e-15
6.702123000000000441e-13
7.247808000000000251e-14
4.877030000000000286e-15
1.750312000000000110e-14
1.974384000000000001e-13
1.620257999999999910e-13
4.871610999999999950e-14
2.701332999999999989e-14
5.744057000000000244e-15
1.571487000000000049e-14
1.417047999999999987e-14
3.793244999999999972e-16
1.482075000000000023e-13
2.210919999999999883e-14
9.008957999999999769e-14
2.368068999999999865e-14
1.792038000000000063e-13
3.991036000000000191e-14
1.428428000000000010e-13
9.537302999999999246e-15
1.278865999999999983e-14
1.842432999999999857e-14
5.660063999999999827e-14
7.136177999999999847e-13
1.870069999999999876e-13
1.658189999999999912e-14
2.466422000000000050e-13
2.148603000000000018e-14
3.571881999999999865e-13
8.751559000000000731e-15
3.040014999999999997e-14
2.411419999999999887e-14
9.537302999999999246e-15
2.170548999999999953e-13
2.056751999999999938e-13
1.356898000000000112e-13
4.709043000000000264e-14
1.305959999999999945e-14
2.043476000000000107e-13
6.150477000000000249e-15
2.071654000000000101e-13
1.226301999999999928e-13
1.961650000000000153e-14
1.503751000000000102e-13
1.557398000000000116e-13
4.386617000000000179e-14
9.854309999999999942e-14
7.261355999999999263e-15
2.538764999999999987e-14
4.746975999999999770e-14
2.476446999999999987e-14
3.107752000000000206e-13
2.297623000000000061e-14
4.069610000000000115e-14
2.078156999999999899e-14
3.944974999999999934e-14
2.292204000000000042e-14
3.007773000000000133e-13
1.059399000000000000e-14
8.047912000000000332e-13
3.921673999999999976e-13
2.057294000000000049e-13
1.360691000000000053e-13
1.278865999999999983e-14
6.239889000000000212e-14
3.771570000000000029e-14
2.918089999999999736e-14
4.532927999999999807e-14
1.370986999999999982e-13
6.708625999999999924e-14
2.167569000000000019e-15
2.161336999999999992e-13
3.140264999999999999e-14
1.091912999999999960e-14
1.022008999999999982e-13
2.335555000000000063e-14
2.039682000000000093e-13
5.649767999999999519e-13
3.422048999999999846e-14
7.361605999999999581e-14
1.608335999999999903e-13
5.334929000000000274e-14
4.606084000000000162e-14
9.716126999999999803e-14
2.817838999999999914e-14
1.817235999999999902e-13
4.950184999999999874e-14
3.152999999999999793e-13
6.765252999999999587e-13
1.835388999999999895e-13
8.194222999999999707e-13
2.201166000000000064e-13
1.847851999999999877e-14
2.197373000000000059e-14
1.077553000000000003e-13
1.693413000000000130e-14
5.220048000000000417e-13
8.218607999999999507e-13
1.791495999999999953e-13
1.445497000000000035e-13
8.553767999999999565e-14
1.206794000000000038e-13
1.709669999999999873e-14
2.774487999999999893e-14
2.010419999999999879e-14
3.245391999999999910e-13
4.243015999999999840e-14
2.521423999999999960e-13
1.333054999999999917e-13
7.155686999999999557e-14
8.318044999999999659e-15
2.552312000000000126e-14
3.831991000000000085e-13
3.342661999999999757e-13
6.256146000000000270e-14
1.414339000000000045e-14
3.691912000000000011e-13
1.110066000000000048e-13
3.034053999999999867e-13
6.979572000000000363e-14
8.851809000000000102e-14
2.476446999999999987e-14
3.050852999999999784e-13
2.018819000000000054e-13
2.273779999999999930e-13
9.900370999999999568e-14
1.343079999999999918e-13
1.582325000000000089e-14
2.308460999999999911e-13
8.101287999999999912e-14
6.895578000000000600e-14
5.085658000000000093e-14
3.067110000000000095e-14
2.977698000000000132e-14
4.651602999999999804e-13
8.011875999999999949e-14
2.994767000000000158e-13
6.900996999999999862e-13
3.505230000000000201e-13
2.514921999999999793e-13
9.485823000000000232e-14
9.970817000000000318e-15
4.064191999999999915e-15
2.023966999999999892e-13
2.899122999999999758e-14
1.845143000000000093e-14
1.259899000000000004e-14
8.667566000000000157e-14
1.368277999999999946e-14
1.659545000000000125e-13
2.600269999999999885e-13
4.362232000000000001e-14
4.736137999999999731e-14
8.727716000000000411e-13
2.231511999999999994e-13
6.372652000000000511e-14
5.259063999999999819e-14
1.294038999999999884e-13
2.476446999999999987e-14
2.238014999999999981e-14
4.568150999999999646e-13
5.137679999999999975e-13
4.194246000000000115e-14
4.145475000000000065e-13
1.664964000000000094e-12
6.666140999999999878e-12
2.240724000000000081e-14
2.330136000000000044e-14
1.185660000000000069e-13
2.105250999999999861e-14
1.302708999999999988e-13
4.795745999999999811e-15
3.053021000000000224e-13
9.185073000000000226e-14
3.466212999999999843e-13
4.066901000000000015e-14
3.861523999999999975e-13
5.427049999999999705e-14
8.448098999999999544e-14
2.494329999999999934e-13
1.240661999999999980e-13
1.555501999999999929e-13
5.440598000000000296e-14
6.800747000000000617e-14
2.246332999999999896e-12
2.771779000000000109e-14
2.625467999999999850e-14
1.787431000000000010e-13
7.857436999999999887e-15
6.131509999999999639e-14
2.798873000000000071e-14
1.562816999999999883e-13
5.461461000000000209e-13
2.744684000000000011e-14
2.174884000000000005e-13
6.123382000000000151e-15
5.188618000000000015e-14
3.411210999999999807e-14
1.548185999999999902e-13
9.076693999999999654e-15
2.365630000000000190e-13
2.805647000000000051e-13
1.275993999999999985e-12
1.855981000000000132e-14
6.359104999999999741e-14
4.558397000000000332e-13
1.590454000000000028e-14
2.175967999999999973e-13
2.246413999999999903e-13
5.107334000000000172e-14
2.945184000000000015e-14
4.259272999999999899e-14
1.265047000000000032e-13
2.461544999999999888e-13
7.925174000000000537e-14
1.048560999999999961e-14
4.885158000000000089e-14
1.484785000000000006e-14
1.820216000000000057e-13
1.458503000000000010e-13
1.292141999999999877e-13
1.999582000000000155e-14
1.403501000000000005e-14
1.679865999999999951e-15
5.009793000000000270e-14
7.459146000000000294e-14
1.150166000000000049e-13
1.908001999999999941e-13
1.426801999999999932e-13
1.504807999999999983e-12
1.303251000000000098e-13
7.606541000000000395e-13
2.866610000000000091e-14
1.070237000000000039e-14
7.681593000000000305e-13
1.894726000000000110e-13
5.557104999999999725e-14
1.302708999999999988e-13
6.424132000000000157e-14
1.463108999999999928e-14
5.402665000000000158e-14
6.856019999999999699e-13
4.129760999999999936e-13
1.815338999999999816e-15
1.682575000000000091e-14
6.543619000000000372e-13
2.676946999999999991e-14
3.768860000000000109e-14
8.830133000000000024e-14
7.480822000000000373e-14
7.017504000000000207e-15
4.886783999999999789e-13
1.128734000000000065e-12
1.650062000000000108e-14
7.415794999999999957e-14
6.510834999999999388e-14
8.006456999999999930e-14
1.116297999999999981e-14
1.229011999999999974e-13
1.770361999999999984e-13
6.408687999999999884e-13
4.267401000000000019e-14
1.473133999999999991e-13
5.204875000000000074e-13
9.564396999999999524e-15
2.387034999999999835e-13
3.403082999999999687e-14
1.842433000000000094e-15
9.196994999999999223e-13
2.051332999999999919e-13
6.231760000000000312e-16
2.285972000000000046e-13
3.711962000000000264e-14
8.475193999999999642e-14
5.567941999999999945e-14
5.137950999999999904e-13
1.757085000000000081e-13
2.400581999999999848e-14
6.089785000000000390e-13
5.012503000000000347e-15
1.665506000000000002e-13
2.683991999999999899e-13
6.115253999999999400e-14
4.690077000000000105e-14
3.148664999999999993e-13
1.029594999999999992e-13
7.312834999999999404e-14
8.120255000000000522e-14
1.231450000000000019e-13
2.245329999999999935e-13
2.559086000000000169e-13
6.078947000000000351e-13
1.357982000000000080e-13
2.126926999999999940e-14
2.330136000000000044e-14
6.827841999999999769e-15
1.684742999999999963e-13
8.832843000000000575e-14
6.751976999999999756e-13
5.643806999999999768e-14
2.194662999999999903e-15
2.557731000000000146e-14
2.872029000000000032e-15
4.335138000000000039e-15
9.483114000000000448e-15
4.779489000000000068e-14
9.736718999999999156e-13
8.840971000000000063e-14
3.655875999999999881e-13
1.004397000000000027e-13
1.630011999999999982e-13
8.859937999999999726e-15
4.378489000000000060e-14
4.245724999999999940e-14
3.040014999999999997e-14
1.490204000000000026e-14
1.946206000000000007e-13
1.025530999999999995e-13
1.404313999999999887e-13
5.236303999999999899e-13
1.304876000000000104e-13
2.633595999999999969e-14
3.617129999999999830e-14
9.152559000000000108e-14
1.555231000000000126e-14
2.802936999999999752e-13
1.095977000000000051e-13
2.476446999999999987e-14
1.216547999999999983e-14
7.835760999999999493e-14
2.652562000000000128e-14
4.259272999999999899e-14
2.194663000000000140e-14
7.288449999999999857e-14
6.676111999999999806e-14
9.781153999999999272e-15
7.602748000000000453e-14
1.056690000000000058e-14
2.130991000000000063e-13
2.779906999999999913e-14
5.695287000000000045e-14
4.755103999999999890e-14
4.451643999999999964e-14
9.155268999999999397e-14
5.432468999999999725e-14
4.695496000000000125e-14
3.420423999999999967e-13
6.502706000000000238e-15
2.357231000000000063e-15
2.620049000000000146e-14
1.277510999999999897e-13
1.064818000000000020e-14
9.347640999999999597e-15
2.480783000000000174e-13
7.803247999999999510e-15
4.905207999999999711e-13
9.022504999999999277e-15
2.709460999999999872e-15
8.155478000000000108e-15
7.697036999999999568e-13
1.415692999999999964e-13
2.848727000000000206e-13
5.088368000000000013e-14
2.406000999999999867e-14
8.887032000000000004e-15
4.633177999999999651e-15
8.981862999999999671e-14
3.370570000000000021e-14
1.469070000000000121e-13
7.532302000000000018e-14
7.109625999999999931e-14
8.509332999999999765e-13
4.402874000000000238e-14
4.248434999999999860e-14
3.215588000000000091e-13
2.682366000000000010e-14
9.049599999999999375e-15
4.578175999999999899e-13
1.110066000000000048e-13
3.441015999999999825e-14
1.693413000000000130e-14
9.523756000000000369e-14
5.811794000000000106e-14
1.457689999999999908e-14
1.593163000000000128e-14
2.242079000000000104e-13
2.299790999999999808e-13
6.039389000000000208e-14
7.082530999999999833e-14
3.020507000000000107e-13
1.809919999999999875e-14
9.071275999999999454e-14
2.978240000000000242e-13
5.362022999999999921e-14
1.805313999999999895e-13
2.286785000000000022e-14
7.583780999999999843e-14
2.126926999999999940e-14
8.959374999999999878e-13
1.385888999999999892e-13
2.701332999999999989e-14
3.595184000000000022e-13
1.412170999999999951e-13
2.151312000000000118e-14
2.007711000000000095e-14
2.217694000000000052e-13
1.462295999999999952e-13
2.032095999999999958e-14
3.549393999999999946e-14
1.740286999999999984e-13
2.822445999999999967e-13
2.705938999999999907e-13
7.048933999999999820e-13
2.579948999999999956e-13
5.231426999999999737e-13
3.846351000000000137e-13
2.010961999999999989e-13
1.354730999999999964e-14
1.354648999999999916e-12
1.257189999999999967e-13
1.652771000000000050e-15
2.194663000000000140e-14
9.445181000000000626e-14
1.006782000000000021e-12
2.209564999999999986e-13
1.005209999999999940e-13
6.831363999999999971e-13
1.342538000000000060e-13
1.213297000000000025e-13
1.084325999999999973e-13
2.170278000000000024e-13
1.146102000000000021e-14
6.250727000000000251e-14
4.551894999999999786e-15
3.359731999999999903e-15
2.236117999999999974e-13
7.293868999999999877e-14
6.386199999999999839e-14
1.384263999999999886e-13
1.238224000000000061e-14
2.644434000000000009e-14
7.906206999999999928e-14
2.326613999999999905e-13
2.015838999999999899e-13
6.136928999999999659e-14
2.200081999999999844e-14
3.403082999999999687e-14
4.800351999999999981e-13
2.633324999999999788e-13
1.114130000000000045e-13
1.992266999999999886e-13
4.124883000000000206e-13
9.959978999999999964e-14
1.689348999999999944e-13
6.343661000000000226e-13
5.466338000000000371e-13
2.435535000000000083e-13
7.903498000000000459e-14
2.175696999999999981e-14
1.795560000000000076e-13
3.757751999999999961e-13
2.433909000000000004e-13
3.495204999999999964e-15
8.212375999999999953e-14
3.546413999999999917e-13
2.061900000000000029e-13
1.851645999999999954e-13
1.389954000000000024e-14
2.151312000000000118e-14
1.587744000000000045e-13
9.428924000000000251e-15
7.857436999999999887e-15
1.083784000000000021e-14
5.825340999999999929e-15
4.119464999999999754e-13
4.890577000000000109e-14
1.361232999999999911e-13
3.007230999999999770e-13
1.736764999999999971e-14
1.869528000000000192e-15
5.134429000000000270e-14
1.391036999999999983e-13
1.503208999999999992e-13
7.075487000000000060e-13
1.119006999999999923e-14
6.938929999999999494e-14
1.327636000000000024e-14
7.052727000000000267e-14
1.205709999999999943e-14
6.199247000000000605e-14
2.521423999999999960e-13
7.310125999999999935e-14
1.032033999999999983e-13
1.066877000000000080e-12
1.689348999999999944e-13
2.075446999999999979e-14
3.107752000000000206e-13
1.630554000000000092e-13
6.990409000000000109e-15
5.486658999999999921e-14
1.538974000000000067e-14
3.067109999999999843e-13
2.145893000000000099e-14
4.936637999999999735e-14
3.535846999999999807e-14
1.251771000000000042e-14
1.178615999999999981e-14
3.677010000000000101e-13
7.098787999999999892e-15
2.105250999999999861e-14
3.657771999999999910e-15
9.970817000000000003e-14
3.852853999999999872e-14
1.761963000000000062e-13
3.269235999999999925e-13
5.297538000000000121e-13
1.973029999999999924e-13
5.897954999999999984e-13
1.739203000000000016e-13
4.237596999999999821e-14
1.059669999999999992e-13
3.706543000000000244e-14
3.665901000000000007e-14
1.522716999999999882e-13
1.381825000000000022e-13
2.991245000000000145e-13
2.224468000000000158e-14
1.421464999999999941e-12
1.623508999999999994e-13
4.644829000000000140e-13
3.378698000000000140e-14
1.278865999999999983e-14
3.322611999999999757e-13
4.707418000000000006e-13
2.631428999999999853e-13
1.115214000000000013e-13
1.631095999999999950e-14
6.182990000000000547e-14
1.055334999999999940e-13
1.227928000000000006e-13
5.987909000000000089e-15
1.280491000000000052e-13
4.958313999999999971e-15
3.238618999999999814e-13
3.084450000000000049e-13
3.902979000000000125e-13
9.293450999999999401e-15
6.787199999999999847e-14
1.326769000000000039e-12
8.399329000000000449e-14
7.204456999999999914e-14
6.031259999999999637e-14
5.455500000000000331e-13
6.942723000000000446e-13
1.265725000000000042e-12
3.711962000000000106e-15
1.732157999999999918e-13
1.684742999999999963e-13
6.521672999999999428e-14
3.790535999999999935e-13
5.486658999999999921e-14
9.030633999999999848e-14
4.851290000000000021e-13
1.013338000000000059e-14
5.262044000000000353e-13
5.421632000000000137e-14
1.887980000000000201e-12
3.638805999999999909e-14
2.544184000000000007e-14
4.022465999999999836e-13
6.830822000000000113e-13
1.989014999999999982e-13
1.967339999999999976e-13
1.915860000000000078e-13
5.738638000000000382e-14
6.098997000000000603e-14
1.650062000000000108e-14
2.278656999999999903e-14
1.746519000000000043e-13
3.327217999999999864e-14
6.107395999999999516e-13
7.372442999999999800e-14
9.412668000000000328e-14
1.698832000000000149e-14
4.691160999999999947e-13
1.938619000000000052e-13
9.721545999999999822e-14
1.239009000000000017e-12
1.717797999999999993e-14
8.186907000000000186e-13
2.656356000000000016e-13
1.922633999999999994e-13
4.573570000000000044e-14
4.993537000000000031e-14
3.501978000000000045e-13
1.436013999999999893e-13
4.755103999999999890e-14
6.242597999999999680e-14
2.144999000000000077e-12
5.345767000000000313e-14
1.036178999999999961e-12
6.599433999999999565e-13
1.389954000000000024e-14
5.017109000000000044e-13
7.895368999999999888e-14
8.253017999999999559e-14
2.283533999999999749e-13
1.590454000000000028e-14
1.354731000000000043e-15
3.076593000000000237e-13
1.405126000000000106e-13
4.925799999999999696e-14
2.907252000000000202e-13
3.123737999999999831e-13
1.192163000000000080e-15
3.567005000000000208e-13
1.406209999999999947e-14
1.490203999999999908e-15
8.242179999999999520e-14
3.717381000000000283e-14
1.354460000000000067e-13
1.024175999999999940e-14
1.842432999999999857e-14
3.609001999999999711e-14
1.696123000000000050e-14
1.503750999999999850e-14
1.921007999999999916e-14
1.664151000000000105e-13
9.225714999999999832e-14
1.165338999999999888e-13
3.216129999999999822e-14
8.404748000000000469e-14
1.851375000000000025e-13
8.890012999999999916e-13
1.551166000000000057e-13
1.259086999999999974e-13
4.633177999999999651e-15
1.010900000000000014e-13
3.329385999999999926e-13
6.096287000000000053e-14
1.146914999999999965e-13
1.628385999999999904e-13
2.545538999999999903e-13
2.127739999999999979e-13
6.502706000000000080e-14
2.771236999999999998e-13
3.559147999999999891e-13
1.158023999999999933e-13
7.109084000000000326e-13
3.719276999999999966e-13
1.893939999999999905e-12
6.031259999999999637e-14
1.468257000000000082e-13
2.116088999999999901e-14
9.390992000000000250e-14
9.483114000000000448e-15
5.129010000000000250e-14
1.477469000000000043e-13
1.430893000000000091e-12
3.627967999999999870e-14
2.290306999999999845e-13
1.045580999999999995e-13
3.656146999999999809e-13
3.492495000000000281e-14
2.725717999999999852e-14
2.953312999999999954e-14
3.069006999999999849e-13
4.845871000000000002e-13
2.402208000000000178e-13
1.706959999999999953e-14
1.685285000000000010e-14
1.416235000000000074e-13
2.002291999999999886e-13
8.122963999999999990e-14
1.663608999999999932e-14
2.248853000000000099e-15
3.365151000000000001e-14
1.201645999999999947e-13
9.456019000000000350e-15
1.567423000000000116e-13
3.702208000000000192e-13
3.354042000000000159e-13
2.394079999999999933e-13
1.352021000000000044e-14
3.516879999999999828e-14
2.096310000000000082e-13
7.667775000000000237e-15
6.724882000000000163e-14
2.538222999999999877e-13
1.454981000000000124e-14
2.430927999999999777e-13
1.214651000000000102e-13
1.349311999999999945e-14
9.095661000000000263e-14
6.468567000000000462e-13
7.628217000000000473e-13
4.227572000000000073e-13
1.011983999999999982e-13
4.969151999999999853e-14
1.246623000000000110e-13
2.850895000000000142e-13
3.980198000000000152e-14
8.456228000000000114e-14
2.235305000000000061e-14
4.928239000000000444e-13
1.552520999999999891e-14
5.554394999999999806e-15
1.086494000000000035e-13
2.743600000000000043e-13
4.621257000000000127e-13
8.437262000000000586e-14
1.327907000000000079e-13
1.210045000000000121e-13
1.024527999999999934e-12
2.068132000000000088e-13
2.909960999999999797e-14
2.374571999999999790e-13
7.439366999999999718e-13
1.552520999999999891e-14
7.163815000000000308e-14
4.872695000000000171e-13
3.793244999999999972e-15
9.122755000000000541e-14
7.767212000000000327e-13
2.479969999999999883e-13
1.100040999999999922e-14
9.076693999999999654e-15
1.137703000000000004e-13
2.374571999999999992e-12
1.253126000000000097e-13
2.541474000000000087e-14
2.155917999999999973e-13
4.258731000000000042e-13
8.697370000000000355e-15
6.532510999999999467e-14
1.187285999999999895e-13
2.601082999999999987e-14
2.606502000000000007e-14
9.588782999999999523e-14
6.754143999999999619e-13
6.318463000000000135e-14
3.598164000000000177e-13
1.323029999999999917e-13
1.425176999999999926e-14
4.592264999999999517e-13
1.311378999999999965e-14
6.921860000000000154e-13
1.361775000000000021e-13
3.644224999999999928e-14
1.301625000000000020e-13
5.314337000000000037e-13
9.095661000000000263e-14
1.312733999999999988e-13
2.489994999999999946e-14
1.959210999999999910e-13
1.368007000000000080e-13
8.580862999999999663e-14
1.595873000000000048e-14
2.806188999999999909e-13
7.922463999999999987e-14
1.948914999999999981e-13
1.289703000000000044e-14
6.424944999999999943e-13
5.337638000000000058e-15
3.074424999999999797e-13
3.387097000000000062e-13
1.181866999999999875e-13
9.632676000000000222e-13
2.537410000000000090e-13
1.125509999999999942e-13
5.662774000000000378e-15
8.475193999999999642e-14
2.882867000000000150e-14
1.652229000000000098e-13
1.330073999999999942e-13
1.547101999999999934e-13
1.408920000000000025e-14
2.350185999999999918e-13
7.982071999999999878e-13
2.148873999999999947e-13
1.631907999999999916e-13
1.891475000000000026e-13
1.067799000000000058e-13
1.564985000000000071e-13
1.085952000000000051e-13
6.432259999999999645e-14
1.959725999999999883e-12
3.299582000000000106e-13
1.330886999999999981e-13
4.583865999999999847e-13
2.408711000000000103e-14
2.491620000000000141e-13
1.376406000000000065e-14
9.274485000000000189e-14
3.768047000000000070e-13
9.672776000000000097e-15
3.373279000000000120e-14
9.699870000000000375e-15
1.201943999999999912e-12
3.626342999999999990e-13
5.047725999999999776e-14
2.675050999999999867e-13
1.088661000000000025e-13
5.933720000000000186e-14
2.848998000000000135e-13
2.458293999999999804e-13
3.740411000000000186e-13
3.739056000000000384e-15
9.483113999999999501e-14
4.647808999999999790e-13
3.722798999999999978e-13
3.316109000000000022e-13
3.081740999999999823e-13
5.370423000000000168e-13
7.017504000000000207e-15
8.670274999999999665e-16
4.145474999999999781e-15
5.147976000000000409e-16
3.148664999999999993e-13
1.728364999999999977e-13
8.870774999999999630e-14
2.311169999999999885e-14
6.443097999999999937e-13
6.231760000000000114e-15
6.074611999999999794e-14
6.700497000000000615e-14
5.695287000000000045e-14
4.264691999999999919e-14
8.453518000000000510e-15
4.131927999999999799e-13
1.231991999999999876e-13
1.818047999999999995e-14
8.128383000000000010e-14
1.934826000000000110e-13
7.478383000000000003e-13
3.179553000000000033e-13
6.660396999999999857e-13
4.296392000000000178e-13
1.502395999999999953e-13
7.776152999999999412e-15
2.175696999999999981e-14
5.110044000000000092e-14
8.187991000000000406e-14
3.759647999999999895e-13
1.167777999999999942e-14
7.144849000000000023e-13
1.126864999999999965e-13
4.633177999999999651e-15
1.449291000000000049e-13
3.503332999999999689e-14
8.318044999999999659e-15
1.268027999999999944e-14
1.537889999999999973e-13
1.143393000000000079e-14
7.288449999999999541e-15
4.877030000000000286e-15
1.471237000000000047e-14
2.075446999999999979e-14
2.536055999999999887e-14
7.965815000000000639e-15
5.175070999999999718e-15
1.370987000000000045e-14
4.362232000000000001e-14
1.775510000000000075e-13
2.955479999999999944e-13
8.561896999999999505e-15
2.578322999999999878e-13
3.484367000000000162e-14
4.213212000000000274e-14
2.517360000000000090e-13
8.407458000000000262e-13
1.692870999999999957e-13
1.502938000000000063e-13
1.474760000000000069e-13
5.081051999999999987e-13
8.545640000000000077e-14
5.053144999999999796e-14
6.421423000000000372e-15
1.140683000000000001e-14
3.305542000000000101e-15
9.621295999999999820e-14
1.507001999999999933e-13
2.907251999999999697e-14
2.140474000000000079e-14
1.853813000000000070e-13
1.544393000000000087e-14
4.560022999999999905e-14
5.990618000000000031e-14
4.097246999999999818e-13
2.313880000000000120e-14
4.206437999999999852e-13
7.719253999999999432e-14
7.979362999999999651e-14
3.462691000000000083e-14
3.295788000000000093e-13
1.159649000000000002e-14
3.501707000000000116e-13
7.749059000000000712e-15
2.292204000000000042e-14
1.614026000000000104e-13
1.557939999999999973e-13
4.362232000000000127e-13
3.226967999999999862e-14
7.971234000000000343e-14
4.224050000000000313e-14
1.866006000000000006e-13
6.963314999999999830e-15
5.160168999999999840e-13
2.693204000000000050e-14
1.093808999999999989e-13
1.013880000000000043e-13
1.493997000000000031e-13
3.922758000000000197e-13
3.405793000000000238e-14
3.405793000000000238e-14
5.749476000000000421e-14
1.256919000000000039e-13
5.283448999999999682e-15
1.809378000000000017e-13
1.430323999999999944e-13
1.651957999999999917e-13
2.590244999999999948e-14
1.144747000000000029e-13
5.012503000000000347e-15
2.102542000000000077e-14
9.312418000000000326e-14
2.831387000000000000e-13
1.368548999999999938e-13
2.002292000000000075e-14
3.743119999999999907e-13
3.890786000000000189e-14
1.949728000000000020e-13
3.090410999999999927e-13
1.217903000000000006e-13
4.026258999999999778e-14
2.032095999999999958e-15
6.131509999999999639e-14
6.475611999999999960e-15
4.253853999999999880e-14
5.473111000000000120e-15
1.197581999999999982e-14
2.126926999999999940e-14
3.716025999999999882e-13
1.488739999999999975e-12
9.355768999999999401e-14
9.995201999999999550e-14
1.013554999999999916e-12
1.627844000000000046e-13
8.418294999999999977e-14
1.622967000000000010e-14
6.460709999999999640e-13
1.145315999999999923e-12
9.889532999999999844e-15
2.270527999999999963e-14
3.397664000000000173e-13
1.578260999999999903e-13
8.426153000000000114e-13
1.029594999999999960e-14
2.794538000000000083e-13
8.930383999999999846e-14
1.023552999999999930e-12
4.735054000000000394e-13
1.522175000000000024e-13
6.936219999999999732e-15
3.473799999999999799e-13
1.010628999999999959e-14
2.723007999999999932e-14
4.996787999999999610e-13
3.576489000000000044e-14
2.369152999999999770e-13
6.786386999999999808e-13
1.815338999999999895e-14
5.215712000000000293e-14
1.376676999999999931e-13
1.300541000000000044e-15
8.954768999999999393e-14
7.206352999999999596e-13
3.717381000000000283e-14
9.502080000000000291e-14
2.193309000000000000e-13
1.818047999999999995e-14
1.345247000000000033e-13
9.556268999999999405e-14
4.280947999999999842e-15
1.254479999999999985e-14
9.244681000000000622e-14
3.568902000000000215e-13
4.923904000000000140e-13
3.511460999999999809e-14
1.685285000000000073e-13
1.335763999999999986e-14
6.015003000000000367e-15
9.374734999999999875e-15
9.434343000000000587e-14
1.664692999999999963e-13
2.820549000000000150e-14
4.684658000000000086e-14
4.337846999999999823e-14
2.687242999999999983e-13
5.386408999999999919e-14
1.377462999999999984e-12
7.540429999999999506e-14
7.667775000000000237e-15
1.456606000000000003e-13
2.564505000000000188e-13
6.169442999999999776e-14
2.793182999999999933e-13
1.812357999999999920e-13
1.370987000000000045e-14
1.181324999999999923e-14
8.778653999999999252e-15
1.750582999999999913e-13
2.657981000000000148e-14
2.176781000000000012e-13
4.635887999999999729e-14
5.203520000000000430e-13
2.016651999999999938e-13
5.147975999999999620e-15
1.141766999999999875e-13
4.958313999999999971e-15
4.218631000000000293e-14
8.702788999999999744e-14
2.097394000000000049e-13
1.620257999999999910e-14
3.302832999999999685e-14
9.844013999999999256e-13
8.263855999999999599e-14
3.930885999999999938e-13
2.381616000000000005e-14
6.575861999999999804e-14
4.064191999999999915e-15
2.350185999999999918e-13
6.611085000000000021e-15
3.503332999999999689e-14
1.123613000000000061e-13
5.161522999999999917e-14
2.361837000000000249e-13
3.432886999999999885e-14
1.088389999999999970e-13
4.470610999999999943e-14
1.566068000000000030e-14
1.598853000000000013e-13
2.498123000000000065e-14
2.001207999999999918e-13
8.018650000000000371e-13
2.874738000000000210e-14
1.206251999999999927e-13
4.096705000000000213e-14
8.213189000000000497e-13
3.755854999999999954e-13
2.847643999999999932e-14
4.112962000000000272e-14
2.018547999999999998e-14
6.220922999999999422e-14
3.079843999999999816e-13
5.773860999999999968e-14
3.308251999999999705e-14
1.591266000000000058e-13
3.403082999999999687e-14
2.109314999999999984e-13
5.175070999999999718e-15
5.879530000000000305e-15
1.162358999999999985e-13
3.825487999999999845e-13
4.642120000000000419e-13
1.880907999999999916e-13
5.511044000000000100e-14
1.316798000000000111e-13
2.010419999999999879e-14
2.886388999999999910e-13
7.001247000000000621e-14
7.803247999999999510e-15
1.079991000000000048e-13
7.261084999999999650e-13
8.914126999999999787e-14
7.532302000000000018e-14
4.083158000000000074e-14
6.047516999999999696e-14
1.372613000000000060e-13
1.557886000000000053e-12
1.062109000000000078e-14
1.690975000000000022e-13
2.140474000000000079e-14
5.798247000000000598e-14
3.625530000000000204e-13
2.329866000000000061e-13
1.734326000000000107e-13
3.936846999999999815e-14
3.555084000000000021e-13
3.256229999999999949e-13
3.655062999999999968e-14
1.058586000000000024e-13
3.630677999999999789e-14
2.931366000000000073e-13
1.625676999999999930e-14
3.487347000000000064e-13
3.883740999999999839e-13
2.899122999999999915e-15
3.159772999999999889e-13
2.139389999999999985e-13
1.698289999999999976e-13
5.554394999999999806e-15
1.067527999999999940e-14
2.709460999999999872e-15
1.408920000000000025e-15
1.507814999999999972e-13
4.946934000000000295e-13
3.096914000000000293e-14
1.566610000000000077e-13
1.850562000000000112e-14
1.945122000000000040e-13
7.535010999999999487e-14
9.019795999999999809e-14
4.863482999999999831e-14
3.354312999999999962e-14
1.831595999999999954e-14
1.048560999999999961e-14
5.150684999999999878e-14
3.375446999999999804e-13
1.850832999999999915e-13
2.781262000000000251e-13
5.012503000000000347e-15
1.593163000000000128e-14
4.172570000000000036e-14
3.646122000000000062e-13
2.395163999999999964e-14
9.607749000000000312e-14
3.178198000000000136e-14
1.942683999999999995e-14
1.444685000000000069e-13
1.330344999999999966e-14
1.674717999999999963e-13
1.904209000000000000e-13
3.064400000000000175e-14
7.640680000000000139e-15
1.343919999999999993e-12
8.802768000000000322e-13
1.560650000000000146e-14
4.817422000000000205e-14
3.310960999999999805e-14
8.586281999999999683e-14
1.216547999999999983e-14
1.430595000000000126e-14
2.936243000000000235e-13
1.770361999999999984e-13
1.280491000000000052e-13
8.486031999999999681e-14
3.684866999999999913e-13
4.947475999999999774e-14
4.592264999999999517e-13
3.186867999999999987e-13
1.132555000000000040e-14
1.182408999999999985e-13
1.278865999999999983e-14
4.037096999999999817e-15
5.175070999999999718e-15
3.364608999999999765e-13
3.358918999999999816e-13
6.009584999999999379e-14
2.025322000000000041e-13
3.388723000000000140e-13
3.440203000000000038e-13
5.197830000000000481e-13
8.781362999999999667e-14
2.588077000000000201e-13
9.282612999999999677e-14
8.896786000000000013e-13
1.425176999999999926e-14
1.271820999999999948e-13
6.378071000000000531e-14
9.396411000000000269e-14
1.527323000000000115e-13
8.396891000000000152e-13
3.500624000000000221e-14
6.288659000000000568e-14
5.960813999999999991e-15
4.289077000000000097e-14
1.918297999999999997e-14
1.205709999999999943e-14
4.701186000000000199e-13
4.342994999999999914e-13
5.231968999999999721e-14
4.253854000000000353e-15
2.123133999999999998e-13
3.873716000000000091e-13
1.835117999999999966e-13
6.369129999999999741e-13
4.084512999999999844e-13
8.781363000000000172e-13
4.784908000000000088e-14
6.732198000000000189e-13
3.364880000000000198e-13
1.060211999999999926e-12
7.965815000000000324e-14
7.660459000000000085e-13
5.520797999999999918e-13
5.061272999999999915e-14
2.303041999999999892e-13
7.396829000000000114e-15
1.322217000000000004e-14
2.330135999999999965e-15
4.020839999999999758e-14
3.367860000000000101e-14
2.565047000000000046e-13
3.397664000000000299e-14
4.096705000000000213e-14
6.746558000000000083e-15
2.679115000000000242e-13
4.875674999999999821e-13
1.675260000000000073e-13
1.321945999999999949e-13
2.942474999999999915e-14
1.598582000000000147e-14
3.335346999999999803e-14
6.407875000000000098e-14
2.956022000000000054e-14
1.330344999999999966e-14
7.852289000000000490e-13
1.689295000000000023e-12
1.318966000000000047e-13
1.098956999999999954e-13
2.145892999999999972e-13
1.552520999999999891e-14
1.445226999999999926e-13
2.053770999999999900e-14
1.454981000000000124e-14
8.328883000000000014e-14
4.484158000000000082e-14
1.110878999999999961e-14
1.599801000000000081e-12
5.531094000000000100e-13
6.922131000000000083e-13
4.112962000000000019e-13
2.761212000000000251e-13
2.659336000000000171e-13
2.012290000000000102e-12
2.205772000000000045e-13
1.322488000000000059e-13
3.435054999999999947e-13
6.746558000000000083e-15
1.197581999999999982e-14
1.212483999999999986e-13
6.462065000000000294e-14
1.077173000000000059e-12
2.373487999999999885e-14
7.895368999999999888e-14
1.785535000000000012e-14
2.831387000000000000e-13
6.515712000000000055e-13
1.698832000000000149e-14
3.422048999999999846e-14
1.624890999999999927e-12
4.316170999999999744e-14
1.137973999999999901e-15
7.058146000000000286e-14
1.167777999999999942e-14
5.267516999999999637e-12
1.446310000000000074e-13
6.995828000000000602e-14
5.001665000000000150e-14
2.817838999999999836e-15
8.128383000000000207e-16
3.375988000000000220e-14
5.722382000000000143e-14
5.581489999999999904e-15
1.479365999999999987e-14
4.118381000000000291e-15
1.165067999999999982e-15
7.911626000000000263e-15
1.233617999999999954e-13
6.426570999999999516e-13
2.268903000000000021e-13
1.906648000000000117e-13
2.915379999999999817e-14
3.311502999999999789e-13
2.630886999999999870e-14
8.859937999999999726e-15
1.048560999999999961e-14
7.372442999999999800e-14
1.349311999999999976e-13
2.657981000000000148e-14
9.466856999999999442e-14
1.837014999999999973e-14
4.023550000000000309e-14
3.668609999999999854e-13
5.177238000000000118e-13
1.444955999999999998e-13
1.698832000000000149e-14
1.149623999999999939e-13
9.274485000000000189e-14
3.248643999999999940e-14
1.352021000000000044e-14
2.346393000000000102e-14
1.828073000000000121e-13
1.556042999999999966e-13
1.045039000000000011e-13
4.252499000000000235e-13
3.791620000000000155e-13
4.196955000000000215e-14
1.297994000000000093e-12
3.653978999999999874e-13
1.400790999999999928e-14
1.075656000000000059e-14
4.389326999999999626e-15
4.875403999999999892e-13
8.605248000000000473e-14
4.194246000000000115e-14
2.261586999999999994e-13
6.502706000000000238e-15
8.751559000000000731e-15
9.106499000000000303e-14
8.136510999999999498e-14
1.192162999999999962e-14
2.105522000000000043e-13
6.250727000000000251e-14
3.185783999999999767e-13
3.630677999999999789e-14
1.007920000000000017e-14
2.812421000000000030e-14
2.517088999999999909e-14
2.701332999999999989e-14
1.592350000000000026e-13
5.256353999999999899e-14
1.433576000000000101e-13
1.010628999999999959e-14
1.484785000000000006e-14
9.017086000000000520e-14
4.454353999999999884e-14
1.265047000000000032e-13
1.179428000000000011e-13
1.236598000000000109e-13
8.364105999999999600e-14
2.999372999999999760e-14
2.229886000000000042e-14
8.927674000000000557e-14
8.732593000000000573e-14
1.063463000000000060e-13
1.587473000000000116e-13
2.144266999999999894e-13
6.651998000000000188e-13
1.725385000000000074e-13
7.692973000000000202e-13
4.741557000000000224e-15
2.052416999999999887e-13
7.525256999999999668e-13
5.811794000000000106e-14
1.013338000000000059e-14
1.053708999999999989e-13
1.742182999999999855e-14
6.218213000000000133e-14
7.372442999999999800e-14
1.739203000000000016e-13
1.712378999999999973e-14
6.085991000000000376e-13
4.505834000000000160e-14
1.363942999999999957e-13
1.173954999999999919e-12
2.439598999999999953e-13
1.124697000000000029e-13
4.505562999999999853e-13
5.590701999999999739e-13
1.854083999999999999e-13
7.440179999999999504e-14
4.521007000000000125e-13
1.666588999999999897e-13
3.413920999999999727e-14
5.630260000000000260e-14
1.078636000000000025e-13
9.328674000000000565e-14
2.489994999999999946e-14
5.581489999999999904e-15
2.230428000000000026e-13
1.696935000000000079e-13
3.226967999999999862e-14
1.083513000000000060e-13
4.113232999999999948e-13
1.106760999999999993e-12
7.369734000000000016e-15
7.199037999999999894e-14
3.739056000000000384e-15
3.763441000000000089e-14
3.828468000000000000e-13
2.682366000000000168e-15
1.785263999999999894e-13
4.172570000000000036e-14
1.731345999999999952e-14
6.692368999999999707e-15
4.877029999999999970e-14
8.805747999999999530e-15
2.219049000000000138e-14
5.364733000000000219e-13
3.741765999999999831e-14
7.938721000000000361e-15
1.495080999999999999e-13
1.117924000000000059e-13
6.481030999999999822e-14
1.580157999999999910e-13
4.969151999999999853e-14
2.354522000000000042e-14
4.245724999999999940e-14
1.104674000000000065e-12
1.107086000000000020e-13
2.243704999999999930e-13
3.359731999999999903e-15
2.647143000000000108e-14
8.941221000000000381e-15
1.207335999999999895e-13
7.532301999999999387e-15
1.609148999999999942e-13
5.992243999999999604e-13
1.350123999999999943e-13
5.053144999999999796e-14
3.441286000000000186e-13
3.240515000000000001e-14
1.174362000000000000e-12
1.800979000000000095e-13
1.408920000000000025e-15
2.018819000000000054e-13
3.703833000000000198e-13
1.051000000000000015e-13
6.055645000000000446e-14
5.183198999999999996e-14
1.326551999999999930e-13
3.576489000000000044e-15
5.960813999999999991e-15
1.463108999999999928e-14
7.721963999999999983e-14
4.768650999999999713e-15
6.349080000000000246e-13
5.459563999999999823e-14
2.430386999999999992e-13
7.667775000000000237e-15
1.235513999999999984e-14
9.349807999999999776e-13
9.805538999999999765e-14
1.082972000000000023e-13
8.567316000000000155e-14
2.446643000000000104e-14
2.156188999999999901e-13
8.326987000000000332e-13
8.074193999999999634e-15
7.873693999999999630e-14
1.436826999999999932e-13
1.383639999999999949e-12
2.820548999999999960e-13
1.319508000000000062e-14
2.809711000000000111e-14
9.176944999999999475e-14
7.099059000000000074e-13
5.199726999999999983e-13
2.303042000000000081e-14
2.696726999999999945e-13
2.644705000000000190e-13
7.190910000000000406e-14
9.488532999999999521e-14
7.212584999999999402e-14
4.128405999999999787e-13
2.267818999999999863e-14
9.959978999999999964e-14
1.150707999999999907e-13
3.023758999999999758e-14
2.776926999999999947e-13
8.496869999999999720e-14
1.643829999999999923e-13
6.814294000000000125e-14
1.236326999999999928e-13
1.110878999999999961e-14
3.874529000000000130e-14
3.258397999999999885e-13
5.104625000000000072e-14
6.757396000000000280e-14
2.257523000000000124e-13
1.010628999999999959e-14
8.941221000000000381e-15
2.996393000000000236e-13
3.050853000000000036e-14
3.657771999999999910e-15
3.849059999999999858e-13
6.708625999999999924e-14
7.117753999999999420e-14
6.714044000000000123e-14
2.308461000000000101e-14
1.265318000000000024e-14
1.023633999999999988e-13
5.771152000000000342e-15
4.998956000000000050e-14
1.813713000000000069e-13
2.590244999999999948e-14
2.783970999999999972e-13
9.174235000000000187e-14
4.061211000000000193e-13
2.916735000000000092e-13
3.341848999999999971e-13
2.395163999999999964e-14
2.210378000000000025e-13
5.362022999999999921e-14
1.159649000000000002e-14
1.392662999999999966e-14
9.645680999999999999e-15
8.805747999999999530e-15
9.109207999999999771e-14
8.271985000000000169e-14
2.392454000000000044e-14
2.281366000000000003e-14
1.977906999999999897e-14
2.895329999999999942e-13
1.914776000000000110e-13
2.051062000000000116e-14
1.011170999999999994e-12
4.302624000000000236e-14
9.919337000000000358e-14
2.880157000000000230e-14
1.221425000000000018e-13
5.632428000000000322e-13
1.089203000000000040e-14
4.042515999999999837e-14
1.163983999999999991e-13
2.189785999999999915e-13
3.124008999999999760e-14
1.900144999999999877e-13
8.556478000000000116e-14
7.053540000000000053e-13
7.126423999999999523e-13
1.975196999999999977e-14
4.305062999999999849e-13
6.394328000000000274e-15
8.635052000000000040e-14
3.418797999999999888e-13
1.958939999999999918e-14
3.007501999999999699e-14
3.094203999999999742e-14
2.758231000000000150e-14
3.178198000000000136e-14
2.322007999999999924e-14
2.858481000000000025e-13
1.066444000000000035e-13
1.604000999999999852e-14
1.007920000000000017e-14
5.440598000000000296e-14
2.563149999999999850e-14
4.047934999999999856e-14
1.442788000000000062e-13
1.837014999999999973e-14
8.515022999999999714e-13
3.574592000000000163e-13
8.182572000000000386e-15
1.380470000000000125e-13
2.988536000000000171e-14
3.586784999999999847e-13
1.804500999999999855e-14
5.807187999999999873e-13
7.396829000000000429e-14
1.636514000000000149e-14
4.196955000000000215e-14
9.022504999999999277e-15
4.606083999999999965e-16
2.424967999999999846e-14
4.904123999999999775e-15
5.066691999999999935e-14
1.083784000000000021e-14
2.285158999999999755e-13
2.074904999999999932e-13
2.763649999999999854e-15
5.565232999999999845e-14
1.923717000000000174e-15
8.182572000000000386e-15
2.964150000000000047e-13
1.488035999999999901e-13
7.483530999999999841e-14
1.360149000000000006e-14
2.181657999999999921e-13
1.368007000000000080e-13
1.398081999999999986e-14
3.137555999999999899e-14
3.755313000000000096e-13
2.785325999999999932e-14
9.499369999999999740e-14
1.303251000000000003e-14
1.449562000000000104e-14
7.965815000000000639e-15
9.022504999999999277e-15
1.549812000000000106e-14
4.280947999999999842e-15
2.836805999999999893e-14
2.501644999999999889e-13
1.270737000000000043e-14
8.185281999999999675e-14
1.029594999999999960e-14
4.988930999999999798e-13
3.306355000000000203e-13
1.971675000000000027e-13
6.665273999999999609e-15
1.398081999999999986e-14
2.145893000000000099e-14
1.444143000000000085e-14
1.216005999999999999e-13
1.788244000000000112e-15
3.465401000000000003e-14
1.213839000000000041e-14
1.444143000000000085e-14
4.768650999999999713e-15
9.239262000000000602e-15
3.844724999999999932e-14
1.509169999999999869e-14
9.036864999999999582e-13
1.059398999999999937e-13
2.204959000000000006e-13
2.393103999999999857e-12
2.252375000000000033e-13
8.399328999999999936e-16
7.028341999999999457e-14
5.585011999999999790e-13
1.826176999999999934e-14
4.816879999999999969e-13
6.340138999999999898e-15
1.901229000000000097e-13
4.213212000000000274e-14
2.459378000000000024e-13
2.644434000000000009e-14
6.792618999999999867e-14
7.315544999999999640e-15
8.372234999999999855e-15
5.351185999999999702e-14
7.250517999999999540e-14
2.533888000000000078e-13
2.460191000000000064e-14
1.939703000000000020e-13
2.036431000000000009e-13
5.692578000000000576e-14
2.842224999999999913e-14
1.912878999999999977e-14
1.961650000000000153e-14
6.131509999999999639e-14
2.219589999999999986e-13
7.478112000000000768e-15
7.426632999999999996e-14
7.640680000000000139e-15
3.029176999999999958e-14
1.314089000000000043e-14
1.652770999999999893e-14
3.428009999999999850e-13
2.242891999999999891e-13
7.667775000000000237e-15
4.092641000000000090e-13
5.744057000000000244e-15
7.142139000000000229e-14
6.738429999999999490e-14
1.097874000000000058e-13
1.827260999999999902e-13
2.256981000000000140e-14
3.847435000000000168e-15
4.674632999999999959e-13
4.870797999999999659e-13
3.563754000000000124e-13
5.364732999999999841e-14
1.465818000000000028e-14
5.371506000000000316e-13
6.789909000000000578e-14
3.133492000000000155e-13
3.427467999999999866e-14
3.083367000000000154e-14
8.952059000000000104e-14
2.946538999999999911e-13
4.741557000000000224e-15
7.039179999999999496e-14
8.770524999999999628e-14
3.711962000000000106e-15
3.041640999999999823e-13
1.531657999999999914e-13
3.616860000000000100e-13
4.020026999999999971e-13
5.765733000000000480e-14
2.582116000000000008e-14
2.523862999999999825e-13
5.993328000000000582e-14
4.259272999999999899e-14
1.327094000000000040e-12
4.532927999999999807e-14
1.656294000000000041e-13
3.842015999999999833e-14
4.110251999999999721e-14
3.238076999999999956e-13
4.091286000000000193e-15
7.532301999999999387e-15
4.759439000000000194e-13
2.645788999999999905e-13
2.712169999999999893e-14
3.305541999999999785e-14
7.781572000000000378e-14
1.766568999999999854e-14
4.362232000000000317e-15
2.221757999999999922e-14
1.314901000000000104e-13
2.314150999999999860e-13
6.204665999999999836e-15
2.564233999999999755e-13
4.877029999999999694e-16
2.511941000000000070e-13
3.061691000000000075e-14
9.255518999999999399e-14
1.533555000000000047e-14
2.142100000000000031e-13
4.854269999999999671e-13
1.473946999999999967e-14
5.781990000000000539e-14
6.511376999999999751e-13
6.308980000000000245e-13
2.633596000000000222e-13
6.304916000000000627e-14
1.522717000000000008e-14
2.709460999999999872e-15
6.367233000000000176e-15
4.335138000000000039e-15
1.098578000000000007e-12
2.709461000000000109e-14
4.278239000000000058e-14
8.859937999999999411e-14
1.071591999999999999e-13
2.017735999999999906e-13
3.087702000000000206e-13
3.879406000000000040e-13
2.156460000000000083e-13
1.265588999999999890e-13
2.023967000000000018e-14
4.877029999999999694e-16
1.905781000000000157e-12
6.353685999999999721e-14
6.283240000000000549e-14
1.814254999999999927e-13
4.810648000000000163e-13
7.342638999999999918e-15
7.532301999999999387e-15
3.874528999999999657e-15
4.172569999999999879e-15
3.312316000000000080e-13
3.674029000000000126e-14
1.273447000000000026e-13
2.168814999999999983e-12
7.155686999999999557e-14
6.852227000000000263e-14
6.017713000000000129e-14
3.685680000000000205e-13
3.806251000000000136e-13
6.565023999999999765e-14
1.789598999999999946e-13
2.126926999999999940e-13
1.035827000000000050e-13
1.432220999999999951e-13
1.389954000000000024e-14
3.703832999999999693e-14
1.273446999999999963e-15
1.836473000000000115e-13
1.222238000000000057e-13
2.183825999999999920e-14
3.422048999999999846e-14
5.738638000000000382e-14
4.486866999999999929e-13
4.784908000000000088e-14
4.280948000000000158e-14
2.839514999999999993e-14
1.224675999999999944e-14
3.124008999999999760e-14
4.928510000000000246e-14
2.662586999999999750e-13
8.770524999999999628e-14
6.289742999999999526e-13
1.291870999999999949e-13
9.546515000000000343e-13
7.895368999999999888e-14
9.699870000000000375e-15
4.589827000000000103e-14
2.759857000000000102e-13
3.349706999999999855e-13
9.456019000000000350e-15
8.290950999999999381e-15
9.781153999999999272e-15
1.140954000000000088e-13
2.346392999999999976e-13
6.854936000000000047e-15
4.064191999999999915e-15
6.529801000000000336e-15
6.437678999999999665e-14
3.088786000000000173e-15
4.321589999999999764e-13
1.060483000000000031e-13
7.694869000000000516e-15
8.756978000000000120e-14
2.318215000000000235e-13
1.861400000000000152e-14
9.340325000000000391e-13
2.324717999999999844e-14
1.320591000000000052e-13
2.183284000000000000e-13
1.961650000000000153e-14
8.532093000000000569e-14
2.388119000000000055e-13
4.094267000000000168e-13
2.926218000000000014e-15
9.293450999999999401e-15
3.088786000000000173e-14
2.825967999999999854e-14
2.704042000000000089e-14
2.308189999999999982e-13
9.404538999999999758e-14
3.158961000000000175e-13
1.441432999999999849e-14
1.022008999999999982e-13
4.226758999999999782e-14
1.893913000000000134e-14
6.762815000000000300e-14
8.507708000000000706e-15
5.998747000000000349e-13
2.672612000000000002e-13
2.893703999999999738e-14
7.713836000000000494e-14
6.934594999999999695e-13
8.117544999999999971e-14
6.616503999999999410e-14
4.341639999999999764e-13
2.552312000000000126e-14
1.634780000000000028e-12
2.747123000000000128e-13
5.608584000000000182e-15
3.186326000000000256e-14
1.402145999999999951e-13
1.309482999999999904e-13
1.444143000000000085e-14
1.043141999999999941e-14
8.797619999999999726e-14
6.895578000000000600e-14
1.550082999999999909e-13
1.684742999999999963e-13
8.795180999999999861e-13
1.175906000000000061e-14
2.800228000000000031e-13
1.061566999999999999e-13
1.914504999999999929e-13
3.869380999999999787e-13
8.033552000000000028e-14
2.822716999999999896e-13
1.769819999999999874e-13
3.966651000000000013e-14
2.343684000000000003e-14
8.318044999999999659e-15
4.007022000000000069e-13
2.177051999999999941e-13
2.232595999999999961e-13
2.126926999999999940e-14
1.620257999999999910e-14
4.120547999999999902e-13
2.065963999999999900e-13
6.049685000000000389e-13
1.025802000000000050e-13
5.784699000000000007e-14
8.756978000000000120e-14
2.882867000000000150e-14
9.155539999999999578e-13
5.405104000000000149e-13
3.413920999999999727e-14
1.179157000000000082e-13
1.219256999999999925e-14
1.977094000000000047e-13
1.352291999999999879e-13
3.398206000000000030e-13
3.271131999999999859e-13
7.180072000000000367e-14
1.376406000000000065e-14
7.396829000000000114e-15
3.344016999999999907e-13
5.327612999999999869e-13
4.931218999999999715e-14
8.903559999999999677e-13
1.475030999999999998e-13
2.608398000000000131e-13
1.653583999999999995e-13
1.035284999999999940e-13
1.086493999999999941e-14
8.114836000000000502e-14
2.666109999999999835e-13
1.982513000000000067e-13
6.318463000000000135e-14
2.754979999999999940e-13
2.197373000000000059e-14
2.733845999999999971e-14
1.628114999999999975e-13
4.502039999999999768e-13
4.658375999999999900e-13
2.748477000000000205e-13
7.207165999999999383e-14
1.171841999999999875e-13
3.470820000000000023e-14
2.026676999999999938e-14
1.046664999999999963e-13
1.990369999999999879e-13
3.424758999999999766e-14
4.221339999999999762e-14
2.310627999999999775e-13
2.593224999999999787e-13
1.207335999999999895e-13
1.257190000000000062e-14
1.388571999999999952e-12
8.150059000000000089e-14
4.443515999999999844e-14
2.001750000000000028e-13
1.902042000000000073e-14
5.844307000000000403e-14
1.473946999999999967e-14
5.092431999999999884e-13
1.322217000000000004e-14
1.509116000000000049e-12
5.402935999999999708e-13
1.395372000000000066e-14
4.982698999999999992e-14
1.479365999999999987e-14
9.699869999999999744e-14
1.727551999999999938e-13
7.819505000000000516e-14
6.730301000000000182e-14
3.302832999999999685e-14
3.354312999999999962e-14
6.415190999999999619e-13
8.155478000000000108e-15
7.586490999999999763e-15
1.731345999999999952e-14
2.676946999999999991e-14
6.031259999999999637e-14
5.117630000000000480e-13
9.848890999999999922e-14
1.563901000000000103e-13
5.311086000000000458e-13
4.446225999999999764e-14
1.814526000000000108e-13
3.213420999999999723e-14
2.196560000000000083e-13
6.586699999999999843e-14
7.567524999999999604e-14
1.205167999999999959e-13
9.320545999999999499e-15
1.670382999999999911e-13
3.372195000000000153e-13
1.198123999999999934e-13
2.641724999999999909e-14
1.308941000000000047e-13
1.340911999999999982e-13
4.708230000000000225e-13
1.801792000000000071e-14
3.570256999999999859e-13
1.111692000000000000e-13
5.987909000000000089e-15
1.915317999999999968e-13
9.049599999999999375e-14
5.115462000000000291e-14
4.194517000000000170e-13
1.215735000000000070e-13
3.324508999999999764e-14
4.820131000000000305e-14
2.366172000000000048e-13
1.419758000000000064e-14
8.261147000000000130e-14
2.806459999999999837e-13
1.544393000000000087e-15
5.573360999999999964e-14
5.138492999999999762e-13
4.901415000000000148e-14
5.340348000000000294e-14
6.635470000000000200e-14
2.087639999999999978e-13
1.097331999999999980e-14
1.074842999999999957e-13
7.288449999999999857e-14
1.983595999999999962e-13
6.834345000000000198e-13
2.733845999999999971e-14
1.092455000000000039e-13
5.119256000000000053e-13
8.526674000000000549e-14
4.936637999999999735e-14
2.067318999999999860e-14
3.438305999999999905e-14
2.406000999999999867e-14
5.776571000000000519e-14
2.167569000000000051e-13
4.780030999999999547e-13
8.047370000000000474e-13
9.456018999999999403e-14
1.816151999999999934e-13
7.250517999999999540e-14
5.482322999999999923e-13
2.887202000000000202e-13
1.910441000000000058e-13
4.051727999999999798e-13
1.593704999999999922e-13
3.003437999999999829e-13
2.533345999999999967e-14
5.310544000000000096e-14
8.643180999999999979e-15
4.048477000000000219e-13
1.355542999999999962e-13
1.798539999999999978e-13
2.047269000000000048e-13
2.114191999999999894e-13
1.359336999999999976e-13
1.376676999999999931e-13
1.507273000000000115e-13
5.599914000000000205e-13
5.554394999999999806e-14
1.861400000000000152e-14
2.649853000000000028e-14
1.360691000000000053e-13
5.418921999999999744e-15
1.044767999999999956e-13
2.948705999999999775e-13
2.010691000000000060e-13
9.412668000000000328e-14
8.426424000000000232e-15
1.680407999999999912e-13
3.417171999999999810e-13
4.367651000000000147e-13
7.288449999999999541e-15
9.943722000000000220e-15
1.402958999999999990e-13
1.306501999999999929e-13
9.735093000000000593e-14
2.725176000000000120e-13
1.228470000000000116e-13
3.983720999999999985e-13
1.227928000000000006e-13
1.279678000000000013e-13
3.898914000000000309e-14
3.384117000000000160e-14
3.771570000000000029e-14
4.606084000000000162e-15
3.625258999999999770e-14
1.052355000000000038e-13
1.068069999999999987e-13
1.864108999999999936e-14
1.159649000000000002e-14
1.357439999999999969e-13
3.205291999999999783e-14
5.975173999999999759e-13
9.228424000000000563e-14
2.101186999999999991e-13
3.133763000000000084e-13
1.498060999999999901e-13
1.791225000000000024e-13
6.963315000000000304e-14
1.295663999999999890e-13
4.153603999999999878e-13
1.037453000000000002e-13
5.435179000000000276e-14
5.093787000000000033e-14
1.091100000000000016e-13
4.535367000000000177e-13
3.912191000000000086e-13
1.238223999999999935e-13
1.807211000000000091e-14
6.361002000000000000e-13
1.517297999999999989e-14
1.298645000000000117e-13
4.731531999999999877e-13
1.223863999999999883e-13
1.482075000000000087e-14
1.530845000000000128e-14
1.601290999999999932e-14
1.511878999999999969e-14
1.002501000000000037e-15
1.496435000000000075e-13
2.218832000000000092e-12
4.159022999999999897e-13
7.152977000000000269e-15
1.466360000000000075e-13
1.320320000000000124e-13
2.098478000000000017e-13
2.515735000000000084e-13
2.097123000000000057e-14
2.875279999999999942e-13
1.456063999999999893e-13
1.211128999999999963e-14
5.748122000000000092e-13
5.524591000000000239e-14
2.349103000000000022e-14
9.899829000000000467e-13
1.176176999999999927e-13
5.499663999999999698e-13
8.388491000000000410e-14
5.857854999999999731e-14
2.785326000000000122e-13
4.671110999999999946e-14
1.200290999999999924e-14
9.350349999999999381e-14
5.929385000000000387e-13
1.723217000000000012e-14
2.018548000000000125e-13
2.981219999999999892e-13
1.398081999999999986e-14
7.749059000000000712e-15
5.680114000000000206e-13
1.452270999999999952e-13
3.397664000000000299e-14
5.624841000000000241e-14
4.373070000000000167e-13
3.215588000000000091e-13
2.421987000000000250e-13
2.509502999999999773e-13
8.705498000000000475e-14
9.754060000000000571e-15
1.712378999999999973e-14
5.226549999999999702e-14
5.055854000000000400e-13
1.888494000000000114e-14
7.469984000000000333e-14
7.884531999999999985e-15
1.977906999999999897e-14
1.020155000000000069e-11
4.394746000000000119e-14
3.392245000000000279e-14
9.987073000000000242e-14
2.187348000000000122e-13
1.084325999999999973e-13
5.009252000000000232e-13
2.365358999999999756e-13
3.771570000000000029e-14
1.286993999999999945e-14
2.229886000000000042e-14
3.090410999999999927e-13
6.581280999999999824e-14
1.454709999999999968e-12
2.950874000000000215e-13
5.638387999999999749e-14
1.592350000000000026e-13
9.260937999999999419e-14
1.944309000000000000e-13
4.110251999999999721e-14
3.543161999999999761e-13
4.687367999999999848e-15
4.635345999999999745e-13
1.950812000000000114e-14
2.261857999999999923e-13
1.206523000000000109e-13
1.409191000000000048e-13
7.965815000000000324e-14
3.799206000000000038e-13
7.868274999999999610e-14
2.632782999999999930e-13
8.185281999999999675e-14
2.170278000000000024e-13
1.135805999999999997e-13
1.145803999999999911e-12
1.873050000000000031e-13
4.371715000000000017e-13
8.507707999999999759e-14
5.592327999999999943e-14
3.445892999999999987e-13
3.227238999999999917e-13
5.689867999999999867e-16
3.443724999999999925e-14
5.630259999999999882e-13
9.456019000000000350e-15
3.481657000000000116e-13
3.999164000000000311e-14
3.487076000000000262e-14
8.212375999999999953e-14
1.098686000000000025e-13
4.345974999999999942e-14
1.864922000000000038e-13
3.010210999999999799e-14
2.644434000000000009e-14
1.564361999999999953e-12
4.484158000000000082e-14
2.844933999999999934e-15
2.605959999999999833e-13
6.096287000000000053e-15
8.326174000000000545e-14
5.647058999999999798e-13
2.498393999999999805e-13
3.825216999999999916e-13
2.465609999999999846e-15
2.559086000000000169e-13
4.606084000000000162e-15
1.788244000000000112e-15
6.895578000000000600e-14
1.755731000000000130e-14
2.357231000000000063e-15
4.007292999999999998e-13
2.760941000000000069e-14
1.497789999999999972e-13
1.291057999999999910e-13
8.751559000000000100e-14
5.256354000000000373e-15
1.652770999999999893e-14
2.284075999999999922e-14
4.088577000000000093e-14
3.634471000000000236e-13
6.364523999999999761e-14
2.239639999999999987e-13
7.071151000000000189e-13
2.974717000000000157e-13
5.424882999999999716e-13
4.491474000000000234e-13
5.554394999999999806e-15
8.106706999999999932e-14
9.456019000000000350e-15
6.800746999999999671e-15
1.018757000000000079e-14
3.955813000000000131e-15
1.801791999999999882e-13
4.118381000000000291e-14
5.272610999999999958e-14
1.585848000000000111e-13
5.172360999999999956e-14
2.201979000000000103e-13
3.636096999999999809e-14
2.620049000000000146e-14
1.728364999999999977e-13
4.672736000000000457e-13
2.056210000000000081e-13
5.332218999999999723e-14
3.547497000000000065e-13
1.382366999999999879e-13
2.899122999999999915e-15
1.032847000000000022e-13
1.841079000000000096e-13
1.894183999999999999e-13
1.972487999999999877e-14
4.233262000000000022e-13
2.435264000000000154e-13
2.184097000000000039e-13
2.281637000000000247e-13
3.189306999999999852e-13
2.135055000000000059e-14
1.430595000000000126e-14
2.840869999999999890e-13
1.301625000000000020e-13
2.083033999999999998e-13
1.838369000000000050e-13
4.522089999999999768e-14
7.480822000000000373e-14
3.570527999999999788e-13
2.489994999999999946e-14
6.827841999999999769e-15
3.917881000000000287e-14
4.033303999999999875e-13
5.960272000000000354e-13
1.749553000000000068e-12
4.644015999999999848e-14
1.022822000000000021e-13
5.261772999999999919e-14
1.052463000000000056e-12
5.207584000000000174e-14
1.365568000000000026e-14
1.452270999999999889e-14
1.709669999999999873e-14
5.811794000000000106e-14
3.096914000000000293e-14
7.017504000000000207e-15
8.141929999999999518e-14
7.803247999999999510e-15
1.541682999999999851e-14
3.775904999999999954e-13
6.478321000000000533e-14
1.007920000000000017e-14
3.007501999999999699e-14
6.031530999999999818e-13
1.912338000000000065e-13
1.565256000000000000e-13
9.120045999999999811e-14
1.506459999999999949e-14
2.702415999999999822e-13
1.487494000000000106e-14
3.451310999999999934e-13
4.234887999999999721e-14
2.523591999999999896e-13
8.588991000000000414e-14
2.533345999999999967e-14
3.172779000000000117e-14
1.560919999999999876e-13
9.212167000000000504e-15
1.028239999999999969e-13
3.412024000000000225e-13
7.532301999999999387e-15
1.185930999999999998e-13
1.780115999999999993e-14
1.476385000000000075e-13
3.317193000000000242e-13
1.304876000000000104e-13
2.977698000000000132e-14
1.755188999999999894e-13
2.275946999999999983e-14
3.666713999999999920e-13
6.513544000000000119e-14
1.258518000000000030e-12
1.726469000000000042e-13
5.296996000000000137e-14
5.849726000000000423e-14
1.628386000000000030e-14
2.818651999999999953e-13
1.036639999999999963e-13
4.524799999999999688e-14
7.727383000000000002e-14
2.866610000000000091e-14
1.127136000000000020e-14
5.581489999999999904e-15
2.495685000000000084e-13
3.348893999999999942e-14
3.007502000000000094e-15
1.029594999999999960e-14
1.553876000000000103e-13
1.257732000000000078e-13
3.009939999999999996e-13
8.003748000000000461e-14
3.219653000000000034e-13
1.093808999999999989e-13
3.436950999999999882e-13
8.923068000000000324e-13
9.095661000000000263e-14
7.667775000000000237e-15
9.645681000000000630e-14
2.076531000000000010e-13
9.369316000000000171e-14
2.339078000000000022e-13
1.061566999999999999e-13
3.950393999999999954e-14
1.187014999999999966e-13
1.009544999999999991e-13
1.332241999999999878e-13
3.592745000000000283e-14
8.255728000000000110e-14
6.719462999999999985e-15
3.529615000000000001e-13
3.915170999999999736e-14
3.907043000000000248e-14
9.458728000000000134e-14
7.342638999999999918e-15
2.872029000000000032e-15
4.595246000000000123e-14
1.771175000000000024e-13
6.666357999999999735e-13
1.364213999999999886e-13
1.910169999999999877e-13
1.120633000000000032e-13
9.225714999999999832e-14
1.460398999999999945e-13
2.210648999999999954e-13
1.049103000000000008e-13
1.054792999999999957e-13
2.964150000000000173e-14
2.927844000000000060e-13
7.152977000000000269e-14
1.178615999999999981e-14
6.096287000000000053e-15
1.888764999999999980e-13
2.226092999999999974e-13
2.294371999999999788e-13
7.104478000000000093e-13
1.838639999999999979e-13
3.901623999999999755e-15
2.327426999999999944e-14
2.479156999999999907e-14
5.363377999999999565e-13
2.086556000000000010e-13
1.591536999999999987e-13
1.990641000000000060e-13
3.028094000000000062e-13
2.438515000000000143e-15
4.988388999999999940e-13
1.064818000000000020e-14
3.623633000000000197e-13
7.315544999999999640e-15
1.124425999999999942e-14
1.398081999999999986e-14
2.587535000000000028e-14
1.540057999999999909e-13
3.282783000000000190e-13
1.503750999999999850e-14
3.158961000000000175e-13
3.237805999999999901e-14
1.907461000000000093e-14
6.481030999999999822e-14
7.803248000000000457e-14
2.289494999999999942e-14
2.620049000000000146e-14
9.279904000000000208e-14
1.983325000000000096e-14
1.181324999999999923e-14
1.958126999999999942e-13
2.377551999999999945e-13
1.313276000000000098e-13
6.096287000000000053e-15
2.810795000000000142e-13
2.781804000000000109e-13
2.248853000000000020e-14
1.488035999999999901e-13
4.898706000000000049e-14
5.126299999999999700e-14
3.416629999999999826e-14
3.546684000000000026e-14
9.288031999999999697e-14
6.558249999999999848e-13
9.569816000000000175e-14
1.644643000000000089e-14
2.154563000000000076e-13
1.720507999999999912e-13
5.841597999999999672e-14
5.053144999999999669e-13
7.423923000000000392e-15
3.346726000000000133e-13
6.628695999999999526e-13
1.418945000000000120e-13
1.582325000000000089e-14
1.060483000000000031e-13
3.527717999999999868e-14
2.175697000000000044e-13
1.734597000000000035e-13
8.345139999999999757e-15
4.335138000000000039e-15
2.877448000000000130e-14
2.414130000000000122e-14
1.361504000000000092e-13
8.832843000000000575e-14
1.338745000000000118e-13
3.766422000000000064e-13
1.185930999999999998e-13
7.180072000000000367e-14
1.755731000000000130e-14
1.789328000000000017e-13
1.251229000000000090e-13
1.056689999999999964e-13
1.593163000000000128e-14
2.397873000000000063e-14
2.850353000000000032e-14
5.378279999999999980e-14
1.506459999999999949e-14
6.738159000000000066e-13
4.206166999999999923e-13
4.849934999999999872e-14
5.517274999999999833e-13
2.568568999999999869e-14
1.238224000000000061e-14
3.731199000000000225e-13
2.338536000000000164e-13
4.443515999999999844e-14
1.127406999999999949e-13
8.355978000000000112e-14
5.567941999999999945e-14
9.437052999999999875e-14
1.696123000000000050e-14
3.838221999999999819e-13
4.164441999999999917e-14
1.222238000000000057e-13
1.099769999999999993e-13
5.427049999999999705e-14
1.419758000000000064e-14
1.237139999999999967e-13
5.183198999999999996e-13
6.583989999999999923e-15
6.318463000000000135e-14
2.084741000000000033e-12
1.184033999999999991e-13
6.084908000000000228e-13
2.457481000000000144e-14
4.066901000000000015e-14
2.368068999999999865e-14
9.786573000000000238e-14
3.828467999999999874e-14
7.589199999999999863e-14
1.958939999999999918e-14
8.605248000000000473e-14
1.544664000000000091e-12
3.506855000000000207e-13
5.543556999999999766e-14
2.603792000000000087e-14
5.521882000000000139e-14
5.879530000000000305e-15
7.025632000000000168e-14
5.105707999999999715e-13
3.584617000000000164e-14
1.658189999999999912e-14
3.286576000000000131e-13
1.246352000000000023e-14
6.177570999999999738e-15
1.111150000000000016e-13
2.965505000000000196e-13
6.546058000000000237e-14
1.957857000000000086e-13
6.835970000000000204e-14
5.719671999999999592e-14
1.518110999999999901e-13
1.528407000000000083e-13
4.652144999999999788e-14
5.604248999999999499e-13
2.605417999999999976e-13
2.532532999999999928e-13
5.275320999999999878e-14
3.990494000000000081e-13
6.827841999999999453e-14
8.206956999999999934e-14
7.694868999999999884e-14
1.852458999999999993e-13
5.773860999999999968e-14
4.153603999999999878e-14
1.239307000000000083e-13
7.591910000000000414e-14
3.557522000000000066e-14
3.251353000000000040e-14
1.279136999999999975e-13
2.395163999999999964e-14
5.567941999999999945e-14
1.352021000000000044e-14
2.465067999999999973e-13
1.172383999999999985e-13
1.392391999999999879e-13
4.015420999999999738e-14
2.308568999999999955e-12
3.296329999999999950e-13
1.162629999999999914e-13
5.657354999999999727e-14
2.956022000000000054e-14
4.709313999999999940e-13
4.989201999999999727e-13
6.745744999999999950e-13
5.922882000000000147e-14
3.748538999999999927e-13
2.410877999999999777e-13
1.782013000000000063e-13
1.371800000000000021e-13
2.240724000000000081e-14
1.732970999999999957e-13
1.194872000000000062e-14
1.988744000000000116e-14
5.779279999999999988e-14
2.858481000000000152e-14
2.134241999999999894e-13
1.415963999999999893e-13
1.346331000000000001e-13
1.238224000000000061e-14
5.267191999999999939e-14
6.701580999999999573e-13
4.130573000000000155e-13
1.073758999999999989e-13
1.155855999999999998e-13
5.663857000000000147e-13
2.113380000000000116e-14
5.120881000000000311e-15
1.915588999999999897e-14
2.565859999999999833e-13
1.718069000000000048e-13
2.164858999999999942e-14
9.445181000000000626e-14
1.365297000000000034e-13
4.312649000000000237e-13
1.976823000000000118e-13
3.619839999999999750e-14
1.525426999999999928e-14
8.141929999999999518e-14
3.996455000000000211e-14
1.020653999999999959e-13
6.277821000000000529e-14
2.366442999999999977e-13
7.921379999999999514e-13
5.408084000000000178e-14
2.035212000000000113e-12
5.213003000000000194e-14
9.456019000000000350e-15
6.771485000000000403e-13
8.954768999999999393e-14
1.039619999999999992e-13
6.876611999999999810e-14
1.110878999999999961e-14
8.822005000000000536e-14
1.043955000000000044e-13
2.662858000000000183e-13
2.179489999999999986e-13
1.359336999999999976e-13
5.662773999999999747e-14
1.273446999999999963e-14
4.313462000000000276e-14
6.098997000000000603e-14
7.545848999999999526e-14
3.464045999999999980e-13
4.584408000000000084e-14
5.822632000000000145e-14
2.334743000000000223e-13
5.882240000000000541e-14
1.247164999999999967e-13
2.566942999999999981e-13
1.191079000000000089e-13
2.155647000000000044e-13
2.468318999999999867e-14
8.396619999999999718e-14
1.557939999999999910e-14
1.169132000000000082e-13
1.668214999999999976e-13
3.806793000000000246e-14
1.005209999999999940e-14
3.153812999999999958e-14
6.589409000000000574e-14
4.990827000000000111e-14
1.228713000000000037e-12
1.368548999999999938e-13
1.005209999999999940e-14
1.769007000000000088e-13
2.714067000000000152e-13
2.842224999999999913e-14
1.175906000000000061e-14
6.730301000000000182e-14
5.110044000000000092e-14
1.184033999999999991e-13
2.103083999999999998e-13
9.661937999999999426e-14
1.780116000000000056e-13
7.423923000000000392e-15
7.360793000000000299e-13
5.370151999999999860e-14
4.638596999999999829e-14
1.062109000000000078e-14
1.110878999999999961e-14
1.146101999999999926e-13
6.139909999999999634e-13
1.354730999999999964e-14
3.782408000000000068e-14
3.034595999999999977e-14
1.106814999999999964e-13
3.714670999999999733e-14
5.817213000000000125e-14
2.409795000000000134e-13
5.074820999999999874e-14
1.382638000000000061e-13
4.509355999999999794e-13
3.860981999999999991e-14
1.579615999999999989e-14
1.097331999999999980e-14
7.559395999999999665e-15
3.519589999999999748e-14
8.968316000000000479e-15
1.084597000000000028e-13
4.519381000000000299e-14
4.340556999999999743e-14
4.218631000000000293e-14
1.756544000000000043e-13
1.977906999999999976e-15
3.768860000000000109e-14
3.170069000000000197e-14
1.552520999999999891e-14
5.939139000000000206e-14
1.207064999999999966e-13
6.828113000000000392e-13
8.605248000000000473e-14
2.449353000000000024e-14
2.874738000000000210e-14
2.479156999999999907e-14
3.206917999999999988e-13
5.460377000000000493e-13
4.722591000000000223e-14
1.302274999999999921e-12
2.556646999999999799e-13
4.168505999999999787e-13
4.868901000000000031e-14
3.002354000000000113e-13
9.754059999999999940e-14
1.671195999999999950e-13
9.285322999999999976e-13
6.900997000000000619e-14
2.728969000000000062e-13
6.044808000000000227e-14
1.265318000000000024e-14
2.105251000000000114e-13
2.405459999999999830e-13
4.373070000000000040e-14
1.991182999999999918e-13
2.140474000000000079e-14
7.600037999999999902e-14
3.425572000000000057e-13
1.514588999999999889e-14
1.761150000000000150e-14
1.696394000000000042e-13
1.830782999999999915e-13
1.116297999999999981e-13
6.922672999999999436e-14
6.432259999999999645e-14
1.070237000000000039e-14
4.793037000000000027e-14
1.552520999999999891e-14
2.655272000000000048e-14
9.710978999999999712e-13
4.551894999999999786e-14
1.665506000000000002e-13
1.064818000000000020e-14
3.438305999999999905e-14
1.362858999999999926e-14
1.188910999999999901e-13
3.950393999999999954e-14
5.211377000000000242e-13
4.018131000000000289e-14
1.122530000000000039e-13
1.000603999999999959e-13
2.347205999999999763e-13
1.641932999999999853e-14
7.339929999999999502e-14
3.275738000000000218e-14
3.067110000000000095e-14
1.390766000000000054e-13
5.438972000000000344e-13
7.944140000000000065e-14
8.028133000000000008e-14
1.549812000000000106e-14
9.049599999999999375e-14
2.238014999999999981e-14
1.278865999999999983e-14
5.939139000000000206e-14
1.658460999999999904e-13
9.456019000000000350e-15
3.738785000000000108e-13
1.782825000000000093e-14
1.763316999999999887e-13
7.770734000000000339e-14
5.291577000000000117e-14
2.925947000000000053e-13
3.229677999999999782e-14
2.216338999999999903e-13
5.703415000000000290e-13
2.384325999999999924e-14
9.970817000000000318e-15
1.963004999999999924e-13
5.960543000000000283e-13
2.842224999999999913e-14
4.211856999999999872e-13
1.256376999999999928e-13
1.926426999999999936e-13
3.665901000000000133e-13
1.937807000000000085e-13
1.711836999999999989e-13
1.960566000000000059e-13
2.943558000000000189e-13
2.300332000000000098e-13
1.517297999999999989e-14
6.616503999999999410e-14
5.375570999999999880e-14
6.437678999999999917e-13
2.519528000000000026e-13
5.906625000000000088e-14
3.733636999999999891e-14
5.269901999999999858e-14
3.110460999999999801e-14
7.085241000000000384e-14
9.808248999999999370e-15
2.023967000000000018e-14
6.220922999999999422e-14
4.581698999999999984e-14
3.216671999999999806e-13
5.259063999999999819e-14
7.451018000000000490e-15
3.364066999999999907e-13
7.288449999999999541e-15
5.061272999999999915e-14
6.472361000000000475e-13
3.492495000000000281e-14
6.605665999999999371e-14
2.355604999999999937e-13
8.677049000000000300e-13
1.553333999999999993e-13
7.280322000000000369e-14
9.017086000000000520e-14
1.593163000000000128e-14
1.473946999999999967e-14
7.586491000000000394e-14
3.213420999999999723e-14
4.660272999999999749e-15
2.037514999999999977e-14
1.023092000000000004e-13
1.165067999999999982e-15
6.827841999999999769e-15
4.371985999999999946e-13
5.156103999999999897e-14
3.058168999999999810e-13
1.224675999999999944e-14
3.644224999999999928e-14
2.243976000000000111e-13
3.609544000000000074e-13
1.230095000000000122e-13
1.422466999999999880e-13
8.209667000000000484e-15
6.556895999999999645e-15
2.958731000000000154e-14
2.265651000000000117e-13
2.674238000000000080e-13
1.451430999999999978e-12
4.730718999999999711e-14
3.487076000000000262e-14
1.991454000000000036e-14
6.448516999999999862e-15
6.182990000000000547e-14
1.433305000000000046e-14
3.763440999999999837e-13
2.527926999999999948e-14
3.842015999999999833e-14
3.226155000000000201e-13
1.145830999999999997e-13
4.133553999999999877e-13
4.714462000000000126e-15
6.502706000000000238e-15
2.817838999999999914e-14
3.124008999999999760e-13
6.332009999999999643e-14
6.142347999999999678e-14
5.535429000000000278e-14
1.612128999999999971e-14
4.206437999999999852e-13
3.457814000000000174e-13
2.495143000000000226e-13
1.159649000000000002e-14
3.375446999999999804e-13
2.492704000000000046e-14
9.922045999999999826e-14
1.609419999999999871e-14
2.183013000000000071e-13
7.547745999999999533e-13
1.533555000000000047e-14
3.034595999999999977e-15
8.911417000000000498e-14
2.972279000000000113e-14
1.001958999999999982e-13
1.221425000000000018e-13
1.639223999999999943e-13
8.905998000000000479e-14
1.089203000000000040e-14
5.407000000000000084e-13
2.365088999999999900e-13
3.766150999999999693e-15
4.763502999999999559e-13
4.274988000000000100e-13
7.397641000000000144e-13
3.495204999999999964e-15
2.655272000000000048e-14
2.099560999999999913e-13
4.354103999999999882e-14
1.056690000000000058e-14
1.438724000000000065e-14
1.266131000000000000e-13
4.497705000000000221e-14
4.113232999999999948e-13
2.319569999999999879e-13
6.900997000000000619e-14
1.606709999999999951e-14
2.964150000000000173e-14
1.601290999999999932e-14
8.643180999999999979e-15
3.823050000000000305e-14
2.643620999999999970e-13
5.643806999999999768e-14
2.736556000000000017e-13
1.814254999999999927e-13
5.712357000000000395e-13
3.126717999999999860e-14
3.630677999999999789e-14
5.489096999999999587e-13
4.308042999999999940e-15
2.815129999999999941e-13
1.344976000000000105e-13
3.674029000000000126e-14
5.895787000000000049e-14
4.378489000000000060e-14
7.096077999999999846e-13
1.370987000000000045e-14
2.254272000000000040e-14
2.013130000000000114e-14
1.713191999999999886e-13
3.069548000000000140e-13
1.780115999999999993e-14
1.076197999999999980e-13
2.040223999999999951e-13
1.219257000000000083e-13
5.462272999999999923e-14
1.102480000000000039e-13
1.450590999999999953e-12
2.048353000000000016e-14
3.194184000000000014e-13
5.077530000000000479e-13
2.422257999999999926e-14
2.191954000000000103e-13
2.026676999999999938e-13
2.626280999999999763e-13
6.410584999999999386e-14
4.510169000000000086e-13
2.964150000000000173e-14
1.633804999999999923e-13
1.522445999999999953e-13
2.909960999999999797e-14
1.211128999999999963e-14
1.712379000000000099e-13
2.085742999999999971e-13
8.995411000000000577e-15
1.774696999999999973e-14
1.400248999999999944e-13
5.868963999999999952e-13
8.318044999999999659e-15
1.880094999999999876e-13
6.795328000000000598e-14
2.508419000000000058e-13
1.155585000000000069e-13
5.052602999999999812e-13
1.108170000000000019e-14
2.183554999999999928e-13
8.263855999999999599e-14
4.196954999999999962e-13
2.321465999999999814e-13
2.953313000000000112e-15
6.627341999999999449e-14
1.723217000000000012e-14
4.998956000000000050e-14
2.644162999999999827e-13
1.564172000000000032e-13
9.022504999999999277e-15
1.067527999999999940e-14
2.617338999999999910e-14
6.069192999999999774e-15
8.461647000000000134e-14
2.685075999999999930e-14
8.101287999999999912e-15
4.877029999999999970e-14
1.706960000000000032e-15
1.831595999999999954e-14
1.006836000000000018e-13
1.766568999999999854e-14
9.316211000000000520e-13
1.920194999999999877e-13
2.983387999999999828e-13
7.860146000000000302e-13
2.750103000000000030e-14
7.085241000000000384e-14
1.357440000000000064e-14
9.962687999999999432e-14
1.368277999999999946e-14
1.969235999999999910e-13
3.208544000000000066e-13
3.866130000000000208e-13
2.379719999999999881e-13
6.139909999999999634e-13
7.499787999999999900e-14
1.425176999999999926e-14
4.903311999999999777e-13
2.723007999999999932e-14
1.322217000000000004e-14
5.039597999999999657e-15
1.753020999999999895e-14
2.449353000000000024e-14
2.511669999999999889e-14
8.686531999999999685e-14
2.136138999999999901e-13
1.240120000000000122e-13
4.194490000000000235e-12
1.059669999999999992e-13
1.776864999999999972e-13
1.230094999999999964e-14
4.248434999999999860e-14
1.639224000000000069e-14
2.120966000000000062e-13
1.373696999999999965e-14
3.675356999999999684e-12
2.880157000000000230e-14
1.906919000000000046e-13
4.998956000000000050e-14
1.083784000000000021e-14
2.817838999999999914e-14
2.060273999999999951e-13
2.178407000000000090e-13
4.597955000000000223e-14
1.738119000000000048e-13
1.357440000000000064e-14
2.178407000000000090e-13
2.766360000000000089e-14
9.477694999999999481e-14
1.633805000000000049e-14
8.326173999999999536e-13
8.250037999999999909e-13
5.708833999999999553e-14
2.202792000000000079e-14
2.909960999999999797e-14
6.638180000000000120e-15
1.010358000000000030e-13
5.337638000000000058e-15
1.638682000000000085e-13
2.121507999999999920e-14
1.268841000000000046e-13
1.137160999999999894e-13
2.180844999999999882e-13
4.443516000000000002e-15
1.874404999999999928e-13
7.749059000000000712e-15
5.776571000000000519e-14
6.708625999999999924e-14
1.500500000000000018e-13
1.170487000000000041e-14
5.838889000000000204e-14
6.733010999999999471e-14
7.418503999999999426e-14
1.509169999999999869e-14
7.394118999999999879e-14
5.949976000000000425e-14
1.032305000000000038e-13
2.109857000000000094e-13
1.201375000000000018e-13
1.409732999999999906e-13
2.449353000000000024e-14
3.831177999999999793e-14
5.692578000000000576e-14
9.927464999999999846e-14
7.640680000000000139e-15
1.967068999999999858e-14
4.218631000000000293e-14
2.450166000000000063e-13
5.567941999999999945e-14
4.497705000000000378e-15
1.087306999999999948e-13
5.559813999999999825e-14
2.021257999999999918e-14
3.663191000000000087e-14
3.402269999999999901e-13
4.274717000000000172e-13
3.674571000000000237e-13
2.317672999999999872e-13
5.204875000000000074e-14
2.691036999999999997e-13
1.813170999999999959e-13
2.097123000000000057e-14
2.122863000000000069e-13
2.052416999999999887e-13
4.310751999999999725e-14
1.625676999999999969e-15
1.606981000000000006e-13
7.822484999999999661e-13
1.774696999999999973e-14
6.830551000000000184e-14
8.510417000000000490e-14
4.075029000000000134e-14
5.733220000000000182e-14
1.097061000000000019e-13
5.207584000000000174e-14
2.977698000000000132e-14
4.065816999999999921e-13
5.306749999999999577e-13
8.781362999999999667e-14
8.380362999999999659e-14
2.219319999999999877e-13
2.484575999999999926e-14
3.259481999999999979e-14
5.909876000000000172e-13
5.231968999999999721e-14
1.004939000000000011e-13
5.045015999999999856e-14
3.030802999999999783e-13
6.982280999999999831e-14
2.080866000000000062e-13
1.876844000000000045e-13
5.416213000000000117e-14
1.781470999999999953e-13
3.062504000000000114e-13
1.175906000000000061e-14
4.421028000000000052e-13
2.911045000000000144e-13
1.300270000000000123e-13
7.705706999999999924e-14
3.844454000000000130e-13
1.302708999999999988e-13
3.058440000000000244e-13
4.411003000000000178e-14
8.426424000000000232e-15
3.150831999999999857e-13
6.638180000000000120e-15
9.139012000000000600e-14
2.021257999999999918e-14
7.207165999999999383e-14
1.755188999999999894e-13
1.182408999999999985e-13
2.125301000000000114e-13
7.586490999999999763e-15
3.419339999999999746e-14
5.651935999999999708e-14
9.437052999999999875e-14
2.156731000000000138e-14
6.023132000000000149e-14
1.063463000000000060e-13
7.188199999999999855e-14
1.740016000000000055e-13
1.247734000000000063e-12
2.381616000000000005e-14
6.653623000000000193e-13
9.529174000000000569e-14
3.562128000000000046e-13
4.980530999999999551e-13
2.280282000000000098e-13
5.402665000000000158e-14
7.504936000000000243e-13
5.716962999999999965e-15
1.566610000000000077e-13
4.687367999999999848e-15
5.120881000000000311e-15
8.425069000000000398e-13
1.047749000000000057e-13
1.861400000000000152e-14
2.527926999999999948e-14
7.613585000000000041e-15
5.367441999999999941e-14
4.240306999999999741e-14
7.066273999999999775e-14
8.298807999999999509e-13
2.162150000000000157e-14
1.774696999999999973e-14
1.963545999999999962e-13
1.305688999999999890e-13
4.102124000000000232e-14
4.565441999999999925e-14
5.077529999999999974e-14
1.246352000000000023e-14
6.150477000000000249e-15
6.247475000000000095e-13
1.053708999999999989e-13
1.708585999999999905e-13
1.671737000000000051e-14
1.877656000000000075e-14
8.551330000000000278e-13
8.434552000000000036e-14
1.013338000000000059e-14
1.419216000000000049e-13
2.289494999999999942e-14
1.509169999999999869e-14
8.182572000000000386e-15
1.910169999999999877e-14
4.854540999999999600e-13
3.161128000000000038e-13
1.536264000000000147e-14
3.657229999999999957e-13
3.289285999999999925e-13
2.354522000000000042e-14
5.413503000000000197e-14
1.742182999999999918e-13
1.101287999999999901e-12
5.557104999999999725e-14
2.899122999999999915e-15
3.771570000000000155e-13
9.870567000000000001e-14
3.736346999999999811e-14
7.147558000000000249e-14
9.992492000000000261e-14
1.048561000000000024e-13
2.640369999999999886e-13
2.520069999999999883e-13
1.533013000000000064e-13
5.906624999999999615e-15
1.146102000000000021e-14
2.332845999999999963e-14
1.652770999999999893e-14
1.896623000000000054e-14
7.600037999999999902e-14
3.444808999999999766e-13
1.346601999999999930e-13
2.551228999999999852e-13
5.451435999999999704e-14
4.186117000000000176e-14
3.254875999999999873e-13
2.571820000000000143e-13
3.278447999999999823e-15
8.074193999999999634e-15
5.893078000000000580e-14
1.398081999999999986e-14
1.736764999999999971e-14
1.498060999999999901e-13
1.658189999999999912e-14
9.385573000000000230e-14
4.344350000000000063e-13
1.240933000000000003e-14
3.535575999999999878e-13
1.081075000000000079e-14
9.970817000000000318e-15
4.290431999999999868e-13
1.525426999999999928e-14
3.067110000000000095e-14
4.394746000000000245e-13
2.784512999999999830e-13
2.197373000000000059e-14
4.388513999999999934e-13
1.596413999999999896e-13
3.668610000000000107e-14
8.263855999999999599e-14
3.148935999999999922e-13
2.625467999999999850e-14
1.257190000000000062e-14
1.065875000000000040e-12
2.833553999999999863e-13
1.310836999999999981e-13
2.719757000000000101e-13
5.112753000000000192e-14
3.149477999999999780e-13
2.007711000000000095e-14
3.554812999999999966e-14
1.113588000000000061e-14
9.699870000000000375e-15
7.380572000000000371e-14
2.584012999999999826e-13
4.877030000000000286e-15
2.777197999999999876e-13
2.164858999999999942e-14
1.314089000000000043e-14
1.444955999999999998e-13
9.626714999999999840e-14
8.968316000000000479e-15
1.062108999999999983e-13
5.123591000000000357e-13
2.021257999999999918e-14
5.825340999999999929e-15
1.538974000000000067e-14
1.970319999999999878e-13
3.588952000000000215e-13
6.963314999999999830e-15
5.074278999999999890e-13
1.125509999999999942e-13
8.578154000000000195e-14
4.172569999999999879e-15
9.781153999999999272e-15
4.936637999999999735e-14
3.159772999999999889e-13
1.051271000000000039e-14
1.057908999999999910e-12
1.956501999999999937e-13
1.788244000000000112e-14
1.640850000000000021e-13
7.919755000000000518e-14
2.025322000000000041e-13
2.928926999999999956e-14
1.323572000000000027e-13
1.782013000000000063e-13
2.033991999999999892e-13
4.033574999999999804e-13
9.087531999999999693e-13
5.554394999999999806e-15
6.382948000000000440e-13
9.044722999999999971e-13
2.582116000000000008e-14
1.655481000000000128e-14
2.820549000000000150e-14
1.394017999999999958e-13
3.058981999999999976e-14
1.435742999999999964e-13
5.584199000000000003e-14
9.369316000000000171e-14
1.324925999999999946e-14
1.389954000000000024e-14
6.665003000000000090e-13
3.847434999999999852e-14
7.434760999999999485e-14
1.368820000000000119e-13
9.642971999999999899e-14
1.370987000000000045e-14
5.359313999999999821e-14
1.243642999999999955e-13
1.196010000000000071e-12
5.695287000000000045e-14
4.654040999999999596e-13
2.710002999999999777e-13
2.141286999999999992e-13
7.134010999999999479e-14
9.553559999999999936e-14
1.498332000000000082e-13
3.229677999999999782e-14
7.884531999999999985e-15
2.129636000000000040e-14
1.075927000000000051e-13
4.628572000000000081e-13
1.421871000000000051e-12
1.834305000000000053e-14
4.928510000000000246e-14
3.402947999999999810e-12
8.616086000000000512e-14
1.879553000000000019e-13
1.133908999999999990e-13
4.589827000000000103e-14
2.238014999999999981e-14
1.205709999999999943e-14
9.353059000000000112e-14
1.571487000000000049e-14
5.508334000000000180e-14
2.087910999999999907e-13
1.330344999999999966e-14
7.811375999999999693e-13
5.291577000000000117e-14
8.399329000000000449e-14
8.372234999999999855e-15
1.257190000000000062e-14
1.742725000000000029e-13
1.706959999999999953e-14
3.232928999999999865e-13
9.204038999999999754e-14
1.633805000000000049e-14
2.544183999999999754e-13
1.033658999999999988e-13
2.777197999999999876e-13
6.304916000000000627e-14
1.661496000000000052e-12
5.749476000000000421e-14
5.715066000000000116e-13
8.290950999999999697e-14
4.111065000000000012e-13
6.403268999999999865e-13
8.290950999999999381e-15
3.783490999999999837e-13
6.080030999999999814e-14
2.366713999999999906e-13
1.045852000000000019e-14
1.288863999999999909e-12
6.388638000000000389e-13
1.452000000000000023e-13
5.894702999999999828e-13
5.649225999999999788e-14
3.343474999999999923e-14
1.555231000000000126e-14
1.342266999999999878e-13
8.128383000000000010e-15
1.793663000000000132e-14
6.667984000000000318e-14
3.364880000000000198e-13
1.569591000000000052e-13
1.408920000000000025e-15
1.905835000000000078e-13
1.192162999999999962e-14
1.696123000000000050e-14
7.456436999999999563e-14
1.671737000000000051e-14
4.161731999999999997e-14
2.438514999999999985e-14
1.222238000000000057e-13
3.312316000000000080e-13
1.450373999999999945e-13
4.551894999999999786e-15
1.088959000000000066e-12
3.649915000000000003e-13
1.317610999999999897e-13
3.936575999999999886e-13
9.764897999999999979e-14
1.977906999999999897e-14
7.409291999999999969e-13
1.476656000000000067e-14
1.328991000000000047e-13
3.077135000000000095e-13
1.545206000000000000e-13
3.630677999999999632e-15
1.880636999999999987e-13
1.278865999999999983e-14
2.167568999999999861e-14
3.004791999999999779e-14
6.554185999999999725e-14
3.289286000000000177e-14
1.226301999999999928e-13
9.358206999999999446e-13
4.613127999999999809e-13
2.235304999999999935e-13
2.823257999999999934e-14
5.670901999999999866e-14
1.151521000000000041e-14
2.977697999999999880e-13
8.020004999999999258e-15
5.513753000000000199e-14
3.928718000000000033e-15
1.704792999999999964e-13
3.736889000000000174e-13
8.215898999999999786e-13
1.185362000000000054e-12
5.710188999999999954e-13
2.771779000000000109e-14
2.391370000000000139e-13
2.194662999999999903e-15
9.401829999999999973e-15
2.909960999999999797e-14
4.736137999999999731e-14
5.643806999999999768e-14
1.006022999999999979e-13
4.752394999999999790e-14
2.250748999999999955e-13
2.953313000000000112e-15
1.167507000000000076e-13
1.464463999999999888e-13
2.029386000000000038e-14
4.344350000000000063e-13
1.126052000000000052e-13
3.170069000000000039e-15
2.160253000000000024e-13
8.697370000000000355e-15
2.411420000000000045e-15
1.388870000000000119e-13
9.106499000000000303e-14
2.078156999999999899e-14
6.933510999999999475e-14
7.423923000000000392e-15
5.110313999999999948e-13
2.252104000000000104e-13
1.460399000000000008e-14
5.697997000000000596e-14
2.104166999999999893e-13
9.193201000000000219e-13
4.342182000000000127e-13
9.754060000000000571e-15
1.200832999999999908e-13
1.513233999999999992e-13
9.705288999999999763e-14
1.191620999999999947e-13
1.121175000000000016e-13
1.244185000000000065e-13
1.629741000000000053e-13
2.061900000000000155e-14
9.659228999999999958e-14
1.194329999999999920e-13
4.612044999999999661e-13
2.045642999999999970e-13
6.708625999999999924e-14
2.956022000000000054e-14
2.974988000000000086e-13
1.082430000000000039e-13
5.744057000000000244e-15
1.766568999999999854e-14
1.321675000000000020e-13
1.656023000000000112e-13
1.744622000000000036e-13
2.200081999999999844e-14
1.102208999999999984e-13
6.773653000000000181e-15
5.031739999999999520e-13
2.153751000000000109e-13
2.953313000000000112e-15
5.624841000000000241e-14
2.573987999999999889e-14
4.646725999999999768e-14
8.030841999999999477e-14
8.361397000000000132e-14
1.257190000000000062e-14
6.522485999999999719e-13
2.302229000000000105e-13
5.448725999999999784e-14
1.599666000000000052e-13
5.725090999999999612e-14
1.295935000000000071e-13
1.288620000000000117e-13
3.087702000000000206e-13
8.564605999999999604e-14
4.543765999999999846e-14
6.787199999999999847e-14
1.002501000000000037e-15
8.263855999999999283e-15
5.857854999999999731e-14
2.181116000000000001e-14
6.738429999999999490e-14
2.156731000000000138e-14
1.148810999999999963e-14
1.005752000000000050e-13
9.569816000000000175e-14
1.936451999999999936e-13
6.518691999999999705e-13
6.069192999999999774e-14
1.842704000000000102e-12
2.930824000000000215e-13
3.487076000000000262e-14
5.478529999999999982e-14
6.887449999999999849e-14
1.755731000000000130e-14
1.815338999999999816e-15
1.908001999999999941e-13
9.212167000000000110e-16
8.887032000000000004e-15
1.395372000000000066e-14
1.195955999999999998e-13
4.510440000000000014e-13
3.142974999999999919e-14
3.538826999999999962e-13
6.042097999999999676e-15
1.544935000000000071e-13
3.014003999999999867e-13
6.266170999999999513e-13
2.224197000000000039e-13
1.277510999999999897e-13
2.782616000000000012e-14
7.152977000000000269e-14
1.065630999999999996e-13
8.675693999999999646e-14
6.924570000000000452e-13
3.110460999999999801e-14
5.838889000000000204e-14
2.489994999999999946e-14
4.987305000000000225e-13
2.574529999999999936e-13
3.630677999999999789e-14
5.424341000000000237e-14
8.873485000000000181e-14
3.064400000000000175e-14
8.106706999999999932e-14
3.476239000000000042e-14
8.426424000000000232e-15
1.747873000000000119e-13
9.239262000000000602e-15
6.231760000000000114e-15
1.709128000000000015e-13
7.776153000000000359e-14
1.517297999999999989e-14
7.933302000000000026e-14
2.465610000000000083e-14
1.667944000000000047e-13
1.621341000000000058e-13
3.611712000000000262e-14
2.663941999999999899e-13
2.326613999999999905e-13
3.966651000000000013e-14
5.689867999999999867e-16
1.064818000000000020e-14
7.044599000000000305e-15
4.443516000000000002e-15
3.705730000000000205e-13
4.155228999999999883e-13
2.154022000000000038e-14
3.137555999999999899e-14
1.094622000000000028e-13
1.298915999999999996e-12
4.183408000000000076e-14
9.385573000000000230e-14
3.302832999999999685e-14
2.854417000000000155e-13
7.310125999999999935e-14
7.668317000000000474e-13
9.076693999999999654e-15
4.511253000000000180e-14
9.328674000000000565e-14
3.180907000000000236e-14
2.324717999999999844e-14
1.741370999999999952e-13
1.400790999999999928e-14
1.127136000000000020e-14
1.222779999999999915e-13
1.646538999999999897e-13
4.680864999999999765e-13
2.573987999999999810e-15
5.960813999999999596e-16
1.261525000000000019e-13
1.602320999999999954e-12
1.398461000000000053e-12
8.225924000000000543e-14
6.762272999999999937e-13
3.048143999999999936e-14
2.045643000000000097e-14
1.575010000000000071e-13
1.764942999999999965e-13
5.822632000000000145e-14
2.427676999999999946e-14
1.322217000000000004e-14
2.025592999999999970e-13
5.703414999999999533e-14
4.413170000000000167e-13
1.555231000000000000e-13
1.551707999999999915e-13
2.340974000000000083e-14
7.719253999999999432e-14
6.167004000000000164e-13
9.577944999999999483e-14
1.896623000000000054e-14
3.707626000000000140e-13
1.305959999999999945e-14
1.354188999999999886e-13
8.306394999999999969e-13
1.151412999999999953e-12
1.085952000000000051e-13
3.009127000000000210e-13
1.456606000000000003e-13
1.939974000000000075e-14
2.819736000000000174e-13
6.825132000000000164e-14
1.696123000000000050e-14
5.418921999999999744e-15
4.261981999999999999e-14
1.958939999999999918e-14
2.410336999999999991e-13
1.059399000000000000e-14
2.372946000000000217e-13
2.281366000000000003e-14
1.690704000000000030e-14
1.108981999999999954e-13
1.161275000000000017e-13
6.640889000000000219e-14
2.465880000000000192e-13
2.465609999999999846e-15
8.534801999999999406e-15
2.567755999999999767e-13
6.085449000000000013e-14
1.886056000000000006e-13
4.221339999999999762e-14
1.903938000000000071e-13
1.001525000000000016e-12
1.256376999999999928e-13
2.733845999999999971e-14
5.990618000000000031e-14
2.465609999999999846e-15
1.108169999999999987e-13
7.773443999999999628e-14
1.273446999999999963e-14
2.254272000000000040e-14
1.268027999999999944e-14
3.106667999999999986e-13
1.980073999999999950e-13
1.141225000000000017e-13
1.386160000000000073e-13
5.007084000000000170e-14
1.774697000000000036e-13
8.600912999999999664e-13
1.219256999999999964e-15
8.643180999999999979e-15
1.090558000000000032e-13
1.868985999999999908e-13
2.064608999999999940e-14
2.994496000000000229e-13
3.646934999999999848e-14
1.403229999999999919e-13
1.671737000000000051e-14
1.891204000000000034e-14
6.193828000000000586e-14
5.175070999999999876e-14
2.937326999999999950e-13
9.835344000000000414e-14
4.714462000000000126e-15
1.384535000000000004e-14
2.595663999999999967e-14
8.223213999999999992e-14
2.384325999999999924e-14
1.224675999999999944e-14
9.347640999999999597e-15
4.072320000000000034e-14
3.785117000000000168e-14
2.303042000000000081e-14
1.934554999999999929e-13
7.017504000000000207e-15
2.200353000000000025e-13
1.235513999999999984e-14
6.974152999999999838e-13
1.284285000000000066e-13
6.185699999999999835e-14
4.844515999999999852e-14
7.396829000000000114e-15
1.377219000000000041e-13
2.319299000000000140e-14
1.999039999999999982e-13
7.844702999999999597e-13
5.264482999999999839e-14
2.980406999999999995e-15
4.253854000000000353e-15
5.746766999999999690e-14
2.091161999999999991e-13
1.246894000000000038e-13
1.888223000000000122e-13
4.037096999999999817e-15
2.158628000000000019e-13
7.152977000000000269e-15
9.726965000000000473e-15
8.605248000000000473e-14
2.457210000000000089e-13
2.544455000000000188e-13
1.262608999999999924e-14
3.407959999999999849e-13
6.005248999999999507e-13
7.283030999999999837e-14
7.453727000000000274e-14
1.185660000000000069e-13
2.384326000000000161e-15
2.103354999999999927e-13
2.544184000000000007e-14
1.008461000000000023e-13
1.522717000000000008e-14
1.745082999999999987e-12
2.208211000000000099e-14
2.376739000000000158e-13
5.936428999999999655e-14
2.665026000000000119e-13
1.152063000000000056e-13
1.381011999999999982e-13
8.128925000000000120e-13
1.481127000000000056e-12
3.503332999999999689e-14
4.728008999999999791e-14
9.133593000000000581e-14
4.860772999999999911e-14
2.012858999999999996e-13
4.505834000000000160e-14
1.915588999999999897e-14
2.803479000000000115e-13
4.316170999999999744e-14
4.120276999999999973e-13
6.562315000000000296e-14
5.635679000000000280e-15
2.592141000000000072e-13
1.754917999999999965e-13
7.020213999999999969e-14
2.671529000000000107e-14
2.093329999999999927e-13
6.177570999999999738e-15
1.696123000000000050e-14
1.108711000000000025e-13
1.064276000000000099e-12
2.477801999999999947e-13
6.470192999999999782e-14
3.487347000000000064e-13
4.066901000000000015e-14
7.904582000000000174e-13
1.433305000000000046e-14
6.470192999999999782e-14
3.741765999999999831e-14
4.904124000000000248e-14
1.197582000000000076e-13
7.120463999999999971e-14
3.002083000000000311e-14
8.534802000000000038e-14
2.920798999999999962e-13
1.120361999999999977e-13
8.196119999999999714e-14
3.717381000000000283e-14
2.452062000000000124e-14
4.594162000000000029e-13
3.912462000000000268e-14
3.118318999999999811e-13
2.671529000000000107e-14
2.338265000000000235e-13
7.835760999999999493e-14
2.127469000000000050e-13
5.272068999999999596e-13
8.060647000000000126e-14
7.179259000000000075e-13
1.945392999999999968e-13
5.110044000000000092e-14
4.280948000000000158e-14
9.214876999999999793e-14
9.202413000000000685e-13
1.062380000000000038e-13
7.261355999999999263e-15
2.091704000000000038e-14
1.246352000000000023e-14
1.104105000000000045e-13
4.694140999999999597e-13
3.560231999999999985e-14
1.674447000000000034e-13
9.117336000000000522e-14
1.444143000000000085e-14
5.274237000000000036e-13
2.663399999999999852e-14
5.069401999999999728e-13
2.602165999999999820e-13
1.555231000000000126e-14
2.240724000000000081e-14
6.784490000000000558e-14
2.357231000000000142e-14
3.406876000000000134e-13
5.364733000000000156e-15
1.032847000000000022e-13
3.953103999999999874e-14
1.291329000000000091e-13
4.248977000000000223e-13
4.247351000000000145e-13
1.021466999999999998e-14
4.232177999999999801e-14
1.991454000000000036e-14
3.508752000000000214e-13
3.787827000000000087e-14
3.068464999999999992e-13
5.031468999999999717e-14
6.608375000000000102e-14
1.610232999999999910e-13
2.058107000000000088e-13
7.895368999999999888e-14
1.837556000000000011e-13
1.154501000000000101e-13
1.623238000000000065e-13
1.383722000000000028e-13
1.938889999999999981e-13
7.887241000000000400e-14
1.290651999999999901e-12
1.262066999999999877e-13
1.129573999999999938e-13
1.359066000000000048e-13
3.176843000000000239e-13
1.159920000000000120e-13
2.785325999999999932e-14
4.284741999999999919e-13
1.372070999999999950e-13
2.497039000000000161e-13
3.170069000000000197e-14
3.929530999999999788e-13
1.446038999999999893e-13
9.930175000000000397e-14
1.808564999999999978e-13
1.221425000000000018e-13
1.663608999999999932e-14
4.091285999999999941e-13
5.562522999999999925e-13
4.033574999999999804e-13
3.034595999999999977e-14
5.944557000000000405e-14
2.427676999999999946e-14
2.040224000000000077e-14
7.555603000000000354e-13
4.275529999999999958e-14
9.881404000000000220e-14
4.408293000000000258e-14
1.517569000000000044e-13
1.095434999999999941e-13
2.205500999999999863e-14
2.159439999999999922e-14
9.897661000000000279e-14
8.320755000000000526e-14
6.204665999999999836e-15
1.043683999999999988e-13
5.890368000000000029e-14
3.985617000000000172e-14
9.667356999999999446e-14
9.065856999999999434e-14
5.429760000000000256e-14
1.755188999999999894e-13
3.934678999999999879e-13
5.020088999999999694e-13
6.487262999999999880e-13
3.652082999999999939e-13
1.613754999999999923e-13
8.128383000000000207e-16
3.803000000000000052e-13
1.192163000000000080e-15
1.370987000000000045e-14
1.181595999999999946e-13
1.751938000000000062e-13
1.766298000000000114e-13
2.183284000000000000e-13
1.499686999999999979e-13
2.909960999999999797e-14
3.597350999999999885e-13
4.760522999999999909e-14
1.519466000000000051e-13
4.175279000000000136e-14
3.495204999999999964e-15
6.215503999999999402e-14
5.960813999999999596e-16
1.407835999999999899e-13
1.249061999999999943e-14
1.788244000000000112e-15
1.124425999999999942e-14
1.066714999999999964e-13
1.250145000000000122e-13
7.903498000000000459e-14
1.170487000000000041e-14
5.692578000000000576e-14
4.264691999999999919e-14
5.121693999999999845e-13
6.342847999999999682e-14
5.606687999999999869e-13
9.959978999999999964e-14
2.844662999999999831e-13
2.018547999999999998e-14
1.434930999999999997e-13
1.061838000000000054e-13
1.066065000000000062e-12
5.033366000000000103e-13
1.421925000000000022e-13
2.709461000000000109e-14
9.382863999999999499e-14
1.452000000000000023e-13
3.539911000000000182e-13
4.879739000000000070e-14
1.270737000000000043e-14
8.548350000000000628e-14
2.010419999999999879e-14
1.047749000000000057e-13
6.865503000000000094e-13
2.088723999999999946e-13
5.968942999999999772e-14
3.522569999999999903e-13
3.639889999999999751e-13
1.010628999999999959e-13
3.928718000000000033e-15
1.609148999999999942e-13
3.355125999999999875e-13
7.865565000000000322e-14
3.278447999999999823e-15
9.025214999999999828e-14
3.310960999999999931e-13
2.698893999999999809e-13
1.516756000000000005e-13
2.657981000000000148e-14
1.142851000000000095e-13
7.643390000000000059e-14
3.140264999999999999e-14
9.147140000000000089e-14
9.607749000000000312e-14
1.340098999999999943e-13
3.571070000000000025e-14
1.056690000000000019e-15
1.223051000000000096e-13
8.616086000000000007e-13
1.977094000000000047e-13
1.204083999999999992e-13
5.305125000000000076e-14
3.687576000000000265e-14
2.015838999999999899e-14
1.062109000000000078e-14
1.846226999999999934e-13
8.271985000000000169e-14
2.042933999999999997e-14
7.789699999999999867e-14
2.032095999999999958e-14
4.822840999999999909e-15
2.943016999999999899e-13
6.768234000000000319e-14
1.047206999999999947e-13
1.422195999999999951e-13
2.698351999999999951e-13
2.043204999999999926e-13
1.029594999999999960e-14
5.608584000000000182e-15
1.013608999999999988e-13
1.064275999999999973e-13
3.928717999999999876e-14
1.763316999999999887e-13
1.032033999999999983e-13
1.851916999999999883e-13
8.859937999999999726e-15
1.043141999999999941e-14
6.979572000000000363e-14
1.512855000000000020e-12
1.146102000000000021e-14
3.405793000000000238e-14
8.006456999999999930e-14
1.103833999999999990e-13
8.220505000000000524e-14
2.782345999999999967e-13
3.928717999999999876e-14
1.100853999999999961e-13
6.177571000000000527e-14
2.877448000000000130e-14
1.298645000000000117e-13
2.644433999999999756e-13
1.568777999999999949e-14
1.307585999999999897e-13
2.254272000000000040e-14
2.351811999999999996e-13
1.508628000000000011e-13
2.704042000000000089e-14
1.232263000000000058e-13
6.917253999999999416e-14
1.498603000000000011e-13
1.013608999999999988e-13
2.584012999999999826e-13
1.046936000000000018e-13
1.010628999999999959e-13
1.572841999999999883e-13
4.919839000000000197e-13
6.093848999999999755e-13
2.401123999999999958e-13
9.512918000000000330e-14
2.901833000000000309e-14
1.018757000000000079e-14
4.313462000000000276e-14
6.716753999999999412e-14
1.980344999999999878e-13
9.157978000000000128e-15
1.755731000000000130e-14
2.853332999999999935e-13
7.234261000000000743e-15
1.374238999999999886e-13
5.410794000000000098e-14
9.217586000000000524e-14
2.111211999999999991e-13
4.616922000000000201e-14
5.229260000000000095e-15
5.191327000000000115e-14
2.899665000000000247e-13
1.776594000000000043e-13
7.992910000000000422e-14
2.778010000000000095e-13
3.825758999999999774e-14
2.481866000000000006e-14
5.565232999999999845e-14
4.489577000000000101e-14
1.533013000000000064e-13
5.147975999999999620e-15
4.457875999999999896e-13
8.480612999999999661e-14
1.241257999999999960e-12
2.531177999999999779e-13
4.280947999999999842e-15
5.135511999999999534e-13
1.046936000000000018e-13
4.638596999999999829e-14
1.558753000000000012e-13
1.252773000000000038e-12
5.169651999999999857e-14
3.462691000000000083e-14
1.046122999999999979e-13
2.689681999999999848e-13
1.065089000000000012e-13
1.035013999999999980e-14
3.768860000000000109e-14
3.852853999999999872e-14
2.129636000000000040e-14
5.662774000000000378e-15
5.454144999999999804e-14
6.131509999999999639e-14
3.907043000000000248e-14
1.338474000000000063e-14
7.836303000000000360e-13
6.741139000000000221e-14
3.855562999999999972e-14
2.670445000000000139e-13
3.267610000000000099e-14
5.647058999999999798e-13
6.651727000000000259e-13
3.592745000000000283e-14
1.932658999999999995e-13
2.282720999999999962e-13
4.594432999999999958e-13
4.939888999999999692e-13
3.413378999999999869e-13
2.804833999999999759e-13
4.232177999999999801e-14
5.069401999999999855e-14
3.655062999999999968e-14
1.341725000000000021e-13
1.622154000000000097e-13
2.245601000000000117e-13
2.942474999999999915e-14
1.275072000000000032e-13
1.313817999999999956e-13
1.432763000000000062e-13
1.522717000000000008e-14
1.244320000000000094e-12
1.005209999999999940e-14
8.987281999999999691e-14
1.563358999999999930e-14
7.586490999999999763e-15
5.099206000000000052e-14
1.771987999999999873e-14
2.788035000000000032e-14
3.953103999999999874e-14
1.270466000000000051e-13
3.928718000000000033e-15
3.961231999999999993e-14
1.541682999999999914e-13
4.167151000000000017e-14
2.621944999999999891e-13
2.406000999999999867e-14
9.813668000000000336e-14
1.462025000000000023e-13
1.728907000000000087e-13
6.016900000000000342e-13
7.857436999999999887e-15
7.613585000000000041e-15
1.262608999999999987e-13
2.075446999999999979e-14
1.958939999999999918e-14
6.378071000000000278e-13
2.857939000000000168e-13
6.613794000000000121e-14
1.342049999999999921e-12
2.517088999999999909e-14
7.003956999999999910e-14
7.263523000000000452e-13
3.240515000000000001e-14
3.153812999999999958e-14
1.227928000000000006e-13
2.335555000000000063e-14
1.239307000000000083e-13
4.686825999999999643e-13
1.667673000000000118e-13
3.014546000000000229e-13
3.126717999999999860e-14
9.903080000000000299e-14
1.501040999999999930e-14
1.093267999999999952e-13
2.809711000000000111e-14
6.321172999999999424e-14
6.719462999999999985e-15
1.367194000000000041e-13
9.949140999999999924e-14
1.559023999999999941e-13
1.163442999999999953e-13
2.595664000000000157e-13
4.351393999999999962e-14
3.779698000000000148e-14
5.437887999999999745e-14
8.941221000000000381e-16
1.607251999999999935e-13
3.186326000000000256e-14
3.072529000000000115e-14
6.502706000000000041e-16
1.400791000000000054e-13
3.785117000000000168e-14
4.822840999999999909e-15
1.504022000000000031e-13
1.427073000000000113e-13
1.306773000000000111e-13
1.542495999999999954e-13
4.370631999999999869e-13
2.213901000000000110e-13
3.317464000000000171e-13
1.325197000000000033e-13
8.597119999999999722e-14
5.459563999999999697e-13
4.527508999999999788e-14
2.197914999999999980e-13
1.162358999999999922e-14
2.930281999999999852e-13
3.717381000000000283e-14
2.546893000000000106e-15
1.009274000000000062e-13
3.441828000000000044e-13
4.801165000000000146e-14
2.494329999999999934e-13
3.549393999999999946e-15
2.154022000000000038e-14
1.646213999999999997e-12
1.021466999999999998e-14
8.276049000000000292e-13
1.124425999999999974e-13
9.726965000000000473e-15
2.410877999999999777e-13
2.480512000000000245e-13
3.121298999999999840e-14
5.383699000000000000e-14
1.320861999999999981e-13
1.042058999999999983e-13
3.774278999999999876e-13
6.013377999999999825e-13
1.794747000000000037e-13
6.879322000000000361e-14
4.858063999999999811e-14
7.919755000000000518e-14
4.476029999999999962e-14
2.767173000000000128e-13
1.132555000000000040e-14
1.470154000000000089e-13
7.838471000000000043e-14
2.942475000000000041e-13
2.197373000000000059e-14
4.923904000000000140e-13
5.614273999999999752e-13
7.264065000000000310e-14
3.619839999999999750e-14
9.938302999999999885e-14
4.698205000000000225e-14
1.088661000000000025e-13
2.704042000000000089e-14
2.279605000000000160e-12
3.853124999999999801e-13
3.427467999999999866e-14
1.652770999999999893e-14
1.658189999999999912e-14
3.779698000000000148e-14
2.832742000000000149e-13
1.801250000000000024e-13
1.156126999999999926e-13
6.361814000000000472e-14
6.299497000000000607e-14
7.601122000000000375e-13
1.623779999999999923e-13
2.614630000000000126e-14
8.145453000000000108e-13
2.655272000000000048e-14
5.437345999999999761e-13
2.026676999999999938e-14
1.443601000000000101e-13
8.884323000000000220e-14
2.720299000000000148e-14
6.800746999999999671e-15
3.405793000000000238e-14
6.448516999999999862e-15
7.957687000000000078e-13
7.805143999999999887e-13
4.486866999999999929e-13
1.557939999999999910e-14
9.702580000000000295e-14
2.531720000000000142e-13
1.266131000000000000e-13
1.395372000000000034e-13
3.581907000000000118e-13
8.827424000000000555e-14
2.174072000000000038e-13
1.390223999999999944e-13
1.977906999999999976e-15
1.319508000000000062e-14
1.000875000000000014e-13
1.890391000000000058e-13
3.495204999999999964e-15
7.830341999999999788e-15
1.749689000000000018e-12
1.293497000000000027e-13
5.882240000000000541e-14
2.213629999999999929e-13
4.364941999999999921e-14
1.356626999999999930e-13
1.766568999999999854e-14
1.138785999999999900e-13
9.157978000000000128e-15
5.996037000000000051e-14
3.828467999999999874e-14
3.753687000000000018e-13
4.427530000000000219e-13
7.380572000000000371e-14
1.246352000000000023e-14
2.390016000000000062e-13
1.059453000000000009e-12
1.754647000000000036e-13
3.533136999999999887e-14
5.196746000000000135e-14
4.687368000000000005e-14
4.760793999999999838e-13
5.662774000000000378e-15
1.086493999999999941e-14
5.337638000000000121e-13
6.509209000000000320e-13
7.749059000000000712e-15
4.145474999999999938e-14
1.720507999999999912e-14
3.050853000000000036e-14
2.901290999999999820e-13
5.283448999999999682e-15
4.862398999999999989e-13
3.235095999999999981e-14
1.528407000000000083e-13
3.270319000000000199e-14
5.684449000000000005e-14
5.277487999999999615e-13
1.448748999999999939e-13
7.288449999999999857e-14
7.702998000000000455e-14
6.482927000000000009e-13
1.335763999999999891e-13
7.379488000000000150e-13
5.416213000000000117e-14
7.442889000000000235e-14
3.766151000000000009e-14
2.715964000000000159e-13
4.553791000000000099e-13
9.867585999999999269e-13
5.012503000000000190e-14
1.183763999999999882e-13
3.173863000000000084e-13
9.103788999999999752e-15
8.762397000000000140e-14
3.630406999999999861e-13
9.017086000000000520e-14
1.132555000000000040e-14
6.597537999999999882e-14
1.067527999999999940e-14
7.770734000000000339e-14
8.943931000000000616e-14
1.230636999999999980e-13
8.537512000000000588e-14
2.288465000000000185e-12
2.544184000000000007e-14
5.394807999999999968e-13
3.982908000000000230e-15
4.668672000000000082e-13
3.294705000000000197e-14
2.547163999999999909e-13
1.403880000000000072e-12
2.072195999999999958e-13
2.595663999999999967e-14
2.361565999999999815e-13
7.017504000000000207e-15
7.640680000000000139e-15
1.297831999999999984e-14
5.039597999999999657e-15
2.993953999999999866e-13
1.192163000000000080e-15
7.416879000000000430e-13
3.590577999999999789e-13
1.084867999999999957e-13
1.517026999999999934e-13
1.297832000000000078e-13
5.354437000000000038e-13
3.717921999999999816e-13
5.244704000000000146e-13
1.847851999999999877e-14
8.732593000000000573e-14
2.389744999999999944e-14
3.714670999999999733e-14
1.759794999999999874e-13
8.832843000000000575e-14
1.736764999999999971e-14
1.051271000000000039e-14
1.232805000000000042e-14
5.581489999999999904e-15
6.963314999999999830e-15
5.303498999999999998e-13
2.173529999999999928e-13
5.280739999999999898e-14
9.591492000000000254e-14
3.768860000000000109e-14
7.434760999999999485e-14
2.237201999999999942e-13
3.775363000000000096e-13
5.231968999999999721e-14
2.916193000000000234e-13
8.995411000000000261e-14
1.726198000000000113e-13
8.434552000000000036e-14
3.317545000000000077e-12
1.061295999999999944e-13
5.936428999999999655e-14
4.760522999999999909e-14
1.822654000000000101e-13
6.611085000000000021e-15
6.592118999999999863e-14
1.213839000000000041e-14
1.536264000000000147e-14
8.903288999999999748e-14
4.746975999999999770e-14
9.220295999999999812e-14
2.106063999999999900e-13
5.665482999999999847e-14
3.113170999999999721e-14
2.831928999999999857e-13
1.295935000000000071e-13
2.324717999999999844e-14
2.105792999999999972e-13
2.506250999999999869e-14
1.780115999999999993e-14
3.443724999999999925e-14
9.989782999999999530e-14
1.654667999999999963e-13
3.262191000000000079e-14
1.105730999999999997e-13
6.499997000000000611e-14
9.022775999999999963e-13
1.634076000000000105e-13
8.892450999999999708e-14
3.901624000000000228e-14
5.498850999999999911e-13
8.030841999999999477e-14
1.636514000000000149e-14
2.706752000000000009e-14
2.153751000000000109e-13
7.478112000000000768e-15
2.863358000000000187e-13
3.652353000000000048e-14
3.990765000000000010e-13
1.095842000000000047e-12
1.208691000000000045e-13
2.395434000000000009e-13
2.419549000000000142e-14
1.200291000000000050e-13
1.408107000000000081e-13
4.432406999999999876e-13
9.694451999999999544e-14
9.653809999999999938e-14
2.362650000000000035e-13
2.289495000000000131e-13
3.451853000000000044e-14
3.273029000000000119e-14
1.032305000000000038e-14
3.305541999999999785e-14
1.680136999999999983e-13
4.296663000000000107e-13
1.310566000000000052e-13
8.697369999999999724e-14
2.411961999999999997e-13
1.796373000000000115e-13
1.286993999999999945e-14
2.527927000000000200e-13
2.437701999999999946e-13
1.007920000000000017e-14
2.750103000000000030e-14
3.338055999999999903e-14
2.273237999999999883e-14
5.987909000000000089e-15
1.162358999999999922e-14
1.273717999999999955e-13
1.398082000000000080e-13
2.956022000000000054e-14
1.459857999999999907e-13
3.739055999999999911e-14
6.372923000000000188e-13
7.613585000000000041e-15
3.590036000000000183e-14
1.330886999999999981e-13
1.517297999999999989e-15
1.652771000000000050e-15
7.843890000000000063e-14
1.410816000000000054e-13
8.667566000000000157e-14
6.096287000000000053e-15
1.175092999999999959e-13
3.007230999999999770e-13
1.892016999999999884e-13
7.803247999999999510e-15
1.525426999999999928e-14
1.612128999999999971e-14
1.639224000000000069e-14
1.631095999999999950e-14
7.356728999999999924e-13
1.739474000000000071e-14
1.756326999999999934e-12
1.739474000000000071e-14
5.483949000000000001e-14
3.787284999999999851e-13
2.746580999999999765e-13
6.448516999999999862e-15
3.305542000000000101e-15
4.344620999999999992e-13
4.427258999999999786e-14
7.575653000000000355e-14
1.855438999999999895e-13
4.145474999999999781e-15
4.720964999999999766e-13
1.268298999999999936e-13
2.433095999999999965e-14
4.064191999999999915e-15
1.177803000000000005e-13
1.993079999999999925e-13
1.138245000000000114e-13
1.815610000000000076e-13
1.956231000000000134e-14
1.022822000000000021e-13
1.179157000000000082e-13
4.565441999999999925e-14
2.010148999999999950e-13
7.151893000000000048e-13
1.186743999999999943e-14
3.479761000000000181e-13
2.733846000000000224e-13
1.414312000000000002e-12
4.730719000000000090e-13
4.611503000000000182e-14
2.833553999999999863e-13
2.008523000000000124e-13
7.163815000000000308e-14
1.296748000000000110e-13
2.945184000000000015e-14
3.010210999999999799e-14
3.793244999999999972e-16
3.928718000000000033e-15
4.079364999999999754e-13
8.811167000000000496e-14
8.532093000000000569e-14
1.384535000000000004e-14
5.334929000000000274e-14
7.593534999999999915e-13
1.742725000000000029e-13
2.110669999999999881e-14
1.496706000000000004e-13
1.281575000000000020e-13
8.155478000000000108e-15
3.369485999999999927e-13
3.665901000000000007e-14
9.328674000000000565e-14
9.239262000000000602e-15
5.546266999999999686e-14
2.124759000000000004e-13
4.565441999999999925e-14
1.491286999999999985e-13
9.331383999999999854e-14
6.914544999999999947e-14
4.473320000000000042e-14
6.914544999999999947e-14
1.176176999999999927e-13
6.239889000000000212e-14
1.186743999999999943e-14
3.901623999999999755e-15
1.762232999999999919e-13
1.049916000000000047e-13
6.638180000000000120e-15
1.158835999999999900e-13
1.986035000000000016e-14
6.201956000000000074e-14
1.550354000000000090e-13
2.265379999999999936e-13
3.153812999999999958e-14
1.671737000000000051e-14
3.869110000000000111e-14
9.437052999999999875e-14
8.909520999999999554e-13
2.416838999999999907e-14
2.985826000000000252e-14
1.148810999999999963e-14
5.798247000000000598e-14
4.207793000000000254e-14
3.278447999999999823e-15
1.357439999999999969e-13
2.294913000000000142e-14
7.884531999999999985e-15
3.370570000000000021e-14
1.684472000000000034e-13
5.235491999999999680e-13
5.175070999999999718e-15
3.273028999999999866e-13
5.147976000000000409e-16
6.150477000000000249e-15
3.075238000000000214e-14
3.302832999999999685e-14
8.057936999999999575e-14
3.959876999999999970e-13
2.736826999999999946e-13
2.346934999999999834e-13
1.430459999999999945e-12
1.004343000000000055e-12
8.030841999999999477e-14
9.810957999999999785e-14
4.247080000000000216e-13
4.050373000000000153e-13
2.649853000000000028e-14
2.912128999999999859e-13
9.816376999999999805e-14
1.362858999999999926e-14
4.066901000000000015e-14
2.568568999999999869e-14
1.718339999999999977e-13
9.816376999999999805e-14
5.699892999999999773e-13
4.950184999999999874e-14
8.399329000000000134e-15
3.386826000000000181e-15
5.278843000000000269e-13
6.380780999999999820e-14
1.354731000000000043e-15
7.564815000000000316e-14
6.128801000000000170e-14
1.226030999999999999e-13
2.178135999999999909e-13
5.085658000000000093e-14
9.683613999999999505e-14
4.322132000000000127e-13
8.447829000000000192e-13
6.010125999999999669e-13
7.288449999999999541e-15
1.679323999999999944e-13
5.703414999999999533e-14
2.785325999999999932e-14
3.982908000000000230e-15
2.059189999999999841e-15
1.389954000000000024e-14
1.679865999999999991e-14
5.659792999999999772e-13
1.085680999999999996e-13
4.280948000000000158e-14
5.779279999999999988e-14
4.502853000000000059e-13
2.639014999999999989e-14
2.495413999999999966e-14
3.281157000000000238e-14
2.096038999999999900e-13
9.797411000000000277e-14
1.838098000000000121e-13
3.944974999999999934e-14
3.409856999999999856e-13
1.942683999999999995e-14
1.834305000000000053e-14
2.397601999999999945e-13
2.205500999999999863e-14
2.839514999999999993e-14
1.381824999999999927e-15
6.266983000000000490e-14
5.057209000000000045e-13
8.935802000000000045e-14
1.091913000000000055e-13
2.527926999999999948e-14
2.010419999999999879e-14
4.503124000000000240e-14
8.101287999999999912e-15
1.064818000000000020e-14
7.426632999999999996e-14
6.032343999999999605e-13
1.635431000000000001e-13
9.466856999999999442e-14
6.245308000000000231e-14
1.328720000000000118e-13
1.852729000000000102e-13
5.571735999999999959e-13
1.075656000000000059e-14
3.548580999999999781e-13
1.637598000000000117e-13
9.762187999999999428e-14
1.446851999999999869e-14
3.256772000000000060e-14
1.761150000000000031e-15
6.556895999999999645e-15
1.064818000000000020e-14
3.211524000000000221e-13
7.781572000000000378e-14
1.864379999999999928e-13
1.697206000000000008e-13
1.094350999999999973e-13
7.911626000000000263e-15
5.288054999999999726e-13
1.999582000000000155e-14
2.666110000000000087e-14
1.579615999999999989e-14
4.492286000000000201e-14
4.749684999999999870e-14
7.152977000000000269e-14
7.936010999999999494e-14
1.302979999999999917e-13
2.050248999999999951e-13
1.376406000000000065e-14
8.020004999999999258e-15
9.379882999999999524e-13
1.381824999999999927e-15
1.338474000000000063e-14
1.675801999999999931e-13
9.970817000000000318e-15
3.203666999999999904e-13
5.432468999999999725e-14
1.669841000000000054e-13
9.022504999999999277e-15
6.857646000000000282e-14
5.104625000000000072e-14
6.605665999999999371e-14
4.606084000000000162e-15
1.338474000000000063e-14
3.610356999999999860e-13
1.065359999999999941e-13
8.055228000000000106e-14
5.752185999999999710e-14
1.339828000000000014e-13
2.573987999999999810e-15
2.349103000000000022e-14
4.532927999999999807e-14
1.802063000000000063e-13
3.878864000000000182e-13
1.335222000000000033e-13
5.844848999999999504e-13
1.651686999999999988e-13
1.449020000000000120e-13
1.761150000000000150e-14
2.042933999999999997e-14
2.556375999999999870e-13
1.501040999999999930e-14
2.376196999999999985e-14
3.694078999999999874e-13
5.120881000000000311e-15
9.000830000000000281e-14
2.219049000000000138e-14
6.659854999999999747e-14
3.078218999999999811e-13
9.239262000000000602e-15
1.474217999999999959e-13
1.424499000000000068e-12
8.163605999999999597e-14
1.813170999999999959e-13
2.844120999999999973e-13
7.684030999999999845e-14
4.582511000000000203e-13
8.182572000000000386e-15
5.550059999999999880e-13
7.247808000000000251e-14
1.224675999999999944e-14
7.776152999999999412e-15
1.300541000000000044e-15
4.806584000000000166e-14
4.320236000000000192e-13
6.516253999999999408e-14
1.178615999999999981e-14
9.537302999999999877e-14
5.153394999999999798e-14
7.044599000000000305e-15
2.436618000000000230e-13
8.339721000000000306e-13
5.364733000000000156e-15
1.421925000000000022e-13
1.052625999999999967e-13
9.691742000000000255e-14
3.481115999999999825e-13
3.915170999999999736e-14
8.507707999999999759e-14
2.605959999999999833e-13
1.165068000000000022e-14
3.007502000000000094e-15
7.725214999999999814e-13
1.237682000000000077e-13
1.210857999999999908e-13
8.941221000000000381e-15
1.929136000000000036e-14
3.661023999999999971e-13
5.126299999999999700e-14
1.524613999999999889e-13
9.301580000000000287e-14
1.819944999999999875e-13
5.550059999999999880e-13
1.806939999999999973e-13
2.103083999999999998e-13
5.857584000000000055e-13
7.261355999999999263e-15
5.473111000000000120e-15
5.150684999999999878e-14
1.496435000000000075e-13
1.425717999999999964e-13
4.704978999999999636e-13
2.042933999999999997e-14
5.611294000000000102e-14
1.823195999999999959e-13
4.091286000000000193e-15
5.356603999999999901e-14
9.537302999999999246e-15
2.666110000000000087e-14
4.381198000000000160e-14
5.881156000000000068e-13
5.473111000000000120e-15
5.589618000000000023e-14
1.157753000000000005e-13
5.026049999999999698e-14
1.857064999999999974e-13
6.046162000000000304e-13
1.357710999999999898e-13
1.167777999999999942e-14
4.473320000000000042e-14
5.933719999999999713e-15
1.354731000000000043e-15
6.291368999999999857e-14
6.124466000000000371e-13
2.191954000000000040e-14
6.665273999999999609e-15
4.335138000000000236e-16
6.583989999999999923e-15
3.878592999999999748e-13
4.015420999999999738e-14
3.511460999999999809e-14
1.449562000000000104e-14
1.091912999999999960e-14
1.427886000000000026e-14
6.124195000000000442e-13
6.464232000000000157e-13
6.854936000000000047e-15
2.311711999999999995e-13
6.185157999999999725e-13
8.410167000000000488e-14
4.142494999999999910e-13
2.639014999999999989e-14
3.176029999999999948e-13
5.681739999999999906e-14
3.936034000000000028e-13
6.793703000000000339e-13
1.319508000000000062e-14
4.118381000000000291e-15
6.147766999999999698e-14
4.354103999999999882e-14
7.448308000000000255e-14
3.472445000000000155e-13
5.418921999999999744e-15
2.549060999999999916e-13
8.575443999999999644e-14
1.771716999999999881e-13
7.819505000000000516e-14
5.906625000000000088e-14
2.206585000000000084e-13
1.034472000000000027e-13
2.779906999999999913e-14
9.266357000000000700e-15
1.159649000000000002e-14
9.970817000000000318e-15
3.286576000000000258e-14
3.563211999999999762e-13
1.100583000000000032e-13
2.462899999999999848e-14
4.203186999999999769e-13
5.781990000000000539e-14
3.091495000000000273e-14
9.152559000000000108e-14
6.692368999999999865e-14
7.044599000000000305e-15
5.307834000000000176e-14
2.208211000000000099e-14
3.210710999999999803e-14
1.276156000000000063e-14
8.919545999999999807e-14
1.575823000000000110e-13
1.610504000000000091e-13
3.707626000000000140e-13
2.521965999999999818e-13
3.216129999999999822e-14
9.881404000000000220e-14
3.560231999999999985e-14
4.481718999999999838e-13
2.825967999999999980e-13
1.995517999999999969e-13
2.935700999999999872e-13
1.382366999999999879e-13
1.035014000000000011e-13
2.587535000000000028e-14
5.635679000000000280e-14
9.331383999999999854e-14
3.624987999999999841e-13
8.667566000000000157e-14
1.820757999999999914e-14
3.787827000000000087e-14
5.260419000000000347e-13
3.538555999999999907e-14
1.884701000000000109e-13
5.687159000000000556e-14
9.808248999999999370e-15
8.933093000000000577e-14
2.294371999999999788e-13
5.120881000000000311e-15
3.598164000000000303e-14
4.280947999999999842e-15
4.606084000000000162e-14
7.605456999999999922e-14
1.179698999999999939e-13
8.507708000000000706e-15
9.204038999999999754e-14
1.007079999999999986e-12
1.576906000000000069e-14
3.972070000000000032e-14
1.026886000000000018e-14
1.187691999999999904e-12
5.418921999999999744e-15
6.759833999999999568e-13
1.835660000000000076e-13
2.516006000000000013e-13
1.614838999999999891e-14
9.103788999999999752e-15
5.299706000000000056e-14
1.674446999999999971e-14
2.996664000000000291e-14
4.985408000000000249e-15
4.199664999999999977e-15
8.399329000000000134e-15
3.606563999999999919e-13
1.155042999999999959e-13
1.893913000000000134e-14
4.508543000000000260e-14
5.819921999999999594e-14
1.931304000000000098e-13
6.933510999999999475e-14
1.617547999999999991e-14
3.075238000000000214e-14
1.016074999999999990e-12
2.116360000000000082e-13
1.416506000000000003e-13
3.478948000000000142e-14
1.124425999999999942e-14
6.692368999999999707e-15
6.229051000000000172e-14
1.207878000000000006e-13
1.760336999999999984e-13
1.633805000000000049e-14
6.025299000000000012e-13
1.307044000000000040e-13
1.230094999999999964e-14
6.611085000000000021e-15
9.889532999999999844e-15
7.746348999999999530e-14
6.990409000000000109e-15
1.894726000000000110e-13
3.633387000000000015e-13
1.255563999999999889e-13
2.281366000000000003e-14
3.402540999999999830e-13
8.727174000000000553e-14
7.054352999999999840e-13
9.472275999999999462e-14
1.083242999999999951e-13
1.049644999999999992e-13
2.724362999999999829e-13
1.571487000000000049e-14
3.087973000000000134e-13
4.470611000000000100e-15
1.669027999999999951e-14
1.746519000000000043e-13
2.506250999999999869e-14
2.628177000000000186e-15
1.240933000000000003e-14
1.512420999999999953e-13
2.725717999999999852e-14
4.023550000000000309e-14
4.080447999999999901e-13
2.832742000000000149e-13
1.683116999999999885e-13
5.771152000000000499e-14
8.556478000000000116e-14
2.782616000000000012e-14
4.188555999999999788e-13
2.015838999999999899e-13
1.216547999999999983e-14
1.425988999999999893e-13
4.890577000000000109e-14
3.774279000000000128e-14
5.819921999999999594e-14
6.565023999999999765e-14
5.882240000000000541e-14
7.188199999999999855e-14
6.570442999999999784e-14
1.082700999999999967e-13
1.402145999999999951e-13
3.454562999999999964e-14
8.995411000000000577e-15
2.127198000000000121e-13
5.364733000000000156e-15
2.216338999999999903e-14
8.669192000000000488e-13
2.541744999999999889e-13
7.090660000000000404e-14
1.184034000000000023e-14
4.025987999999999849e-13
9.567106999999999444e-14
5.527299999999999707e-14
7.681322000000000376e-14
1.079719999999999993e-13
7.396829000000000429e-14
1.076603999999999963e-12
7.632552000000000020e-14
3.708709999999999855e-13
7.190910000000000406e-14
1.040161999999999976e-13
5.949976000000000425e-14
2.117985999999999908e-13
4.551894999999999786e-15
1.197310999999999895e-13
1.593163000000000128e-14
4.107543000000000252e-14
2.018547999999999998e-14
9.428924000000000567e-14
3.847435000000000168e-15
4.635345999999999745e-13
7.028341999999999457e-14
4.190452000000000227e-13
2.804292000000000091e-14
3.051666000000000075e-13
1.231179000000000090e-13
1.962191999999999885e-13
7.318253999999999424e-14
3.134846000000000232e-13
6.936219999999999732e-15
3.676739000000000046e-14
2.175696999999999981e-14
2.655272000000000048e-14
1.475301999999999927e-13
2.043476000000000107e-13
2.349103000000000022e-14
8.266566000000000149e-14
1.923716999999999890e-13
2.067318999999999860e-14
3.793245000000000287e-14
3.015629999999999945e-13
2.305750999999999865e-14
4.592536000000000203e-14
1.312463000000000059e-13
1.869798999999999947e-13
6.188409000000000566e-14
6.832718999999999615e-13
1.119006999999999923e-14
3.634742000000000165e-13
5.754895000000000441e-14
1.284285000000000002e-14
2.374843000000000224e-13
8.816586000000000011e-13
1.619986999999999982e-13
2.211732999999999922e-13
1.863025000000000031e-13
1.204083999999999992e-13
1.110878999999999961e-14
2.032095999999999958e-14
1.620257999999999910e-14
4.264691999999999919e-14
3.854478999999999878e-13
3.598164000000000303e-14
3.751249000000000226e-13
6.890159000000000580e-14
2.107689999999999979e-13
1.560107999999999909e-13
2.137494000000000050e-13
2.945997000000000054e-13
1.205709999999999943e-14
5.922882000000000147e-14
1.663608999999999995e-13
4.112962000000000272e-14
4.476029999999999962e-14
3.129426999999999960e-14
4.280407000000000120e-13
3.788367999999999999e-13
8.941221000000000381e-16
3.359731999999999903e-15
1.468527999999999948e-14
8.236762000000000583e-15
2.266192999999999975e-13
1.714276000000000106e-13
5.554394999999999806e-14
4.443786999999999773e-13
1.294038999999999884e-13
2.216338999999999903e-14
1.104647000000000029e-13
3.944161999999999769e-13
9.973525999999999472e-14
5.077530000000000479e-13
1.639223999999999943e-13
3.721986999999999759e-13
4.534553999999999885e-13
1.206251999999999927e-13
1.647894000000000046e-13
8.133802000000000030e-14
9.231133999999999852e-14
9.358478000000000132e-14
1.963004999999999924e-13
5.612106999999999888e-13
2.733845999999999971e-14
4.839096999999999833e-14
5.058834999999999618e-13
1.352563000000000060e-13
1.679865999999999951e-15
3.025655000000000197e-13
2.848727000000000206e-13
3.770756999999999863e-13
2.503270999999999967e-13
7.125882999999999990e-15
3.313128999999999867e-13
1.242016999999999876e-13
1.918297999999999997e-14
3.821153000000000046e-13
3.387909999999999849e-13
3.621194999999999899e-13
6.556895999999999645e-15
4.958313999999999971e-15
1.386431000000000002e-13
6.738429999999999490e-14
3.546684000000000026e-14
1.215463999999999889e-13
1.082972000000000023e-13
5.635679000000000280e-14
2.195747000000000044e-13
1.891204000000000034e-14
2.666110000000000087e-14
1.508330000000000097e-12
8.415586000000000508e-14
2.776385000000000089e-13
2.706209999999999835e-13
1.384535000000000068e-13
3.473529000000000122e-14
8.022713999999999988e-14
6.667984000000000318e-14
2.443934000000000005e-14
1.583408999999999993e-13
9.930175000000000397e-14
1.673363000000000066e-13
3.825758999999999774e-14
1.809919999999999875e-14
4.069610000000000115e-14
5.129552000000000234e-13
2.828134999999999843e-13
1.194872000000000062e-14
6.223632000000000153e-14
6.231760000000000114e-15
5.291035000000000385e-13
4.985408000000000249e-15
1.301625000000000020e-13
2.736556000000000017e-13
2.042391999999999887e-13
3.966651000000000013e-14
8.152767999999999557e-14
6.760104999999999749e-14
2.742515999999999822e-13
1.419757999999999906e-13
2.099832000000000157e-14
1.084325999999999973e-13
1.747601999999999875e-14
1.502938000000000063e-13
9.111917000000000502e-14
3.310960999999999805e-14
1.980615999999999997e-14
2.785867999999999979e-13
6.307625000000000096e-14
6.020421999999999598e-14
4.064192000000000014e-16
8.759687999999999409e-14
9.997911000000000597e-15
1.030136999999999976e-13
5.050434999999999876e-14
1.227657000000000077e-13
1.444143000000000085e-14
8.020004999999999258e-15
3.087702000000000206e-13
1.513504999999999921e-13
4.595246000000000123e-14
4.165795999999999994e-13
2.273237999999999883e-14
9.147140000000000089e-14
2.755521999999999797e-13
2.928926999999999956e-14
1.002500999999999997e-14
5.741347999999999670e-14
1.040432999999999999e-14
1.203001000000000001e-14
3.329927999999999783e-14
1.139598999999999939e-13
1.602645999999999955e-13
9.892242000000000259e-14
1.782825000000000093e-14
1.861400000000000152e-14
4.597955000000000223e-14
1.658189999999999912e-14
2.739807000000000101e-13
1.675801999999999931e-13
2.040223999999999951e-13
3.711962000000000106e-15
1.276698000000000110e-13
1.601290999999999932e-14
9.726965000000000473e-15
2.441224000000000085e-14
1.570404000000000091e-13
2.164588000000000076e-13
3.500624000000000221e-14
2.543912999999999825e-13
2.660691000000000067e-14
2.546893000000000106e-14
1.108981999999999954e-13
1.914776000000000110e-13
3.529885999999999930e-13
6.042097999999999676e-14
2.676946999999999991e-14
1.147457000000000075e-13
2.443391999999999894e-13
1.527864999999999973e-13
4.944765999999999854e-14
2.124217000000000020e-14
9.404538999999999758e-14
1.018214999999999968e-13
2.281366000000000003e-14
4.993537000000000031e-14
1.284285000000000002e-14
1.279948999999999941e-13
1.032305000000000038e-14
8.545640000000000077e-14
6.304644999999999941e-13
1.766568999999999854e-14
4.104832999999999701e-14
2.178948999999999948e-13
7.742013999999999731e-13
1.335763999999999986e-14
2.771507999999999927e-13
5.359313999999999821e-14
2.189244999999999940e-14
1.192163000000000080e-15
3.776989000000000048e-14
2.823529000000000115e-13
6.437678999999999665e-14
2.292474999999999781e-13
6.215503999999999402e-14
1.604000999999999852e-14
4.260897999999999905e-13
1.026018999999999932e-12
2.328781999999999841e-13
1.227386000000000022e-14
1.213838999999999883e-13
1.701542000000000069e-14
6.627341999999999449e-14
2.356146999999999795e-13
3.167360000000000097e-14
3.011024000000000217e-13
2.949248000000000137e-13
1.119006999999999923e-14
1.189453000000000042e-14
1.215735000000000070e-13
8.748849999999999369e-14
4.340556999999999743e-14
4.027342999999999998e-13
2.243434000000000001e-14
1.571486999999999970e-15
4.825820999999999496e-13
3.711962000000000106e-15
6.705915999999999373e-14
1.646269000000000041e-13
1.061838000000000054e-13
2.493246000000000219e-13
3.320986000000000184e-13
2.145622000000000043e-13
3.645308999999999770e-13
1.438995000000000120e-13
4.546205000000000216e-13
1.509169999999999869e-14
4.271735999999999944e-13
2.663129000000000112e-13
1.025259999999999940e-13
3.982908000000000072e-14
5.668191999999999947e-14
1.119006999999999954e-13
6.491056000000000327e-13
1.430595000000000126e-14
3.292537000000000009e-13
3.091766000000000076e-13
2.359941000000000062e-14
1.734055000000000051e-14
1.771987999999999873e-14
1.602375000000000026e-13
3.235095999999999981e-14
5.714795000000000187e-13
1.460398999999999945e-13
1.923988000000000071e-13
4.044954000000000134e-13
1.956231000000000134e-14
3.478948000000000142e-14
8.914127000000000102e-15
1.197581999999999982e-14
9.661937999999999426e-14
4.037096999999999817e-15
2.705397000000000049e-13
1.078094999999999987e-13
9.867856999999999450e-14
2.415754999999999939e-13
2.019903000000000021e-13
8.859937999999999411e-14
1.216547999999999983e-14
1.300541000000000044e-15
1.753020999999999895e-14
1.281574999999999925e-14
1.467173000000000114e-13
4.500415000000000140e-14
1.132555000000000040e-14
6.470192999999999782e-14
5.790118000000000027e-14
1.247435999999999896e-13
4.056062999999999976e-14
2.165129999999999934e-13
6.700497000000000615e-14
9.423505000000000547e-14
2.888284999999999718e-14
2.617339000000000163e-13
4.085867000000000174e-14
1.449562000000000104e-14
3.996455000000000211e-14
5.949434999999999882e-13
2.373487999999999885e-14
4.297205000000000217e-14
3.196079999999999948e-13
8.561897000000000136e-14
9.672775999999999466e-14
1.102750999999999999e-14
4.102124000000000232e-14
1.641879000000000097e-12
3.721173999999999972e-13
4.692787000000000025e-14
9.618586999999999721e-15
2.143183999999999999e-14
3.947684999999999854e-14
6.592118999999999863e-14
5.887659000000000560e-14
2.123676000000000109e-13
1.599936999999999981e-13
1.033930000000000043e-13
7.426632999999999996e-14
2.709461000000000109e-14
8.483322000000000392e-14
4.549455999999999795e-13
2.459919999999999882e-13
1.301895999999999949e-13
1.065712000000000054e-12
1.154501000000000101e-13
1.571487000000000049e-14
2.823258000000000186e-13
8.534801999999999406e-15
6.448516999999999862e-15
9.304288999999999756e-14
8.924964999999999826e-13
3.327217999999999990e-13
1.091912999999999960e-14
3.381407000000000240e-14
1.960836999999999988e-13
1.173196999999999961e-14
4.757272000000000330e-13
3.369485999999999927e-13
4.896267000000000184e-13
2.890995000000000269e-14
1.609419999999999871e-14
6.177570999999999738e-15
1.191891999999999876e-13
9.989782999999999530e-14
2.590244999999999948e-14
3.050853000000000036e-14
8.318044999999999975e-14
2.503542000000000085e-14
5.844307000000000403e-14
1.888223000000000122e-13
5.489368000000000021e-14
1.395372000000000066e-14
4.465733999999999781e-13
4.112420000000000161e-13
2.189785999999999915e-13
1.276969000000000039e-13
2.252375000000000033e-13
4.088577000000000093e-14
5.017922000000000209e-14
7.624422999999999449e-14
9.082112999999999673e-14
7.887241000000000400e-14
2.795893000000000232e-13
2.525217999999999848e-14
3.770215000000000006e-13
1.292683999999999988e-13
3.500623999999999968e-13
3.565651000000000005e-14
2.279740999999999808e-13
4.107001000000000142e-13
1.113588000000000061e-13
8.204248000000000465e-14
1.677426999999999937e-13
1.166151999999999927e-13
6.093578000000000584e-14
1.536264000000000147e-14
1.378573999999999938e-13
1.187285999999999895e-13
2.172445999999999960e-13
5.776571000000000519e-14
1.617819000000000046e-13
5.619422000000000221e-14
2.674237999999999891e-14
3.056272000000000056e-14
2.381615999999999815e-13
2.699165000000000243e-13
4.289077000000000097e-14
1.240932999999999909e-13
1.281575000000000020e-13
9.526464999999999838e-14
6.521672999999999428e-14
1.335763999999999986e-14
1.574467999999999961e-13
6.787199999999999847e-14
1.581241000000000058e-13
1.125239000000000013e-13
8.128383000000000010e-15
1.770361999999999984e-13
2.903729000000000117e-13
1.404585000000000068e-13
6.583990000000000302e-13
4.714462000000000283e-14
2.443934000000000005e-14
3.603583000000000322e-15
1.620257999999999910e-13
1.544393000000000087e-15
6.680718000000000291e-13
2.676946999999999991e-14
3.996455000000000211e-14
5.418921999999999744e-15
3.441015999999999982e-15
2.691307999999999926e-13
4.100226999999999973e-13
2.170278000000000024e-13
9.862437999999999746e-15
6.033970000000000188e-14
3.115880000000000057e-15
5.310543999999999780e-15
9.239262000000000602e-15
2.005001000000000112e-13
4.519922999999999904e-13
7.180072000000000367e-15
6.394328000000000590e-14
3.538555999999999907e-14
2.441224000000000085e-14
4.028969000000000076e-13
1.669027999999999951e-14
1.686910000000000079e-13
3.749893999999999950e-14
4.467901000000000023e-14
3.115067000000000160e-13
1.472591999999999881e-13
1.313276000000000098e-13
1.146644000000000036e-13
1.585035000000000008e-14
8.304498000000000467e-14
5.725090999999999612e-14
5.294287000000000037e-14
9.393700999999999718e-14
4.389326999999999626e-15
1.529761999999999980e-13
1.561191000000000057e-13
1.264235000000000065e-13
5.175070999999999718e-15
7.559395999999999665e-15
1.923445999999999961e-13
2.855772000000000052e-14
1.227385999999999896e-13
7.919755000000000518e-14
4.199664999999999977e-15
1.533555000000000047e-14
1.235785000000000070e-13
3.153812999999999958e-14
1.541682999999999851e-14
2.750103000000000030e-14
1.858689999999999979e-13
2.159169000000000056e-13
3.413920999999999884e-15
2.338264999999999983e-14
1.357710999999999898e-13
1.312463000000000059e-13
1.007920000000000017e-14
8.047098999999999536e-15
2.617338999999999910e-14
5.286700000000000081e-13
5.175071000000000255e-13
1.368277999999999946e-14
3.844724999999999932e-14
7.749059000000000712e-15
5.446017000000000315e-14
1.752479000000000100e-13
2.018547999999999998e-14
1.086494000000000035e-13
4.264691999999999919e-14
5.982490000000000543e-14
1.095164000000000038e-12
5.784699000000000007e-14
8.759687999999999409e-14
3.198247999999999884e-13
1.289703000000000044e-14
2.040224000000000077e-14
1.944038000000000072e-13
5.416213000000000117e-13
1.208420000000000021e-14
2.591057999999999924e-13
4.660272999999999907e-14
3.636096999999999809e-14
9.271775999999999458e-14
1.820757999999999914e-13
7.125882999999999990e-14
5.565232999999999845e-14
4.928510000000000373e-13
3.615775999999999880e-13
4.541056999999999747e-14
8.179862999999999655e-14
5.746766999999999690e-14
3.356750999999999880e-13
1.345517999999999962e-13
5.166941999999999937e-14
2.569381999999999845e-13
1.961650000000000153e-14
2.896414000000000163e-13
1.129844999999999962e-14
6.638180000000000120e-15
3.346997000000000061e-13
1.135263999999999982e-14
1.254479999999999921e-13
1.333326000000000099e-13
1.701000000000000022e-13
1.042330000000000038e-13
9.645680999999999999e-15
1.072405000000000038e-13
6.267524999999999590e-13
5.906624999999999615e-15
2.202792000000000079e-14
5.887659000000000560e-14
4.369005999999999791e-13
4.091286000000000193e-15
5.979779999999999992e-14
2.856314000000000162e-13
1.217632000000000077e-13
3.327759999999999848e-13
5.142556999999999758e-14
4.245724999999999940e-14
1.034200999999999972e-13
1.400791000000000054e-13
3.118589999999999740e-14
1.436014000000000145e-14
6.727591999999999451e-14
3.323966999999999906e-13
1.804500999999999855e-14
2.137764999999999979e-14
7.491660000000000412e-14
1.011983999999999982e-12
1.544393000000000087e-14
9.970817000000000318e-15
3.657772000000000068e-14
8.020004999999999258e-15
1.976823000000000118e-13
7.028341999999999457e-14
2.829760999999999922e-13
3.362441000000000081e-14
3.793244999999999972e-15
1.020111999999999975e-13
5.689867999999999867e-15
3.037305999999999897e-14
5.421632000000000137e-14
6.348266999999999702e-14
8.477904000000000193e-14
2.197373000000000059e-14
1.093267999999999952e-13
2.489994999999999946e-14
9.320545999999999499e-15
2.178406999999999901e-14
6.963314999999999830e-15
1.587744000000000108e-14
2.140474000000000079e-14
8.399329000000000134e-15
1.137973999999999901e-15
3.885095999999999988e-13
2.861191000000000071e-14
1.159649000000000002e-14
2.745226000000000121e-13
3.355938000000000094e-13
1.403501000000000005e-14
8.995411000000000577e-15
1.422467000000000006e-14
1.272091999999999877e-13
1.135263999999999982e-14
5.418922000000000217e-14
6.624632000000000161e-14
2.557731000000000146e-14
2.086285000000000018e-14
1.556313999999999895e-13
4.411003000000000178e-14
1.328991000000000047e-13
7.326382999999999994e-14
9.293450999999999401e-15
5.990618000000000031e-14
2.075988999999999900e-13
1.314089000000000043e-14
1.197581999999999982e-14
1.259898999999999941e-13
5.053144999999999796e-14
5.192139999999999523e-13
5.153394999999999798e-14
2.277031000000000014e-13
8.128383000000000010e-14
9.014376999999999789e-14
4.470610999999999943e-14
7.031051000000000188e-14
3.950393999999999954e-14
1.156940000000000060e-14
4.687367999999999848e-15
5.180489000000000076e-14
1.425176999999999926e-14
1.203001000000000001e-14
7.066273999999999775e-14
4.708501000000000154e-13
1.520007999999999908e-14
3.647747000000000067e-13
5.857854999999999731e-14
2.026406000000000009e-13
6.380780999999999820e-14
2.670716000000000068e-13
7.226132999999999992e-14
1.019841000000000047e-13
3.449143999999999944e-14
2.045913999999999899e-13
9.962687999999999432e-14
3.148393999999999938e-14
1.046122999999999979e-13
8.122963999999999990e-14
2.059189999999999920e-14
4.091286000000000193e-14
1.005480999999999995e-13
2.085201000000000113e-13
6.245308000000000231e-14
1.553063000000000064e-13
4.606084000000000162e-15
2.116088999999999901e-14
2.440953000000000030e-13
6.120401999999999996e-13
1.315985000000000072e-13
7.161105999999999577e-14
5.099206000000000052e-14
2.343684000000000003e-14
1.452270999999999889e-14
1.891475000000000026e-13
9.420795999999999816e-14
9.791992000000000257e-14
2.437160000000000088e-13
3.595455000000000203e-14
1.097874000000000058e-13
5.357958999999999546e-13
1.092455000000000039e-13
7.974756999999999923e-13
2.140473999999999921e-15
1.740829000000000094e-13
7.163815000000000308e-14
7.104206999999999912e-14
7.833052000000000024e-14
3.161941000000000077e-14
1.462025000000000023e-13
2.278656999999999903e-14
2.306834999999999833e-13
5.605875000000000082e-14
6.375361999999999800e-14
9.453309999999999934e-14
1.132555000000000040e-14
2.422257999999999926e-14
1.698832000000000149e-14
9.423505000000000547e-14
9.025214999999999828e-14
5.933719999999999713e-15
7.730091999999999471e-14
5.131718999999999719e-14
9.212167000000000110e-16
2.595663999999999967e-14
7.161105999999999577e-14
2.850353000000000032e-14
1.880365999999999995e-14
6.854936000000000047e-15
1.050458000000000031e-13
4.298289000000000185e-13
8.152767999999999557e-14
1.023363000000000059e-13
6.294078000000000588e-14
7.827633000000000004e-14
3.452666000000000083e-13
2.024779999999999931e-13
7.291160000000000408e-14
1.224675999999999944e-14
1.626488999999999897e-13
2.303042000000000081e-15
8.301788999999999736e-14
7.207166000000000645e-15
5.578779999999999984e-14
1.352021000000000044e-14
1.878198000000000122e-13
4.719881000000000051e-13
5.874111999999999790e-14
4.154957999999999955e-13
8.946640000000000085e-14
1.412713000000000061e-13
2.045643000000000097e-14
1.151520999999999946e-13
1.219256999999999964e-15
8.710917000000000494e-14
1.156940000000000060e-14
7.616294999999999961e-14
1.000603999999999959e-13
7.898079000000000439e-14
1.761150000000000150e-14
7.410375999999999937e-14
1.186473000000000108e-13
7.488949999999999861e-14
6.692368999999999707e-15
2.232595999999999961e-14
7.646098999999999528e-14
1.847851999999999877e-14
8.832842999999999628e-15
4.597955000000000223e-14
1.104375999999999974e-13
3.104230000000000193e-13
2.533074999999999786e-13
1.576635000000000077e-13
1.482075000000000023e-13
1.454981000000000124e-14
2.191954000000000103e-13
9.103788999999999752e-15
4.988118000000000011e-14
3.058981999999999976e-14
1.801792000000000071e-14
2.322007999999999924e-14
7.795118999999999886e-14
2.992871000000000223e-13
8.849099999999999371e-14
7.264065000000000310e-14
4.937721999999999829e-13
5.744057000000000244e-15
6.638180000000000120e-15
1.642475000000000027e-13
7.128591999999999459e-14
6.909126000000000243e-15
1.877656000000000075e-14
3.793244999999999972e-15
1.207878000000000006e-13
1.618903000000000014e-13
3.722798999999999852e-14
1.783366999999999887e-13
5.134429000000000270e-14
1.067527999999999940e-14
8.689242000000000236e-14
3.565651000000000005e-14
2.644434000000000009e-14
4.524799999999999688e-15
1.950811999999999878e-15
2.202792000000000079e-14
1.357439999999999969e-13
3.308251999999999705e-14
3.392245000000000279e-14
9.483114000000000448e-15
5.202164999999999996e-15
1.866819000000000045e-13
1.902042000000000073e-14
4.736137999999999731e-14
6.142347999999999678e-14
1.847851999999999877e-14
3.209627999999999781e-13
2.465609999999999846e-15
5.199456000000000054e-14
2.701332999999999989e-14
7.442889000000000235e-14
2.037514999999999977e-14
4.451643999999999964e-14
1.624322000000000033e-13
1.487494000000000106e-14
1.566881000000000006e-13
1.047478000000000002e-13
2.299248999999999950e-13
2.167568999999999861e-14
3.332636999999999883e-14
2.687785000000000030e-14
6.990409000000000109e-15
1.236869000000000038e-13
1.586117999999999967e-13
1.850562000000000112e-14
5.313253000000000195e-14
2.357231000000000142e-14
9.762187999999999428e-14
3.335346999999999803e-14
1.866818999999999856e-14
3.362441000000000081e-14
1.268027999999999944e-14
1.867089999999999974e-13
7.383280999999999839e-14
5.023341000000000229e-14
4.337846999999999823e-14
1.069966000000000047e-13
2.709461000000000069e-16
3.825758999999999774e-14
1.534097000000000031e-13
5.662773999999999747e-14
9.645680999999999999e-15
7.992910000000000422e-14
6.705915999999999373e-14
3.546684000000000026e-14
2.460191000000000064e-14
4.774070000000000048e-14
1.356898000000000112e-13
7.017504000000000207e-15
6.207375000000000094e-14
1.170487000000000041e-14
1.252854999999999916e-13
3.573779000000000124e-14
8.020004999999999258e-15
1.542766999999999882e-13
5.771152000000000342e-15
5.554394999999999806e-14
3.901623999999999755e-15
3.459981999999999983e-14
2.384326000000000161e-15
1.910169999999999877e-14
1.993891999999999891e-13
1.546017999999999966e-13
7.841179999999999512e-14
1.923717000000000174e-15
1.632450000000000026e-13
2.644434000000000009e-14
9.396411000000000269e-14
8.805747999999999530e-15
5.971652000000000503e-14
1.343892999999999957e-13
4.822840999999999909e-15
7.177361999999999816e-14
1.333055000000000044e-14
3.062233000000000186e-13
3.267610000000000099e-14
1.224947000000000031e-13
7.694869000000000516e-15
4.064191999999999915e-15
2.343684000000000003e-14
1.246352000000000062e-15
1.203001000000000001e-14
7.627133000000000000e-14
5.511044000000000100e-14
2.563149999999999850e-14
2.167569000000000019e-15
1.604813999999999891e-13
7.193618999999999875e-14
1.414339000000000045e-14
6.231760000000000114e-15
5.987909000000000089e-15
3.061691000000000075e-15
1.206523000000000109e-13
2.053770999999999900e-14
3.283867000000000158e-14
7.247808000000000251e-14
7.391410000000000410e-14
5.884949000000000009e-14
7.274903000000000349e-14
1.043141999999999941e-14
1.184034000000000023e-14
4.093996000000000113e-14
6.749266999999999710e-14
5.527299999999999707e-15
1.319507999999999904e-13
1.937264999999999975e-14
7.207166000000000645e-15
1.070237000000000039e-14
2.446643000000000104e-14
2.284075999999999922e-14
2.113380000000000037e-15
6.602956999999999902e-14
5.112753000000000192e-14
2.215526000000000116e-13
5.380989999999999900e-14
3.029176999999999958e-14
4.205084000000000154e-14
1.019028000000000007e-13
3.500624000000000221e-14
1.074842999999999957e-13
9.166106999999999436e-14
6.906415999999999377e-14
4.860772999999999911e-14
3.901623999999999755e-15
6.315753999999999404e-14
4.925799999999999696e-14
2.278656999999999903e-14
2.993953999999999740e-14
6.096287000000000053e-15
4.253853999999999880e-14
1.436013999999999909e-15
3.476239000000000042e-14
1.265047000000000032e-13
1.564985000000000071e-13
1.755731000000000130e-14
1.633805000000000049e-14
4.183408000000000076e-14
5.505625000000000080e-14
3.105041999999999781e-14
5.993328000000000582e-14
2.370777999999999965e-14
1.880636999999999987e-13
7.288449999999999541e-15
3.002083000000000311e-14
1.124425999999999942e-14
3.882658000000000070e-14
4.180698000000000156e-14
2.804292000000000091e-14
9.212167000000000110e-16
1.631095999999999950e-14
9.133593000000000581e-14
5.074820999999999874e-14
2.790744999999999952e-15
2.032095999999999958e-15
2.644434000000000009e-14
6.475611999999999960e-15
1.717797999999999993e-14
4.172569999999999879e-15
7.071692999999999794e-15
7.987491000000000402e-14
1.663608999999999932e-14
6.098997000000000603e-14
4.438096999999999825e-14
3.178198000000000136e-14
2.601082999999999987e-14
2.289494999999999942e-14
4.573570000000000044e-14
1.186743999999999943e-14
6.302206000000000076e-14
2.568568999999999869e-14
7.589199999999999863e-14
2.674237999999999891e-14
2.359941000000000062e-14
9.943722000000000220e-15
9.835343999999999468e-15
4.719881000000000303e-14
5.906624999999999615e-15
9.916627000000000122e-15
4.541056999999999747e-14
7.071692999999999794e-15
2.340974000000000083e-14
1.679865999999999951e-15
7.396829000000000114e-15
1.097331999999999980e-14
8.345139999999999757e-15
1.490203999999999908e-15
9.699870000000000375e-15
1.520007999999999908e-14
3.855562999999999972e-14
1.119006999999999923e-14
2.113380000000000116e-14
1.574196999999999969e-14
2.015838999999999899e-14
6.223632000000000153e-14
2.105250999999999861e-14
5.012503000000000347e-15
2.259689999999999924e-14
7.640680000000000139e-15
1.137974000000000059e-14
1.549812000000000106e-14
1.186743999999999943e-14
8.832842999999999628e-15
5.418921999999999744e-15
2.899122999999999915e-15
4.578989000000000064e-15
9.320545999999999499e-15
1.398081999999999986e-14
1.219256999999999964e-15
7.017504000000000207e-15
2.939764999999999995e-14
9.699870000000000375e-15
1.555231000000000126e-14
4.877029999999999970e-14
1.484785000000000006e-14
1.495621999999999910e-14
1.219256999999999964e-15
5.418921999999999744e-15
5.662774000000000378e-15
1.652770999999999893e-14
1.368277999999999946e-14
2.365358999999999946e-14
7.369734000000000016e-15
9.456019000000000350e-15
2.817838999999999836e-15
3.820340000000000070e-15
1.292412999999999964e-14
2.443934000000000005e-14
5.581489999999999904e-15
3.522299000000000242e-16
6.800746999999999671e-15
1.988744000000000116e-14
6.773652999999999590e-16
1.316797999999999985e-14
4.719068000000000264e-13
1.584222000000000032e-13
1.343622000000000028e-13
7.754477000000000280e-14
2.923508000000000188e-13
6.854936000000000047e-15
3.901624000000000228e-14
9.742950999999999972e-13
4.064192000000000014e-16
1.253504999999999918e-12
2.403292000000000083e-14
1.991725000000000028e-13
4.581698999999999984e-14
6.421423000000000372e-15
4.028968999999999697e-14
3.844724999999999932e-14
6.762815000000000300e-14
4.942056999999999754e-14
1.684633999999999948e-12
2.290577999999999774e-13
1.599395000000000123e-13
7.461855999999999583e-14
4.370360999999999941e-14
2.810145000000000038e-12
4.991639999999999519e-13
3.023758999999999758e-13
1.706960000000000032e-15
2.276218000000000227e-13
1.760066000000000055e-13
2.911316000000000072e-13
4.467901000000000023e-14
1.506459999999999949e-14
7.740929999999999510e-14
4.172569999999999879e-15
5.600456000000000062e-13
7.152977000000000269e-14
2.042933999999999997e-14
4.806312999999999858e-13
9.212167000000000504e-15
2.541473999999999961e-13
2.764733999999999759e-13
1.605356000000000001e-13
2.354522000000000042e-14
1.955580999999999803e-12
5.446016999999999842e-15
9.241971999999999891e-14
6.502706000000000238e-15
6.201956000000000074e-14
1.077281999999999948e-13
6.854935999999999731e-14
6.738429999999999490e-14
1.253126000000000097e-13
1.412170999999999951e-13
1.346060000000000072e-13
9.483113999999999659e-16
4.584408000000000084e-14
3.703832999999999693e-14
1.278595000000000117e-13
2.354522000000000042e-14
1.977906999999999976e-15
2.086285000000000018e-14
1.268027999999999944e-14
9.553559999999999936e-14
5.708833999999999553e-14
8.128383000000000207e-16
2.651614000000000136e-12
1.102750999999999999e-14
5.918818000000000276e-13
1.144449000000000064e-12
9.052309000000000106e-14
5.175070999999999876e-14
1.972758999999999995e-13
1.525426999999999928e-14
2.844933999999999934e-15
6.302206000000000076e-14
1.679865999999999951e-15
5.559813999999999825e-14
1.001227000000000051e-12
3.535575999999999878e-13
2.167569000000000019e-15
1.969777999999999957e-14
4.165254000000000136e-13
5.532718999999999727e-14
9.617502999999999879e-13
6.239347000000000354e-13
9.699870000000000375e-15
2.316589000000000157e-13
1.853270999999999897e-14
2.029386000000000038e-14
1.801792000000000071e-14
1.571487000000000049e-14
3.086725999999999827e-12
1.373696999999999965e-14
4.535637999999999727e-14
7.315544999999999640e-15
9.781154000000000218e-14
1.216548000000000109e-13
2.899122999999999915e-15
2.186535000000000020e-14
1.917485999999999904e-13
1.157210999999999894e-13
2.641724999999999909e-14
1.347144000000000040e-13
1.003313000000000059e-13
9.930175000000000397e-14
2.330135999999999965e-15
4.570860999999999944e-14
3.981011000000000191e-13
4.988118000000000011e-14
1.117571000000000025e-12
4.441889999999999766e-13
9.710707999999999783e-14
2.286785000000000022e-14
5.837805000000000488e-13
2.547163999999999909e-13
6.552289999999999538e-13
5.722382000000000143e-14
1.021466999999999998e-14
3.923300000000000307e-14
1.058856999999999953e-13
1.275885000000000071e-13
3.357022000000000062e-14
6.651727000000000259e-14
2.057564999999999978e-13
7.491660000000000412e-14
1.425176999999999926e-14
2.353979999999999932e-13
4.981344000000000347e-13
1.215735000000000070e-13
1.978719000000000053e-13
2.899122999999999915e-15
1.412441999999999880e-13
1.508681999999999932e-12
6.559604999999999745e-14
8.897869999999999728e-14
4.817422000000000205e-14
4.064191999999999915e-15
3.625258999999999770e-14
5.964608000000000226e-13
7.854728000000000102e-14
8.374943999999999640e-14
4.709855999999999798e-13
7.586490999999999763e-16
4.004582999999999699e-14
1.151521000000000041e-14
2.175967999999999973e-13
7.342638999999999918e-15
1.524613999999999889e-13
3.912462000000000268e-14
4.335138000000000236e-16
9.311876000000000216e-13
7.600037999999999902e-14
1.381824999999999927e-15
2.440140999999999811e-13
2.806730999999999766e-13
6.177570999999999738e-15
4.470610999999999943e-14
1.796373000000000052e-14
3.793244999999999972e-16
2.275946999999999794e-13
1.549812000000000106e-14
1.110879000000000001e-15
4.985408000000000249e-15
3.641244999999999900e-13
2.709461000000000069e-16
5.539221999999999841e-13
1.988473000000000124e-13
3.214504999999999943e-13
5.223841000000000233e-14
5.719671999999999592e-14
1.571486999999999970e-15
1.297019000000000039e-13
3.193913000000000085e-13
1.097222999999999959e-12
1.893913000000000134e-14
6.128801000000000170e-14
1.896622999999999896e-16
6.261564000000000470e-14
7.403060000000000163e-13
6.740325999999999930e-13
2.563149999999999850e-14
3.222361999999999755e-13
2.997206000000000022e-13
1.706960000000000032e-15
2.522507999999999928e-14
4.923091000000000353e-13
1.706959999999999953e-14
4.443516000000000002e-15
2.282720999999999962e-13
1.620257999999999910e-14
3.639076999999999964e-13
3.251353000000000119e-15
6.277821000000000529e-14
1.539245000000000122e-13
4.383908000000000080e-14
7.494369000000000133e-13
2.514921999999999793e-13
1.907461000000000093e-14
1.463109000000000007e-15
2.303042000000000081e-15
1.200290999999999924e-14
7.445598999999999524e-14
2.034805000000000057e-14
3.061691000000000075e-14
4.633177999999999809e-14
1.800979000000000095e-13
4.633177999999999651e-15
4.885158000000000216e-13
4.454353999999999884e-14
1.628386000000000030e-14
1.408920000000000025e-15
9.240346000000000823e-13
1.875760000000000077e-13
1.844329999999999927e-13
3.226967999999999862e-14
1.979721999999999912e-12
3.102333000000000313e-14
2.540390999999999813e-13
1.942683999999999995e-14
1.304335000000000066e-13
5.066691999999999935e-15
4.188827000000000095e-14
2.080865999999999999e-14
5.194307999999999964e-13
7.223422999999999441e-14
1.137973999999999901e-15
4.812003000000000186e-14
6.141534999999999639e-13
1.231450000000000019e-13
2.519528000000000026e-13
7.892660000000000420e-14
1.734054999999999933e-15
2.579136000000000169e-13
3.749893999999999950e-14
3.522298999999999848e-15
3.472716000000000083e-13
7.643390000000000059e-14
3.113171000000000226e-13
4.993537000000000031e-14
3.484367000000000162e-14
2.219049000000000138e-14
1.113858999999999990e-13
6.156707999999999983e-13
1.882425000000000029e-12
1.611045999999999949e-13
1.324925999999999946e-14
1.487764999999999972e-13
1.615651999999999930e-13
1.484242999999999959e-13
2.439598999999999953e-13
1.138516000000000043e-13
8.060647000000000126e-14
5.928301000000000166e-14
5.874111999999999790e-14
1.373697000000000028e-13
3.593287000000000015e-13
9.175048000000000226e-13
2.050519999999999880e-13
5.283448999999999998e-14
2.519799000000000144e-14
1.007920000000000017e-14
2.556375999999999870e-13
7.892660000000000420e-14
4.633177999999999651e-15
6.150477000000000249e-14
1.253938999999999884e-13
4.026530000000000211e-13
1.071294000000000060e-12
4.329719000000000082e-13
2.256981000000000140e-14
4.782198999999999988e-14
2.113380000000000037e-15
2.585638999999999904e-13
2.977698000000000132e-14
7.559666999999999720e-13
3.092037000000000005e-13
2.317943999999999801e-13
2.126926999999999940e-13
1.273446999999999963e-15
3.249456999999999853e-13
2.079239999999999984e-13
5.933719999999999713e-15
8.437262000000000586e-14
4.131927999999999799e-14
2.763649999999999854e-15
7.140784999999999648e-13
2.075446999999999979e-14
6.285949999999999837e-14
6.481030999999999822e-14
3.170069000000000039e-15
7.475403000000000353e-14
1.609419999999999871e-14
1.954063000000000072e-13
1.726198000000000113e-13
1.148270000000000114e-13
9.130883999999999850e-15
3.446434000000000024e-14
5.131177000000000240e-13
8.935802000000000045e-14
3.048143999999999936e-14
1.002501000000000037e-15
4.584408000000000084e-14
1.182679999999999914e-13
4.952894999999999794e-14
2.005000999999999859e-15
5.213003000000000194e-14
1.834305000000000053e-14
9.103788999999999752e-15
1.842433000000000094e-15
6.448516999999999862e-15
3.576489000000000044e-15
6.313043999999999800e-15
4.389326999999999626e-15
3.549393999999999946e-15
1.950811999999999878e-15
6.096287000000000053e-15
1.110879000000000001e-15
1.796373000000000052e-14
9.754059999999999388e-16
1.110879000000000001e-15
5.418922000000000138e-16
1.029594999999999921e-15
7.857437000000000478e-16
7.911626000000000263e-15
9.049599999999999375e-15
6.285950000000000311e-15
5.906624999999999615e-15
2.219049000000000138e-14
9.808248999999999370e-15
3.048143999999999936e-14
1.891204000000000034e-14
5.256354000000000373e-15
1.436014000000000145e-14
4.687367999999999848e-15
1.018757000000000079e-14
1.614838999999999891e-14
1.408920000000000025e-15
8.480613000000000608e-15
8.128383000000000207e-16
1.419758000000000064e-14
3.991036000000000191e-14
4.822840999999999909e-15
9.591491999999999622e-15
1.227386000000000022e-14
1.192163000000000080e-15
1.316797999999999985e-14
1.679865999999999951e-15
2.200081999999999844e-14
8.399328999999999936e-16
3.251353000000000020e-16
4.253854000000000353e-15
4.291786000000000197e-14
3.603583000000000322e-15
6.502706000000000041e-16
5.500206000000000218e-15
6.800746999999999671e-15
1.877656000000000075e-14
7.505206999999999289e-15
8.995411000000000577e-15
6.015003000000000367e-15
6.421423000000000372e-15
4.253854000000000353e-15
2.896414000000000289e-14
6.204665999999999836e-15
4.877030000000000286e-15
3.332636999999999804e-15
1.219256999999999964e-15
5.635679000000000280e-15
9.591491999999999622e-15
9.943722000000000220e-15
1.381824999999999927e-15
6.042097999999999676e-15
1.842433000000000094e-15
1.650062000000000108e-14
3.657771999999999910e-15
6.827841999999999769e-15
1.977906999999999976e-15
9.347640999999999597e-15
1.029594999999999921e-15
6.529801000000000336e-15
1.192163000000000080e-15
6.665273999999999609e-15
2.709461000000000069e-16
1.286993999999999945e-14
1.086493999999999941e-14
2.021257999999999918e-14
6.502706000000000238e-15
5.527299999999999707e-15
1.408920000000000025e-15
2.682366000000000168e-15
9.212167000000000110e-16
2.384326000000000161e-15
2.406000999999999867e-14
4.389326999999999626e-15
3.711962000000000106e-15
5.229260000000000095e-15
9.049599999999999375e-15
7.803247999999999510e-15
3.928718000000000033e-15
1.809919999999999875e-14
8.236762000000000583e-15
1.468527999999999948e-14
8.941221000000000381e-15
7.478112000000000768e-15
8.941221000000000381e-15
3.422048999999999846e-14
4.118381000000000291e-15
2.140473999999999921e-15
1.341183000000000005e-14
8.128383000000000010e-15
3.546684000000000026e-14
1.056690000000000019e-15
2.357231000000000063e-15
1.544393000000000087e-15
7.857437000000000478e-16
5.066691999999999935e-15
2.167569000000000118e-16
4.714462000000000126e-15
1.051271000000000039e-14
8.128383000000000010e-15
1.005209999999999940e-14
4.443516000000000002e-15
4.172569999999999879e-15
1.327635999999999945e-15
3.088786000000000173e-15
3.711962000000000106e-15
6.231760000000000312e-16
1.517297999999999989e-15
4.606083999999999965e-16
3.170069000000000039e-15
1.788244000000000112e-15
6.231760000000000312e-16
1.072946999999999959e-14
1.490203999999999908e-15
1.896622999999999896e-15
7.559395999999999665e-15
5.960813999999999596e-16
1.679865999999999991e-14
1.704250999999999853e-14
3.847435000000000168e-15
9.943722000000000220e-15
1.652771000000000050e-15
1.370987000000000045e-14
7.369734000000000016e-15
8.399328999999999936e-16
8.288241000000000408e-14
1.219256999999999964e-15
1.574196999999999969e-14
5.418921999999999744e-15
2.790744999999999952e-15
5.662774000000000378e-15
5.443306999999999764e-14
7.451018000000000490e-15
1.463109000000000007e-15
4.877030000000000286e-15
3.170069000000000039e-15
1.192163000000000080e-15
2.267818999999999863e-14
2.438514999999999985e-14
3.793244999999999972e-16
1.804500999999999855e-14
7.234261000000000743e-15
4.904123999999999775e-15
1.056690000000000019e-15
8.128383000000000207e-16
7.266773999999999778e-14
6.502706000000000041e-16
2.194662999999999903e-15
2.303042000000000081e-15
9.754059999999999388e-16
1.072946999999999959e-14
2.248853000000000099e-15
8.941221000000000381e-16
1.381824999999999927e-15
4.362232000000000317e-15
3.115880000000000057e-15
5.446016999999999842e-15
1.029594999999999921e-15
2.953313000000000112e-15
9.185073000000000226e-15
1.734054999999999933e-15
2.248853000000000099e-15
6.475611999999999960e-15
8.074193999999999634e-15
5.147976000000000409e-16
8.941221000000000381e-16
4.741557000000000224e-15
3.088786000000000173e-15
9.212167000000000110e-16
8.670274999999999665e-16
1.151521000000000041e-14
1.880365999999999995e-14
7.044599000000000305e-16
1.921007999999999916e-14
4.895996000000000129e-14
3.576489000000000044e-15
4.958313999999999971e-15
2.763649999999999854e-15
9.510208000000000726e-15
7.315545000000000034e-16
1.056690000000000019e-15
4.037096999999999817e-15
1.536264000000000147e-14
7.721964000000000614e-15
2.476446999999999987e-14
8.968316000000000479e-15
2.330135999999999965e-15
4.416420999999999904e-15
9.374734999999999875e-15
9.997911000000000597e-15
3.251353000000000020e-16
5.879530000000000305e-15
8.832842999999999628e-15
6.800746999999999671e-15
3.251353000000000020e-16
2.140473999999999921e-15
1.544393000000000087e-15
9.212167000000000110e-16
1.896622999999999896e-16
1.381824999999999927e-15
2.438514999999999985e-14
3.441015999999999982e-15
1.408920000000000025e-15
1.571486999999999970e-15
4.064191999999999915e-15
1.490203999999999908e-15
4.199664999999999977e-15
3.413920999999999884e-15
4.172569999999999879e-15
9.428924000000000251e-15
7.152977000000000269e-15
2.628177000000000186e-15
2.714880000000000128e-14
6.936219999999999732e-15
9.754059999999999388e-16
3.413920999999999884e-15
2.655271999999999890e-15
6.719462999999999985e-15
4.562732000000000005e-14
2.601082999999999908e-15
4.904123999999999775e-15
1.032305000000000038e-14
7.044599000000000305e-16
4.660272999999999749e-15
4.993537000000000031e-14
4.768650999999999713e-15
2.980406999999999995e-15
7.017504000000000207e-15
1.436013999999999909e-15
5.689867999999999867e-16
7.315545000000000034e-16
2.143183999999999999e-14
4.822840999999999909e-15
3.522298999999999848e-15
3.766150999999999693e-15
1.598582000000000069e-15
5.635679000000000280e-15
1.381824999999999927e-15
1.907461000000000093e-14
1.793663000000000132e-14
1.788244000000000112e-15
1.181324999999999923e-14
1.465818000000000028e-14
1.051271000000000039e-14
1.097331999999999980e-14
1.408920000000000025e-15
2.156731000000000138e-14
1.297831999999999984e-14
2.286785000000000022e-14
2.303042000000000081e-15
1.425176999999999926e-14
2.709461000000000069e-16
7.721964000000000614e-15
5.825340999999999929e-15
1.411628999999999967e-14
1.083783999999999902e-15
1.715088999999999893e-14
2.939764999999999995e-14
3.197164000000000137e-15
1.043141999999999941e-14
3.034595999999999977e-15
5.852436000000000027e-15
3.928718000000000033e-15
6.638180000000000120e-15
1.083783999999999902e-15
6.556895999999999645e-15
1.273446999999999963e-15
3.021048999999999838e-14
9.293450999999999401e-15
1.341183000000000005e-14
7.591910000000000414e-14
3.007502000000000094e-15
9.672776000000000097e-15
1.734054999999999933e-15
7.369734000000000016e-15
4.253854000000000353e-15
7.451018000000000490e-15
2.088994000000000118e-14
2.357231000000000063e-15
1.463109000000000007e-15
1.728636000000000032e-14
1.056690000000000019e-15
2.376196999999999985e-14
1.219256999999999925e-14
7.749059000000000712e-15
3.251353000000000020e-16
5.418922000000000138e-16
1.576906000000000069e-14
3.007502000000000094e-15
6.394328000000000274e-15
8.399328999999999936e-16
6.258855000000000212e-15
7.071692999999999794e-15
1.219256999999999964e-15
1.604000999999999852e-14
1.490204000000000026e-14
1.056690000000000019e-15
3.955813000000000131e-15
8.020004999999999258e-15
4.985408000000000249e-15
1.490203999999999908e-15
5.689867999999999867e-16
2.032095999999999958e-15
4.877029999999999694e-16
6.150477000000000249e-15
8.480613000000000608e-15
8.751559000000000731e-15
2.682366000000000168e-15
8.372234999999999855e-15
8.155478000000000108e-15
4.362232000000000317e-15
4.443516000000000002e-15
1.002501000000000037e-15
6.854936000000000047e-15
1.002501000000000037e-15
3.251353000000000119e-15
2.232595999999999961e-14
3.170069000000000039e-15
7.261355999999999263e-15
2.007711000000000095e-14
8.670274999999999665e-16
8.832842999999999628e-15
6.719462999999999985e-15
3.522298999999999848e-15
5.473111000000000120e-15
4.085867000000000174e-14
2.438515000000000143e-15
3.061691000000000075e-15
3.576489000000000044e-15
9.754059999999999388e-16
9.835343999999999468e-15
1.102750999999999999e-14
4.172569999999999879e-15
8.263855999999999283e-15
7.152977000000000269e-15
5.093787000000000033e-15
1.609419999999999871e-14
1.411628999999999967e-14
9.672776000000000097e-15
3.793244999999999972e-15
1.135263999999999982e-14
1.029594999999999960e-14
4.010001999999999719e-15
1.837014999999999973e-14
1.376406000000000065e-14
2.221758000000000001e-15
3.034595999999999977e-14
5.283448999999999682e-15
5.852436000000000027e-15
1.544393000000000087e-15
1.679865999999999951e-15
3.766151000000000009e-14
4.389326999999999626e-15
7.586490999999999763e-16
2.872029000000000032e-15
2.844933999999999934e-15
6.204665999999999836e-15
9.781153999999999272e-15
4.578989000000000064e-15
1.734054999999999933e-15
9.049599999999999375e-15
8.128383000000000207e-16
7.532301999999999387e-15
1.365568000000000026e-14
2.492704000000000125e-15
2.709460999999999872e-15
3.468109999999999866e-15
1.503750999999999850e-14
3.373279000000000120e-14
2.790744999999999952e-14
8.345139999999999757e-15
2.021257999999999918e-14
4.335138000000000236e-16
1.658189999999999912e-14
9.483113999999999659e-16
3.245934000000000020e-14
2.411420000000000045e-15
1.010628999999999959e-14
1.571486999999999970e-15
6.800746999999999671e-15
7.207166000000000645e-15
2.235305000000000061e-14
2.110669999999999881e-14
2.573987999999999810e-15
9.483113999999999659e-16
8.968316000000000479e-15
4.877029999999999694e-16
1.208420000000000021e-14
5.662774000000000378e-15
1.040432999999999999e-14
8.724465000000000453e-15
1.165067999999999982e-15
2.546893000000000106e-15
7.776152999999999412e-15
2.167569000000000019e-15
1.137973999999999901e-15
2.357231000000000063e-15
2.061900000000000155e-14
3.909751999999999717e-14
1.609419999999999871e-14
7.819505000000000516e-14
2.303042000000000081e-15
7.288449999999999541e-15
5.147976000000000409e-16
2.194662999999999903e-15
1.850562000000000112e-14
1.869528000000000192e-15
7.180072000000000367e-15
3.766150999999999693e-15
1.598582000000000069e-15
9.483113999999999659e-16
5.039597999999999657e-15
4.064191999999999915e-15
3.197164000000000137e-15
4.877030000000000286e-15
7.884531999999999985e-15
1.230094999999999964e-14
3.766150999999999693e-15
5.716962999999999965e-15
3.359731999999999903e-15
4.037096999999999817e-15
3.305542000000000101e-15
1.921007999999999916e-14
3.928718000000000033e-15
8.941221000000000381e-16
3.197164000000000137e-15
1.178615999999999981e-14
2.953313000000000112e-15
5.364733000000000156e-15
1.110879000000000001e-15
2.086284999999999939e-15
1.687994000000000110e-14
9.754060000000000571e-15
3.603583000000000322e-15
4.931218999999999873e-15
2.349103000000000022e-14
4.931218999999999873e-15
1.815338999999999816e-15
5.744057000000000244e-15
2.465609999999999846e-15
5.500206000000000218e-15
9.483113999999999659e-16
9.726965000000000473e-15
6.258855000000000212e-15
4.925799999999999696e-14
1.750312000000000110e-14
1.053979999999999981e-14
9.754059999999999388e-16
3.088786000000000173e-15
1.598582000000000069e-15
1.181324999999999923e-14
9.672776000000000097e-15
2.844933999999999934e-15
1.807211000000000091e-14
6.773653000000000181e-15
6.367233000000000176e-15
1.652771000000000050e-15
2.438515000000000143e-15
1.411628999999999967e-14
3.793244999999999972e-15
2.053770999999999900e-14
7.261355999999999263e-15
1.029594999999999921e-15
1.598582000000000069e-15
2.289494999999999942e-14
1.137973999999999901e-15
1.262608999999999924e-14
1.067527999999999940e-14
1.381824999999999927e-15
1.788244000000000112e-15
6.773653000000000181e-15
4.822840999999999909e-15
2.980406999999999995e-15
5.581489999999999904e-15
2.527926999999999948e-14
6.800746999999999671e-15
2.557731000000000146e-14
1.788244000000000112e-15
1.533555000000000047e-14
1.324925999999999946e-14
1.598582000000000069e-15
1.016047999999999979e-14
2.032095999999999958e-15
4.524799999999999688e-15
3.549393999999999946e-15
6.827841999999999769e-15
1.165067999999999982e-15
1.170487000000000041e-14
1.165067999999999982e-15
2.118799000000000136e-14
1.081075000000000079e-14
3.874528999999999657e-15
9.293450999999999401e-15
2.763649999999999854e-15
7.559395999999999665e-15
4.164441999999999917e-14
3.413920999999999884e-15
1.165067999999999982e-15
1.097331999999999980e-14
4.660272999999999749e-15
1.419758000000000064e-14
3.248643999999999940e-14
1.479365999999999987e-14
2.221758000000000001e-15
8.399328999999999936e-16
2.652562000000000128e-14
3.760731999999999989e-14
5.581489999999999904e-15
8.859937999999999726e-15
8.020004999999999258e-15
1.842433000000000094e-15
2.817838999999999836e-15
8.263855999999999283e-15
5.852436000000000027e-15
4.822840999999999909e-15
1.408920000000000025e-15
4.771360999999999948e-14
4.660272999999999749e-15
6.882031000000000145e-15
7.044599000000000305e-16
6.015003000000000367e-15
4.578989000000000064e-15
9.157978000000000128e-15
2.869319000000000191e-14
1.967068999999999858e-14
2.113380000000000037e-15
1.354730999999999945e-16
2.576696999999999989e-14
5.391826999999999646e-15
5.933719999999999713e-15
2.059189999999999841e-15
1.354731000000000043e-15
1.788244000000000112e-15
1.137973999999999901e-15
1.389954000000000024e-14
9.483113999999999659e-16
8.832842999999999628e-15
2.652562000000000128e-14
8.155478000000000108e-15
6.502706000000000041e-16
1.923717000000000174e-15
3.584617000000000164e-14
3.359731999999999903e-15
3.622548999999999850e-14
1.644643000000000089e-14
1.520007999999999908e-14
7.532301999999999387e-15
4.050643999999999956e-14
7.207166000000000645e-15
7.721964000000000614e-15
4.849935000000000187e-15
7.505206999999999289e-15
8.399329000000000134e-15
8.697370000000000355e-15
6.936219999999999732e-15
5.147976000000000409e-16
2.717588999999999912e-14
8.697370000000000355e-15
1.319508000000000062e-14
2.113380000000000037e-15
1.706960000000000032e-15
1.235513999999999984e-14
8.020004999999999258e-15
9.293450999999999401e-15
2.303042000000000081e-15
3.982908000000000230e-15
3.549393999999999946e-15
1.056690000000000019e-15
1.417047999999999987e-14
1.029594999999999921e-15
1.864108999999999936e-14
1.788244000000000112e-14
4.578989000000000064e-15
6.665273999999999609e-15
7.694869000000000516e-15
1.381824999999999927e-15
6.963314999999999830e-15
1.316797999999999985e-14
1.246352000000000062e-15
1.346602000000000025e-14
6.367233000000000176e-15
1.690704000000000030e-14
5.391826999999999646e-15
8.290950999999999381e-15
7.911626000000000263e-15
3.142975000000000155e-15
1.137973999999999901e-15
1.747601999999999875e-14
8.155478000000000108e-15
1.178615999999999981e-14
4.768650999999999713e-15
4.172569999999999879e-15
3.386826000000000181e-15
1.384535000000000004e-14
1.251771000000000042e-14
3.982908000000000230e-15
4.443516000000000002e-15
6.990409000000000109e-15
1.823467000000000014e-14
1.679865999999999951e-15
1.880365999999999995e-14
4.389326999999999626e-15
3.386826000000000181e-15
5.418922000000000138e-16
1.262608999999999924e-14
8.236762000000000583e-15
5.120881000000000311e-15
6.231760000000000312e-16
1.056690000000000019e-15
1.286993999999999945e-14
4.010001999999999719e-15
1.137973999999999901e-15
2.208211000000000099e-14
1.896622999999999896e-16
8.724464999999999822e-14
2.844933999999999934e-15
4.660272999999999749e-15
7.125882999999999990e-15
1.300541000000000044e-15
2.042933999999999997e-14
1.381824999999999927e-15
6.773652999999999590e-16
8.372234999999999855e-15
1.165067999999999982e-15
1.281574999999999925e-14
9.374734999999999875e-15
1.465818000000000028e-14
1.514588999999999889e-14
1.528136000000000028e-14
8.128383000000000207e-16
1.517297999999999989e-15
7.478112000000000768e-15
3.170069000000000039e-15
7.586490999999999763e-16
1.219256999999999964e-15
6.773652999999999590e-16
1.972487999999999877e-14
7.342638999999999918e-15
3.793244999999999972e-16
5.256354000000000373e-15
1.116297999999999981e-14
6.963314999999999830e-15
7.044599000000000305e-16
9.754059999999999388e-16
7.044599000000000305e-16
1.327635999999999945e-15
1.812628999999999975e-14
7.938721000000000361e-15
8.670274999999999665e-16
4.199664999999999977e-15
7.234261000000000743e-15
4.335138000000000236e-16
6.096287000000000053e-15
3.603583000000000322e-15
3.847435000000000168e-15
2.573987999999999810e-15
1.598582000000000069e-15
3.909751999999999717e-14
4.037096999999999817e-15
9.212167000000000110e-16
1.484785000000000006e-14
4.232177999999999801e-14
5.852436000000000027e-15
1.465818000000000028e-14
1.219256999999999964e-15
2.235305000000000061e-14
1.373696999999999965e-14
2.666110000000000087e-14
4.497705000000000378e-15
3.674029000000000126e-14
3.920589999999999756e-14
8.047098999999999536e-15
4.524799999999999688e-15
2.343684000000000003e-14
1.140683000000000001e-14
7.478112000000000768e-15
8.995411000000000577e-15
3.278447999999999823e-15
9.672776000000000097e-15
1.192163000000000080e-15
1.146102000000000021e-14
2.406000999999999867e-14
2.471027999999999967e-14
1.788244000000000112e-15
2.384326000000000161e-15
1.067527999999999940e-14
4.177989000000000056e-14
1.620257999999999910e-14
1.246352000000000062e-15
2.601082999999999908e-15
1.056690000000000019e-15
2.059189999999999841e-15
1.219256999999999925e-14
5.283448999999999998e-14
1.547101999999999871e-14
8.426424000000000232e-15
6.692368999999999707e-15
7.803247999999999510e-15
1.517297999999999989e-14
2.059189999999999841e-15
1.950811999999999878e-15
1.633805000000000049e-14
1.297831999999999984e-14
2.736555999999999970e-15
2.102542000000000077e-14
5.933719999999999713e-15
9.483114000000000448e-15
1.002501000000000037e-15
1.842433000000000094e-15
1.137973999999999901e-15
5.147976000000000409e-16
1.040432999999999999e-14
2.032095999999999958e-15
1.018757000000000079e-14
3.576489000000000044e-15
7.586490999999999763e-16
6.719462999999999985e-15
1.893913000000000134e-14
8.859937999999999726e-15
4.199664999999999977e-15
1.213839000000000041e-14
1.311378999999999965e-14
3.224258999999999841e-15
1.216547999999999983e-14
9.212167000000000110e-16
7.044599000000000305e-16
9.401829999999999973e-15
1.921007999999999916e-14
9.997911000000000597e-15
7.180072000000000367e-15
3.633386999999999889e-14
1.192163000000000080e-15
1.511878999999999969e-14
6.421423000000000372e-15
5.432468999999999725e-14
4.226759000000000255e-15
9.564396999999999524e-15
2.194662999999999903e-15
5.689867999999999867e-16
2.966860000000000093e-14
6.231760000000000312e-16
1.300541000000000044e-15
2.655271999999999890e-15
6.746558000000000083e-15
1.408920000000000025e-15
8.616085999999999881e-15
3.153812999999999958e-14
2.682366000000000168e-15
1.950811999999999878e-15
1.408920000000000025e-15
9.943722000000000220e-15
1.246352000000000062e-15
3.251353000000000020e-16
3.359731999999999903e-15
5.689867999999999867e-16
1.387243999999999946e-14
1.205709999999999943e-14
1.706960000000000032e-15
1.110879000000000001e-15
5.418922000000000138e-16
1.002501000000000037e-15
4.172569999999999879e-15
1.571486999999999970e-15
2.086284999999999939e-15
4.064192000000000014e-16
2.763649999999999854e-15
1.788244000000000112e-15
2.048353000000000016e-14
1.043141999999999941e-14
9.754059999999999388e-16
9.997911000000000597e-15
2.340974000000000083e-14
3.007502000000000094e-15
8.561896999999999505e-15
1.211128999999999963e-14
1.165067999999999982e-15
5.879530000000000305e-15
5.418922000000000138e-16
1.788244000000000112e-15
6.638180000000000120e-15
6.069192999999999774e-15
9.645680999999999999e-15
7.044599000000000305e-16
2.411420000000000045e-15
1.029594999999999921e-15
1.555231000000000126e-14
4.064192000000000014e-16
5.147976000000000409e-16
9.889532999999999844e-15
7.586490999999999763e-16
3.793244999999999972e-16
2.400581999999999848e-14
1.192163000000000080e-15
3.630677999999999632e-15
1.333055000000000044e-14
7.505206999999999289e-15
1.408920000000000025e-15
1.273446999999999963e-15
1.056690000000000019e-15
3.370570000000000021e-14
1.051271000000000039e-14
1.249061999999999943e-14
2.167569000000000019e-15
1.436013999999999909e-15
2.140473999999999921e-15
1.354731000000000043e-15
1.165067999999999982e-15
1.517297999999999989e-15
7.423923000000000392e-15
5.147976000000000409e-16
9.591491999999999622e-15
2.872029000000000032e-15
1.040432999999999999e-14
3.901623999999999755e-15
1.270737000000000043e-14
1.273446999999999963e-15
1.300541000000000044e-15
2.197373000000000059e-14
3.522298999999999848e-15
7.180072000000000367e-15
6.367233000000000176e-15
2.592954000000000048e-14
2.863900000000000171e-14
1.091912999999999960e-14
2.844933999999999934e-15
8.968316000000000479e-15
2.573987999999999810e-15
1.221967000000000002e-14
7.207166000000000645e-15
6.909126000000000243e-15
5.689867999999999867e-16
6.502706000000000041e-16
1.679865999999999951e-15
8.941221000000000381e-16
2.983117000000000152e-14
1.192162999999999962e-14
1.950811999999999878e-15
1.679865999999999951e-15
3.982908000000000230e-15
4.914962000000000287e-14
1.083783999999999902e-15
6.340138999999999898e-15
1.815338999999999816e-15
2.140473999999999921e-15
6.719462999999999985e-15
3.332636999999999804e-15
7.613585000000000041e-15
1.056690000000000019e-15
2.191954000000000040e-14
1.137973999999999901e-15
4.551894999999999786e-15
5.093787000000000033e-15
1.110879000000000001e-15
4.606084000000000162e-15
1.815338999999999816e-15
1.972487999999999877e-14
6.237178999999999661e-14
1.105459999999999941e-14
1.896622999999999896e-16
2.357231000000000063e-15
1.436013999999999909e-15
4.010001999999999719e-15
8.805747999999999530e-15
1.146102000000000021e-14
7.044599000000000305e-16
1.170487000000000041e-14
3.711962000000000106e-15
3.386826000000000181e-15
4.253854000000000353e-15
9.076693999999999654e-15
7.857437000000000478e-16
2.844933999999999934e-15
5.175070999999999718e-15
1.910169999999999877e-14
1.598582000000000069e-15
3.332636999999999804e-15
2.709460999999999872e-15
4.606084000000000162e-15
4.037096999999999817e-15
1.327635999999999945e-15
5.960813999999999596e-16
2.032095999999999958e-15
2.438514999999999847e-16
1.062109000000000078e-14
1.953520999999999899e-14
2.113380000000000037e-15
5.418922000000000138e-16
4.877030000000000286e-15
5.147975999999999620e-15
1.170487000000000041e-14
1.354730999999999945e-16
3.928717999999999876e-14
2.275946999999999983e-15
5.147975999999999620e-15
1.706960000000000032e-15
1.062109000000000078e-14
4.606083999999999965e-16
4.606083999999999965e-16
3.576489000000000044e-15
1.002500999999999997e-14
1.081075000000000079e-14
4.606083999999999965e-16
9.212167000000000110e-16
1.571486999999999970e-15
2.980406999999999798e-16
2.899122999999999915e-15
4.606083999999999965e-16
6.773652999999999590e-16
7.586490999999999763e-16
1.026886000000000018e-14
1.436013999999999909e-15
4.877029999999999694e-16
4.687367999999999848e-15
1.736764999999999971e-14
2.411420000000000045e-15
1.885785000000000014e-14
1.192163000000000080e-15
2.817838999999999836e-15
4.606083999999999965e-16
1.137974000000000059e-14
1.950811999999999878e-15
3.684867000000000008e-15
1.192163000000000080e-15
1.436013999999999909e-15
4.606083999999999965e-16
1.463109000000000007e-15
7.044599000000000305e-16
4.172569999999999879e-15
7.586490999999999763e-16
5.960813999999999596e-16
4.010001999999999719e-15
5.500206000000000218e-15
9.212167000000000110e-16
1.490203999999999908e-15
3.522299000000000242e-16
3.362441000000000081e-14
1.056690000000000019e-15
4.958313999999999971e-15
4.606083999999999965e-16
6.502706000000000041e-16
1.639224000000000069e-14
1.698832000000000149e-14
8.399328999999999936e-16
1.636514000000000149e-14
1.075656000000000059e-14
2.067318999999999860e-14
1.381824999999999927e-15
1.110878999999999961e-14
1.436013999999999909e-15
2.980406999999999995e-15
3.766150999999999693e-15
2.376196999999999985e-14
9.185073000000000226e-15
9.212167000000000110e-16
4.037096999999999817e-15
4.551894999999999786e-15
4.551894999999999786e-15
9.266357000000000700e-15
3.088786000000000173e-15
1.219256999999999925e-14
4.308042999999999940e-15
2.980406999999999995e-15
1.652771000000000050e-15
4.877030000000000286e-15
2.159439999999999922e-14
9.754059999999999388e-16
2.565860000000000085e-14
4.037096999999999817e-15
7.423923000000000392e-15
1.246352000000000062e-15
1.056690000000000019e-15
7.315545000000000034e-16
8.155478000000000108e-15
4.443516000000000002e-15
2.546893000000000106e-15
1.828886000000000034e-14
7.315545000000000034e-16
7.044599000000000305e-16
3.007502000000000094e-15
8.128383000000000207e-16
2.059189999999999841e-15
1.165067999999999982e-15
8.887032000000000004e-15
8.372234999999999855e-15
6.556895999999999645e-15
1.327635999999999945e-15
1.436013999999999909e-15
1.270737000000000043e-14
3.739056000000000384e-15
3.711962000000000106e-15
9.726965000000000473e-15
1.609419999999999871e-14
2.340974000000000083e-14
5.418922000000000138e-16
1.083783999999999902e-15
1.219256999999999964e-15
1.007920000000000017e-14
2.980406999999999798e-16
6.773652999999999590e-16
1.056690000000000019e-15
1.368277999999999946e-14
9.022504999999999277e-15
4.768650999999999713e-15
3.300124000000000217e-14
8.670275000000000257e-15
8.480613000000000608e-15
1.273446999999999963e-15
1.525426999999999928e-14
1.056690000000000019e-15
3.413920999999999884e-15
6.638180000000000120e-15
7.857437000000000478e-16
7.152977000000000269e-15
2.303042000000000081e-15
1.219256999999999964e-15
9.754059999999999388e-16
8.182572000000000386e-15
2.378906999999999905e-14
4.904123999999999775e-15
2.465609999999999846e-15
2.330135999999999965e-15
2.736555999999999970e-15
3.684867000000000008e-15
1.165067999999999982e-15
2.519798999999999828e-15
1.189453000000000042e-14
1.189453000000000042e-14
1.950811999999999878e-15
6.502706000000000041e-16
8.643180999999999979e-15
1.018757000000000079e-14
4.768650999999999713e-15
6.665273999999999609e-15
4.253854000000000353e-15
4.877029999999999694e-16
8.128383000000000207e-16
6.231760000000000312e-16
2.113380000000000037e-15
1.506459999999999949e-14
1.923717000000000174e-15
4.606084000000000162e-15
2.628177000000000186e-15
1.327635999999999945e-15
1.137973999999999901e-15
5.906624999999999615e-15
7.857437000000000478e-16
8.128383000000000207e-16
8.236762000000000583e-15
8.128383000000000207e-16
2.628177000000000186e-15
8.128383000000000207e-16
4.551894999999999786e-15
1.018757000000000079e-14
2.438514999999999847e-16
8.399328999999999936e-16
1.734054999999999933e-15
7.586490999999999763e-16
1.571486999999999970e-15
2.709460999999999872e-15
1.571486999999999970e-15
1.056690000000000019e-15
6.773653000000000181e-15
1.761150000000000031e-15
1.842433000000000094e-15
7.315545000000000034e-16
2.980406999999999798e-16
4.064192000000000014e-16
2.763649999999999854e-15
1.950811999999999878e-15
1.801792000000000071e-14
3.251353000000000020e-16
1.376406000000000065e-14
1.268027999999999944e-14
4.606083999999999965e-16
9.483113999999999659e-16
4.741557000000000224e-15
2.113380000000000037e-15
5.689867999999999867e-16
5.147976000000000409e-16
4.172569999999999879e-15
1.923717000000000174e-15
1.056690000000000019e-15
1.165067999999999982e-15
3.359731999999999981e-14
2.059189999999999841e-15
5.635679000000000280e-15
2.980406999999999995e-15
7.044599000000000305e-16
5.689867999999999867e-16
9.754060000000000571e-15
4.091286000000000193e-15
7.315545000000000034e-16
3.413920999999999884e-15
1.463109000000000007e-15
1.067527999999999940e-14
0.000000000000000000e+00
